#! /usr/bin/vvp
:ivl_version "11.0 (stable)";
:ivl_delay_selection "TYPICAL";
:vpi_time_precision + 0;
:vpi_module "/usr/lib/x86_64-linux-gnu/ivl/system.vpi";
:vpi_module "/usr/lib/x86_64-linux-gnu/ivl/vhdl_sys.vpi";
:vpi_module "/usr/lib/x86_64-linux-gnu/ivl/vhdl_textio.vpi";
:vpi_module "/usr/lib/x86_64-linux-gnu/ivl/v2005_math.vpi";
:vpi_module "/usr/lib/x86_64-linux-gnu/ivl/va_math.vpi";
S_0x59863618fbb0 .scope module, "biriscv_trace_sim" "biriscv_trace_sim" 2 27;
 .timescale 0 0;
    .port_info 0 /INPUT 1 "valid_i";
    .port_info 1 /INPUT 32 "pc_i";
    .port_info 2 /INPUT 32 "opcode_i";
o0x71dfbba74018 .functor BUFZ 32, C4<zzzzzzzzzzzzzzzzzzzzzzzzzzzzzzzz>; HiZ drive
v0x598636011180_0 .net "opcode_i", 31 0, o0x71dfbba74018;  0 drivers
o0x71dfbba74048 .functor BUFZ 32, C4<zzzzzzzzzzzzzzzzzzzzzzzzzzzzzzzz>; HiZ drive
v0x598636011220_0 .net "pc_i", 31 0, o0x71dfbba74048;  0 drivers
o0x71dfbba74078 .functor BUFZ 1, C4<z>; HiZ drive
v0x598636011ed0_0 .net "valid_i", 0 0, o0x71dfbba74078;  0 drivers
S_0x5986360699e0 .scope module, "tb_mulp" "tb_mulp" 3 1;
 .timescale 0 0;
P_0x59863618cbf0 .param/l "FAIL_PC" 1 3 7, C4<10000000000000000000000101001000>;
P_0x59863618cc30 .param/l "PASS_PC" 1 3 6, C4<10000000000000000000000101000100>;
L_0x598635c93ab0 .functor BUFZ 32, v0x5986361eef70_0, C4<00000000000000000000000000000000>, C4<00000000000000000000000000000000>, C4<00000000000000000000000000000000>;
L_0x59863619b7f0 .functor BUFZ 32, v0x5986361ef010_0, C4<00000000000000000000000000000000>, C4<00000000000000000000000000000000>, C4<00000000000000000000000000000000>;
L_0x598636255c50 .functor BUFZ 32, v0x5986361ef0b0_0, C4<00000000000000000000000000000000>, C4<00000000000000000000000000000000>, C4<00000000000000000000000000000000>;
L_0x598636255cc0 .functor BUFZ 32, v0x5986361ef150_0, C4<00000000000000000000000000000000>, C4<00000000000000000000000000000000>, C4<00000000000000000000000000000000>;
L_0x598636266150 .functor BUFZ 1, L_0x598636302c70, C4<0>, C4<0>, C4<0>;
L_0x5986362661c0 .functor BUFZ 1, L_0x5986362f12e0, C4<0>, C4<0>, C4<0>;
L_0x598636266270 .functor BUFZ 32, L_0x59863630dae0, C4<00000000000000000000000000000000>, C4<00000000000000000000000000000000>, C4<00000000000000000000000000000000>;
L_0x5986362662e0 .functor BUFZ 32, L_0x59863630e4e0, C4<00000000000000000000000000000000>, C4<00000000000000000000000000000000>, C4<00000000000000000000000000000000>;
L_0x5986362663a0 .functor BUFZ 32, L_0x598635bbd360, C4<00000000000000000000000000000000>, C4<00000000000000000000000000000000>, C4<00000000000000000000000000000000>;
L_0x598636266410 .functor BUFZ 1, v0x5986362410b0_0, C4<0>, C4<0>, C4<0>;
L_0x5986362664e0 .functor BUFZ 1, L_0x5986362f1e90, C4<0>, C4<0>, C4<0>;
L_0x598636266550 .functor BUFZ 32, L_0x5986362f1ff0, C4<00000000000000000000000000000000>, C4<00000000000000000000000000000000>, C4<00000000000000000000000000000000>;
L_0x598636266630 .functor BUFZ 5, L_0x5986362f2090, C4<00000>, C4<00000>, C4<00000>;
L_0x5986362666a0 .functor BUFZ 1, L_0x5986362f1e90, C4<0>, C4<0>, C4<0>;
L_0x5986362665c0 .functor BUFZ 32, L_0x5986362f1ff0, C4<00000000000000000000000000000000>, C4<00000000000000000000000000000000>, C4<00000000000000000000000000000000>;
L_0x598636266790 .functor BUFZ 5, v0x5986362415e0_0, C4<00000>, C4<00000>, C4<00000>;
L_0x71dfbb7b7018 .functor BUFT 1, C4<00000000000000000000000000000000>, C4<0>, C4<0>, C4<0>;
v0x598636252d10_0 .net *"_ivl_11", 31 0, L_0x71dfbb7b7018;  1 drivers
v0x598636252e10_0 .net *"_ivl_12", 63 0, L_0x598636265de0;  1 drivers
L_0x71dfbb7b7060 .functor BUFT 1, C4<00000000000000000000000000000000>, C4<0>, C4<0>, C4<0>;
v0x598636252ef0_0 .net *"_ivl_15", 31 0, L_0x71dfbb7b7060;  1 drivers
v0x598636252fb0_0 .var *"_ivl_58", 0 0; Local signal
v0x598636253090_0 .net *"_ivl_8", 63 0, L_0x598636255d30;  1 drivers
v0x5986362531c0_0 .var "clk", 0 0;
v0x598636253260_0 .var "cycle_count", 15 0;
v0x598636253340_0 .net "expected_full_w", 63 0, L_0x598636265f20;  1 drivers
v0x598636253420_0 .net "expected_result_w", 31 0, L_0x598636266060;  1 drivers
v0x598636253500_0 .var/i "f", 31 0;
v0x5986362535e0_0 .var "fail_reported", 0 0;
v0x5986362536a0_0 .var/i "i", 31 0;
v0x598636253780_0 .var "last_pc", 31 0;
v0x598636253860 .array "mem", 0 131072, 7 0;
L_0x71dfbb7c75a8 .functor BUFT 1, C4<1>, C4<0>, C4<0>, C4<0>;
v0x598636253920_0 .net "mem_d_accept_w", 0 0, L_0x71dfbb7c75a8;  1 drivers
v0x5986362539c0_0 .net "mem_d_ack_w", 0 0, v0x5986362511c0_0;  1 drivers
v0x598636253a60_0 .net "mem_d_addr_w", 31 0, L_0x5986362d8e10;  1 drivers
v0x598636253b20_0 .net "mem_d_cacheable_w", 0 0, L_0x5986362d9010;  1 drivers
v0x598636253bc0_0 .net "mem_d_data_rd_w", 31 0, L_0x598636311120;  1 drivers
v0x598636253c80_0 .net "mem_d_data_wr_w", 31 0, L_0x5986362d8f10;  1 drivers
L_0x71dfbb7c7560 .functor BUFT 1, C4<0>, C4<0>, C4<0>, C4<0>;
v0x598636253d40_0 .net "mem_d_error_w", 0 0, L_0x71dfbb7c7560;  1 drivers
v0x598636253de0_0 .net "mem_d_flush_w", 0 0, L_0x5986362d94a0;  1 drivers
v0x598636253e80_0 .net "mem_d_invalidate_w", 0 0, L_0x5986362d9080;  1 drivers
v0x598636253f20_0 .net "mem_d_rd_w", 0 0, L_0x5986362d8bb0;  1 drivers
v0x598636253fc0_0 .net "mem_d_req_tag_w", 10 0, L_0x5986362d9310;  1 drivers
v0x598636254080_0 .net "mem_d_resp_tag_w", 10 0, v0x598636251c10_0;  1 drivers
v0x598636254140_0 .net "mem_d_wr_w", 3 0, L_0x5986362d8cb0;  1 drivers
v0x598636254200_0 .net "mem_d_writeback_w", 0 0, L_0x5986362d9180;  1 drivers
L_0x71dfbb7c74d0 .functor BUFT 1, C4<1>, C4<0>, C4<0>, C4<0>;
v0x5986362542a0_0 .net "mem_i_accept_w", 0 0, L_0x71dfbb7c74d0;  1 drivers
L_0x71dfbb7c7518 .functor BUFT 1, C4<0>, C4<0>, C4<0>, C4<0>;
v0x598636254340_0 .net "mem_i_error_w", 0 0, L_0x71dfbb7c7518;  1 drivers
v0x5986362543e0_0 .net "mem_i_flush_w", 0 0, L_0x5986362d8640;  1 drivers
v0x598636254480_0 .net "mem_i_inst_w", 63 0, v0x59863624fc20_0;  1 drivers
v0x598636254540_0 .net "mem_i_invalidate_w", 0 0, L_0x5986362d8740;  1 drivers
v0x5986362547f0_0 .net "mem_i_pc_w", 31 0, L_0x5986362d8540;  1 drivers
v0x5986362548b0_0 .net "mem_i_rd_w", 0 0, L_0x5986362d8440;  1 drivers
v0x598636254950_0 .net "mem_i_valid_w", 0 0, v0x598636252660_0;  1 drivers
v0x5986362549f0_0 .net "mulp_inst_probe", 0 0, L_0x5986362661c0;  1 drivers
v0x598636254ab0_0 .net "mulp_opcode_probe", 31 0, L_0x598636266270;  1 drivers
v0x598636254b90_0 .net "mulp_p0_valid", 0 0, L_0x598636266410;  1 drivers
v0x598636254c50_0 .net "mulp_ra_probe", 31 0, L_0x5986362662e0;  1 drivers
v0x598636254d30_0 .net "mulp_rb_probe", 31 0, L_0x5986362663a0;  1 drivers
v0x598636254e10_0 .net "mulp_valid_probe", 0 0, L_0x598636266150;  1 drivers
v0x598636254ed0_0 .net "mulp_wb_rd", 4 0, L_0x598636266630;  1 drivers
v0x598636254fb0_0 .net "mulp_wb_valid", 0 0, L_0x5986362664e0;  1 drivers
v0x598636255070_0 .net "mulp_wb_value", 31 0, L_0x598636266550;  1 drivers
v0x598636255150_0 .var "pass_reported", 0 0;
v0x598636255210_0 .var "reg_r10_prev", 31 0;
v0x5986362552f0_0 .net "reg_r10_w", 31 0, L_0x598635c93ab0;  1 drivers
v0x5986362553d0_0 .var "reg_r11_prev", 31 0;
v0x5986362554b0_0 .net "reg_r11_w", 31 0, L_0x59863619b7f0;  1 drivers
v0x598636255590_0 .var "reg_r12_prev", 31 0;
v0x598636255670_0 .net "reg_r12_w", 31 0, L_0x598636255c50;  1 drivers
v0x598636255750_0 .var "reg_r13_prev", 31 0;
v0x598636255830_0 .net "reg_r13_w", 31 0, L_0x598636255cc0;  1 drivers
v0x598636255910_0 .var "rst", 0 0;
v0x5986362559b0_0 .net "valid_sr", 4 0, L_0x598636266790;  1 drivers
v0x598636255a90_0 .net "wb_mulp_valid_core", 0 0, L_0x5986362666a0;  1 drivers
v0x598636255b50_0 .net "wb_mulp_value_core", 31 0, L_0x5986362665c0;  1 drivers
L_0x598636255d30 .concat [ 32 32 0 0], L_0x598635c93ab0, L_0x71dfbb7b7018;
L_0x598636265de0 .concat [ 32 32 0 0], L_0x59863619b7f0, L_0x71dfbb7b7060;
L_0x598636265f20 .arith/mult 64, L_0x598636255d30, L_0x598636265de0;
L_0x598636266060 .part L_0x598636265f20, 0, 32;
S_0x598635d95d60 .scope module, "u_dut" "riscv_core" 3 205, 4 26 0, S_0x5986360699e0;
 .timescale 0 0;
    .port_info 0 /INPUT 1 "clk_i";
    .port_info 1 /INPUT 1 "rst_i";
    .port_info 2 /INPUT 32 "mem_d_data_rd_i";
    .port_info 3 /INPUT 1 "mem_d_accept_i";
    .port_info 4 /INPUT 1 "mem_d_ack_i";
    .port_info 5 /INPUT 1 "mem_d_error_i";
    .port_info 6 /INPUT 11 "mem_d_resp_tag_i";
    .port_info 7 /INPUT 1 "mem_i_accept_i";
    .port_info 8 /INPUT 1 "mem_i_valid_i";
    .port_info 9 /INPUT 1 "mem_i_error_i";
    .port_info 10 /INPUT 64 "mem_i_inst_i";
    .port_info 11 /INPUT 1 "intr_i";
    .port_info 12 /INPUT 32 "reset_vector_i";
    .port_info 13 /INPUT 32 "cpu_id_i";
    .port_info 14 /OUTPUT 32 "mem_d_addr_o";
    .port_info 15 /OUTPUT 32 "mem_d_data_wr_o";
    .port_info 16 /OUTPUT 1 "mem_d_rd_o";
    .port_info 17 /OUTPUT 4 "mem_d_wr_o";
    .port_info 18 /OUTPUT 1 "mem_d_cacheable_o";
    .port_info 19 /OUTPUT 11 "mem_d_req_tag_o";
    .port_info 20 /OUTPUT 1 "mem_d_invalidate_o";
    .port_info 21 /OUTPUT 1 "mem_d_writeback_o";
    .port_info 22 /OUTPUT 1 "mem_d_flush_o";
    .port_info 23 /OUTPUT 1 "mem_i_rd_o";
    .port_info 24 /OUTPUT 1 "mem_i_flush_o";
    .port_info 25 /OUTPUT 1 "mem_i_invalidate_o";
    .port_info 26 /OUTPUT 32 "mem_i_pc_o";
P_0x59863619f2b0 .param/l "BHT_ENABLE" 0 4 48, +C4<00000000000000000000000000000001>;
P_0x59863619f2f0 .param/l "EXTRA_DECODE_STAGE" 0 4 39, +C4<00000000000000000000000000000000>;
P_0x59863619f330 .param/l "GSHARE_ENABLE" 0 4 47, +C4<00000000000000000000000000000000>;
P_0x59863619f370 .param/l "MEM_CACHE_ADDR_MAX" 0 4 41, C4<10001111111111111111111111111111>;
P_0x59863619f3b0 .param/l "MEM_CACHE_ADDR_MIN" 0 4 40, C4<10000000000000000000000000000000>;
P_0x59863619f3f0 .param/l "NUM_BHT_ENTRIES" 0 4 44, +C4<00000000000000000000001000000000>;
P_0x59863619f430 .param/l "NUM_BHT_ENTRIES_W" 0 4 45, +C4<00000000000000000000000000001001>;
P_0x59863619f470 .param/l "NUM_BTB_ENTRIES" 0 4 42, +C4<00000000000000000000000000100000>;
P_0x59863619f4b0 .param/l "NUM_BTB_ENTRIES_W" 0 4 43, +C4<00000000000000000000000000000101>;
P_0x59863619f4f0 .param/l "NUM_RAS_ENTRIES" 0 4 49, +C4<00000000000000000000000000001000>;
P_0x59863619f530 .param/l "NUM_RAS_ENTRIES_W" 0 4 50, +C4<00000000000000000000000000000011>;
P_0x59863619f570 .param/l "RAS_ENABLE" 0 4 46, +C4<00000000000000000000000000000001>;
P_0x59863619f5b0 .param/l "SUPPORT_BRANCH_PREDICTION" 0 4 31, +C4<00000000000000000000000000000001>;
P_0x59863619f5f0 .param/l "SUPPORT_DUAL_ISSUE" 0 4 35, +C4<00000000000000000000000000000001>;
P_0x59863619f630 .param/l "SUPPORT_LOAD_BYPASS" 0 4 36, +C4<00000000000000000000000000000001>;
P_0x59863619f670 .param/l "SUPPORT_MMU" 0 4 34, +C4<00000000000000000000000000000000>;
P_0x59863619f6b0 .param/l "SUPPORT_MULDIV" 0 4 32, +C4<00000000000000000000000000000001>;
P_0x59863619f6f0 .param/l "SUPPORT_MUL_BYPASS" 0 4 37, +C4<00000000000000000000000000000001>;
P_0x59863619f730 .param/l "SUPPORT_REGFILE_XILINX" 0 4 38, +C4<00000000000000000000000000000000>;
P_0x59863619f770 .param/l "SUPPORT_SUPER" 0 4 33, +C4<00000000000000000000000000000000>;
v0x598636241ab0_0 .net "branch_csr_pc_w", 31 0, v0x598635fe4250_0;  1 drivers
v0x598636241b90_0 .net "branch_csr_priv_w", 1 0, L_0x5986362eb550;  1 drivers
v0x598636241ca0_0 .net "branch_csr_request_w", 0 0, v0x598635fe4f60_0;  1 drivers
v0x598636241d90_0 .net "branch_d_exec0_pc_w", 31 0, v0x598635fc90d0_0;  1 drivers
L_0x71dfbb7c71b8 .functor BUFT 1, C4<00>, C4<0>, C4<0>, C4<0>;
v0x598636241e30_0 .net "branch_d_exec0_priv_w", 1 0, L_0x71dfbb7c71b8;  1 drivers
v0x598636241f90_0 .net "branch_d_exec0_request_w", 0 0, L_0x59863630fab0;  1 drivers
v0x598636242030_0 .net "branch_d_exec1_pc_w", 31 0, v0x59863608b130_0;  1 drivers
L_0x71dfbb7c7200 .functor BUFT 1, C4<00>, C4<0>, C4<0>, C4<0>;
v0x5986362420f0_0 .net "branch_d_exec1_priv_w", 1 0, L_0x71dfbb7c7200;  1 drivers
v0x598636242200_0 .net "branch_d_exec1_request_w", 0 0, L_0x598636310640;  1 drivers
v0x5986362422a0_0 .net "branch_exec0_is_call_w", 0 0, v0x598636125660_0;  1 drivers
v0x598636242340_0 .net "branch_exec0_is_jmp_w", 0 0, v0x5986360c5520_0;  1 drivers
v0x598636242430_0 .net "branch_exec0_is_not_taken_w", 0 0, L_0x59863630f440;  1 drivers
v0x598636242520_0 .net "branch_exec0_is_ret_w", 0 0, v0x59863614bda0_0;  1 drivers
v0x598636242610_0 .net "branch_exec0_is_taken_w", 0 0, L_0x59863630f3d0;  1 drivers
v0x598636242700_0 .net "branch_exec0_pc_w", 31 0, v0x59863606f5f0_0;  1 drivers
v0x598636242810_0 .net "branch_exec0_request_w", 0 0, L_0x59863630ed80;  1 drivers
v0x598636242900_0 .net "branch_exec0_source_w", 31 0, v0x598636070770_0;  1 drivers
v0x598636242a10_0 .net "branch_exec1_is_call_w", 0 0, v0x598635fa9010_0;  1 drivers
v0x598636242b00_0 .net "branch_exec1_is_jmp_w", 0 0, v0x598635fabc40_0;  1 drivers
v0x598636242bf0_0 .net "branch_exec1_is_not_taken_w", 0 0, L_0x59863630ff40;  1 drivers
v0x598636242ce0_0 .net "branch_exec1_is_ret_w", 0 0, v0x598635fdf180_0;  1 drivers
v0x598636242dd0_0 .net "branch_exec1_is_taken_w", 0 0, L_0x59863630fe40;  1 drivers
v0x598636242ec0_0 .net "branch_exec1_pc_w", 31 0, v0x598636127000_0;  1 drivers
v0x598636242fd0_0 .net "branch_exec1_request_w", 0 0, L_0x59863630fdd0;  1 drivers
v0x5986362430c0_0 .net "branch_exec1_source_w", 31 0, v0x598636126f20_0;  1 drivers
v0x5986362431d0_0 .net "branch_info_is_call_w", 0 0, L_0x5986362fff80;  1 drivers
v0x598636243270_0 .net "branch_info_is_jmp_w", 0 0, L_0x5986363004a0;  1 drivers
v0x598636243310_0 .net "branch_info_is_not_taken_w", 0 0, L_0x5986362ffe80;  1 drivers
v0x5986362433b0_0 .net "branch_info_is_ret_w", 0 0, L_0x5986363003a0;  1 drivers
v0x598636243450_0 .net "branch_info_is_taken_w", 0 0, L_0x5986362ffb70;  1 drivers
v0x5986362434f0_0 .net "branch_info_pc_w", 31 0, L_0x5986362ff7e0;  1 drivers
v0x5986362435b0_0 .net "branch_info_request_w", 0 0, L_0x5986362ffa00;  1 drivers
v0x598636243650_0 .net "branch_info_source_w", 31 0, L_0x5986362ffd70;  1 drivers
v0x598636243920_0 .net "branch_pc_w", 31 0, L_0x5986362f3ee0;  1 drivers
v0x5986362439e0_0 .net "branch_priv_w", 1 0, L_0x5986362f4360;  1 drivers
v0x598636243b30_0 .net "branch_request_w", 0 0, L_0x5986362f42f0;  1 drivers
v0x598636243bd0_0 .net "cbm_busy_w", 0 0, L_0x5986362ef2a0;  1 drivers
v0x598636243c70_0 .net "cbm_opcode_invalid_w", 0 0, L_0x59863630d6a0;  1 drivers
v0x598636243d10_0 .net "cbm_opcode_opcode_w", 31 0, L_0x59863630c550;  1 drivers
v0x598636243db0_0 .net "cbm_opcode_pc_w", 31 0, L_0x59863630c5c0;  1 drivers
v0x598636243e50_0 .net "cbm_opcode_ra_idx_w", 4 0, L_0x59863630cb50;  1 drivers
v0x598636243ef0_0 .net "cbm_opcode_ra_operand_w", 31 0, L_0x59863630d200;  1 drivers
v0x598636243f90_0 .net "cbm_opcode_rb_idx_w", 4 0, L_0x59863630d080;  1 drivers
v0x598636244050_0 .net "cbm_opcode_rb_operand_w", 31 0, L_0x59863630d630;  1 drivers
v0x598636244110_0 .net "cbm_opcode_rd_idx_w", 4 0, L_0x59863630c9d0;  1 drivers
v0x598636244220_0 .net "cbm_opcode_valid_w", 0 0, L_0x59863630c150;  1 drivers
v0x598636244310_0 .net "clk_i", 0 0, v0x5986362531c0_0;  1 drivers
L_0x71dfbb7c72d8 .functor BUFT 1, C4<00000000000000000000000000000000>, C4<0>, C4<0>, C4<0>;
v0x5986362443b0_0 .net "cpu_id_i", 31 0, L_0x71dfbb7c72d8;  1 drivers
v0x5986362444c0_0 .net "csr_opcode_invalid_w", 0 0, L_0x59863630ec00;  1 drivers
v0x5986362445b0_0 .net "csr_opcode_opcode_w", 31 0, L_0x59863630edf0;  1 drivers
v0x5986362446c0_0 .net "csr_opcode_pc_w", 31 0, L_0x59863630ee60;  1 drivers
v0x5986362447d0_0 .net "csr_opcode_ra_idx_w", 4 0, L_0x59863630ea40;  1 drivers
v0x5986362448e0_0 .net "csr_opcode_ra_operand_w", 31 0, L_0x59863630eb20;  1 drivers
v0x5986362449f0_0 .net "csr_opcode_rb_idx_w", 4 0, L_0x59863630eab0;  1 drivers
v0x598636244b00_0 .net "csr_opcode_rb_operand_w", 31 0, L_0x59863630eb90;  1 drivers
v0x598636244c10_0 .net "csr_opcode_rd_idx_w", 4 0, L_0x59863630e9d0;  1 drivers
v0x598636244d20_0 .net "csr_opcode_valid_w", 0 0, L_0x59863630e960;  1 drivers
v0x598636244dc0_0 .net "csr_result_e1_exception_w", 5 0, L_0x5986362eb930;  1 drivers
v0x598636244f10_0 .net "csr_result_e1_value_w", 31 0, L_0x5986362eb7a0;  1 drivers
v0x598636245060_0 .net "csr_result_e1_wdata_w", 31 0, L_0x5986362ea600;  1 drivers
v0x5986362451b0_0 .net "csr_result_e1_write_w", 0 0, L_0x5986362ea590;  1 drivers
v0x5986362452e0_0 .net "csr_writeback_exception_addr_w", 31 0, L_0x5986362ff5c0;  1 drivers
v0x5986362453a0_0 .net "csr_writeback_exception_pc_w", 31 0, L_0x5986362fab00;  1 drivers
v0x598636245460_0 .net "csr_writeback_exception_w", 5 0, L_0x5986362ff420;  1 drivers
v0x598636245520_0 .net "csr_writeback_waddr_w", 11 0, L_0x5986362fa700;  1 drivers
v0x5986362455e0_0 .net "csr_writeback_wdata_w", 31 0, L_0x5986362fa7a0;  1 drivers
v0x598636245730_0 .net "csr_writeback_write_w", 0 0, v0x5986361e3000_0;  1 drivers
v0x5986362457d0_0 .net "div_opcode_valid_w", 0 0, L_0x598636302310;  1 drivers
v0x598636245870_0 .net "exec0_hold_w", 0 0, L_0x5986362fa810;  1 drivers
v0x598636245910_0 .net "exec0_opcode_valid_w", 0 0, L_0x5986363024d0;  1 drivers
v0x598636245a00_0 .net "exec1_hold_w", 0 0, L_0x5986362ff340;  1 drivers
v0x598636245af0_0 .net "exec1_opcode_valid_w", 0 0, L_0x598636302fe0;  1 drivers
v0x598636245be0_0 .net "fetch0_accept_w", 0 0, L_0x598636304640;  1 drivers
v0x598636245d10_0 .net "fetch0_fault_fetch_w", 0 0, L_0x59863626ddd0;  1 drivers
v0x598636245db0_0 .net "fetch0_fault_page_w", 0 0, L_0x59863626dd00;  1 drivers
v0x598636245e50_0 .net "fetch0_instr_branch_w", 0 0, L_0x59863629d690;  1 drivers
v0x598636245f80_0 .net "fetch0_instr_cbm_w", 0 0, L_0x5986362a0670;  1 drivers
v0x5986362460b0_0 .net "fetch0_instr_csr_w", 0 0, L_0x5986362a13e0;  1 drivers
v0x5986362461e0_0 .net "fetch0_instr_div_w", 0 0, L_0x59863629d9b0;  1 drivers
v0x598636246310_0 .net "fetch0_instr_exec_w", 0 0, L_0x598636299300;  1 drivers
v0x598636246440_0 .net "fetch0_instr_invalid_w", 0 0, L_0x598636285d60;  1 drivers
v0x598636246570_0 .net "fetch0_instr_lsu_w", 0 0, L_0x59863629ba10;  1 drivers
v0x5986362466a0_0 .net "fetch0_instr_mul_w", 0 0, L_0x59863629de70;  1 drivers
v0x5986362467d0_0 .net "fetch0_instr_mule_w", 0 0, L_0x5986362a03b0;  1 drivers
v0x598636246900_0 .net "fetch0_instr_mulp_w", 0 0, L_0x5986362a21a0;  1 drivers
v0x598636246a30_0 .net "fetch0_instr_rd_valid_w", 0 0, L_0x5986362927c0;  1 drivers
v0x598636246b60_0 .net "fetch0_instr_w", 31 0, L_0x59863626c920;  1 drivers
v0x598636246c20_0 .net "fetch0_pc_w", 31 0, L_0x59863626c310;  1 drivers
v0x598636246d70_0 .net "fetch0_valid_w", 0 0, L_0x59863626b400;  1 drivers
v0x598636246e10_0 .net "fetch1_accept_w", 0 0, L_0x598636304de0;  1 drivers
v0x598636246f40_0 .net "fetch1_fault_fetch_w", 0 0, L_0x59863626e070;  1 drivers
v0x598636246fe0_0 .net "fetch1_fault_page_w", 0 0, L_0x59863626df00;  1 drivers
v0x598636247080_0 .net "fetch1_instr_branch_w", 0 0, L_0x5986362d0600;  1 drivers
v0x5986362471b0_0 .net "fetch1_instr_cbm_w", 0 0, L_0x5986362d4050;  1 drivers
v0x5986362472e0_0 .net "fetch1_instr_csr_w", 0 0, L_0x5986362d4dc0;  1 drivers
v0x598636247410_0 .net "fetch1_instr_div_w", 0 0, L_0x5986362d24a0;  1 drivers
v0x598636247540_0 .net "fetch1_instr_exec_w", 0 0, L_0x5986362cd000;  1 drivers
v0x598636247670_0 .net "fetch1_instr_invalid_w", 0 0, L_0x5986362b9450;  1 drivers
v0x5986362477a0_0 .net "fetch1_instr_lsu_w", 0 0, L_0x5986362cf530;  1 drivers
v0x5986362478d0_0 .net "fetch1_instr_mul_w", 0 0, L_0x5986362d1d30;  1 drivers
v0x598636247a00_0 .net "fetch1_instr_mule_w", 0 0, L_0x5986362d3d90;  1 drivers
v0x598636247b30_0 .net "fetch1_instr_mulp_w", 0 0, L_0x5986362d55e0;  1 drivers
v0x598636247c60_0 .net "fetch1_instr_rd_valid_w", 0 0, L_0x5986362c72f0;  1 drivers
v0x598636247d90_0 .net "fetch1_instr_w", 31 0, L_0x59863626cf40;  1 drivers
v0x598636247e50_0 .net "fetch1_pc_w", 31 0, L_0x59863626c7e0;  1 drivers
v0x598636247fa0_0 .net "fetch1_valid_w", 0 0, L_0x59863626bb60;  1 drivers
L_0x71dfbb7c3ae0 .functor BUFT 1, C4<0>, C4<0>, C4<0>, C4<0>;
v0x598636248040_0 .net "fetch_in_fault_w", 0 0, L_0x71dfbb7c3ae0;  1 drivers
v0x5986362480e0_0 .net "fetch_in_priv_w", 1 0, L_0x5986362d6f70;  1 drivers
v0x5986362481a0_0 .net "ifence_w", 0 0, v0x59863611d1e0_0;  1 drivers
v0x598636248240_0 .net "interrupt_inhibit_w", 0 0, L_0x598636302d70;  1 drivers
L_0x71dfbb7c7248 .functor BUFT 1, C4<0>, C4<0>, C4<0>, C4<0>;
v0x5986362482e0_0 .net "intr_i", 0 0, L_0x71dfbb7c7248;  1 drivers
L_0x71dfbb7c7128 .functor BUFT 1, C4<0>, C4<0>, C4<0>, C4<0>;
v0x598636248380_0 .net "lsu_opcode_invalid_w", 0 0, L_0x71dfbb7c7128;  1 drivers
v0x598636248420_0 .net "lsu_opcode_opcode_w", 31 0, L_0x598636307310;  1 drivers
v0x5986362484e0_0 .net "lsu_opcode_pc_w", 31 0, L_0x5986363067d0;  1 drivers
v0x5986362485a0_0 .net "lsu_opcode_ra_idx_w", 4 0, L_0x59863630a280;  1 drivers
v0x598636248660_0 .net "lsu_opcode_ra_operand_w", 31 0, L_0x59863630a090;  1 drivers
v0x598636248720_0 .net "lsu_opcode_rb_idx_w", 4 0, L_0x59863630a3b0;  1 drivers
v0x5986362487e0_0 .net "lsu_opcode_rb_operand_w", 31 0, L_0x59863630a5c0;  1 drivers
v0x5986362488a0_0 .net "lsu_opcode_rd_idx_w", 4 0, L_0x598636306870;  1 drivers
v0x598636248960_0 .net "lsu_opcode_valid_w", 0 0, L_0x598636302250;  1 drivers
v0x598636248a00_0 .net "lsu_stall_w", 0 0, L_0x5986362e3020;  1 drivers
v0x598636248aa0_0 .net "mem_d_accept_i", 0 0, L_0x71dfbb7c75a8;  alias, 1 drivers
v0x598636248b40_0 .net "mem_d_ack_i", 0 0, v0x5986362511c0_0;  alias, 1 drivers
v0x598636248be0_0 .net "mem_d_addr_o", 31 0, L_0x5986362d8e10;  alias, 1 drivers
v0x598636248c80_0 .net "mem_d_cacheable_o", 0 0, L_0x5986362d9010;  alias, 1 drivers
v0x598636248d20_0 .net "mem_d_data_rd_i", 31 0, L_0x598636311120;  alias, 1 drivers
v0x598636248dc0_0 .net "mem_d_data_wr_o", 31 0, L_0x5986362d8f10;  alias, 1 drivers
v0x598636248e60_0 .net "mem_d_error_i", 0 0, L_0x71dfbb7c7560;  alias, 1 drivers
v0x598636248f00_0 .net "mem_d_flush_o", 0 0, L_0x5986362d94a0;  alias, 1 drivers
v0x5986362497b0_0 .net "mem_d_invalidate_o", 0 0, L_0x5986362d9080;  alias, 1 drivers
v0x598636249850_0 .net "mem_d_rd_o", 0 0, L_0x5986362d8bb0;  alias, 1 drivers
v0x5986362498f0_0 .net "mem_d_req_tag_o", 10 0, L_0x5986362d9310;  alias, 1 drivers
v0x598636249990_0 .net "mem_d_resp_tag_i", 10 0, v0x598636251c10_0;  alias, 1 drivers
v0x598636249a30_0 .net "mem_d_wr_o", 3 0, L_0x5986362d8cb0;  alias, 1 drivers
v0x598636249ad0_0 .net "mem_d_writeback_o", 0 0, L_0x5986362d9180;  alias, 1 drivers
v0x598636249b70_0 .net "mem_i_accept_i", 0 0, L_0x71dfbb7c74d0;  alias, 1 drivers
v0x598636249c10_0 .net "mem_i_error_i", 0 0, L_0x71dfbb7c7518;  alias, 1 drivers
v0x598636249cb0_0 .net "mem_i_flush_o", 0 0, L_0x5986362d8640;  alias, 1 drivers
v0x598636249d50_0 .net "mem_i_inst_i", 63 0, v0x59863624fc20_0;  alias, 1 drivers
v0x598636249df0_0 .net "mem_i_invalidate_o", 0 0, L_0x5986362d8740;  alias, 1 drivers
v0x598636249e90_0 .net "mem_i_pc_o", 31 0, L_0x5986362d8540;  alias, 1 drivers
v0x598636249f30_0 .net "mem_i_rd_o", 0 0, L_0x5986362d8440;  alias, 1 drivers
v0x598636249fd0_0 .net "mem_i_valid_i", 0 0, v0x598636252660_0;  alias, 1 drivers
v0x59863624a070_0 .net "mmu_flush_w", 0 0, L_0x5986362ec2f0;  1 drivers
v0x59863624a110_0 .net "mmu_ifetch_accept_w", 0 0, L_0x5986362d8840;  1 drivers
v0x59863624a1b0_0 .net "mmu_ifetch_error_w", 0 0, L_0x5986362d8a40;  1 drivers
v0x59863624a250_0 .net "mmu_ifetch_flush_w", 0 0, L_0x5986362d6fe0;  1 drivers
v0x59863624a2f0_0 .net "mmu_ifetch_inst_w", 63 0, L_0x5986362d8b40;  1 drivers
L_0x71dfbb7c3a50 .functor BUFT 1, C4<0>, C4<0>, C4<0>, C4<0>;
v0x59863624a390_0 .net "mmu_ifetch_invalidate_w", 0 0, L_0x71dfbb7c3a50;  1 drivers
v0x59863624a430_0 .net "mmu_ifetch_pc_w", 31 0, L_0x5986362d6e80;  1 drivers
v0x59863624a4d0_0 .net "mmu_ifetch_rd_w", 0 0, L_0x5986362d6cd0;  1 drivers
v0x59863624a570_0 .net "mmu_ifetch_valid_w", 0 0, L_0x5986362d8940;  1 drivers
L_0x71dfbb7c3b70 .functor BUFT 1, C4<0>, C4<0>, C4<0>, C4<0>;
v0x59863624a610_0 .net "mmu_load_fault_w", 0 0, L_0x71dfbb7c3b70;  1 drivers
v0x59863624a6b0_0 .net "mmu_lsu_accept_w", 0 0, L_0x5986362d9a60;  1 drivers
v0x59863624a750_0 .net "mmu_lsu_ack_w", 0 0, L_0x5986362d95a0;  1 drivers
v0x59863624a7f0_0 .net "mmu_lsu_addr_w", 31 0, L_0x5986362e1190;  1 drivers
v0x59863624a890_0 .net "mmu_lsu_cacheable_w", 0 0, v0x598636211060_0;  1 drivers
v0x59863624a930_0 .net "mmu_lsu_data_rd_w", 31 0, L_0x5986362d9960;  1 drivers
v0x59863624a9d0_0 .net "mmu_lsu_data_wr_w", 31 0, v0x5986362113c0_0;  1 drivers
v0x59863624aa70_0 .net "mmu_lsu_error_w", 0 0, L_0x5986362d97b0;  1 drivers
v0x59863624ab10_0 .net "mmu_lsu_flush_w", 0 0, v0x598636211620_0;  1 drivers
v0x59863624abb0_0 .net "mmu_lsu_invalidate_w", 0 0, v0x5986362117a0_0;  1 drivers
v0x59863624ac50_0 .net "mmu_lsu_rd_w", 0 0, L_0x5986362e16a0;  1 drivers
L_0x71dfbb7c4db8 .functor BUFT 1, C4<00000000000>, C4<0>, C4<0>, C4<0>;
v0x59863624acf0_0 .net "mmu_lsu_req_tag_w", 10 0, L_0x71dfbb7c4db8;  1 drivers
v0x59863624ad90_0 .net "mmu_lsu_resp_tag_w", 10 0, L_0x5986362d9740;  1 drivers
v0x59863624ae30_0 .net "mmu_lsu_wr_w", 3 0, L_0x5986362e1a70;  1 drivers
v0x59863624aed0_0 .net "mmu_lsu_writeback_w", 0 0, v0x598636212500_0;  1 drivers
v0x59863624af70_0 .net "mmu_mxr_w", 0 0, L_0x5986362ec400;  1 drivers
v0x59863624b010_0 .net "mmu_priv_d_w", 1 0, L_0x5986362ebfa0;  1 drivers
v0x59863624b0b0_0 .net "mmu_satp_w", 31 0, L_0x5986362ebe50;  1 drivers
L_0x71dfbb7c3b28 .functor BUFT 1, C4<0>, C4<0>, C4<0>, C4<0>;
v0x59863624b150_0 .net "mmu_store_fault_w", 0 0, L_0x71dfbb7c3b28;  1 drivers
v0x59863624b1f0_0 .net "mmu_sum_w", 0 0, L_0x5986362ec360;  1 drivers
v0x59863624b2e0_0 .net "mul_hold_w", 0 0, L_0x5986362fa880;  1 drivers
L_0x71dfbb7c7170 .functor BUFT 1, C4<0>, C4<0>, C4<0>, C4<0>;
v0x59863624b3d0_0 .net "mul_opcode_invalid_w", 0 0, L_0x71dfbb7c7170;  1 drivers
v0x59863624b4c0_0 .net "mul_opcode_opcode_w", 31 0, L_0x59863630a450;  1 drivers
v0x59863624b5b0_0 .net "mul_opcode_pc_w", 31 0, L_0x59863630a4f0;  1 drivers
v0x59863624b6a0_0 .net "mul_opcode_ra_idx_w", 4 0, L_0x59863630a890;  1 drivers
v0x59863624b790_0 .net "mul_opcode_ra_operand_w", 31 0, L_0x59863630a700;  1 drivers
v0x59863624b880_0 .net "mul_opcode_rb_idx_w", 4 0, L_0x59863630a660;  1 drivers
v0x59863624b970_0 .net "mul_opcode_rb_operand_w", 31 0, L_0x59863630aae0;  1 drivers
v0x59863624ba60_0 .net "mul_opcode_rd_idx_w", 4 0, L_0x59863630a7f0;  1 drivers
v0x59863624bb50_0 .net "mul_opcode_valid_w", 0 0, L_0x598636302670;  1 drivers
v0x59863624bc40_0 .net "mule_opcode_invalid_w", 0 0, L_0x59863630bcf0;  1 drivers
v0x59863624bd30_0 .net "mule_opcode_opcode_w", 31 0, L_0x59863630ac90;  1 drivers
v0x59863624be20_0 .net "mule_opcode_pc_w", 31 0, L_0x59863630ad00;  1 drivers
v0x59863624bf10_0 .net "mule_opcode_ra_idx_w", 4 0, L_0x59863630b240;  1 drivers
v0x59863624c000_0 .net "mule_opcode_ra_operand_w", 31 0, L_0x59863630b680;  1 drivers
v0x59863624c0f0_0 .net "mule_opcode_rb_idx_w", 4 0, L_0x59863630b610;  1 drivers
v0x59863624c1e0_0 .net "mule_opcode_rb_operand_w", 31 0, L_0x59863630bb70;  1 drivers
v0x59863624c2d0_0 .net "mule_opcode_rd_idx_w", 4 0, L_0x59863630b1d0;  1 drivers
v0x59863624c3c0_0 .net "mule_opcode_valid_w", 0 0, L_0x598636302910;  1 drivers
v0x59863624c4b0_0 .net "mulp_opcode_invalid_w", 0 0, L_0x598635b538d0;  1 drivers
v0x59863624c5a0_0 .net "mulp_opcode_opcode_w", 31 0, L_0x59863630dae0;  1 drivers
v0x59863624c690_0 .net "mulp_opcode_pc_w", 31 0, L_0x59863630db50;  1 drivers
v0x59863624c780_0 .net "mulp_opcode_ra_idx_w", 4 0, L_0x59863630e010;  1 drivers
v0x59863624c890_0 .net "mulp_opcode_ra_operand_w", 31 0, L_0x59863630e4e0;  1 drivers
v0x59863624c9a0_0 .net "mulp_opcode_rb_idx_w", 4 0, L_0x59863630e470;  1 drivers
v0x59863624cab0_0 .net "mulp_opcode_rb_operand_w", 31 0, L_0x598635bbd360;  1 drivers
v0x59863624cbc0_0 .net "mulp_opcode_rd_idx_w", 4 0, L_0x59863630dfa0;  1 drivers
v0x59863624ccd0_0 .net "mulp_opcode_valid_w", 0 0, L_0x598636302c70;  1 drivers
L_0x71dfbb7c7098 .functor BUFT 1, C4<0>, C4<0>, C4<0>, C4<0>;
v0x59863624cdc0_0 .net "opcode0_invalid_w", 0 0, L_0x71dfbb7c7098;  1 drivers
v0x59863624ce60_0 .net "opcode0_opcode_w", 31 0, L_0x598636307ff0;  1 drivers
v0x59863624cfb0_0 .net "opcode0_pc_w", 31 0, v0x5986361fe5c0_0;  1 drivers
v0x59863624d100_0 .net "opcode0_ra_idx_w", 4 0, L_0x598636308420;  1 drivers
v0x59863624d1c0_0 .net "opcode0_ra_operand_w", 31 0, v0x5986361fa630_0;  1 drivers
v0x59863624d310_0 .net "opcode0_rb_idx_w", 4 0, L_0x598636308810;  1 drivers
v0x59863624d3d0_0 .net "opcode0_rb_operand_w", 31 0, v0x5986361fa810_0;  1 drivers
v0x59863624d520_0 .net "opcode0_rd_idx_w", 4 0, L_0x5986363083b0;  1 drivers
L_0x71dfbb7c70e0 .functor BUFT 1, C4<0>, C4<0>, C4<0>, C4<0>;
v0x59863624d5e0_0 .net "opcode1_invalid_w", 0 0, L_0x71dfbb7c70e0;  1 drivers
v0x59863624d680_0 .net "opcode1_opcode_w", 31 0, L_0x598636308d80;  1 drivers
v0x59863624d740_0 .net "opcode1_pc_w", 31 0, v0x5986361fe980_0;  1 drivers
v0x59863624d800_0 .net "opcode1_ra_idx_w", 4 0, L_0x5986363096b0;  1 drivers
v0x59863624d8c0_0 .net "opcode1_ra_operand_w", 31 0, v0x5986361fb030_0;  1 drivers
v0x59863624d980_0 .net "opcode1_rb_idx_w", 4 0, L_0x598636309720;  1 drivers
v0x59863624da40_0 .net "opcode1_rb_operand_w", 31 0, v0x5986361fb210_0;  1 drivers
v0x59863624db00_0 .net "opcode1_rd_idx_w", 4 0, L_0x598636309320;  1 drivers
L_0x71dfbb7c7290 .functor BUFT 1, C4<10000000000000000000000000000000>, C4<0>, C4<0>, C4<0>;
v0x59863624dbc0_0 .net "reset_vector_i", 31 0, L_0x71dfbb7c7290;  1 drivers
v0x59863624dc80_0 .net "rst_i", 0 0, v0x598636255910_0;  1 drivers
v0x59863624dd20_0 .net "take_interrupt_w", 0 0, v0x598636086b20_0;  1 drivers
v0x59863624de50_0 .net "writeback_cbm_rd_idx_w", 4 0, v0x59863593f3a0_0;  1 drivers
v0x59863624def0_0 .net "writeback_cbm_valid_w", 0 0, v0x598635a29eb0_0;  1 drivers
v0x59863624e020_0 .net "writeback_cbm_value_w", 31 0, v0x598635a17d10_0;  1 drivers
v0x59863624e150_0 .net "writeback_div_valid_w", 0 0, v0x59863600a9a0_0;  1 drivers
v0x59863624e280_0 .net "writeback_div_value_w", 31 0, L_0x5986362f4280;  1 drivers
v0x59863624e3b0_0 .net "writeback_exec0_value_w", 31 0, L_0x59863630f330;  1 drivers
v0x59863624e450_0 .net "writeback_exec1_value_w", 31 0, L_0x59863630fca0;  1 drivers
v0x59863624e4f0_0 .net "writeback_mem_exception_w", 5 0, L_0x5986362e75f0;  1 drivers
v0x59863624e620_0 .net "writeback_mem_valid_w", 0 0, L_0x5986362e5690;  1 drivers
v0x59863624e750_0 .net "writeback_mem_value_w", 31 0, L_0x5986362e59b0;  1 drivers
v0x59863624e880_0 .net "writeback_mul_value_w", 31 0, L_0x5986362ed660;  1 drivers
v0x59863624e9b0_0 .net "writeback_mule_rd_idx_w", 4 0, v0x59863623e980_0;  1 drivers
v0x59863624ea50_0 .net "writeback_mule_valid_w", 0 0, v0x59863623ef00_0;  1 drivers
v0x59863624eaf0_0 .net "writeback_mule_value_w", 31 0, L_0x5986362ef170;  1 drivers
v0x59863624eb90_0 .net "writeback_mulp_rd_idx_w", 4 0, L_0x5986362f2090;  1 drivers
v0x59863624ec30_0 .net "writeback_mulp_valid_w", 0 0, L_0x5986362f1e90;  1 drivers
v0x59863624ed60_0 .net "writeback_mulp_value_w", 31 0, L_0x5986362f1ff0;  1 drivers
S_0x598635d95640 .scope module, "u_cbm" "column_bypass_multiplier" 4 594, 5 10 0, S_0x598635d95d60;
 .timescale 0 0;
    .port_info 0 /INPUT 1 "clk_i";
    .port_info 1 /INPUT 1 "rst_i";
    .port_info 2 /INPUT 1 "start_i";
    .port_info 3 /INPUT 32 "op_a_i";
    .port_info 4 /INPUT 32 "op_b_i";
    .port_info 5 /INPUT 5 "rd_idx_i";
    .port_info 6 /OUTPUT 1 "busy_o";
    .port_info 7 /OUTPUT 1 "done_o";
    .port_info 8 /OUTPUT 32 "result_o";
    .port_info 9 /OUTPUT 5 "result_rd_idx_o";
P_0x5986358af620 .param/l "CBM_STATE_DONE" 1 5 28, C4<10>;
P_0x5986358af660 .param/l "CBM_STATE_IDLE" 1 5 26, C4<00>;
P_0x5986358af6a0 .param/l "CBM_STATE_RUN" 1 5 27, C4<01>;
L_0x5986362ef670 .functor AND 1, L_0x5986362ef530, L_0x59863630c150, C4<1>, C4<1>;
L_0x5986362efb40 .functor NOT 32, L_0x5986362ef730, C4<00000000000000000000000000000000>, C4<00000000000000000000000000000000>, C4<00000000000000000000000000000000>;
L_0x5986362efc50 .functor NOT 32, L_0x5986362ef870, C4<00000000000000000000000000000000>, C4<00000000000000000000000000000000>, C4<00000000000000000000000000000000>;
L_0x5986362f02d0 .functor XOR 1, L_0x5986362ef960, L_0x5986362efa50, C4<0>, C4<0>;
L_0x5986362eff40 .functor AND 1, L_0x5986362f0900, L_0x5986362f0a90, C4<1>, C4<1>;
L_0x5986362f0e60 .functor NOT 32, L_0x5986362f0c70, C4<00000000000000000000000000000000>, C4<00000000000000000000000000000000>, C4<00000000000000000000000000000000>;
L_0x5986362f0f20 .functor AND 32, v0x598635b7f5b0_0, L_0x5986362f0e60, C4<11111111111111111111111111111111>, C4<11111111111111111111111111111111>;
L_0x71dfbb7c60d8 .functor BUFT 1, C4<01>, C4<0>, C4<0>, C4<0>;
v0x598636084d80_0 .net/2u *"_ivl_0", 1 0, L_0x71dfbb7c60d8;  1 drivers
L_0x71dfbb7c6120 .functor BUFT 1, C4<00>, C4<0>, C4<0>, C4<0>;
v0x598636089360_0 .net/2u *"_ivl_10", 1 0, L_0x71dfbb7c6120;  1 drivers
v0x598636190a10_0 .net *"_ivl_12", 0 0, L_0x5986362ef530;  1 drivers
L_0x71dfbb7c6168 .functor BUFT 1, C4<00000000000000000000000000000000>, C4<0>, C4<0>, C4<0>;
v0x59863619b8f0_0 .net/2u *"_ivl_16", 31 0, L_0x71dfbb7c6168;  1 drivers
L_0x71dfbb7c61b0 .functor BUFT 1, C4<00000000000000000000000000000000>, C4<0>, C4<0>, C4<0>;
v0x598636186390_0 .net/2u *"_ivl_20", 31 0, L_0x71dfbb7c61b0;  1 drivers
v0x598636188840_0 .net *"_ivl_28", 31 0, L_0x5986362efb40;  1 drivers
L_0x71dfbb7c61f8 .functor BUFT 1, C4<00000000000000000000000000000001>, C4<0>, C4<0>, C4<0>;
v0x598635c2fd00_0 .net/2u *"_ivl_30", 31 0, L_0x71dfbb7c61f8;  1 drivers
v0x598635c2ea20_0 .net *"_ivl_32", 31 0, L_0x5986362efbb0;  1 drivers
v0x598635c2e8a0_0 .net *"_ivl_36", 31 0, L_0x5986362efc50;  1 drivers
L_0x71dfbb7c6240 .functor BUFT 1, C4<00000000000000000000000000000001>, C4<0>, C4<0>, C4<0>;
v0x598635c2fa00_0 .net/2u *"_ivl_38", 31 0, L_0x71dfbb7c6240;  1 drivers
v0x598635c2fe80_0 .net *"_ivl_40", 31 0, L_0x5986362efea0;  1 drivers
L_0x71dfbb7c6288 .functor BUFT 1, C4<00000000000000000000000000000000>, C4<0>, C4<0>, C4<0>;
v0x598635c2f880_0 .net/2u *"_ivl_56", 31 0, L_0x71dfbb7c6288;  1 drivers
L_0x71dfbb7c62d0 .functor BUFT 1, C4<01>, C4<0>, C4<0>, C4<0>;
v0x598635c2f0b0_0 .net/2u *"_ivl_62", 1 0, L_0x71dfbb7c62d0;  1 drivers
v0x598635c2fb80_0 .net *"_ivl_64", 0 0, L_0x5986362f0900;  1 drivers
v0x598635c2e720_0 .net *"_ivl_67", 0 0, L_0x5986362f0a90;  1 drivers
L_0x71dfbb7c6318 .functor BUFT 1, C4<00000000000000000000000000000001>, C4<0>, C4<0>, C4<0>;
v0x5986359a1710_0 .net/2u *"_ivl_70", 31 0, L_0x71dfbb7c6318;  1 drivers
v0x5986359a1b10_0 .net *"_ivl_76", 31 0, L_0x5986362f0e60;  1 drivers
v0x5986359a1830_0 .net *"_ivl_78", 31 0, L_0x5986362f0f20;  1 drivers
L_0x71dfbb7c6360 .functor BUFT 1, C4<00000000000000000000000000000000>, C4<0>, C4<0>, C4<0>;
v0x598635c2e5a0_0 .net/2u *"_ivl_82", 31 0, L_0x71dfbb7c6360;  1 drivers
v0x598635c2ed20_0 .var "accumulator_d", 31 0;
v0x598635c2eba0_0 .var "accumulator_q", 31 0;
v0x598635c2e420_0 .net "active_col_idx_w", 5 0, L_0x5986362f0860;  1 drivers
v0x598635bbd520_0 .net "active_col_mask_w", 31 0, L_0x5986362f0c70;  1 drivers
v0x598635b54690_0 .net "busy_o", 0 0, L_0x5986362ef2a0;  alias, 1 drivers
v0x598635b54090_0 .net "clk_i", 0 0, v0x5986362531c0_0;  alias, 1 drivers
v0x598635b54390_0 .net "column_mask_after_w", 31 0, L_0x5986362f0fe0;  1 drivers
v0x598635b54510_0 .var "column_mask_d", 31 0;
v0x598635b7f5b0_0 .var "column_mask_q", 31 0;
v0x598635baab50_0 .net "columns_empty_after_w", 0 0, L_0x5986362f0db0;  1 drivers
v0x598635b82e50_0 .net "columns_empty_q", 0 0, L_0x5986362f0730;  1 drivers
v0x598635b54210_0 .var "done_d", 0 0;
v0x598635a2a030_0 .net "done_o", 0 0, v0x598635a29eb0_0;  alias, 1 drivers
v0x598635a29eb0_0 .var "done_q", 0 0;
v0x598635adea60_0 .net "mask_seed_w", 31 0, L_0x5986362f0480;  1 drivers
v0x598635adebe0_0 .var "multiplicand_d", 31 0;
v0x598635ae6b70_0 .var "multiplicand_q", 31 0;
v0x598635b4a250_0 .net "multiplicand_seed_w", 31 0, L_0x5986362f0570;  1 drivers
v0x598635b53a70_0 .net "op_a_abs_w", 31 0, L_0x5986362efd60;  1 drivers
v0x598635a29d90_0 .net "op_a_i", 31 0, L_0x59863630d200;  alias, 1 drivers
v0x598635a17a10_0 .net "op_a_neg_w", 0 0, L_0x5986362ef960;  1 drivers
v0x598635a17b90_0 .net "op_a_seed_w", 31 0, L_0x5986362ef730;  1 drivers
v0x598635a82dd0_0 .net "op_b_abs_w", 31 0, L_0x5986362f0050;  1 drivers
v0x598635a9c480_0 .net "op_b_i", 31 0, L_0x59863630d630;  alias, 1 drivers
v0x598635a95b30_0 .net "op_b_neg_w", 0 0, L_0x5986362efa50;  1 drivers
v0x598635a4f7d0_0 .net "op_b_seed_w", 31 0, L_0x5986362ef870;  1 drivers
v0x598635a2a1b0_0 .net "popcnt_a_w", 5 0, L_0x5986362f00f0;  1 drivers
v0x598635a17710_0 .net "popcnt_b_w", 5 0, L_0x5986362f01e0;  1 drivers
v0x59863598aef0_0 .net "process_column_w", 0 0, L_0x5986362eff40;  1 drivers
v0x5986359d1250_0 .var "rd_idx_d", 4 0;
v0x5986359ff6f0_0 .net "rd_idx_i", 4 0, L_0x59863630c9d0;  alias, 1 drivers
v0x598635a16de0_0 .var "rd_idx_q", 4 0;
v0x598635a16f60_0 .var "result_d", 31 0;
v0x598635a17890_0 .net "result_o", 31 0, v0x598635a17d10_0;  alias, 1 drivers
v0x598635a17d10_0 .var "result_q", 31 0;
v0x5986358f6a30_0 .var "result_rd_idx_d", 4 0;
v0x598635956180_0 .net "result_rd_idx_o", 4 0, v0x59863593f3a0_0;  alias, 1 drivers
v0x59863593f3a0_0 .var "result_rd_idx_q", 4 0;
v0x5986359043a0_0 .net "rst_i", 0 0, v0x598636255910_0;  alias, 1 drivers
v0x598635915b40_0 .net "seed_valid_w", 0 0, L_0x5986362ef670;  1 drivers
v0x5986358e71a0_0 .net "shifted_multiplicand_w", 31 0, L_0x5986362f09f0;  1 drivers
v0x598636034630_0 .var "sign_d", 0 0;
v0x598635d91430_0 .var "sign_q", 0 0;
v0x598636183350_0 .net "sign_seed_w", 0 0, L_0x5986362f02d0;  1 drivers
v0x59863604e150_0 .net "start_i", 0 0, L_0x59863630c150;  alias, 1 drivers
v0x598635fa9c50_0 .var "state_d", 1 0;
v0x598635fd93a0_0 .var "state_q", 1 0;
v0x5986360b3d20_0 .net "use_a_as_mask_w", 0 0, L_0x5986362f0340;  1 drivers
E_0x5986358e7f10 .event posedge, v0x5986359043a0_0, v0x598635b54090_0;
E_0x5986358e8260/0 .event edge, v0x598635fd93a0_0, v0x598635ae6b70_0, v0x598635b7f5b0_0, v0x598635c2eba0_0;
E_0x5986358e8260/1 .event edge, v0x598635a16de0_0, v0x598635d91430_0, v0x598635a17d10_0, v0x59863593f3a0_0;
E_0x5986358e8260/2 .event edge, v0x59863604e150_0, v0x598635b4a250_0, v0x598635adea60_0, v0x5986359ff6f0_0;
E_0x5986358e8260/3 .event edge, v0x598636183350_0, v0x59863598aef0_0, v0x5986358e71a0_0, v0x598635b54390_0;
E_0x5986358e8260/4 .event edge, v0x598635baab50_0;
E_0x5986358e8260 .event/or E_0x5986358e8260/0, E_0x5986358e8260/1, E_0x5986358e8260/2, E_0x5986358e8260/3, E_0x5986358e8260/4;
L_0x5986362ef2a0 .cmp/eq 2, v0x598635fd93a0_0, L_0x71dfbb7c60d8;
L_0x5986362ef530 .cmp/eq 2, v0x598635fd93a0_0, L_0x71dfbb7c6120;
L_0x5986362ef730 .functor MUXZ 32, L_0x71dfbb7c6168, L_0x59863630d200, L_0x5986362ef670, C4<>;
L_0x5986362ef870 .functor MUXZ 32, L_0x71dfbb7c61b0, L_0x59863630d630, L_0x5986362ef670, C4<>;
L_0x5986362ef960 .part L_0x5986362ef730, 31, 1;
L_0x5986362efa50 .part L_0x5986362ef870, 31, 1;
L_0x5986362efbb0 .arith/sum 32, L_0x5986362efb40, L_0x71dfbb7c61f8;
L_0x5986362efd60 .functor MUXZ 32, L_0x5986362ef730, L_0x5986362efbb0, L_0x5986362ef960, C4<>;
L_0x5986362efea0 .arith/sum 32, L_0x5986362efc50, L_0x71dfbb7c6240;
L_0x5986362f0050 .functor MUXZ 32, L_0x5986362ef870, L_0x5986362efea0, L_0x5986362efa50, C4<>;
L_0x5986362f00f0 .ufunc/vec4 TD_tb_mulp.u_dut.u_cbm.popcount32, 6, L_0x5986362efd60 (v0x59863605a3a0_0) S_0x59863618c540;
L_0x5986362f01e0 .ufunc/vec4 TD_tb_mulp.u_dut.u_cbm.popcount32, 6, L_0x5986362f0050 (v0x59863605a3a0_0) S_0x59863618c540;
L_0x5986362f0340 .cmp/ge 6, L_0x5986362f01e0, L_0x5986362f00f0;
L_0x5986362f0480 .functor MUXZ 32, L_0x5986362f0050, L_0x5986362efd60, L_0x5986362f0340, C4<>;
L_0x5986362f0570 .functor MUXZ 32, L_0x5986362efd60, L_0x5986362f0050, L_0x5986362f0340, C4<>;
L_0x5986362f0730 .cmp/eq 32, v0x598635b7f5b0_0, L_0x71dfbb7c6288;
L_0x5986362f0860 .ufunc/vec4 TD_tb_mulp.u_dut.u_cbm.lowest_index, 6, v0x598635b7f5b0_0 (v0x59863602b7b0_0) S_0x598635d93620;
L_0x5986362f0900 .cmp/eq 2, v0x598635fd93a0_0, L_0x71dfbb7c62d0;
L_0x5986362f0a90 .reduce/nor L_0x5986362f0730;
L_0x5986362f0c70 .shift/l 32, L_0x71dfbb7c6318, L_0x5986362f0860;
L_0x5986362f09f0 .shift/l 32, v0x598635ae6b70_0, L_0x5986362f0860;
L_0x5986362f0fe0 .functor MUXZ 32, v0x598635b7f5b0_0, L_0x5986362f0f20, L_0x5986362eff40, C4<>;
L_0x5986362f0db0 .cmp/eq 32, L_0x5986362f0fe0, L_0x71dfbb7c6360;
S_0x598635d93620 .scope autofunction.vec4.s6, "lowest_index" "lowest_index" 5 46, 5 46 0, S_0x598635d95640;
 .timescale 0 0;
v0x598636011f70_0 .var/i "idx", 31 0;
; Variable lowest_index is vec4 return value of scope S_0x598635d93620
v0x59863602b7b0_0 .var "value", 31 0;
TD_tb_mulp.u_dut.u_cbm.lowest_index ;
    %pushi/vec4 0, 0, 6;
    %ret/vec4 0, 0, 6;  Assign to lowest_index (store_vec4_to_lval)
    %fork t_1, S_0x598635d93de0;
    %jmp t_0;
    .scope S_0x598635d93de0;
t_1 ;
    %pushi/vec4 0, 0, 32;
    %store/vec4 v0x598636011f70_0, 0, 32;
T_0.0 ;
    %load/vec4 v0x598636011f70_0;
    %cmpi/s 32, 0, 32;
    %jmp/0xz T_0.1, 5;
    %load/vec4 v0x59863602b7b0_0;
    %load/vec4 v0x598636011f70_0;
    %part/s 1;
    %flag_set/vec4 8;
    %jmp/0xz  T_0.2, 8;
    %load/vec4 v0x598636011f70_0;
    %parti/s 6, 0, 2;
    %ret/vec4 0, 0, 6;  Assign to lowest_index (store_vec4_to_lval)
    %disable S_0x598635d93de0;
T_0.2 ;
    %load/vec4 v0x598636011f70_0;
    %addi 1, 0, 32;
    %store/vec4 v0x598636011f70_0, 0, 32;
    %jmp T_0.0;
T_0.1 ;
    %end;
    .scope S_0x598635d93620;
t_0 %join;
    %end;
S_0x598635d93de0 .scope autobegin, "lsb_scan" "lsb_scan" 5 50, 5 50 0, S_0x598635d93620;
 .timescale 0 0;
S_0x59863618c540 .scope autofunction.vec4.s6, "popcount32" "popcount32" 5 64, 5 64 0, S_0x598635d95640;
 .timescale 0 0;
v0x59863619b990_0 .var/i "idx", 31 0;
; Variable popcount32 is vec4 return value of scope S_0x59863618c540
v0x59863605a3a0_0 .var "value", 31 0;
TD_tb_mulp.u_dut.u_cbm.popcount32 ;
    %pushi/vec4 0, 0, 6;
    %ret/vec4 0, 0, 6;  Assign to popcount32 (store_vec4_to_lval)
    %pushi/vec4 0, 0, 32;
    %store/vec4 v0x59863619b990_0, 0, 32;
T_1.4 ;
    %load/vec4 v0x59863619b990_0;
    %cmpi/s 32, 0, 32;
    %jmp/0xz T_1.5, 5;
    %retload/vec4 0; Load popcount32 (draw_signal_vec4)
    %load/vec4 v0x59863605a3a0_0;
    %load/vec4 v0x59863619b990_0;
    %part/s 1;
    %pad/u 6;
    %add;
    %ret/vec4 0, 0, 6;  Assign to popcount32 (store_vec4_to_lval)
    %load/vec4 v0x59863619b990_0;
    %addi 1, 0, 32;
    %store/vec4 v0x59863619b990_0, 0, 32;
    %jmp T_1.4;
T_1.5 ;
    %end;
S_0x598635d940c0 .scope module, "u_csr" "biriscv_csr" 4 506, 6 26 0, S_0x598635d95d60;
 .timescale 0 0;
    .port_info 0 /INPUT 1 "clk_i";
    .port_info 1 /INPUT 1 "rst_i";
    .port_info 2 /INPUT 1 "intr_i";
    .port_info 3 /INPUT 1 "opcode_valid_i";
    .port_info 4 /INPUT 32 "opcode_opcode_i";
    .port_info 5 /INPUT 32 "opcode_pc_i";
    .port_info 6 /INPUT 1 "opcode_invalid_i";
    .port_info 7 /INPUT 5 "opcode_rd_idx_i";
    .port_info 8 /INPUT 5 "opcode_ra_idx_i";
    .port_info 9 /INPUT 5 "opcode_rb_idx_i";
    .port_info 10 /INPUT 32 "opcode_ra_operand_i";
    .port_info 11 /INPUT 32 "opcode_rb_operand_i";
    .port_info 12 /INPUT 1 "csr_writeback_write_i";
    .port_info 13 /INPUT 12 "csr_writeback_waddr_i";
    .port_info 14 /INPUT 32 "csr_writeback_wdata_i";
    .port_info 15 /INPUT 6 "csr_writeback_exception_i";
    .port_info 16 /INPUT 32 "csr_writeback_exception_pc_i";
    .port_info 17 /INPUT 32 "csr_writeback_exception_addr_i";
    .port_info 18 /INPUT 32 "cpu_id_i";
    .port_info 19 /INPUT 32 "reset_vector_i";
    .port_info 20 /INPUT 1 "interrupt_inhibit_i";
    .port_info 21 /OUTPUT 32 "csr_result_e1_value_o";
    .port_info 22 /OUTPUT 1 "csr_result_e1_write_o";
    .port_info 23 /OUTPUT 32 "csr_result_e1_wdata_o";
    .port_info 24 /OUTPUT 6 "csr_result_e1_exception_o";
    .port_info 25 /OUTPUT 1 "branch_csr_request_o";
    .port_info 26 /OUTPUT 32 "branch_csr_pc_o";
    .port_info 27 /OUTPUT 2 "branch_csr_priv_o";
    .port_info 28 /OUTPUT 1 "take_interrupt_o";
    .port_info 29 /OUTPUT 1 "ifence_o";
    .port_info 30 /OUTPUT 2 "mmu_priv_d_o";
    .port_info 31 /OUTPUT 1 "mmu_sum_o";
    .port_info 32 /OUTPUT 1 "mmu_mxr_o";
    .port_info 33 /OUTPUT 1 "mmu_flush_o";
    .port_info 34 /OUTPUT 32 "mmu_satp_o";
P_0x5986360563c0 .param/l "SUPPORT_MULDIV" 0 6 31, +C4<00000000000000000000000000000001>;
P_0x598636056400 .param/l "SUPPORT_SUPER" 0 6 32, +C4<00000000000000000000000000000000>;
L_0x71dfbb7c51a8 .functor BUFT 1, C4<11111111111111111111111111111111>, C4<0>, C4<0>, C4<0>;
L_0x5986362e7950 .functor AND 32, L_0x59863630edf0, L_0x71dfbb7c51a8, C4<11111111111111111111111111111111>, C4<11111111111111111111111111111111>;
L_0x5986362e7b50 .functor AND 1, L_0x59863630e960, L_0x5986362e7a10, C4<1>, C4<1>;
L_0x71dfbb7c5238 .functor BUFT 1, C4<11111111111111111111111111111111>, C4<0>, C4<0>, C4<0>;
L_0x5986362e7c50 .functor AND 32, L_0x59863630edf0, L_0x71dfbb7c5238, C4<11111111111111111111111111111111>, C4<11111111111111111111111111111111>;
L_0x5986362e7e90 .functor AND 1, L_0x59863630e960, L_0x5986362e7d50, C4<1>, C4<1>;
L_0x71dfbb7c52c8 .functor BUFT 1, C4<11001111111111111111111111111111>, C4<0>, C4<0>, C4<0>;
L_0x5986362e7f50 .functor AND 32, L_0x59863630edf0, L_0x71dfbb7c52c8, C4<11111111111111111111111111111111>, C4<11111111111111111111111111111111>;
L_0x5986362e8150 .functor AND 1, L_0x59863630e960, L_0x5986362e8010, C4<1>, C4<1>;
L_0x71dfbb7c5358 .functor BUFT 1, C4<00000000000000000111000001111111>, C4<0>, C4<0>, C4<0>;
L_0x5986362e82b0 .functor AND 32, L_0x59863630edf0, L_0x71dfbb7c5358, C4<11111111111111111111111111111111>, C4<11111111111111111111111111111111>;
L_0x5986362e84b0 .functor AND 1, L_0x59863630e960, L_0x5986362e8370, C4<1>, C4<1>;
L_0x71dfbb7c53e8 .functor BUFT 1, C4<00000000000000000111000001111111>, C4<0>, C4<0>, C4<0>;
L_0x5986362e85c0 .functor AND 32, L_0x59863630edf0, L_0x71dfbb7c53e8, C4<11111111111111111111111111111111>, C4<11111111111111111111111111111111>;
L_0x5986362e87c0 .functor AND 1, L_0x59863630e960, L_0x5986362e8680, C4<1>, C4<1>;
L_0x71dfbb7c5478 .functor BUFT 1, C4<00000000000000000111000001111111>, C4<0>, C4<0>, C4<0>;
L_0x5986362e8880 .functor AND 32, L_0x59863630edf0, L_0x71dfbb7c5478, C4<11111111111111111111111111111111>, C4<11111111111111111111111111111111>;
L_0x5986362e8a30 .functor AND 1, L_0x59863630e960, L_0x5986362e88f0, C4<1>, C4<1>;
L_0x71dfbb7c5508 .functor BUFT 1, C4<00000000000000000111000001111111>, C4<0>, C4<0>, C4<0>;
L_0x5986362e8b60 .functor AND 32, L_0x59863630edf0, L_0x71dfbb7c5508, C4<11111111111111111111111111111111>, C4<11111111111111111111111111111111>;
L_0x5986362e8db0 .functor AND 1, L_0x59863630e960, L_0x5986362e8c20, C4<1>, C4<1>;
L_0x71dfbb7c5598 .functor BUFT 1, C4<00000000000000000111000001111111>, C4<0>, C4<0>, C4<0>;
L_0x5986362e8af0 .functor AND 32, L_0x59863630edf0, L_0x71dfbb7c5598, C4<11111111111111111111111111111111>, C4<11111111111111111111111111111111>;
L_0x5986362e9000 .functor AND 1, L_0x59863630e960, L_0x5986362e8ec0, C4<1>, C4<1>;
L_0x71dfbb7c5628 .functor BUFT 1, C4<00000000000000000111000001111111>, C4<0>, C4<0>, C4<0>;
L_0x5986362e9150 .functor AND 32, L_0x59863630edf0, L_0x71dfbb7c5628, C4<11111111111111111111111111111111>, C4<11111111111111111111111111111111>;
L_0x5986362e9350 .functor AND 1, L_0x59863630e960, L_0x5986362e9210, C4<1>, C4<1>;
L_0x71dfbb7c56b8 .functor BUFT 1, C4<11111111111111111000111111111111>, C4<0>, C4<0>, C4<0>;
L_0x5986362e9460 .functor AND 32, L_0x59863630edf0, L_0x71dfbb7c56b8, C4<11111111111111111111111111111111>, C4<11111111111111111111111111111111>;
L_0x5986362e9660 .functor AND 1, L_0x59863630e960, L_0x5986362e9520, C4<1>, C4<1>;
L_0x71dfbb7c5748 .functor BUFT 1, C4<00000000000000000111000001111111>, C4<0>, C4<0>, C4<0>;
L_0x5986362e97d0 .functor AND 32, L_0x59863630edf0, L_0x71dfbb7c5748, C4<11111111111111111111111111111111>, C4<11111111111111111111111111111111>;
L_0x5986362e99a0 .functor AND 1, L_0x59863630e960, L_0x5986362e93c0, C4<1>, C4<1>;
L_0x71dfbb7c57d8 .functor BUFT 1, C4<11111110000000000111111111111111>, C4<0>, C4<0>, C4<0>;
L_0x5986362e9720 .functor AND 32, L_0x59863630edf0, L_0x71dfbb7c57d8, C4<11111111111111111111111111111111>, C4<11111111111111111111111111111111>;
L_0x5986362e9cb0 .functor AND 1, L_0x59863630e960, L_0x5986362e9b70, C4<1>, C4<1>;
L_0x71dfbb7c5868 .functor BUFT 1, C4<00000000000000000111000001111111>, C4<0>, C4<0>, C4<0>;
L_0x5986362e9a60 .functor AND 32, L_0x59863630edf0, L_0x71dfbb7c5868, C4<11111111111111111111111111111111>, C4<11111111111111111111111111111111>;
L_0x5986362e9930 .functor AND 1, L_0x59863630e960, L_0x5986362e9e40, C4<1>, C4<1>;
L_0x5986362e9d70 .functor OR 1, v0x5986360f5d40_0, v0x598635fd90d0_0, C4<0>, C4<0>;
L_0x5986362ea0b0 .functor AND 1, L_0x59863630e960, L_0x5986362e9d70, C4<1>, C4<1>;
L_0x5986362e9fd0 .functor AND 1, L_0x5986362ea0b0, v0x598636089670_0, C4<1>, C4<1>;
L_0x5986362ea480 .functor AND 1, L_0x5986362e9fd0, L_0x5986362ea2b0, C4<1>, C4<1>;
L_0x5986362eb690 .functor AND 1, L_0x5986362e8150, L_0x5986362eb5f0, C4<1>, C4<1>;
L_0x5986362eb7a0 .functor BUFZ 32, v0x598636118cc0_0, C4<00000000000000000000000000000000>, C4<00000000000000000000000000000000>, C4<00000000000000000000000000000000>;
L_0x5986362ea590 .functor BUFZ 1, v0x598636118d80_0, C4<0>, C4<0>, C4<0>;
L_0x5986362ea600 .functor BUFZ 32, v0x5986360895d0_0, C4<00000000000000000000000000000000>, C4<00000000000000000000000000000000>, C4<00000000000000000000000000000000>;
L_0x5986362eb930 .functor BUFZ 6, v0x59863611dc60_0, C4<000000>, C4<000000>, C4<000000>;
L_0x5986362ebe50 .functor BUFZ 32, v0x598635f96050_0, C4<00000000000000000000000000000000>, C4<00000000000000000000000000000000>, C4<00000000000000000000000000000000>;
L_0x5986362ec2f0 .functor BUFZ 1, v0x598636086560_0, C4<0>, C4<0>, C4<0>;
v0x598635dab000_0 .net/2u *"_ivl_0", 31 0, L_0x71dfbb7c51a8;  1 drivers
v0x598635daab00_0 .net/2u *"_ivl_10", 31 0, L_0x71dfbb7c5238;  1 drivers
v0x5986360b4380_0 .net/2u *"_ivl_102", 31 0, L_0x71dfbb7c5748;  1 drivers
v0x5986360ad2b0_0 .net *"_ivl_104", 31 0, L_0x5986362e97d0;  1 drivers
L_0x71dfbb7c5790 .functor BUFT 1, C4<00000000000000000000000000001111>, C4<0>, C4<0>, C4<0>;
v0x5986360ab140_0 .net/2u *"_ivl_106", 31 0, L_0x71dfbb7c5790;  1 drivers
v0x5986360a6ba0_0 .net *"_ivl_108", 0 0, L_0x5986362e93c0;  1 drivers
v0x5986360de7f0_0 .net/2u *"_ivl_112", 31 0, L_0x71dfbb7c57d8;  1 drivers
v0x5986360d76a0_0 .net *"_ivl_114", 31 0, L_0x5986362e9720;  1 drivers
L_0x71dfbb7c5820 .functor BUFT 1, C4<00010010000000000000000001110011>, C4<0>, C4<0>, C4<0>;
v0x5986360d5480_0 .net/2u *"_ivl_116", 31 0, L_0x71dfbb7c5820;  1 drivers
v0x5986360d0ee0_0 .net *"_ivl_118", 0 0, L_0x5986362e9b70;  1 drivers
v0x5986361325d0_0 .net *"_ivl_12", 31 0, L_0x5986362e7c50;  1 drivers
v0x598636131b50_0 .net/2u *"_ivl_122", 31 0, L_0x71dfbb7c5868;  1 drivers
v0x5986361310c0_0 .net *"_ivl_124", 31 0, L_0x5986362e9a60;  1 drivers
L_0x71dfbb7c58b0 .functor BUFT 1, C4<00000000000000000001000000001111>, C4<0>, C4<0>, C4<0>;
v0x598636130640_0 .net/2u *"_ivl_126", 31 0, L_0x71dfbb7c58b0;  1 drivers
v0x59863612fbb0_0 .net *"_ivl_128", 0 0, L_0x5986362e9e40;  1 drivers
v0x59863612f130_0 .net *"_ivl_133", 0 0, L_0x5986362e9d70;  1 drivers
v0x59863612e6a0_0 .net *"_ivl_135", 0 0, L_0x5986362ea0b0;  1 drivers
v0x59863612dcd0_0 .net *"_ivl_137", 0 0, L_0x5986362e9fd0;  1 drivers
v0x598635ff4bf0_0 .net *"_ivl_139", 11 0, L_0x5986362ea210;  1 drivers
L_0x71dfbb7c5280 .functor BUFT 1, C4<00000000000100000000000001110011>, C4<0>, C4<0>, C4<0>;
v0x5986360451e0_0 .net/2u *"_ivl_14", 31 0, L_0x71dfbb7c5280;  1 drivers
L_0x71dfbb7c58f8 .functor BUFT 1, C4<000110000000>, C4<0>, C4<0>, C4<0>;
v0x598636044390_0 .net/2u *"_ivl_140", 11 0, L_0x71dfbb7c58f8;  1 drivers
v0x59863606c8a0_0 .net *"_ivl_142", 0 0, L_0x5986362ea2b0;  1 drivers
L_0x71dfbb7c5b38 .functor BUFT 1, C4<000000000000>, C4<0>, C4<0>, C4<0>;
v0x5986361954b0_0 .net/2u *"_ivl_152", 11 0, L_0x71dfbb7c5b38;  1 drivers
v0x598636047a00_0 .net *"_ivl_156", 0 0, L_0x5986362eb5f0;  1 drivers
v0x5986360471b0_0 .net *"_ivl_16", 0 0, L_0x5986362e7d50;  1 drivers
v0x598636068530_0 .net *"_ivl_177", 0 0, L_0x5986362ebbc0;  1 drivers
L_0x71dfbb7c5b80 .functor BUFT 1, C4<11>, C4<0>, C4<0>, C4<0>;
v0x5986360481f0_0 .net/2u *"_ivl_178", 1 0, L_0x71dfbb7c5b80;  1 drivers
v0x598636188fd0_0 .net *"_ivl_183", 0 0, L_0x5986362ebdb0;  1 drivers
v0x59863618c880_0 .net *"_ivl_185", 1 0, L_0x5986362ebc60;  1 drivers
v0x598635fe1cf0_0 .net *"_ivl_2", 31 0, L_0x5986362e7950;  1 drivers
v0x598635da2bd0_0 .net/2u *"_ivl_20", 31 0, L_0x71dfbb7c52c8;  1 drivers
v0x59863600fd20_0 .net *"_ivl_22", 31 0, L_0x5986362e7f50;  1 drivers
L_0x71dfbb7c5310 .functor BUFT 1, C4<00000000001000000000000001110011>, C4<0>, C4<0>, C4<0>;
v0x598635d91530_0 .net/2u *"_ivl_24", 31 0, L_0x71dfbb7c5310;  1 drivers
v0x598635a505e0_0 .net *"_ivl_26", 0 0, L_0x5986362e8010;  1 drivers
v0x59863618bea0_0 .net/2u *"_ivl_32", 31 0, L_0x71dfbb7c5358;  1 drivers
v0x598635d91960_0 .net *"_ivl_34", 31 0, L_0x5986362e82b0;  1 drivers
L_0x71dfbb7c53a0 .functor BUFT 1, C4<00000000000000000001000001110011>, C4<0>, C4<0>, C4<0>;
v0x5986360b5660_0 .net/2u *"_ivl_36", 31 0, L_0x71dfbb7c53a0;  1 drivers
v0x598636111840_0 .net *"_ivl_38", 0 0, L_0x5986362e8370;  1 drivers
L_0x71dfbb7c51f0 .functor BUFT 1, C4<00000000000000000000000001110011>, C4<0>, C4<0>, C4<0>;
v0x598635da40c0_0 .net/2u *"_ivl_4", 31 0, L_0x71dfbb7c51f0;  1 drivers
v0x598635da3e40_0 .net/2u *"_ivl_42", 31 0, L_0x71dfbb7c53e8;  1 drivers
v0x598635f96aa0_0 .net *"_ivl_44", 31 0, L_0x5986362e85c0;  1 drivers
L_0x71dfbb7c5430 .functor BUFT 1, C4<00000000000000000010000001110011>, C4<0>, C4<0>, C4<0>;
v0x598636065dc0_0 .net/2u *"_ivl_46", 31 0, L_0x71dfbb7c5430;  1 drivers
v0x598636069570_0 .net *"_ivl_48", 0 0, L_0x5986362e8680;  1 drivers
v0x598636069630_0 .net/2u *"_ivl_52", 31 0, L_0x71dfbb7c5478;  1 drivers
v0x598636065760_0 .net *"_ivl_54", 31 0, L_0x5986362e8880;  1 drivers
L_0x71dfbb7c54c0 .functor BUFT 1, C4<00000000000000000011000001110011>, C4<0>, C4<0>, C4<0>;
v0x598636183730_0 .net/2u *"_ivl_56", 31 0, L_0x71dfbb7c54c0;  1 drivers
v0x598636188c50_0 .net *"_ivl_58", 0 0, L_0x5986362e88f0;  1 drivers
v0x598636188d10_0 .net *"_ivl_6", 0 0, L_0x5986362e7a10;  1 drivers
v0x5986361834d0_0 .net/2u *"_ivl_62", 31 0, L_0x71dfbb7c5508;  1 drivers
v0x598636183590_0 .net *"_ivl_64", 31 0, L_0x5986362e8b60;  1 drivers
L_0x71dfbb7c5550 .functor BUFT 1, C4<00000000000000000101000001110011>, C4<0>, C4<0>, C4<0>;
v0x598636068c50_0 .net/2u *"_ivl_66", 31 0, L_0x71dfbb7c5550;  1 drivers
v0x598635fad0e0_0 .net *"_ivl_68", 0 0, L_0x5986362e8c20;  1 drivers
v0x598635fad1a0_0 .net/2u *"_ivl_72", 31 0, L_0x71dfbb7c5598;  1 drivers
v0x598635fad480_0 .net *"_ivl_74", 31 0, L_0x5986362e8af0;  1 drivers
L_0x71dfbb7c55e0 .functor BUFT 1, C4<00000000000000000110000001110011>, C4<0>, C4<0>, C4<0>;
v0x59863618d8e0_0 .net/2u *"_ivl_76", 31 0, L_0x71dfbb7c55e0;  1 drivers
v0x598635da3970_0 .net *"_ivl_78", 0 0, L_0x5986362e8ec0;  1 drivers
v0x598635da3a30_0 .net/2u *"_ivl_82", 31 0, L_0x71dfbb7c5628;  1 drivers
v0x5986361896b0_0 .net *"_ivl_84", 31 0, L_0x5986362e9150;  1 drivers
L_0x71dfbb7c5670 .functor BUFT 1, C4<00000000000000000111000001110011>, C4<0>, C4<0>, C4<0>;
v0x5986361891d0_0 .net/2u *"_ivl_86", 31 0, L_0x71dfbb7c5670;  1 drivers
v0x59863618dc80_0 .net *"_ivl_88", 0 0, L_0x5986362e9210;  1 drivers
v0x59863618dd40_0 .net/2u *"_ivl_92", 31 0, L_0x71dfbb7c56b8;  1 drivers
v0x598635d93bb0_0 .net *"_ivl_94", 31 0, L_0x5986362e9460;  1 drivers
L_0x71dfbb7c5700 .functor BUFT 1, C4<00010000010100000000000001110011>, C4<0>, C4<0>, C4<0>;
v0x59863618c090_0 .net/2u *"_ivl_96", 31 0, L_0x71dfbb7c5700;  1 drivers
v0x598635fa99a0_0 .net *"_ivl_98", 0 0, L_0x5986362e9520;  1 drivers
v0x598635fa9a60_0 .net "branch_csr_pc_o", 31 0, v0x598635fe4250_0;  alias, 1 drivers
v0x59863598ad20_0 .net "branch_csr_priv_o", 1 0, L_0x5986362eb550;  alias, 1 drivers
v0x598635fe4ea0_0 .net "branch_csr_request_o", 0 0, v0x598635fe4f60_0;  alias, 1 drivers
v0x598635fe4f60_0 .var "branch_q", 0 0;
v0x598635fe4250_0 .var "branch_target_q", 31 0;
v0x598635fe4310_0 .net "clk_i", 0 0, v0x5986362531c0_0;  alias, 1 drivers
v0x598635fd90d0_0 .var "clr_r", 0 0;
v0x598635fd9190_0 .net "cpu_id_i", 31 0, L_0x71dfbb7c72d8;  alias, 1 drivers
v0x598635fb0030_0 .net "csr_branch_w", 0 0, L_0x5986362eb220;  1 drivers
v0x598635fb00d0_0 .var "csr_fault_r", 0 0;
v0x5986360df430_0 .var "csr_priv_r", 1 0;
v0x5986360df4d0_0 .net "csr_rdata_w", 31 0, L_0x5986362ead70;  1 drivers
v0x5986360df130_0 .var "csr_readonly_r", 0 0;
v0x5986360df1d0_0 .net "csr_result_e1_exception_o", 5 0, L_0x5986362eb930;  alias, 1 drivers
v0x598636083f00_0 .net "csr_result_e1_value_o", 31 0, L_0x5986362eb7a0;  alias, 1 drivers
v0x5986360b5370_0 .net "csr_result_e1_wdata_o", 31 0, L_0x5986362ea600;  alias, 1 drivers
v0x598636083a00_0 .net "csr_result_e1_write_o", 0 0, L_0x5986362ea590;  alias, 1 drivers
v0x598636083ac0_0 .net "csr_target_w", 31 0, L_0x5986362eb2e0;  1 drivers
v0x5986360895d0_0 .var "csr_wdata_e1_q", 31 0;
v0x598636089670_0 .var "csr_write_r", 0 0;
v0x598636089130_0 .net "csr_writeback_exception_addr_i", 31 0, L_0x5986362ff5c0;  alias, 1 drivers
v0x598636083680_0 .net "csr_writeback_exception_i", 5 0, L_0x5986362ff420;  alias, 1 drivers
v0x598636088940_0 .net "csr_writeback_exception_pc_i", 31 0, L_0x5986362fab00;  alias, 1 drivers
v0x598636088420_0 .net "csr_writeback_waddr_i", 11 0, L_0x5986362fa700;  alias, 1 drivers
v0x5986360884e0_0 .net "csr_writeback_wdata_i", 31 0, L_0x5986362fa7a0;  alias, 1 drivers
v0x59863611f6c0_0 .net "csr_writeback_write_i", 0 0, v0x5986361e3000_0;  alias, 1 drivers
v0x59863611f760_0 .net "csrrc_w", 0 0, L_0x5986362e8a30;  1 drivers
v0x59863611f360_0 .net "csrrci_w", 0 0, L_0x5986362e9350;  1 drivers
v0x59863611f400_0 .net "csrrs_w", 0 0, L_0x5986362e87c0;  1 drivers
v0x59863611eea0_0 .net "csrrsi_w", 0 0, L_0x5986362e9000;  1 drivers
v0x59863611ef60_0 .net "csrrw_w", 0 0, L_0x5986362e84b0;  1 drivers
v0x59863611e9e0_0 .net "csrrwi_w", 0 0, L_0x5986362e8db0;  1 drivers
v0x59863611ea80_0 .net "current_priv_w", 1 0, v0x598636195240_0;  1 drivers
v0x598636087f00_0 .var "data_r", 31 0;
v0x598636087fa0_0 .net "ebreak_w", 0 0, L_0x5986362e7e90;  1 drivers
v0x59863611e520_0 .net "ecall_w", 0 0, L_0x5986362e7b50;  1 drivers
v0x59863611e5e0_0 .net "eret_fault_w", 0 0, L_0x5986362eb690;  1 drivers
v0x59863611e060_0 .net "eret_priv_w", 1 0, L_0x5986362e8210;  1 drivers
v0x59863611dba0_0 .net "eret_w", 0 0, L_0x5986362e8150;  1 drivers
v0x59863611dc60_0 .var "exception_e1_q", 5 0;
v0x59863611d6e0_0 .net "fence_w", 0 0, L_0x5986362e99a0;  1 drivers
v0x59863611d7a0_0 .net "ifence_o", 0 0, v0x59863611d1e0_0;  alias, 1 drivers
v0x59863611d1e0_0 .var "ifence_q", 0 0;
v0x59863611d2a0_0 .net "ifence_w", 0 0, L_0x5986362e9930;  1 drivers
v0x59863611ce80_0 .net "interrupt_inhibit_i", 0 0, L_0x598636302d70;  alias, 1 drivers
v0x59863611cf20_0 .net "interrupt_w", 31 0, L_0x5986362ea730;  1 drivers
v0x59863611c9c0_0 .net "intr_i", 0 0, L_0x71dfbb7c7248;  alias, 1 drivers
L_0x71dfbb7c5988 .functor BUFT 1, C4<01000000000000000001000100000000>, C4<0>, C4<0>, C4<0>;
v0x59863611ca60_0 .net "misa_w", 31 0, L_0x71dfbb7c5988;  1 drivers
v0x59863611c500_0 .net "mmu_flush_o", 0 0, L_0x5986362ec2f0;  alias, 1 drivers
v0x59863611c5a0_0 .net "mmu_mxr_o", 0 0, L_0x5986362ec400;  alias, 1 drivers
v0x59863611c040_0 .net "mmu_priv_d_o", 1 0, L_0x5986362ebfa0;  alias, 1 drivers
v0x59863611c0e0_0 .net "mmu_satp_o", 31 0, L_0x5986362ebe50;  alias, 1 drivers
v0x59863611bb80_0 .net "mmu_sum_o", 0 0, L_0x5986362ec360;  alias, 1 drivers
v0x59863611bc40_0 .net "opcode_invalid_i", 0 0, L_0x59863630ec00;  alias, 1 drivers
v0x5986360879e0_0 .net "opcode_opcode_i", 31 0, L_0x59863630edf0;  alias, 1 drivers
v0x59863611b6c0_0 .net "opcode_pc_i", 31 0, L_0x59863630ee60;  alias, 1 drivers
v0x59863611b200_0 .net "opcode_ra_idx_i", 4 0, L_0x59863630ea40;  alias, 1 drivers
v0x59863611a5d0_0 .net "opcode_ra_operand_i", 31 0, L_0x59863630eb20;  alias, 1 drivers
v0x59863611a430_0 .net "opcode_rb_idx_i", 4 0, L_0x59863630eab0;  alias, 1 drivers
v0x598636119e50_0 .net "opcode_rb_operand_i", 31 0, L_0x59863630eb90;  alias, 1 drivers
v0x5986360874c0_0 .net "opcode_rd_idx_i", 4 0, L_0x59863630e9d0;  alias, 1 drivers
v0x598636118e60_0 .net "opcode_valid_i", 0 0, L_0x59863630e960;  alias, 1 drivers
v0x598636118cc0_0 .var "rd_result_e1_q", 31 0;
v0x598636118d80_0 .var "rd_valid_e1_q", 0 0;
v0x5986360f66f0_0 .var "reset_q", 0 0;
v0x5986360f6790_0 .net "reset_vector_i", 31 0, L_0x71dfbb7c7290;  alias, 1 drivers
v0x5986360f6200_0 .net "rst_i", 0 0, v0x598636255910_0;  alias, 1 drivers
v0x598636086fa0_0 .net "satp_reg_w", 31 0, v0x598635f96050_0;  1 drivers
v0x598636087060_0 .net "satp_update_w", 0 0, L_0x5986362ea480;  1 drivers
v0x5986360f5d40_0 .var "set_r", 0 0;
v0x5986360f5e00_0 .net "sfence_w", 0 0, L_0x5986362e9cb0;  1 drivers
v0x5986360f5850_0 .net "status_reg_w", 31 0, v0x5986360e0930_0;  1 drivers
v0x598636086a80_0 .net "take_interrupt_o", 0 0, v0x598636086b20_0;  alias, 1 drivers
v0x598636086b20_0 .var "take_interrupt_q", 0 0;
L_0x71dfbb7c5940 .functor BUFT 1, C4<0>, C4<0>, C4<0>, C4<0>;
v0x5986360f3520_0 .net "timer_irq_w", 0 0, L_0x71dfbb7c5940;  1 drivers
v0x598636086560_0 .var "tlb_flush_q", 0 0;
v0x598636086600_0 .net "wfi_w", 0 0, L_0x5986362e9660;  1 drivers
E_0x5986358e85b0/0 .event edge, v0x59863611ef60_0, v0x59863611f400_0, v0x59863611e9e0_0, v0x59863611eea0_0;
E_0x5986358e85b0/1 .event edge, v0x59863611f760_0, v0x59863611f360_0, v0x5986360879e0_0, v0x59863611b200_0;
E_0x5986358e85b0/2 .event edge, v0x59863611a5d0_0;
E_0x5986358e85b0 .event/or E_0x5986358e85b0/0, E_0x5986358e85b0/1, E_0x5986358e85b0/2;
L_0x5986362e7a10 .cmp/eq 32, L_0x5986362e7950, L_0x71dfbb7c51f0;
L_0x5986362e7d50 .cmp/eq 32, L_0x5986362e7c50, L_0x71dfbb7c5280;
L_0x5986362e8010 .cmp/eq 32, L_0x5986362e7f50, L_0x71dfbb7c5310;
L_0x5986362e8210 .part L_0x59863630edf0, 28, 2;
L_0x5986362e8370 .cmp/eq 32, L_0x5986362e82b0, L_0x71dfbb7c53a0;
L_0x5986362e8680 .cmp/eq 32, L_0x5986362e85c0, L_0x71dfbb7c5430;
L_0x5986362e88f0 .cmp/eq 32, L_0x5986362e8880, L_0x71dfbb7c54c0;
L_0x5986362e8c20 .cmp/eq 32, L_0x5986362e8b60, L_0x71dfbb7c5550;
L_0x5986362e8ec0 .cmp/eq 32, L_0x5986362e8af0, L_0x71dfbb7c55e0;
L_0x5986362e9210 .cmp/eq 32, L_0x5986362e9150, L_0x71dfbb7c5670;
L_0x5986362e9520 .cmp/eq 32, L_0x5986362e9460, L_0x71dfbb7c5700;
L_0x5986362e93c0 .cmp/eq 32, L_0x5986362e97d0, L_0x71dfbb7c5790;
L_0x5986362e9b70 .cmp/eq 32, L_0x5986362e9720, L_0x71dfbb7c5820;
L_0x5986362e9e40 .cmp/eq 32, L_0x5986362e9a60, L_0x71dfbb7c58b0;
L_0x5986362ea210 .part L_0x59863630edf0, 20, 12;
L_0x5986362ea2b0 .cmp/eq 12, L_0x5986362ea210, L_0x71dfbb7c58f8;
L_0x5986362eb410 .part L_0x59863630edf0, 20, 12;
L_0x5986362eb4b0 .functor MUXZ 12, L_0x71dfbb7c5b38, L_0x5986362fa700, v0x5986361e3000_0, C4<>;
L_0x5986362eb5f0 .cmp/gt 2, L_0x5986362e8210, v0x598636195240_0;
L_0x5986362ebbc0 .part v0x598635f96050_0, 31, 1;
L_0x5986362eb550 .functor MUXZ 2, L_0x71dfbb7c5b80, v0x598636195240_0, L_0x5986362ebbc0, C4<>;
L_0x5986362ebdb0 .part v0x5986360e0930_0, 17, 1;
L_0x5986362ebc60 .part v0x5986360e0930_0, 11, 2;
L_0x5986362ebfa0 .functor MUXZ 2, v0x598636195240_0, L_0x5986362ebc60, L_0x5986362ebdb0, C4<>;
L_0x5986362ec360 .part v0x5986360e0930_0, 18, 1;
L_0x5986362ec400 .part v0x5986360e0930_0, 19, 1;
S_0x59863604e720 .scope module, "u_csrfile" "biriscv_csr_regfile" 6 155, 7 25 0, S_0x598635d940c0;
 .timescale 0 0;
    .port_info 0 /INPUT 1 "clk_i";
    .port_info 1 /INPUT 1 "rst_i";
    .port_info 2 /INPUT 1 "ext_intr_i";
    .port_info 3 /INPUT 1 "timer_intr_i";
    .port_info 4 /INPUT 32 "cpu_id_i";
    .port_info 5 /INPUT 32 "misa_i";
    .port_info 6 /INPUT 6 "exception_i";
    .port_info 7 /INPUT 32 "exception_pc_i";
    .port_info 8 /INPUT 32 "exception_addr_i";
    .port_info 9 /INPUT 1 "csr_ren_i";
    .port_info 10 /INPUT 12 "csr_raddr_i";
    .port_info 11 /OUTPUT 32 "csr_rdata_o";
    .port_info 12 /INPUT 12 "csr_waddr_i";
    .port_info 13 /INPUT 32 "csr_wdata_i";
    .port_info 14 /OUTPUT 1 "csr_branch_o";
    .port_info 15 /OUTPUT 32 "csr_target_o";
    .port_info 16 /OUTPUT 2 "priv_o";
    .port_info 17 /OUTPUT 32 "status_o";
    .port_info 18 /OUTPUT 32 "satp_o";
    .port_info 19 /OUTPUT 32 "interrupt_o";
P_0x59863619de80 .param/l "SUPPORT_MTIMECMP" 0 7 30, +C4<00000000000000000000000000000001>;
P_0x59863619dec0 .param/l "SUPPORT_SUPER" 0 7 31, +C4<00000000000000000000000000000000>;
L_0x5986362ea730 .functor BUFZ 32, v0x598636081ef0_0, C4<00000000000000000000000000000000>, C4<00000000000000000000000000000000>, C4<00000000000000000000000000000000>;
L_0x5986362ea8e0 .functor AND 1, L_0x59863630e960, L_0x5986362ea7f0, C4<1>, C4<1>;
L_0x5986362eaae0 .functor AND 1, L_0x59863630e960, L_0x5986362ea9a0, C4<1>, C4<1>;
L_0x5986362eaba0 .functor OR 1, L_0x5986362ea8e0, L_0x5986362eaae0, C4<0>, C4<0>;
L_0x5986362eacb0 .functor OR 1, L_0x5986362eaba0, v0x598635f98a20_0, C4<0>, C4<0>;
L_0x5986362ead70 .functor BUFZ 32, v0x598635dbe870_0, C4<00000000000000000000000000000000>, C4<00000000000000000000000000000000>, C4<00000000000000000000000000000000>;
L_0x71dfbb7c5a60 .functor BUFT 1, C4<110000>, C4<0>, C4<0>, C4<0>;
L_0x5986362eb0c0 .functor AND 6, L_0x5986362ff420, L_0x71dfbb7c5a60, C4<111111>, C4<111111>;
L_0x5986362eb220 .functor BUFZ 1, v0x59863609f740_0, C4<0>, C4<0>, C4<0>;
L_0x5986362eb2e0 .functor BUFZ 32, v0x5986360319d0_0, C4<00000000000000000000000000000000>, C4<00000000000000000000000000000000>, C4<00000000000000000000000000000000>;
v0x598636121e20_0 .net *"_ivl_10", 0 0, L_0x5986362ea9a0;  1 drivers
v0x59863611f970_0 .net *"_ivl_13", 0 0, L_0x5986362eaae0;  1 drivers
v0x59863611d490_0 .net *"_ivl_14", 0 0, L_0x5986362eaba0;  1 drivers
L_0x71dfbb7c59d0 .functor BUFT 1, C4<001101000100>, C4<0>, C4<0>, C4<0>;
v0x59863611a850_0 .net/2u *"_ivl_2", 11 0, L_0x71dfbb7c59d0;  1 drivers
v0x598636119080_0 .net/2u *"_ivl_26", 5 0, L_0x71dfbb7c5a60;  1 drivers
v0x5986360f5600_0 .net *"_ivl_28", 5 0, L_0x5986362eb0c0;  1 drivers
L_0x71dfbb7c5aa8 .functor BUFT 1, C4<010000>, C4<0>, C4<0>, C4<0>;
v0x5986360de190_0 .net/2u *"_ivl_30", 5 0, L_0x71dfbb7c5aa8;  1 drivers
v0x5986360f6ea0_0 .net *"_ivl_4", 0 0, L_0x5986362ea7f0;  1 drivers
v0x5986360bbde0_0 .net *"_ivl_7", 0 0, L_0x5986362ea8e0;  1 drivers
L_0x71dfbb7c5a18 .functor BUFT 1, C4<000101000100>, C4<0>, C4<0>, C4<0>;
v0x598636091aa0_0 .net/2u *"_ivl_8", 11 0, L_0x71dfbb7c5a18;  1 drivers
v0x59863609f740_0 .var "branch_r", 0 0;
v0x5986360319d0_0 .var "branch_target_r", 31 0;
v0x59863600d630_0 .net "buffer_mip_w", 0 0, L_0x5986362eacb0;  1 drivers
v0x598636054d40_0 .net "clk_i", 0 0, v0x5986362531c0_0;  alias, 1 drivers
v0x598635c2f6e0_0 .net "cpu_id_i", 31 0, L_0x71dfbb7c72d8;  alias, 1 drivers
v0x598635c2f3c0_0 .net "csr_branch_o", 0 0, L_0x5986362eb220;  alias, 1 drivers
v0x5986359a9830_0 .var "csr_mcause_q", 31 0;
v0x598635ba6c60_0 .var "csr_mcause_r", 31 0;
v0x598635b7f220_0 .var "csr_mcycle_h_q", 31 0;
v0x598635b80a60_0 .var "csr_mcycle_q", 31 0;
v0x598635b53ef0_0 .var "csr_mcycle_r", 31 0;
v0x598635b53bd0_0 .var "csr_medeleg_q", 31 0;
v0x598635ab21a0_0 .var "csr_medeleg_r", 31 0;
v0x598635a90d90_0 .var "csr_mepc_q", 31 0;
v0x598635a17570_0 .var "csr_mepc_r", 31 0;
v0x598635a17250_0 .var "csr_mideleg_q", 31 0;
v0x5986359e67b0_0 .var "csr_mideleg_r", 31 0;
v0x5986359b8ed0_0 .var "csr_mie_q", 31 0;
v0x59863618e860_0 .var "csr_mie_r", 31 0;
v0x59863618f550_0 .var "csr_mip_next_q", 31 0;
v0x598636052b30_0 .var "csr_mip_next_r", 31 0;
v0x598636052c30_0 .var "csr_mip_q", 31 0;
v0x598635f98920_0 .var "csr_mip_r", 31 0;
v0x598635f98a20_0 .var "csr_mip_upd_q", 0 0;
v0x598636195240_0 .var "csr_mpriv_q", 1 0;
v0x59863618e370_0 .var "csr_mpriv_r", 1 0;
v0x598635d916b0_0 .var "csr_mscratch_q", 31 0;
v0x598635bc0e30_0 .var "csr_mscratch_r", 31 0;
v0x59863605adc0_0 .var "csr_mtime_ie_q", 0 0;
v0x59863600b320_0 .var "csr_mtime_ie_r", 0 0;
v0x59863602db40_0 .var "csr_mtimecmp_q", 31 0;
v0x59863613feb0_0 .var "csr_mtimecmp_r", 31 0;
v0x5986361402f0_0 .var "csr_mtval_q", 31 0;
v0x598636149d50_0 .var "csr_mtval_r", 31 0;
v0x59863616ac00_0 .var "csr_mtvec_q", 31 0;
v0x59863616aea0_0 .var "csr_mtvec_r", 31 0;
v0x598635dbef10_0 .net "csr_raddr_i", 11 0, L_0x5986362eb410;  1 drivers
v0x598635dbf260_0 .net "csr_rdata_o", 31 0, L_0x5986362ead70;  alias, 1 drivers
v0x598635dbf5b0_0 .net "csr_ren_i", 0 0, L_0x59863630e960;  alias, 1 drivers
v0x598635f96050_0 .var "csr_satp_q", 31 0;
v0x598635da0870_0 .var "csr_satp_r", 31 0;
v0x598635da0ec0_0 .var "csr_scause_q", 31 0;
v0x598635dbeb80_0 .var "csr_scause_r", 31 0;
v0x598636082f80_0 .var "csr_sepc_q", 31 0;
v0x5986360e0730_0 .var "csr_sepc_r", 31 0;
v0x5986360e0930_0 .var "csr_sr_q", 31 0;
v0x5986361187a0_0 .var "csr_sr_r", 31 0;
v0x598635fe4820_0 .var "csr_sscratch_q", 31 0;
v0x598635fa8490_0 .var "csr_sscratch_r", 31 0;
v0x598636065140_0 .var "csr_stval_q", 31 0;
v0x598635cc8d80_0 .var "csr_stval_r", 31 0;
v0x59863618ba70_0 .var "csr_stvec_q", 31 0;
v0x598636180bf0_0 .var "csr_stvec_r", 31 0;
v0x598636180ed0_0 .net "csr_target_o", 31 0, L_0x5986362eb2e0;  alias, 1 drivers
v0x59863612ceb0_0 .net "csr_waddr_i", 11 0, L_0x5986362eb4b0;  1 drivers
v0x5986358f6860_0 .net "csr_wdata_i", 31 0, L_0x5986362fa7a0;  alias, 1 drivers
v0x5986360c9a20_0 .net "exception_addr_i", 31 0, L_0x5986362ff5c0;  alias, 1 drivers
v0x598636038680_0 .net "exception_i", 5 0, L_0x5986362ff420;  alias, 1 drivers
v0x598636038120_0 .net "exception_pc_i", 31 0, L_0x5986362fab00;  alias, 1 drivers
L_0x71dfbb7c5af0 .functor BUFT 1, C4<0>, C4<0>, C4<0>, C4<0>;
v0x598636037b30_0 .net "exception_s_w", 0 0, L_0x71dfbb7c5af0;  1 drivers
v0x5986360374c0_0 .net "ext_intr_i", 0 0, L_0x71dfbb7c7248;  alias, 1 drivers
v0x598636082520_0 .net "interrupt_o", 31 0, L_0x5986362ea730;  alias, 1 drivers
v0x598636081ef0_0 .var "irq_masked_r", 31 0;
v0x598636080d50_0 .var "irq_pending_r", 31 0;
v0x59863615f300_0 .var "irq_priv_q", 1 0;
v0x5986361591a0_0 .var "irq_priv_r", 1 0;
v0x598636180780_0 .net "is_exception_w", 0 0, L_0x5986362eb130;  1 drivers
v0x59863617a620_0 .net "misa_i", 31 0, L_0x71dfbb7c5988;  alias, 1 drivers
v0x598635dcf800_0 .net "priv_o", 1 0, v0x598636195240_0;  alias, 1 drivers
v0x598635dbe870_0 .var "rdata_r", 31 0;
v0x598635db0c00_0 .net "rst_i", 0 0, v0x598636255910_0;  alias, 1 drivers
v0x598635daf820_0 .net "satp_o", 31 0, v0x598635f96050_0;  alias, 1 drivers
v0x598635daec90_0 .net "status_o", 31 0, v0x5986360e0930_0;  alias, 1 drivers
v0x598635dae070_0 .net "timer_intr_i", 0 0, L_0x71dfbb7c5940;  alias, 1 drivers
E_0x5986358e7870/0 .event edge, v0x598636038680_0, v0x59863615f300_0, v0x59863616ac00_0, v0x59863618ba70_0;
E_0x5986358e7870/1 .event edge, v0x598635a90d90_0, v0x598636082f80_0, v0x598636180780_0, v0x598636037b30_0;
E_0x5986358e7870/2 .event edge, v0x598636038120_0;
E_0x5986358e7870 .event/or E_0x5986358e7870/0, E_0x5986358e7870/1, E_0x5986358e7870/2;
E_0x5986358e9800/0 .event edge, v0x59863618f550_0, v0x598635a90d90_0, v0x5986360e0930_0, v0x5986359a9830_0;
E_0x5986358e9800/1 .event edge, v0x5986361402f0_0, v0x59863616ac00_0, v0x598636052c30_0, v0x5986359b8ed0_0;
E_0x5986358e9800/2 .event edge, v0x598636195240_0, v0x598635d916b0_0, v0x598635b80a60_0, v0x59863602db40_0;
E_0x5986358e9800/3 .event edge, v0x59863605adc0_0, v0x598635b53bd0_0, v0x598635a17250_0, v0x598636082f80_0;
E_0x5986358e9800/4 .event edge, v0x59863618ba70_0, v0x598635da0ec0_0, v0x598636065140_0, v0x598635f96050_0;
E_0x5986358e9800/5 .event edge, v0x598635fe4820_0, v0x598636038680_0, v0x59863615f300_0, v0x5986361187a0_0;
E_0x5986358e9800/6 .event edge, v0x598636038120_0, v0x598636082520_0, v0x598636180780_0, v0x598636037b30_0;
E_0x5986358e9800/7 .event edge, v0x5986360c9a20_0, v0x59863612ceb0_0, v0x5986358f6860_0, v0x598635f98920_0;
E_0x5986358e9800/8 .event edge, v0x59863618e860_0, v0x5986360374c0_0, v0x598635dae070_0, v0x598636052b30_0;
E_0x5986358e9800 .event/or E_0x5986358e9800/0, E_0x5986358e9800/1, E_0x5986358e9800/2, E_0x5986358e9800/3, E_0x5986358e9800/4, E_0x5986358e9800/5, E_0x5986358e9800/6, E_0x5986358e9800/7, E_0x5986358e9800/8;
E_0x5986358d2cb0/0 .event edge, v0x598635dbef10_0, v0x598635d916b0_0, v0x598635a90d90_0, v0x59863616ac00_0;
E_0x5986358d2cb0/1 .event edge, v0x5986359a9830_0, v0x5986361402f0_0, v0x5986360e0930_0, v0x598636052c30_0;
E_0x5986358d2cb0/2 .event edge, v0x5986359b8ed0_0, v0x598635b80a60_0, v0x598635b7f220_0, v0x598635c2f6e0_0;
E_0x5986358d2cb0/3 .event edge, v0x59863617a620_0, v0x59863602db40_0;
E_0x5986358d2cb0 .event/or E_0x5986358d2cb0/0, E_0x5986358d2cb0/1, E_0x5986358d2cb0/2, E_0x5986358d2cb0/3;
E_0x598635b7f760 .event edge, v0x598636052c30_0, v0x5986359b8ed0_0, v0x5986360e0930_0, v0x598636080d50_0;
L_0x5986362ea7f0 .cmp/eq 12, L_0x5986362eb410, L_0x71dfbb7c59d0;
L_0x5986362ea9a0 .cmp/eq 12, L_0x5986362eb410, L_0x71dfbb7c5a18;
L_0x5986362eb130 .cmp/eq 6, L_0x5986362eb0c0, L_0x71dfbb7c5aa8;
S_0x598635d960d0 .scope module, "u_div" "biriscv_divider" 4 635, 8 26 0, S_0x598635d95d60;
 .timescale 0 0;
    .port_info 0 /INPUT 1 "clk_i";
    .port_info 1 /INPUT 1 "rst_i";
    .port_info 2 /INPUT 1 "opcode_valid_i";
    .port_info 3 /INPUT 32 "opcode_opcode_i";
    .port_info 4 /INPUT 32 "opcode_pc_i";
    .port_info 5 /INPUT 1 "opcode_invalid_i";
    .port_info 6 /INPUT 5 "opcode_rd_idx_i";
    .port_info 7 /INPUT 5 "opcode_ra_idx_i";
    .port_info 8 /INPUT 5 "opcode_rb_idx_i";
    .port_info 9 /INPUT 32 "opcode_ra_operand_i";
    .port_info 10 /INPUT 32 "opcode_rb_operand_i";
    .port_info 11 /OUTPUT 1 "writeback_valid_o";
    .port_info 12 /OUTPUT 32 "writeback_value_o";
L_0x71dfbb7c64c8 .functor BUFT 1, C4<11111110000000000111000001111111>, C4<0>, C4<0>, C4<0>;
L_0x5986362f1f80 .functor AND 32, L_0x598636307ff0, L_0x71dfbb7c64c8, C4<11111111111111111111111111111111>, C4<11111111111111111111111111111111>;
L_0x71dfbb7c6558 .functor BUFT 1, C4<11111110000000000111000001111111>, C4<0>, C4<0>, C4<0>;
L_0x5986362f2270 .functor AND 32, L_0x598636307ff0, L_0x71dfbb7c6558, C4<11111111111111111111111111111111>, C4<11111111111111111111111111111111>;
L_0x71dfbb7c65e8 .functor BUFT 1, C4<11111110000000000111000001111111>, C4<0>, C4<0>, C4<0>;
L_0x5986362f2470 .functor AND 32, L_0x598636307ff0, L_0x71dfbb7c65e8, C4<11111111111111111111111111111111>, C4<11111111111111111111111111111111>;
L_0x71dfbb7c6678 .functor BUFT 1, C4<11111110000000000111000001111111>, C4<0>, C4<0>, C4<0>;
L_0x5986362f2670 .functor AND 32, L_0x598636307ff0, L_0x71dfbb7c6678, C4<11111111111111111111111111111111>, C4<11111111111111111111111111111111>;
L_0x71dfbb7c6708 .functor BUFT 1, C4<11111110000000000111000001111111>, C4<0>, C4<0>, C4<0>;
L_0x5986362f2870 .functor AND 32, L_0x598636307ff0, L_0x71dfbb7c6708, C4<11111111111111111111111111111111>, C4<11111111111111111111111111111111>;
L_0x71dfbb7c6798 .functor BUFT 1, C4<11111110000000000111000001111111>, C4<0>, C4<0>, C4<0>;
L_0x5986362f2a70 .functor AND 32, L_0x598636307ff0, L_0x71dfbb7c6798, C4<11111111111111111111111111111111>, C4<11111111111111111111111111111111>;
L_0x5986362f2c70 .functor OR 1, L_0x5986362f2930, L_0x5986362f2b30, C4<0>, C4<0>;
L_0x71dfbb7c6828 .functor BUFT 1, C4<11111110000000000111000001111111>, C4<0>, C4<0>, C4<0>;
L_0x5986362f2d80 .functor AND 32, L_0x598636307ff0, L_0x71dfbb7c6828, C4<11111111111111111111111111111111>, C4<11111111111111111111111111111111>;
L_0x59863618c940 .functor OR 1, L_0x5986362f2c70, L_0x5986362f2e90, C4<0>, C4<0>;
L_0x71dfbb7c68b8 .functor BUFT 1, C4<11111110000000000111000001111111>, C4<0>, C4<0>, C4<0>;
L_0x5986360e10c0 .functor AND 32, L_0x598636307ff0, L_0x71dfbb7c68b8, C4<11111111111111111111111111111111>, C4<11111111111111111111111111111111>;
L_0x5986362f31c0 .functor OR 1, L_0x59863618c940, L_0x5986362f3080, C4<0>, C4<0>;
L_0x71dfbb7c6948 .functor BUFT 1, C4<11111110000000000111000001111111>, C4<0>, C4<0>, C4<0>;
L_0x5986362f32d0 .functor AND 32, L_0x598636307ff0, L_0x71dfbb7c6948, C4<11111111111111111111111111111111>, C4<11111111111111111111111111111111>;
L_0x71dfbb7c69d8 .functor BUFT 1, C4<11111110000000000111000001111111>, C4<0>, C4<0>, C4<0>;
L_0x5986362f3540 .functor AND 32, L_0x598636307ff0, L_0x71dfbb7c69d8, C4<11111111111111111111111111111111>, C4<11111111111111111111111111111111>;
L_0x5986362f3740 .functor OR 1, L_0x5986362f3400, L_0x5986362f3600, C4<0>, C4<0>;
L_0x71dfbb7c6a68 .functor BUFT 1, C4<11111110000000000111000001111111>, C4<0>, C4<0>, C4<0>;
L_0x5986362f3390 .functor AND 32, L_0x598636307ff0, L_0x71dfbb7c6a68, C4<11111111111111111111111111111111>, C4<11111111111111111111111111111111>;
L_0x71dfbb7c6af8 .functor BUFT 1, C4<11111110000000000111000001111111>, C4<0>, C4<0>, C4<0>;
L_0x5986362f3a10 .functor AND 32, L_0x598636307ff0, L_0x71dfbb7c6af8, C4<11111111111111111111111111111111>, C4<11111111111111111111111111111111>;
L_0x5986362f3d10 .functor OR 1, L_0x5986362f38d0, L_0x5986362f3b60, C4<0>, C4<0>;
L_0x5986362f3e20 .functor AND 1, L_0x598636302310, L_0x5986362f31c0, C4<1>, C4<1>;
L_0x5986362f3ca0 .functor AND 1, L_0x5986362f4020, v0x598635f994d0_0, C4<1>, C4<1>;
L_0x5986362f4280 .functor BUFZ 32, v0x59863600aa60_0, C4<00000000000000000000000000000000>, C4<00000000000000000000000000000000>, C4<00000000000000000000000000000000>;
v0x5986360eda30_0 .net/2u *"_ivl_0", 31 0, L_0x71dfbb7c64c8;  1 drivers
v0x5986360edad0_0 .net *"_ivl_10", 31 0, L_0x5986362f2270;  1 drivers
L_0x71dfbb7c6b40 .functor BUFT 1, C4<00000010000000000101000000110011>, C4<0>, C4<0>, C4<0>;
v0x5986360ed5b0_0 .net/2u *"_ivl_100", 31 0, L_0x71dfbb7c6b40;  1 drivers
v0x598636085c40_0 .net *"_ivl_102", 0 0, L_0x5986362f3b60;  1 drivers
v0x598636085d00_0 .net *"_ivl_109", 0 0, L_0x5986362f3f80;  1 drivers
v0x5986360832e0_0 .net *"_ivl_111", 0 0, L_0x5986362f4020;  1 drivers
L_0x71dfbb7c65a0 .functor BUFT 1, C4<00000010000000000101000000110011>, C4<0>, C4<0>, C4<0>;
v0x598636083380_0 .net/2u *"_ivl_12", 31 0, L_0x71dfbb7c65a0;  1 drivers
v0x598636085750_0 .net/2u *"_ivl_16", 31 0, L_0x71dfbb7c65e8;  1 drivers
v0x5986360e6be0_0 .net *"_ivl_18", 31 0, L_0x5986362f2470;  1 drivers
v0x5986360e62d0_0 .net *"_ivl_2", 31 0, L_0x5986362f1f80;  1 drivers
L_0x71dfbb7c6630 .functor BUFT 1, C4<00000010000000000110000000110011>, C4<0>, C4<0>, C4<0>;
v0x598636084ff0_0 .net/2u *"_ivl_20", 31 0, L_0x71dfbb7c6630;  1 drivers
v0x598636084b50_0 .net/2u *"_ivl_24", 31 0, L_0x71dfbb7c6678;  1 drivers
v0x5986360e17f0_0 .net *"_ivl_26", 31 0, L_0x5986362f2670;  1 drivers
L_0x71dfbb7c66c0 .functor BUFT 1, C4<00000010000000000111000000110011>, C4<0>, C4<0>, C4<0>;
v0x5986360e1000_0 .net/2u *"_ivl_28", 31 0, L_0x71dfbb7c66c0;  1 drivers
v0x5986360dfab0_0 .net/2u *"_ivl_32", 31 0, L_0x71dfbb7c6708;  1 drivers
v0x5986360df7b0_0 .net *"_ivl_34", 31 0, L_0x5986362f2870;  1 drivers
L_0x71dfbb7c6750 .functor BUFT 1, C4<00000010000000000100000000110011>, C4<0>, C4<0>, C4<0>;
v0x5986360843c0_0 .net/2u *"_ivl_36", 31 0, L_0x71dfbb7c6750;  1 drivers
v0x5986360f6c10_0 .net *"_ivl_38", 0 0, L_0x5986362f2930;  1 drivers
L_0x71dfbb7c6510 .functor BUFT 1, C4<00000010000000000100000000110011>, C4<0>, C4<0>, C4<0>;
v0x5986360f6cd0_0 .net/2u *"_ivl_4", 31 0, L_0x71dfbb7c6510;  1 drivers
v0x5986360b8b40_0 .net/2u *"_ivl_40", 31 0, L_0x71dfbb7c6798;  1 drivers
v0x5986360bebf0_0 .net *"_ivl_42", 31 0, L_0x5986362f2a70;  1 drivers
L_0x71dfbb7c67e0 .functor BUFT 1, C4<00000010000000000101000000110011>, C4<0>, C4<0>, C4<0>;
v0x5986360baa00_0 .net/2u *"_ivl_44", 31 0, L_0x71dfbb7c67e0;  1 drivers
v0x5986360cb940_0 .net *"_ivl_46", 0 0, L_0x5986362f2b30;  1 drivers
v0x5986360cba00_0 .net *"_ivl_49", 0 0, L_0x5986362f2c70;  1 drivers
v0x5986360c57d0_0 .net/2u *"_ivl_50", 31 0, L_0x71dfbb7c6828;  1 drivers
v0x59863608e800_0 .net *"_ivl_52", 31 0, L_0x5986362f2d80;  1 drivers
L_0x71dfbb7c6870 .functor BUFT 1, C4<00000010000000000110000000110011>, C4<0>, C4<0>, C4<0>;
v0x5986360948b0_0 .net/2u *"_ivl_54", 31 0, L_0x71dfbb7c6870;  1 drivers
v0x5986360906c0_0 .net *"_ivl_56", 0 0, L_0x5986362f2e90;  1 drivers
v0x598636090780_0 .net *"_ivl_59", 0 0, L_0x59863618c940;  1 drivers
v0x5986360a1600_0 .net/2u *"_ivl_60", 31 0, L_0x71dfbb7c68b8;  1 drivers
v0x5986360a16c0_0 .net *"_ivl_62", 31 0, L_0x5986360e10c0;  1 drivers
L_0x71dfbb7c6900 .functor BUFT 1, C4<00000010000000000111000000110011>, C4<0>, C4<0>, C4<0>;
v0x59863609b490_0 .net/2u *"_ivl_64", 31 0, L_0x71dfbb7c6900;  1 drivers
v0x59863609b550_0 .net *"_ivl_66", 0 0, L_0x5986362f3080;  1 drivers
v0x598635d9fe80_0 .net/2u *"_ivl_70", 31 0, L_0x71dfbb7c6948;  1 drivers
v0x598635d9f1d0_0 .net *"_ivl_72", 31 0, L_0x5986362f32d0;  1 drivers
L_0x71dfbb7c6990 .functor BUFT 1, C4<00000010000000000100000000110011>, C4<0>, C4<0>, C4<0>;
v0x598635ceefa0_0 .net/2u *"_ivl_74", 31 0, L_0x71dfbb7c6990;  1 drivers
v0x598635fa2240_0 .net *"_ivl_76", 0 0, L_0x5986362f3400;  1 drivers
v0x598635fa2300_0 .net/2u *"_ivl_78", 31 0, L_0x71dfbb7c69d8;  1 drivers
v0x598635fa1b10_0 .net/2u *"_ivl_8", 31 0, L_0x71dfbb7c6558;  1 drivers
v0x598635fa1150_0 .net *"_ivl_80", 31 0, L_0x5986362f3540;  1 drivers
L_0x71dfbb7c6a20 .functor BUFT 1, C4<00000010000000000110000000110011>, C4<0>, C4<0>, C4<0>;
v0x598635fa0880_0 .net/2u *"_ivl_82", 31 0, L_0x71dfbb7c6a20;  1 drivers
v0x598635f9ff90_0 .net *"_ivl_84", 0 0, L_0x5986362f3600;  1 drivers
v0x598635fa0050_0 .net/2u *"_ivl_88", 31 0, L_0x71dfbb7c6a68;  1 drivers
v0x598635f9cde0_0 .net *"_ivl_90", 31 0, L_0x5986362f3390;  1 drivers
L_0x71dfbb7c6ab0 .functor BUFT 1, C4<00000010000000000100000000110011>, C4<0>, C4<0>, C4<0>;
v0x598635f9cea0_0 .net/2u *"_ivl_92", 31 0, L_0x71dfbb7c6ab0;  1 drivers
v0x598635f9c9d0_0 .net *"_ivl_94", 0 0, L_0x5986362f38d0;  1 drivers
v0x598635f9ca70_0 .net/2u *"_ivl_96", 31 0, L_0x71dfbb7c6af8;  1 drivers
v0x598635f997e0_0 .net *"_ivl_98", 31 0, L_0x5986362f3a10;  1 drivers
v0x598635f99430_0 .net "clk_i", 0 0, v0x5986362531c0_0;  alias, 1 drivers
v0x598635f994d0_0 .var "div_busy_q", 0 0;
v0x598635f97850_0 .net "div_complete_w", 0 0, L_0x5986362f3ca0;  1 drivers
v0x598635f97910_0 .var "div_inst_q", 0 0;
v0x598635f97470_0 .net "div_operation_w", 0 0, L_0x5986362f3d10;  1 drivers
v0x598635f97510_0 .net "div_rem_inst_w", 0 0, L_0x5986362f31c0;  1 drivers
v0x598635dd0d70_0 .var "div_result_r", 31 0;
v0x598635dd0990_0 .net "div_start_w", 0 0, L_0x5986362f3e20;  1 drivers
v0x598635dd0a50_0 .var "dividend_q", 31 0;
v0x598635dd0630_0 .var "divisor_q", 62 0;
v0x598635dd06f0_0 .net "inst_div_w", 0 0, L_0x5986362f2130;  1 drivers
v0x598635f95b90_0 .net "inst_divu_w", 0 0, L_0x5986362f2330;  1 drivers
v0x598635f95c50_0 .net "inst_rem_w", 0 0, L_0x5986362f2530;  1 drivers
v0x598635ebb7e0_0 .net "inst_remu_w", 0 0, L_0x5986362f2730;  1 drivers
v0x598635ebb880_0 .var "invert_res_q", 0 0;
v0x598635dd1430_0 .var "last_a_q", 31 0;
v0x598635dd1030_0 .var "last_b_q", 31 0;
v0x59863616d8f0_0 .var "last_div_q", 0 0;
v0x59863616d9b0_0 .var "last_divu_q", 0 0;
v0x5986361610f0_0 .var "last_rem_q", 0 0;
v0x5986361611b0_0 .var "last_remu_q", 0 0;
v0x598636160c50_0 .net "opcode_invalid_i", 0 0, L_0x71dfbb7c7098;  alias, 1 drivers
v0x598636160cf0_0 .net "opcode_opcode_i", 31 0, L_0x598636307ff0;  alias, 1 drivers
v0x59863614c470_0 .net "opcode_pc_i", 31 0, v0x5986361fe5c0_0;  alias, 1 drivers
v0x59863614a010_0 .net "opcode_ra_idx_i", 4 0, L_0x598636308420;  alias, 1 drivers
v0x59863614b5f0_0 .net "opcode_ra_operand_i", 31 0, v0x5986361fa630_0;  alias, 1 drivers
v0x59863614b300_0 .net "opcode_rb_idx_i", 4 0, L_0x598636308810;  alias, 1 drivers
v0x59863614b010_0 .net "opcode_rb_operand_i", 31 0, v0x5986361fa810_0;  alias, 1 drivers
v0x59863607a3e0_0 .net "opcode_rd_idx_i", 4 0, L_0x5986363083b0;  alias, 1 drivers
v0x598635ffbee0_0 .net "opcode_valid_i", 0 0, L_0x598636302310;  alias, 1 drivers
v0x598635ffbfa0_0 .var "q_mask_q", 31 0;
v0x5986360329b0_0 .var "quotient_q", 31 0;
v0x598636031770_0 .net "rst_i", 0 0, v0x598636255910_0;  alias, 1 drivers
v0x598636031810_0 .net "signed_operation_w", 0 0, L_0x5986362f3740;  1 drivers
v0x59863600a9a0_0 .var "valid_q", 0 0;
v0x59863600aa60_0 .var "wb_result_q", 31 0;
v0x598635d18c30_0 .net "writeback_valid_o", 0 0, v0x59863600a9a0_0;  alias, 1 drivers
v0x598635d18cd0_0 .net "writeback_value_o", 31 0, L_0x5986362f4280;  alias, 1 drivers
E_0x5986361326b0 .event edge, v0x598635f97910_0, v0x598635ebb880_0, v0x5986360329b0_0, v0x598635dd0a50_0;
L_0x5986362f2130 .cmp/eq 32, L_0x5986362f1f80, L_0x71dfbb7c6510;
L_0x5986362f2330 .cmp/eq 32, L_0x5986362f2270, L_0x71dfbb7c65a0;
L_0x5986362f2530 .cmp/eq 32, L_0x5986362f2470, L_0x71dfbb7c6630;
L_0x5986362f2730 .cmp/eq 32, L_0x5986362f2670, L_0x71dfbb7c66c0;
L_0x5986362f2930 .cmp/eq 32, L_0x5986362f2870, L_0x71dfbb7c6750;
L_0x5986362f2b30 .cmp/eq 32, L_0x5986362f2a70, L_0x71dfbb7c67e0;
L_0x5986362f2e90 .cmp/eq 32, L_0x5986362f2d80, L_0x71dfbb7c6870;
L_0x5986362f3080 .cmp/eq 32, L_0x5986360e10c0, L_0x71dfbb7c6900;
L_0x5986362f3400 .cmp/eq 32, L_0x5986362f32d0, L_0x71dfbb7c6990;
L_0x5986362f3600 .cmp/eq 32, L_0x5986362f3540, L_0x71dfbb7c6a20;
L_0x5986362f38d0 .cmp/eq 32, L_0x5986362f3390, L_0x71dfbb7c6ab0;
L_0x5986362f3b60 .cmp/eq 32, L_0x5986362f3a10, L_0x71dfbb7c6b40;
L_0x5986362f3f80 .reduce/or v0x598635ffbfa0_0;
L_0x5986362f4020 .reduce/nor L_0x5986362f3f80;
S_0x598635d959f0 .scope module, "u_exec0" "biriscv_exec" 4 851, 9 26 0, S_0x598635d95d60;
 .timescale 0 0;
    .port_info 0 /INPUT 1 "clk_i";
    .port_info 1 /INPUT 1 "rst_i";
    .port_info 2 /INPUT 1 "opcode_valid_i";
    .port_info 3 /INPUT 32 "opcode_opcode_i";
    .port_info 4 /INPUT 32 "opcode_pc_i";
    .port_info 5 /INPUT 1 "opcode_invalid_i";
    .port_info 6 /INPUT 5 "opcode_rd_idx_i";
    .port_info 7 /INPUT 5 "opcode_ra_idx_i";
    .port_info 8 /INPUT 5 "opcode_rb_idx_i";
    .port_info 9 /INPUT 32 "opcode_ra_operand_i";
    .port_info 10 /INPUT 32 "opcode_rb_operand_i";
    .port_info 11 /INPUT 1 "hold_i";
    .port_info 12 /INPUT 1 "mule_complete_i";
    .port_info 13 /INPUT 32 "mule_result_i";
    .port_info 14 /OUTPUT 1 "branch_request_o";
    .port_info 15 /OUTPUT 1 "branch_is_taken_o";
    .port_info 16 /OUTPUT 1 "branch_is_not_taken_o";
    .port_info 17 /OUTPUT 32 "branch_source_o";
    .port_info 18 /OUTPUT 1 "branch_is_call_o";
    .port_info 19 /OUTPUT 1 "branch_is_ret_o";
    .port_info 20 /OUTPUT 1 "branch_is_jmp_o";
    .port_info 21 /OUTPUT 32 "branch_pc_o";
    .port_info 22 /OUTPUT 1 "branch_d_request_o";
    .port_info 23 /OUTPUT 32 "branch_d_pc_o";
    .port_info 24 /OUTPUT 2 "branch_d_priv_o";
    .port_info 25 /OUTPUT 32 "writeback_value_o";
L_0x59863630ed80 .functor OR 1, v0x598635d8ba80_0, v0x59863609b1e0_0, C4<0>, C4<0>;
L_0x59863630f3d0 .functor BUFZ 1, v0x598635d8ba80_0, C4<0>, C4<0>, C4<0>;
L_0x59863630f440 .functor BUFZ 1, v0x59863609b1e0_0, C4<0>, C4<0>, C4<0>;
L_0x59863630f9b0 .functor AND 1, v0x59863616d220_0, L_0x5986363024d0, C4<1>, C4<1>;
L_0x59863630fab0 .functor AND 1, L_0x59863630f9b0, v0x598635d8bb40_0, C4<1>, C4<1>;
v0x598635fe6b00_0 .net *"_ivl_19", 0 0, L_0x59863630f9b0;  1 drivers
v0x5986360b5980_0 .var "alu_func_r", 3 0;
v0x5986360b5a40_0 .var "alu_input_a_r", 31 0;
v0x598636127a00_0 .var "alu_input_b_r", 31 0;
v0x598636127ad0_0 .net "alu_p_w", 31 0, L_0x59863630ed10;  1 drivers
v0x5986361255c0_0 .var "bimm_r", 31 0;
v0x598636125660_0 .var "branch_call_q", 0 0;
v0x598636123940_0 .var "branch_call_r", 0 0;
v0x598636123a00_0 .net "branch_d_pc_o", 31 0, v0x598635fc90d0_0;  alias, 1 drivers
v0x598636121490_0 .net "branch_d_priv_o", 1 0, L_0x71dfbb7c71b8;  alias, 1 drivers
v0x598636121550_0 .net "branch_d_request_o", 0 0, L_0x59863630fab0;  alias, 1 drivers
v0x5986360eefc0_0 .net "branch_is_call_o", 0 0, v0x598636125660_0;  alias, 1 drivers
v0x5986360ef080_0 .net "branch_is_jmp_o", 0 0, v0x5986360c5520_0;  alias, 1 drivers
v0x5986360e7190_0 .net "branch_is_not_taken_o", 0 0, L_0x59863630f440;  alias, 1 drivers
v0x5986360e7250_0 .net "branch_is_ret_o", 0 0, v0x59863614bda0_0;  alias, 1 drivers
v0x5986360c5460_0 .net "branch_is_taken_o", 0 0, L_0x59863630f3d0;  alias, 1 drivers
v0x5986360c5520_0 .var "branch_jmp_q", 0 0;
v0x59863609b120_0 .var "branch_jmp_r", 0 0;
v0x59863609b1e0_0 .var "branch_ntaken_q", 0 0;
v0x598635d96fe0_0 .net "branch_pc_o", 31 0, v0x59863606f5f0_0;  alias, 1 drivers
v0x59863616d220_0 .var "branch_r", 0 0;
v0x59863616d2e0_0 .net "branch_request_o", 0 0, L_0x59863630ed80;  alias, 1 drivers
v0x59863614bda0_0 .var "branch_ret_q", 0 0;
v0x59863614be60_0 .var "branch_ret_r", 0 0;
v0x59863600ff60_0 .net "branch_source_o", 31 0, v0x598636070770_0;  alias, 1 drivers
v0x598635d8ba80_0 .var "branch_taken_q", 0 0;
v0x598635d8bb40_0 .var "branch_taken_r", 0 0;
v0x598635fc90d0_0 .var "branch_target_r", 31 0;
v0x598635fc91b0_0 .net "clk_i", 0 0, v0x5986362531c0_0;  alias, 1 drivers
v0x598635fb0810_0 .net "hold_i", 0 0, L_0x5986362fa810;  alias, 1 drivers
v0x598635fb08d0_0 .var "imm12_r", 31 0;
v0x598635fc7ff0_0 .var "imm20_r", 31 0;
v0x598635fc80d0_0 .var "jimm20_r", 31 0;
v0x598635fc6f10_0 .net "mule_complete_i", 0 0, v0x59863623ef00_0;  alias, 1 drivers
v0x598635fc6fd0_0 .net "mule_result_i", 31 0, L_0x5986362ef170;  alias, 1 drivers
v0x598635fdd160_0 .net "opcode_invalid_i", 0 0, L_0x71dfbb7c7098;  alias, 1 drivers
v0x598635fdd200_0 .net "opcode_opcode_i", 31 0, L_0x598636307ff0;  alias, 1 drivers
v0x598635fde170_0 .net "opcode_pc_i", 31 0, v0x5986361fe5c0_0;  alias, 1 drivers
v0x598635fde240_0 .net "opcode_ra_idx_i", 4 0, L_0x598636308420;  alias, 1 drivers
v0x598635dc43a0_0 .net "opcode_ra_operand_i", 31 0, v0x5986361fa630_0;  alias, 1 drivers
v0x598635dc4470_0 .net "opcode_rb_idx_i", 4 0, L_0x598636308810;  alias, 1 drivers
v0x59863606d5a0_0 .net "opcode_rb_operand_i", 31 0, v0x5986361fa810_0;  alias, 1 drivers
v0x59863606d670_0 .net "opcode_rd_idx_i", 4 0, L_0x5986363083b0;  alias, 1 drivers
v0x5986360706d0_0 .net "opcode_valid_i", 0 0, L_0x5986363024d0;  alias, 1 drivers
v0x598636070770_0 .var "pc_m_q", 31 0;
v0x59863606f5f0_0 .var "pc_x_q", 31 0;
v0x59863606f6d0_0 .var "result_q", 31 0;
v0x59863606e510_0 .net "rst_i", 0 0, v0x598636255910_0;  alias, 1 drivers
v0x59863606e5b0_0 .var "shamt_r", 4 0;
v0x598635ffa440_0 .net "writeback_value_o", 31 0, L_0x59863630f330;  alias, 1 drivers
E_0x598635962630/0 .event edge, v0x59863614c470_0, v0x5986361255c0_0, v0x598636160cf0_0, v0x598635fc80d0_0;
E_0x598635962630/1 .event edge, v0x59863607a3e0_0, v0x59863614b5f0_0, v0x598635fb08d0_0, v0x59863614a010_0;
E_0x598635962630/2 .event edge, v0x59863614be60_0, v0x598636123940_0, v0x59863614b010_0;
E_0x598635962630 .event/or E_0x598635962630/0, E_0x598635962630/1, E_0x598635962630/2;
E_0x5986359626d0/0 .event edge, v0x598636160cf0_0, v0x59863614b5f0_0, v0x59863614b010_0, v0x598635fb08d0_0;
E_0x5986359626d0/1 .event edge, v0x59863606e5b0_0, v0x598635fc7ff0_0, v0x59863614c470_0;
E_0x5986359626d0 .event/or E_0x5986359626d0/0, E_0x5986359626d0/1;
E_0x598635962750 .event edge, v0x598636160cf0_0;
L_0x59863630f330 .functor MUXZ 32, v0x59863606f6d0_0, L_0x5986362ef170, v0x59863623ef00_0, C4<>;
S_0x598635d92050 .scope function.vec4.s1, "greater_than_signed" "greater_than_signed" 9 280, 9 280 0, S_0x598635d959f0;
 .timescale 0 0;
; Variable greater_than_signed is vec4 return value of scope S_0x598635d92050
v0x59863605f110_0 .var "v", 31 0;
v0x59863605e4e0_0 .var "x", 31 0;
v0x59863605e5a0_0 .var "y", 31 0;
TD_tb_mulp.u_dut.u_exec0.greater_than_signed ;
    %load/vec4 v0x59863605e5a0_0;
    %load/vec4 v0x59863605e4e0_0;
    %sub;
    %store/vec4 v0x59863605f110_0, 0, 32;
    %load/vec4 v0x59863605e4e0_0;
    %parti/s 1, 31, 6;
    %load/vec4 v0x59863605e5a0_0;
    %parti/s 1, 31, 6;
    %cmp/ne;
    %jmp/0xz  T_2.6, 4;
    %load/vec4 v0x59863605e5a0_0;
    %parti/s 1, 31, 6;
    %ret/vec4 0, 0, 1;  Assign to greater_than_signed (store_vec4_to_lval)
    %jmp T_2.7;
T_2.6 ;
    %load/vec4 v0x59863605f110_0;
    %parti/s 1, 31, 6;
    %ret/vec4 0, 0, 1;  Assign to greater_than_signed (store_vec4_to_lval)
T_2.7 ;
    %end;
S_0x598635d943a0 .scope function.vec4.s1, "less_than_signed" "less_than_signed" 9 262, 9 262 0, S_0x598635d959f0;
 .timescale 0 0;
; Variable less_than_signed is vec4 return value of scope S_0x598635d943a0
v0x59863605bbd0_0 .var "v", 31 0;
v0x59863605b7b0_0 .var "x", 31 0;
v0x59863605b2f0_0 .var "y", 31 0;
TD_tb_mulp.u_dut.u_exec0.less_than_signed ;
    %load/vec4 v0x59863605b7b0_0;
    %load/vec4 v0x59863605b2f0_0;
    %sub;
    %store/vec4 v0x59863605bbd0_0, 0, 32;
    %load/vec4 v0x59863605b7b0_0;
    %parti/s 1, 31, 6;
    %load/vec4 v0x59863605b2f0_0;
    %parti/s 1, 31, 6;
    %cmp/ne;
    %jmp/0xz  T_3.8, 4;
    %load/vec4 v0x59863605b7b0_0;
    %parti/s 1, 31, 6;
    %ret/vec4 0, 0, 1;  Assign to less_than_signed (store_vec4_to_lval)
    %jmp T_3.9;
T_3.8 ;
    %load/vec4 v0x59863605bbd0_0;
    %parti/s 1, 31, 6;
    %ret/vec4 0, 0, 1;  Assign to less_than_signed (store_vec4_to_lval)
T_3.9 ;
    %end;
S_0x598635d94750 .scope module, "u_alu" "biriscv_alu" 9 236, 10 25 0, S_0x598635d959f0;
 .timescale 0 0;
    .port_info 0 /INPUT 4 "alu_op_i";
    .port_info 1 /INPUT 32 "alu_a_i";
    .port_info 2 /INPUT 32 "alu_b_i";
    .port_info 3 /OUTPUT 32 "alu_p_o";
L_0x59863630ed10 .functor BUFZ 32, v0x598635dc3570_0, C4<00000000000000000000000000000000>, C4<00000000000000000000000000000000>, C4<00000000000000000000000000000000>;
v0x598636181120_0 .net "alu_a_i", 31 0, v0x5986360b5a40_0;  1 drivers
v0x598635fa8650_0 .net "alu_b_i", 31 0, v0x598636127a00_0;  1 drivers
v0x598636118a30_0 .net "alu_op_i", 3 0, v0x5986360b5980_0;  1 drivers
v0x598636118510_0 .net "alu_p_o", 31 0, L_0x59863630ed10;  alias, 1 drivers
v0x598635dc3570_0 .var "result_r", 31 0;
v0x598635dc1f00_0 .var "shift_left_1_r", 31 0;
v0x598635dc0ab0_0 .var "shift_left_2_r", 31 0;
v0x598635ff93a0_0 .var "shift_left_4_r", 31 0;
v0x59863602e730_0 .var "shift_left_8_r", 31 0;
v0x59863602def0_0 .var "shift_right_1_r", 31 0;
v0x5986360457c0_0 .var "shift_right_2_r", 31 0;
v0x598635fa76f0_0 .var "shift_right_4_r", 31 0;
v0x598636048b40_0 .var "shift_right_8_r", 31 0;
v0x598635fe5b50_0 .var "shift_right_fill_r", 31 16;
v0x598635fe66d0_0 .net "sub_res_w", 31 0, L_0x59863630ec70;  1 drivers
E_0x598635da3f20 .event edge, v0x598635fe66d0_0, v0x598635fa8650_0, v0x598636181120_0, v0x598636118a30_0;
L_0x59863630ec70 .arith/sub 32, v0x5986360b5a40_0, v0x598636127a00_0;
S_0x598635d91c70 .scope module, "u_exec1" "biriscv_exec" 4 887, 9 26 0, S_0x598635d95d60;
 .timescale 0 0;
    .port_info 0 /INPUT 1 "clk_i";
    .port_info 1 /INPUT 1 "rst_i";
    .port_info 2 /INPUT 1 "opcode_valid_i";
    .port_info 3 /INPUT 32 "opcode_opcode_i";
    .port_info 4 /INPUT 32 "opcode_pc_i";
    .port_info 5 /INPUT 1 "opcode_invalid_i";
    .port_info 6 /INPUT 5 "opcode_rd_idx_i";
    .port_info 7 /INPUT 5 "opcode_ra_idx_i";
    .port_info 8 /INPUT 5 "opcode_rb_idx_i";
    .port_info 9 /INPUT 32 "opcode_ra_operand_i";
    .port_info 10 /INPUT 32 "opcode_rb_operand_i";
    .port_info 11 /INPUT 1 "hold_i";
    .port_info 12 /INPUT 1 "mule_complete_i";
    .port_info 13 /INPUT 32 "mule_result_i";
    .port_info 14 /OUTPUT 1 "branch_request_o";
    .port_info 15 /OUTPUT 1 "branch_is_taken_o";
    .port_info 16 /OUTPUT 1 "branch_is_not_taken_o";
    .port_info 17 /OUTPUT 32 "branch_source_o";
    .port_info 18 /OUTPUT 1 "branch_is_call_o";
    .port_info 19 /OUTPUT 1 "branch_is_ret_o";
    .port_info 20 /OUTPUT 1 "branch_is_jmp_o";
    .port_info 21 /OUTPUT 32 "branch_pc_o";
    .port_info 22 /OUTPUT 1 "branch_d_request_o";
    .port_info 23 /OUTPUT 32 "branch_d_pc_o";
    .port_info 24 /OUTPUT 2 "branch_d_priv_o";
    .port_info 25 /OUTPUT 32 "writeback_value_o";
L_0x59863630fdd0 .functor OR 1, v0x59863608b4d0_0, v0x598635faa620_0, C4<0>, C4<0>;
L_0x59863630fe40 .functor BUFZ 1, v0x59863608b4d0_0, C4<0>, C4<0>, C4<0>;
L_0x59863630ff40 .functor BUFZ 1, v0x598635faa620_0, C4<0>, C4<0>, C4<0>;
L_0x598636310540 .functor AND 1, v0x598635faad80_0, L_0x598636302fe0, C4<1>, C4<1>;
L_0x598636310640 .functor AND 1, L_0x598636310540, v0x59863608b070_0, C4<1>, C4<1>;
v0x598636040e80_0 .net *"_ivl_19", 0 0, L_0x598636310540;  1 drivers
v0x598636040f40_0 .var "alu_func_r", 3 0;
v0x598635fad9a0_0 .var "alu_input_a_r", 31 0;
v0x598635fada70_0 .var "alu_input_b_r", 31 0;
v0x598635fabff0_0 .net "alu_p_w", 31 0, L_0x59863630fc30;  1 drivers
v0x598635fac090_0 .var "bimm_r", 31 0;
v0x598635fa9010_0 .var "branch_call_q", 0 0;
v0x598635fa90d0_0 .var "branch_call_r", 0 0;
v0x598635fac3a0_0 .net "branch_d_pc_o", 31 0, v0x59863608b130_0;  alias, 1 drivers
v0x598635fac480_0 .net "branch_d_priv_o", 1 0, L_0x71dfbb7c7200;  alias, 1 drivers
v0x598635fac750_0 .net "branch_d_request_o", 0 0, L_0x598636310640;  alias, 1 drivers
v0x598635fac810_0 .net "branch_is_call_o", 0 0, v0x598635fa9010_0;  alias, 1 drivers
v0x598635facb00_0 .net "branch_is_jmp_o", 0 0, v0x598635fabc40_0;  alias, 1 drivers
v0x598635facbc0_0 .net "branch_is_not_taken_o", 0 0, L_0x59863630ff40;  alias, 1 drivers
v0x598635faceb0_0 .net "branch_is_ret_o", 0 0, v0x598635fdf180_0;  alias, 1 drivers
v0x598635facf70_0 .net "branch_is_taken_o", 0 0, L_0x59863630fe40;  alias, 1 drivers
v0x598635fabc40_0 .var "branch_jmp_q", 0 0;
v0x598635fabd00_0 .var "branch_jmp_r", 0 0;
v0x598635faa620_0 .var "branch_ntaken_q", 0 0;
v0x598635faa6e0_0 .net "branch_pc_o", 31 0, v0x598636127000_0;  alias, 1 drivers
v0x598635faad80_0 .var "branch_r", 0 0;
v0x598635faae40_0 .net "branch_request_o", 0 0, L_0x59863630fdd0;  alias, 1 drivers
v0x598635fdf180_0 .var "branch_ret_q", 0 0;
v0x598635fdf240_0 .var "branch_ret_r", 0 0;
v0x59863608b3f0_0 .net "branch_source_o", 31 0, v0x598636126f20_0;  alias, 1 drivers
v0x59863608b4d0_0 .var "branch_taken_q", 0 0;
v0x59863608b070_0 .var "branch_taken_r", 0 0;
v0x59863608b130_0 .var "branch_target_r", 31 0;
v0x59863608acf0_0 .net "clk_i", 0 0, v0x5986362531c0_0;  alias, 1 drivers
v0x59863608ad90_0 .net "hold_i", 0 0, L_0x5986362ff340;  alias, 1 drivers
v0x59863608a970_0 .var "imm12_r", 31 0;
v0x59863608aa50_0 .var "imm20_r", 31 0;
v0x59863608a5f0_0 .var "jimm20_r", 31 0;
v0x59863608a690_0 .net "mule_complete_i", 0 0, v0x59863623ef00_0;  alias, 1 drivers
v0x59863608a270_0 .net "mule_result_i", 31 0, L_0x5986362ef170;  alias, 1 drivers
v0x59863608a340_0 .net "opcode_invalid_i", 0 0, L_0x71dfbb7c70e0;  alias, 1 drivers
v0x598636089f80_0 .net "opcode_opcode_i", 31 0, L_0x598636308d80;  alias, 1 drivers
v0x59863608a020_0 .net "opcode_pc_i", 31 0, v0x5986361fe980_0;  alias, 1 drivers
v0x598636089c90_0 .net "opcode_ra_idx_i", 4 0, L_0x5986363096b0;  alias, 1 drivers
v0x598636089d70_0 .net "opcode_ra_operand_i", 31 0, v0x5986361fb030_0;  alias, 1 drivers
v0x598636127620_0 .net "opcode_rb_idx_i", 4 0, L_0x598636309720;  alias, 1 drivers
v0x598636127700_0 .net "opcode_rb_operand_i", 31 0, v0x5986361fb210_0;  alias, 1 drivers
v0x5986361272a0_0 .net "opcode_rd_idx_i", 4 0, L_0x598636309320;  alias, 1 drivers
v0x598636127380_0 .net "opcode_valid_i", 0 0, L_0x598636302fe0;  alias, 1 drivers
v0x598636126f20_0 .var "pc_m_q", 31 0;
v0x598636127000_0 .var "pc_x_q", 31 0;
v0x598636126ba0_0 .var "result_q", 31 0;
v0x598636126c60_0 .net "rst_i", 0 0, v0x598636255910_0;  alias, 1 drivers
v0x598636126820_0 .var "shamt_r", 4 0;
v0x598636126900_0 .net "writeback_value_o", 31 0, L_0x59863630fca0;  alias, 1 drivers
E_0x5986359b5950/0 .event edge, v0x59863608a020_0, v0x598635fac090_0, v0x598636089f80_0, v0x59863608a5f0_0;
E_0x5986359b5950/1 .event edge, v0x5986361272a0_0, v0x598636089d70_0, v0x59863608a970_0, v0x598636089c90_0;
E_0x5986359b5950/2 .event edge, v0x598635fdf240_0, v0x598635fa90d0_0, v0x598636127700_0;
E_0x5986359b5950 .event/or E_0x5986359b5950/0, E_0x5986359b5950/1, E_0x5986359b5950/2;
E_0x5986359b59b0/0 .event edge, v0x598636089f80_0, v0x598636089d70_0, v0x598636127700_0, v0x59863608a970_0;
E_0x5986359b59b0/1 .event edge, v0x598636126820_0, v0x59863608aa50_0, v0x59863608a020_0;
E_0x5986359b59b0 .event/or E_0x5986359b59b0/0, E_0x5986359b59b0/1;
E_0x5986359b5a30 .event edge, v0x598636089f80_0;
L_0x59863630fca0 .functor MUXZ 32, v0x598636126ba0_0, L_0x5986362ef170, v0x59863623ef00_0, C4<>;
S_0x598635d96530 .scope function.vec4.s1, "greater_than_signed" "greater_than_signed" 9 280, 9 280 0, S_0x598635d91c70;
 .timescale 0 0;
; Variable greater_than_signed is vec4 return value of scope S_0x598635d96530
v0x598635d18a00_0 .var "v", 31 0;
v0x598635d18ae0_0 .var "x", 31 0;
v0x598635d17e50_0 .var "y", 31 0;
TD_tb_mulp.u_dut.u_exec1.greater_than_signed ;
    %load/vec4 v0x598635d17e50_0;
    %load/vec4 v0x598635d18ae0_0;
    %sub;
    %store/vec4 v0x598635d18a00_0, 0, 32;
    %load/vec4 v0x598635d18ae0_0;
    %parti/s 1, 31, 6;
    %load/vec4 v0x598635d17e50_0;
    %parti/s 1, 31, 6;
    %cmp/ne;
    %jmp/0xz  T_4.10, 4;
    %load/vec4 v0x598635d17e50_0;
    %parti/s 1, 31, 6;
    %ret/vec4 0, 0, 1;  Assign to greater_than_signed (store_vec4_to_lval)
    %jmp T_4.11;
T_4.10 ;
    %load/vec4 v0x598635d18a00_0;
    %parti/s 1, 31, 6;
    %ret/vec4 0, 0, 1;  Assign to greater_than_signed (store_vec4_to_lval)
T_4.11 ;
    %end;
S_0x598635d92430 .scope function.vec4.s1, "less_than_signed" "less_than_signed" 9 262, 9 262 0, S_0x598635d91c70;
 .timescale 0 0;
; Variable less_than_signed is vec4 return value of scope S_0x598635d92430
v0x59863600f0b0_0 .var "v", 31 0;
v0x59863605f940_0 .var "x", 31 0;
v0x59863605c3a0_0 .var "y", 31 0;
TD_tb_mulp.u_dut.u_exec1.less_than_signed ;
    %load/vec4 v0x59863605f940_0;
    %load/vec4 v0x59863605c3a0_0;
    %sub;
    %store/vec4 v0x59863600f0b0_0, 0, 32;
    %load/vec4 v0x59863605f940_0;
    %parti/s 1, 31, 6;
    %load/vec4 v0x59863605c3a0_0;
    %parti/s 1, 31, 6;
    %cmp/ne;
    %jmp/0xz  T_5.12, 4;
    %load/vec4 v0x59863605f940_0;
    %parti/s 1, 31, 6;
    %ret/vec4 0, 0, 1;  Assign to less_than_signed (store_vec4_to_lval)
    %jmp T_5.13;
T_5.12 ;
    %load/vec4 v0x59863600f0b0_0;
    %parti/s 1, 31, 6;
    %ret/vec4 0, 0, 1;  Assign to less_than_signed (store_vec4_to_lval)
T_5.13 ;
    %end;
S_0x598635d94b00 .scope module, "u_alu" "biriscv_alu" 9 236, 10 25 0, S_0x598635d91c70;
 .timescale 0 0;
    .port_info 0 /INPUT 4 "alu_op_i";
    .port_info 1 /INPUT 32 "alu_a_i";
    .port_info 2 /INPUT 32 "alu_b_i";
    .port_info 3 /OUTPUT 32 "alu_p_o";
L_0x59863630fc30 .functor BUFZ 32, v0x598635fe4bf0_0, C4<00000000000000000000000000000000>, C4<00000000000000000000000000000000>, C4<00000000000000000000000000000000>;
v0x598635fa9770_0 .net "alu_a_i", 31 0, v0x598635fad9a0_0;  1 drivers
v0x598635fa9850_0 .net "alu_b_i", 31 0, v0x598635fada70_0;  1 drivers
v0x598635fa9ec0_0 .net "alu_op_i", 3 0, v0x598636040f40_0;  1 drivers
v0x598635fa9fb0_0 .net "alu_p_o", 31 0, L_0x59863630fc30;  alias, 1 drivers
v0x598635fe4bf0_0 .var "result_r", 31 0;
v0x598635fa93c0_0 .var "shift_left_1_r", 31 0;
v0x598635fa94a0_0 .var "shift_left_2_r", 31 0;
v0x598635fab890_0 .var "shift_left_4_r", 31 0;
v0x598635fab950_0 .var "shift_left_8_r", 31 0;
v0x598635faa270_0 .var "shift_right_1_r", 31 0;
v0x598635faa350_0 .var "shift_right_2_r", 31 0;
v0x598635fab130_0 .var "shift_right_4_r", 31 0;
v0x598635fab1f0_0 .var "shift_right_8_r", 31 0;
v0x598635fab4e0_0 .var "shift_right_fill_r", 31 16;
v0x598635fab5c0_0 .net "sub_res_w", 31 0, L_0x59863630fb90;  1 drivers
E_0x598635b56630 .event edge, v0x598635fab5c0_0, v0x598635fa9850_0, v0x598635fa9770_0, v0x598635fa9ec0_0;
L_0x59863630fb90 .arith/sub 32, v0x598635fad9a0_0, v0x598635fada70_0;
S_0x598635fd9da0 .scope module, "u_frontend" "biriscv_frontend" 4 322, 11 26 0, S_0x598635d95d60;
 .timescale 0 0;
    .port_info 0 /INPUT 1 "clk_i";
    .port_info 1 /INPUT 1 "rst_i";
    .port_info 2 /INPUT 1 "icache_accept_i";
    .port_info 3 /INPUT 1 "icache_valid_i";
    .port_info 4 /INPUT 1 "icache_error_i";
    .port_info 5 /INPUT 64 "icache_inst_i";
    .port_info 6 /INPUT 1 "icache_page_fault_i";
    .port_info 7 /INPUT 1 "fetch0_accept_i";
    .port_info 8 /INPUT 1 "fetch1_accept_i";
    .port_info 9 /INPUT 1 "fetch_invalidate_i";
    .port_info 10 /INPUT 1 "branch_request_i";
    .port_info 11 /INPUT 32 "branch_pc_i";
    .port_info 12 /INPUT 2 "branch_priv_i";
    .port_info 13 /INPUT 1 "branch_info_request_i";
    .port_info 14 /INPUT 1 "branch_info_is_taken_i";
    .port_info 15 /INPUT 1 "branch_info_is_not_taken_i";
    .port_info 16 /INPUT 32 "branch_info_source_i";
    .port_info 17 /INPUT 1 "branch_info_is_call_i";
    .port_info 18 /INPUT 1 "branch_info_is_ret_i";
    .port_info 19 /INPUT 1 "branch_info_is_jmp_i";
    .port_info 20 /INPUT 32 "branch_info_pc_i";
    .port_info 21 /OUTPUT 1 "icache_rd_o";
    .port_info 22 /OUTPUT 1 "icache_flush_o";
    .port_info 23 /OUTPUT 1 "icache_invalidate_o";
    .port_info 24 /OUTPUT 32 "icache_pc_o";
    .port_info 25 /OUTPUT 2 "icache_priv_o";
    .port_info 26 /OUTPUT 1 "fetch0_valid_o";
    .port_info 27 /OUTPUT 32 "fetch0_instr_o";
    .port_info 28 /OUTPUT 32 "fetch0_pc_o";
    .port_info 29 /OUTPUT 1 "fetch0_fault_fetch_o";
    .port_info 30 /OUTPUT 1 "fetch0_fault_page_o";
    .port_info 31 /OUTPUT 1 "fetch0_instr_exec_o";
    .port_info 32 /OUTPUT 1 "fetch0_instr_lsu_o";
    .port_info 33 /OUTPUT 1 "fetch0_instr_branch_o";
    .port_info 34 /OUTPUT 1 "fetch0_instr_mul_o";
    .port_info 35 /OUTPUT 1 "fetch0_instr_div_o";
    .port_info 36 /OUTPUT 1 "fetch0_instr_csr_o";
    .port_info 37 /OUTPUT 1 "fetch0_instr_rd_valid_o";
    .port_info 38 /OUTPUT 1 "fetch0_instr_invalid_o";
    .port_info 39 /OUTPUT 1 "fetch0_instr_mule_o";
    .port_info 40 /OUTPUT 1 "fetch0_instr_cbm_o";
    .port_info 41 /OUTPUT 1 "fetch0_instr_mulp_o";
    .port_info 42 /OUTPUT 1 "fetch1_valid_o";
    .port_info 43 /OUTPUT 32 "fetch1_instr_o";
    .port_info 44 /OUTPUT 32 "fetch1_pc_o";
    .port_info 45 /OUTPUT 1 "fetch1_fault_fetch_o";
    .port_info 46 /OUTPUT 1 "fetch1_fault_page_o";
    .port_info 47 /OUTPUT 1 "fetch1_instr_exec_o";
    .port_info 48 /OUTPUT 1 "fetch1_instr_lsu_o";
    .port_info 49 /OUTPUT 1 "fetch1_instr_branch_o";
    .port_info 50 /OUTPUT 1 "fetch1_instr_mul_o";
    .port_info 51 /OUTPUT 1 "fetch1_instr_div_o";
    .port_info 52 /OUTPUT 1 "fetch1_instr_csr_o";
    .port_info 53 /OUTPUT 1 "fetch1_instr_rd_valid_o";
    .port_info 54 /OUTPUT 1 "fetch1_instr_invalid_o";
    .port_info 55 /OUTPUT 1 "fetch1_instr_mule_o";
    .port_info 56 /OUTPUT 1 "fetch1_instr_cbm_o";
    .port_info 57 /OUTPUT 1 "fetch1_instr_mulp_o";
P_0x5986359ca5d0 .param/l "BHT_ENABLE" 0 11 41, +C4<00000000000000000000000000000001>;
P_0x5986359ca610 .param/l "EXTRA_DECODE_STAGE" 0 11 34, +C4<00000000000000000000000000000000>;
P_0x5986359ca650 .param/l "GSHARE_ENABLE" 0 11 40, +C4<00000000000000000000000000000000>;
P_0x5986359ca690 .param/l "NUM_BHT_ENTRIES" 0 11 37, +C4<00000000000000000000001000000000>;
P_0x5986359ca6d0 .param/l "NUM_BHT_ENTRIES_W" 0 11 38, +C4<00000000000000000000000000001001>;
P_0x5986359ca710 .param/l "NUM_BTB_ENTRIES" 0 11 35, +C4<00000000000000000000000000100000>;
P_0x5986359ca750 .param/l "NUM_BTB_ENTRIES_W" 0 11 36, +C4<00000000000000000000000000000101>;
P_0x5986359ca790 .param/l "NUM_RAS_ENTRIES" 0 11 42, +C4<00000000000000000000000000001000>;
P_0x5986359ca7d0 .param/l "NUM_RAS_ENTRIES_W" 0 11 43, +C4<00000000000000000000000000000011>;
P_0x5986359ca810 .param/l "RAS_ENABLE" 0 11 39, +C4<00000000000000000000000000000001>;
P_0x5986359ca850 .param/l "SUPPORT_BRANCH_PREDICTION" 0 11 31, +C4<00000000000000000000000000000001>;
P_0x5986359ca890 .param/l "SUPPORT_MMU" 0 11 33, +C4<00000000000000000000000000000000>;
P_0x5986359ca8d0 .param/l "SUPPORT_MULDIV" 0 11 32, +C4<00000000000000000000000000000001>;
v0x5986361db580_0 .net "branch_info_is_call_i", 0 0, L_0x5986362fff80;  alias, 1 drivers
v0x5986361db620_0 .net "branch_info_is_jmp_i", 0 0, L_0x5986363004a0;  alias, 1 drivers
v0x5986361db6c0_0 .net "branch_info_is_not_taken_i", 0 0, L_0x5986362ffe80;  alias, 1 drivers
v0x5986361db760_0 .net "branch_info_is_ret_i", 0 0, L_0x5986363003a0;  alias, 1 drivers
v0x5986361db800_0 .net "branch_info_is_taken_i", 0 0, L_0x5986362ffb70;  alias, 1 drivers
v0x5986361db8a0_0 .net "branch_info_pc_i", 31 0, L_0x5986362ff7e0;  alias, 1 drivers
v0x5986361db940_0 .net "branch_info_request_i", 0 0, L_0x5986362ffa00;  alias, 1 drivers
v0x5986361db9e0_0 .net "branch_info_source_i", 31 0, L_0x5986362ffd70;  alias, 1 drivers
v0x5986361dba80_0 .net "branch_pc_i", 31 0, L_0x5986362f3ee0;  alias, 1 drivers
v0x5986361dbb20_0 .net "branch_priv_i", 1 0, L_0x5986362f4360;  alias, 1 drivers
v0x5986361dbbc0_0 .net "branch_request_i", 0 0, L_0x5986362f42f0;  alias, 1 drivers
v0x5986361dbc60_0 .net "clk_i", 0 0, v0x5986362531c0_0;  alias, 1 drivers
v0x5986361dbd00_0 .net "fetch0_accept_i", 0 0, L_0x598636304640;  alias, 1 drivers
v0x5986361dbda0_0 .net "fetch0_fault_fetch_o", 0 0, L_0x59863626ddd0;  alias, 1 drivers
v0x5986361dbe40_0 .net "fetch0_fault_page_o", 0 0, L_0x59863626dd00;  alias, 1 drivers
v0x5986361dbee0_0 .net "fetch0_instr_branch_o", 0 0, L_0x59863629d690;  alias, 1 drivers
v0x5986361dbf80_0 .net "fetch0_instr_cbm_o", 0 0, L_0x5986362a0670;  alias, 1 drivers
v0x5986361dc130_0 .net "fetch0_instr_csr_o", 0 0, L_0x5986362a13e0;  alias, 1 drivers
v0x5986361dc1d0_0 .net "fetch0_instr_div_o", 0 0, L_0x59863629d9b0;  alias, 1 drivers
v0x5986361dc270_0 .net "fetch0_instr_exec_o", 0 0, L_0x598636299300;  alias, 1 drivers
v0x5986361dc310_0 .net "fetch0_instr_invalid_o", 0 0, L_0x598636285d60;  alias, 1 drivers
v0x5986361dc3b0_0 .net "fetch0_instr_lsu_o", 0 0, L_0x59863629ba10;  alias, 1 drivers
v0x5986361dc450_0 .net "fetch0_instr_mul_o", 0 0, L_0x59863629de70;  alias, 1 drivers
v0x5986361dc4f0_0 .net "fetch0_instr_mule_o", 0 0, L_0x5986362a03b0;  alias, 1 drivers
v0x5986361dc590_0 .net "fetch0_instr_mulp_o", 0 0, L_0x5986362a21a0;  alias, 1 drivers
v0x5986361dc630_0 .net "fetch0_instr_o", 31 0, L_0x59863626c920;  alias, 1 drivers
v0x5986361dc6d0_0 .net "fetch0_instr_rd_valid_o", 0 0, L_0x5986362927c0;  alias, 1 drivers
v0x5986361dc770_0 .net "fetch0_pc_o", 31 0, L_0x59863626c310;  alias, 1 drivers
v0x5986361dc810_0 .net "fetch0_valid_o", 0 0, L_0x59863626b400;  alias, 1 drivers
v0x5986361dc8b0_0 .net "fetch1_accept_i", 0 0, L_0x598636304de0;  alias, 1 drivers
v0x5986361dc950_0 .net "fetch1_fault_fetch_o", 0 0, L_0x59863626e070;  alias, 1 drivers
v0x5986361dc9f0_0 .net "fetch1_fault_page_o", 0 0, L_0x59863626df00;  alias, 1 drivers
v0x5986361dca90_0 .net "fetch1_instr_branch_o", 0 0, L_0x5986362d0600;  alias, 1 drivers
v0x5986361dcb30_0 .net "fetch1_instr_cbm_o", 0 0, L_0x5986362d4050;  alias, 1 drivers
v0x5986361dcbd0_0 .net "fetch1_instr_csr_o", 0 0, L_0x5986362d4dc0;  alias, 1 drivers
v0x5986361dcc70_0 .net "fetch1_instr_div_o", 0 0, L_0x5986362d24a0;  alias, 1 drivers
v0x5986361dcd10_0 .net "fetch1_instr_exec_o", 0 0, L_0x5986362cd000;  alias, 1 drivers
v0x5986361dcdb0_0 .net "fetch1_instr_invalid_o", 0 0, L_0x5986362b9450;  alias, 1 drivers
v0x5986361dce50_0 .net "fetch1_instr_lsu_o", 0 0, L_0x5986362cf530;  alias, 1 drivers
v0x5986361dcef0_0 .net "fetch1_instr_mul_o", 0 0, L_0x5986362d1d30;  alias, 1 drivers
v0x5986361dcf90_0 .net "fetch1_instr_mule_o", 0 0, L_0x5986362d3d90;  alias, 1 drivers
v0x5986361dd030_0 .net "fetch1_instr_mulp_o", 0 0, L_0x5986362d55e0;  alias, 1 drivers
v0x5986361dd0d0_0 .net "fetch1_instr_o", 31 0, L_0x59863626cf40;  alias, 1 drivers
v0x5986361dd170_0 .net "fetch1_instr_rd_valid_o", 0 0, L_0x5986362c72f0;  alias, 1 drivers
v0x5986361dd210_0 .net "fetch1_pc_o", 31 0, L_0x59863626c7e0;  alias, 1 drivers
v0x5986361dd2b0_0 .net "fetch1_valid_o", 0 0, L_0x59863626bb60;  alias, 1 drivers
v0x5986361dd350_0 .net "fetch_accept_w", 0 0, L_0x59863626bee0;  1 drivers
v0x5986361dd3f0_0 .net "fetch_fault_fetch_w", 0 0, L_0x5986362d80c0;  1 drivers
v0x5986361dd490_0 .net "fetch_fault_page_w", 0 0, L_0x5986362d8330;  1 drivers
v0x5986361dd530_0 .net "fetch_instr_w", 63 0, L_0x5986362d7a60;  1 drivers
v0x5986361dd5d0_0 .net "fetch_invalidate_i", 0 0, v0x59863611d1e0_0;  alias, 1 drivers
v0x5986361dd670_0 .net "fetch_pc_accept_w", 0 0, L_0x5986362d83d0;  1 drivers
v0x5986361dd710_0 .net "fetch_pc_f_w", 31 0, L_0x5986362d79f0;  1 drivers
v0x5986361dd7b0_0 .net "fetch_pc_w", 31 0, L_0x5986362d7780;  1 drivers
v0x5986361dd850_0 .net "fetch_pred_branch_w", 1 0, L_0x5986362d7d40;  1 drivers
v0x5986361dd8f0_0 .net "fetch_valid_w", 0 0, L_0x5986362d73e0;  1 drivers
v0x5986361dd990_0 .net "icache_accept_i", 0 0, L_0x5986362d8840;  alias, 1 drivers
v0x5986361dda30_0 .net "icache_error_i", 0 0, L_0x5986362d8a40;  alias, 1 drivers
v0x5986361ddad0_0 .net "icache_flush_o", 0 0, L_0x5986362d6fe0;  alias, 1 drivers
v0x5986361ddb70_0 .net "icache_inst_i", 63 0, L_0x5986362d8b40;  alias, 1 drivers
v0x5986361ddc10_0 .net "icache_invalidate_o", 0 0, L_0x71dfbb7c3a50;  alias, 1 drivers
v0x5986361ddcb0_0 .net "icache_page_fault_i", 0 0, L_0x71dfbb7c3ae0;  alias, 1 drivers
v0x5986361ddd50_0 .net "icache_pc_o", 31 0, L_0x5986362d6e80;  alias, 1 drivers
v0x5986361dddf0_0 .net "icache_priv_o", 1 0, L_0x5986362d6f70;  alias, 1 drivers
v0x5986361dde90_0 .net "icache_rd_o", 0 0, L_0x5986362d6cd0;  alias, 1 drivers
v0x5986361de340_0 .net "icache_valid_i", 0 0, L_0x5986362d8940;  alias, 1 drivers
v0x5986361de3e0_0 .net "next_pc_f_w", 31 0, L_0x598636269420;  1 drivers
v0x5986361de480_0 .net "next_taken_f_w", 1 0, L_0x598636269cd0;  1 drivers
v0x5986361de520_0 .net "rst_i", 0 0, v0x598636255910_0;  alias, 1 drivers
S_0x598635fd99f0 .scope module, "u_decode" "biriscv_decode" 11 166, 12 26 0, S_0x598635fd9da0;
 .timescale 0 0;
    .port_info 0 /INPUT 1 "clk_i";
    .port_info 1 /INPUT 1 "rst_i";
    .port_info 2 /INPUT 1 "fetch_in_valid_i";
    .port_info 3 /INPUT 64 "fetch_in_instr_i";
    .port_info 4 /INPUT 2 "fetch_in_pred_branch_i";
    .port_info 5 /INPUT 1 "fetch_in_fault_fetch_i";
    .port_info 6 /INPUT 1 "fetch_in_fault_page_i";
    .port_info 7 /INPUT 32 "fetch_in_pc_i";
    .port_info 8 /INPUT 1 "fetch_out0_accept_i";
    .port_info 9 /INPUT 1 "fetch_out1_accept_i";
    .port_info 10 /INPUT 1 "branch_request_i";
    .port_info 11 /INPUT 32 "branch_pc_i";
    .port_info 12 /INPUT 2 "branch_priv_i";
    .port_info 13 /OUTPUT 1 "fetch_in_accept_o";
    .port_info 14 /OUTPUT 1 "fetch_out0_valid_o";
    .port_info 15 /OUTPUT 32 "fetch_out0_instr_o";
    .port_info 16 /OUTPUT 32 "fetch_out0_pc_o";
    .port_info 17 /OUTPUT 1 "fetch_out0_fault_fetch_o";
    .port_info 18 /OUTPUT 1 "fetch_out0_fault_page_o";
    .port_info 19 /OUTPUT 1 "fetch_out0_instr_exec_o";
    .port_info 20 /OUTPUT 1 "fetch_out0_instr_lsu_o";
    .port_info 21 /OUTPUT 1 "fetch_out0_instr_branch_o";
    .port_info 22 /OUTPUT 1 "fetch_out0_instr_mul_o";
    .port_info 23 /OUTPUT 1 "fetch_out0_instr_div_o";
    .port_info 24 /OUTPUT 1 "fetch_out0_instr_csr_o";
    .port_info 25 /OUTPUT 1 "fetch_out0_instr_rd_valid_o";
    .port_info 26 /OUTPUT 1 "fetch_out0_instr_invalid_o";
    .port_info 27 /OUTPUT 1 "fetch_out0_instr_mule_o";
    .port_info 28 /OUTPUT 1 "fetch_out0_instr_cbm_o";
    .port_info 29 /OUTPUT 1 "fetch_out0_instr_mulp_o";
    .port_info 30 /OUTPUT 1 "fetch_out1_valid_o";
    .port_info 31 /OUTPUT 32 "fetch_out1_instr_o";
    .port_info 32 /OUTPUT 32 "fetch_out1_pc_o";
    .port_info 33 /OUTPUT 1 "fetch_out1_fault_fetch_o";
    .port_info 34 /OUTPUT 1 "fetch_out1_fault_page_o";
    .port_info 35 /OUTPUT 1 "fetch_out1_instr_exec_o";
    .port_info 36 /OUTPUT 1 "fetch_out1_instr_lsu_o";
    .port_info 37 /OUTPUT 1 "fetch_out1_instr_branch_o";
    .port_info 38 /OUTPUT 1 "fetch_out1_instr_mul_o";
    .port_info 39 /OUTPUT 1 "fetch_out1_instr_div_o";
    .port_info 40 /OUTPUT 1 "fetch_out1_instr_csr_o";
    .port_info 41 /OUTPUT 1 "fetch_out1_instr_rd_valid_o";
    .port_info 42 /OUTPUT 1 "fetch_out1_instr_invalid_o";
    .port_info 43 /OUTPUT 1 "fetch_out1_instr_mule_o";
    .port_info 44 /OUTPUT 1 "fetch_out1_instr_cbm_o";
    .port_info 45 /OUTPUT 1 "fetch_out1_instr_mulp_o";
P_0x5986360f5920 .param/l "EXTRA_DECODE_STAGE" 0 12 32, +C4<00000000000000000000000000000000>;
P_0x5986360f5960 .param/l "SUPPORT_MULDIV" 0 12 31, +C4<00000000000000000000000000000001>;
v0x5986361cfc40_0 .net "branch_pc_i", 31 0, L_0x5986362f3ee0;  alias, 1 drivers
v0x5986361cfce0_0 .net "branch_priv_i", 1 0, L_0x5986362f4360;  alias, 1 drivers
v0x5986361cfd80_0 .net "branch_request_i", 0 0, L_0x5986362f42f0;  alias, 1 drivers
v0x5986361cfe20_0 .net "clk_i", 0 0, v0x5986362531c0_0;  alias, 1 drivers
L_0x71dfbb7c3930 .functor BUFT 1, C4<1>, C4<0>, C4<0>, C4<0>;
v0x5986361cfec0_0 .net "enable_muldiv_w", 0 0, L_0x71dfbb7c3930;  1 drivers
v0x5986361cff60_0 .net "fetch_in_accept_o", 0 0, L_0x59863626bee0;  alias, 1 drivers
v0x5986361d0000_0 .net "fetch_in_fault_fetch_i", 0 0, L_0x5986362d80c0;  alias, 1 drivers
v0x5986361d00a0_0 .net "fetch_in_fault_page_i", 0 0, L_0x5986362d8330;  alias, 1 drivers
v0x5986361d0140_0 .net "fetch_in_instr_i", 63 0, L_0x5986362d7a60;  alias, 1 drivers
v0x5986361d01e0_0 .net "fetch_in_pc_i", 31 0, L_0x5986362d7780;  alias, 1 drivers
v0x5986361d0280_0 .net "fetch_in_pred_branch_i", 1 0, L_0x5986362d7d40;  alias, 1 drivers
v0x5986361d0320_0 .net "fetch_in_valid_i", 0 0, L_0x5986362d73e0;  alias, 1 drivers
v0x5986361d03c0_0 .net "fetch_out0_accept_i", 0 0, L_0x598636304640;  alias, 1 drivers
v0x5986361d0460_0 .net "fetch_out0_fault_fetch_o", 0 0, L_0x59863626ddd0;  alias, 1 drivers
v0x5986361d0500_0 .net "fetch_out0_fault_page_o", 0 0, L_0x59863626dd00;  alias, 1 drivers
v0x5986361d05a0_0 .net "fetch_out0_instr_branch_o", 0 0, L_0x59863629d690;  alias, 1 drivers
v0x5986361d0640_0 .net "fetch_out0_instr_cbm_o", 0 0, L_0x5986362a0670;  alias, 1 drivers
v0x5986361d06e0_0 .net "fetch_out0_instr_csr_o", 0 0, L_0x5986362a13e0;  alias, 1 drivers
v0x5986361d0780_0 .net "fetch_out0_instr_div_o", 0 0, L_0x59863629d9b0;  alias, 1 drivers
v0x5986361d0820_0 .net "fetch_out0_instr_exec_o", 0 0, L_0x598636299300;  alias, 1 drivers
v0x5986361d08c0_0 .net "fetch_out0_instr_invalid_o", 0 0, L_0x598636285d60;  alias, 1 drivers
v0x5986361d0960_0 .net "fetch_out0_instr_lsu_o", 0 0, L_0x59863629ba10;  alias, 1 drivers
v0x5986361d0a00_0 .net "fetch_out0_instr_mul_o", 0 0, L_0x59863629de70;  alias, 1 drivers
v0x5986361d0aa0_0 .net "fetch_out0_instr_mule_o", 0 0, L_0x5986362a03b0;  alias, 1 drivers
v0x5986361d0b40_0 .net "fetch_out0_instr_mulp_o", 0 0, L_0x5986362a21a0;  alias, 1 drivers
v0x5986361d0be0_0 .net "fetch_out0_instr_o", 31 0, L_0x59863626c920;  alias, 1 drivers
v0x5986361d0c80_0 .net "fetch_out0_instr_rd_valid_o", 0 0, L_0x5986362927c0;  alias, 1 drivers
v0x5986361d0d20_0 .net "fetch_out0_pc_o", 31 0, L_0x59863626c310;  alias, 1 drivers
v0x5986361d0dc0_0 .net "fetch_out0_valid_o", 0 0, L_0x59863626b400;  alias, 1 drivers
v0x5986361d0e60_0 .net "fetch_out1_accept_i", 0 0, L_0x598636304de0;  alias, 1 drivers
v0x5986361d0f00_0 .net "fetch_out1_fault_fetch_o", 0 0, L_0x59863626e070;  alias, 1 drivers
v0x5986361d0fa0_0 .net "fetch_out1_fault_page_o", 0 0, L_0x59863626df00;  alias, 1 drivers
v0x5986361d1040_0 .net "fetch_out1_instr_branch_o", 0 0, L_0x5986362d0600;  alias, 1 drivers
v0x5986361d10e0_0 .net "fetch_out1_instr_cbm_o", 0 0, L_0x5986362d4050;  alias, 1 drivers
v0x5986361d1180_0 .net "fetch_out1_instr_csr_o", 0 0, L_0x5986362d4dc0;  alias, 1 drivers
v0x5986361d1220_0 .net "fetch_out1_instr_div_o", 0 0, L_0x5986362d24a0;  alias, 1 drivers
v0x5986361d12c0_0 .net "fetch_out1_instr_exec_o", 0 0, L_0x5986362cd000;  alias, 1 drivers
v0x5986361d1360_0 .net "fetch_out1_instr_invalid_o", 0 0, L_0x5986362b9450;  alias, 1 drivers
v0x5986361d1400_0 .net "fetch_out1_instr_lsu_o", 0 0, L_0x5986362cf530;  alias, 1 drivers
v0x5986361d14a0_0 .net "fetch_out1_instr_mul_o", 0 0, L_0x5986362d1d30;  alias, 1 drivers
v0x5986361d1540_0 .net "fetch_out1_instr_mule_o", 0 0, L_0x5986362d3d90;  alias, 1 drivers
v0x5986361d15e0_0 .net "fetch_out1_instr_mulp_o", 0 0, L_0x5986362d55e0;  alias, 1 drivers
v0x5986361d1680_0 .net "fetch_out1_instr_o", 31 0, L_0x59863626cf40;  alias, 1 drivers
v0x5986361d1720_0 .net "fetch_out1_instr_rd_valid_o", 0 0, L_0x5986362c72f0;  alias, 1 drivers
v0x5986361d17c0_0 .net "fetch_out1_pc_o", 31 0, L_0x59863626c7e0;  alias, 1 drivers
v0x5986361d1860_0 .net "fetch_out1_valid_o", 0 0, L_0x59863626bb60;  alias, 1 drivers
v0x5986361d1900_0 .net "rst_i", 0 0, v0x598636255910_0;  alias, 1 drivers
S_0x598635fd9640 .scope generate, "genblk2" "genblk2" 12 97, 12 97 0, S_0x598635fd99f0;
 .timescale 0 0;
L_0x59863626bd80 .functor OR 1, L_0x5986362d8330, L_0x5986362d80c0, C4<0>, C4<0>;
L_0x5986362a16a0 .functor OR 1, L_0x59863626ddd0, L_0x59863626dd00, C4<0>, C4<0>;
L_0x5986362d56a0 .functor OR 1, L_0x59863626e070, L_0x59863626df00, C4<0>, C4<0>;
v0x5986361cfb00_0 .net *"_ivl_0", 0 0, L_0x59863626bd80;  1 drivers
L_0x71dfbb7b79a8 .functor BUFT 1, C4<0000000000000000000000000000000000000000000000000000000000000000>, C4<0>, C4<0>, C4<0>;
v0x5986361cfba0_0 .net/2u *"_ivl_2", 63 0, L_0x71dfbb7b79a8;  1 drivers
L_0x59863626da80 .functor MUXZ 64, L_0x5986362d7a60, L_0x71dfbb7b79a8, L_0x59863626bd80, C4<>;
L_0x59863626dbc0 .concat [ 1 1 0 0], L_0x5986362d80c0, L_0x5986362d8330;
L_0x59863626dc60 .concat [ 1 1 0 0], L_0x5986362d80c0, L_0x5986362d8330;
L_0x59863626dd00 .part L_0x59863626c160, 1, 1;
L_0x59863626ddd0 .part L_0x59863626c160, 0, 1;
L_0x59863626df00 .part L_0x59863626d8f0, 1, 1;
L_0x59863626e070 .part L_0x59863626d8f0, 0, 1;
S_0x598635fd8e80 .scope module, "u_dec0" "biriscv_decoder" 12 256, 13 27 0, S_0x598635fd9640;
 .timescale 0 0;
    .port_info 0 /INPUT 1 "valid_i";
    .port_info 1 /INPUT 1 "fetch_fault_i";
    .port_info 2 /INPUT 1 "enable_muldiv_i";
    .port_info 3 /INPUT 32 "opcode_i";
    .port_info 4 /OUTPUT 1 "invalid_o";
    .port_info 5 /OUTPUT 1 "exec_o";
    .port_info 6 /OUTPUT 1 "lsu_o";
    .port_info 7 /OUTPUT 1 "branch_o";
    .port_info 8 /OUTPUT 1 "mul_o";
    .port_info 9 /OUTPUT 1 "div_o";
    .port_info 10 /OUTPUT 1 "csr_o";
    .port_info 11 /OUTPUT 1 "mule_o";
    .port_info 12 /OUTPUT 1 "cbm_o";
    .port_info 13 /OUTPUT 1 "mulp_o";
    .port_info 14 /OUTPUT 1 "rd_valid_o";
L_0x71dfbb7b79f0 .functor BUFT 1, C4<00000000000000000111000001111111>, C4<0>, C4<0>, C4<0>;
L_0x59863626e1a0 .functor AND 32, L_0x59863626c920, L_0x71dfbb7b79f0, C4<11111111111111111111111111111111>, C4<11111111111111111111111111111111>;
L_0x71dfbb7b7a80 .functor BUFT 1, C4<00000000000000000111000001111111>, C4<0>, C4<0>, C4<0>;
L_0x59863626e2b0 .functor AND 32, L_0x59863626c920, L_0x71dfbb7b7a80, C4<11111111111111111111111111111111>, C4<11111111111111111111111111111111>;
L_0x59863626e570 .functor OR 1, L_0x59863626e210, L_0x59863626e430, C4<0>, C4<0>;
L_0x71dfbb7b7b10 .functor BUFT 1, C4<00000000000000000111000001111111>, C4<0>, C4<0>, C4<0>;
L_0x59863626e680 .functor AND 32, L_0x59863626c920, L_0x71dfbb7b7b10, C4<11111111111111111111111111111111>, C4<11111111111111111111111111111111>;
L_0x59863626e8b0 .functor OR 1, L_0x59863626e570, L_0x59863626e770, C4<0>, C4<0>;
L_0x71dfbb7b7ba0 .functor BUFT 1, C4<00000000000000000111000001111111>, C4<0>, C4<0>, C4<0>;
L_0x59863626e9c0 .functor AND 32, L_0x59863626c920, L_0x71dfbb7b7ba0, C4<11111111111111111111111111111111>, C4<11111111111111111111111111111111>;
L_0x59863626ec30 .functor OR 1, L_0x59863626e8b0, L_0x59863626eac0, C4<0>, C4<0>;
L_0x71dfbb7b7c30 .functor BUFT 1, C4<00000000000000000111000001111111>, C4<0>, C4<0>, C4<0>;
L_0x59863626ed40 .functor AND 32, L_0x59863626c920, L_0x71dfbb7b7c30, C4<11111111111111111111111111111111>, C4<11111111111111111111111111111111>;
L_0x59863626ef90 .functor OR 1, L_0x59863626ec30, L_0x59863626ee50, C4<0>, C4<0>;
L_0x71dfbb7b7cc0 .functor BUFT 1, C4<00000000000000000111000001111111>, C4<0>, C4<0>, C4<0>;
L_0x59863626f000 .functor AND 32, L_0x59863626c920, L_0x71dfbb7b7cc0, C4<11111111111111111111111111111111>, C4<11111111111111111111111111111111>;
L_0x59863626f210 .functor OR 1, L_0x59863626ef90, L_0x59863626f120, C4<0>, C4<0>;
L_0x71dfbb7b7d50 .functor BUFT 1, C4<11111100000000000111000001111111>, C4<0>, C4<0>, C4<0>;
L_0x59863626f320 .functor AND 32, L_0x59863626c920, L_0x71dfbb7b7d50, C4<11111111111111111111111111111111>, C4<11111111111111111111111111111111>;
L_0x59863626f590 .functor OR 1, L_0x59863626f210, L_0x59863626f450, C4<0>, C4<0>;
L_0x71dfbb7b7de0 .functor BUFT 1, C4<11111100000000000111000001111111>, C4<0>, C4<0>, C4<0>;
L_0x59863626f6a0 .functor AND 32, L_0x59863626c920, L_0x71dfbb7b7de0, C4<11111111111111111111111111111111>, C4<11111111111111111111111111111111>;
L_0x59863626f3e0 .functor OR 1, L_0x59863626f590, L_0x59863626f7e0, C4<0>, C4<0>;
L_0x71dfbb7b7e70 .functor BUFT 1, C4<11111100000000000111000001111111>, C4<0>, C4<0>, C4<0>;
L_0x59863626fa10 .functor AND 32, L_0x59863626c920, L_0x71dfbb7b7e70, C4<11111111111111111111111111111111>, C4<11111111111111111111111111111111>;
L_0x59863626fca0 .functor OR 1, L_0x59863626f3e0, L_0x59863626fb60, C4<0>, C4<0>;
L_0x71dfbb7b7f00 .functor BUFT 1, C4<00000000000000000000000001111111>, C4<0>, C4<0>, C4<0>;
L_0x59863626fdb0 .functor AND 32, L_0x59863626c920, L_0x71dfbb7b7f00, C4<11111111111111111111111111111111>, C4<11111111111111111111111111111111>;
L_0x598636270260 .functor OR 1, L_0x59863626fca0, L_0x598636270120, C4<0>, C4<0>;
L_0x71dfbb7b7f90 .functor BUFT 1, C4<00000000000000000000000001111111>, C4<0>, C4<0>, C4<0>;
L_0x598636270320 .functor AND 32, L_0x59863626c920, L_0x71dfbb7b7f90, C4<11111111111111111111111111111111>, C4<11111111111111111111111111111111>;
L_0x598636270530 .functor OR 1, L_0x598636270260, L_0x598636270080, C4<0>, C4<0>;
L_0x71dfbb7b8020 .functor BUFT 1, C4<11111110000000000111000001111111>, C4<0>, C4<0>, C4<0>;
L_0x598636270640 .functor AND 32, L_0x59863626c920, L_0x71dfbb7b8020, C4<11111111111111111111111111111111>, C4<11111111111111111111111111111111>;
L_0x598636270970 .functor OR 1, L_0x598636270530, L_0x5986362707c0, C4<0>, C4<0>;
L_0x71dfbb7b80b0 .functor BUFT 1, C4<11111110000000000111000001111111>, C4<0>, C4<0>, C4<0>;
L_0x598636270a80 .functor AND 32, L_0x59863626c920, L_0x71dfbb7b80b0, C4<11111111111111111111111111111111>, C4<11111111111111111111111111111111>;
L_0x598636270d50 .functor OR 1, L_0x598636270970, L_0x598636270c10, C4<0>, C4<0>;
L_0x71dfbb7b8140 .functor BUFT 1, C4<11111110000000000111000001111111>, C4<0>, C4<0>, C4<0>;
L_0x598636270e60 .functor AND 32, L_0x59863626c920, L_0x71dfbb7b8140, C4<11111111111111111111111111111111>, C4<11111111111111111111111111111111>;
L_0x598636270900 .functor OR 1, L_0x598636270d50, L_0x598636271000, C4<0>, C4<0>;
L_0x71dfbb7b81d0 .functor BUFT 1, C4<11111110000000000111000001111111>, C4<0>, C4<0>, C4<0>;
L_0x598636271260 .functor AND 32, L_0x59863626c920, L_0x71dfbb7b81d0, C4<11111111111111111111111111111111>, C4<11111111111111111111111111111111>;
L_0x598636271550 .functor OR 1, L_0x598636270900, L_0x598636271410, C4<0>, C4<0>;
L_0x71dfbb7b8260 .functor BUFT 1, C4<11111110000000000111000001111111>, C4<0>, C4<0>, C4<0>;
L_0x598636271660 .functor AND 32, L_0x59863626c920, L_0x71dfbb7b8260, C4<11111111111111111111111111111111>, C4<11111111111111111111111111111111>;
L_0x5986362719f0 .functor OR 1, L_0x598636271550, L_0x598636271820, C4<0>, C4<0>;
L_0x71dfbb7b82f0 .functor BUFT 1, C4<11111110000000000111000001111111>, C4<0>, C4<0>, C4<0>;
L_0x598636271b00 .functor AND 32, L_0x59863626c920, L_0x71dfbb7b82f0, C4<11111111111111111111111111111111>, C4<11111111111111111111111111111111>;
L_0x598636271e10 .functor OR 1, L_0x5986362719f0, L_0x598636271cd0, C4<0>, C4<0>;
L_0x71dfbb7b8380 .functor BUFT 1, C4<11111110000000000111000001111111>, C4<0>, C4<0>, C4<0>;
L_0x598636271f20 .functor AND 32, L_0x59863626c920, L_0x71dfbb7b8380, C4<11111111111111111111111111111111>, C4<11111111111111111111111111111111>;
L_0x5986362722e0 .functor OR 1, L_0x598636271e10, L_0x598636272100, C4<0>, C4<0>;
L_0x71dfbb7b8410 .functor BUFT 1, C4<11111110000000000111000001111111>, C4<0>, C4<0>, C4<0>;
L_0x5986362723f0 .functor AND 32, L_0x59863626c920, L_0x71dfbb7b8410, C4<11111111111111111111111111111111>, C4<11111111111111111111111111111111>;
L_0x598636272720 .functor OR 1, L_0x5986362722e0, L_0x5986362725e0, C4<0>, C4<0>;
L_0x71dfbb7b84a0 .functor BUFT 1, C4<11111110000000000111000001111111>, C4<0>, C4<0>, C4<0>;
L_0x598636272830 .functor AND 32, L_0x59863626c920, L_0x71dfbb7b84a0, C4<11111111111111111111111111111111>, C4<11111111111111111111111111111111>;
L_0x598636272c20 .functor OR 1, L_0x598636272720, L_0x598636272a30, C4<0>, C4<0>;
L_0x71dfbb7b8530 .functor BUFT 1, C4<11111110000000000111000001111111>, C4<0>, C4<0>, C4<0>;
L_0x598636272d30 .functor AND 32, L_0x59863626c920, L_0x71dfbb7b8530, C4<11111111111111111111111111111111>, C4<11111111111111111111111111111111>;
L_0x598636272fe0 .functor OR 1, L_0x598636272c20, L_0x598636272240, C4<0>, C4<0>;
L_0x71dfbb7b85c0 .functor BUFT 1, C4<00000000000000000000000001111111>, C4<0>, C4<0>, C4<0>;
L_0x5986362730f0 .functor AND 32, L_0x59863626c920, L_0x71dfbb7b85c0, C4<11111111111111111111111111111111>, C4<11111111111111111111111111111111>;
L_0x598636273510 .functor OR 1, L_0x598636272fe0, L_0x598636273310, C4<0>, C4<0>;
L_0x71dfbb7b8650 .functor BUFT 1, C4<00000000000000000111000001111111>, C4<0>, C4<0>, C4<0>;
L_0x598636273620 .functor AND 32, L_0x59863626c920, L_0x71dfbb7b8650, C4<11111111111111111111111111111111>, C4<11111111111111111111111111111111>;
L_0x598636273990 .functor OR 1, L_0x598636273510, L_0x598636273850, C4<0>, C4<0>;
L_0x71dfbb7b86e0 .functor BUFT 1, C4<00000000000000000111000001111111>, C4<0>, C4<0>, C4<0>;
L_0x598636273aa0 .functor AND 32, L_0x59863626c920, L_0x71dfbb7b86e0, C4<11111111111111111111111111111111>, C4<11111111111111111111111111111111>;
L_0x598636273ef0 .functor OR 1, L_0x598636273990, L_0x598636273ce0, C4<0>, C4<0>;
L_0x71dfbb7b8770 .functor BUFT 1, C4<00000000000000000111000001111111>, C4<0>, C4<0>, C4<0>;
L_0x598636274000 .functor AND 32, L_0x59863626c920, L_0x71dfbb7b8770, C4<11111111111111111111111111111111>, C4<11111111111111111111111111111111>;
L_0x598636274390 .functor OR 1, L_0x598636273ef0, L_0x598636274250, C4<0>, C4<0>;
L_0x71dfbb7b8800 .functor BUFT 1, C4<00000000000000000111000001111111>, C4<0>, C4<0>, C4<0>;
L_0x5986362744a0 .functor AND 32, L_0x59863626c920, L_0x71dfbb7b8800, C4<11111111111111111111111111111111>, C4<11111111111111111111111111111111>;
L_0x598636274ce0 .functor OR 1, L_0x598636274390, L_0x598636274ac0, C4<0>, C4<0>;
L_0x71dfbb7b8890 .functor BUFT 1, C4<00000000000000000111000001111111>, C4<0>, C4<0>, C4<0>;
L_0x598636274df0 .functor AND 32, L_0x59863626c920, L_0x71dfbb7b8890, C4<11111111111111111111111111111111>, C4<11111111111111111111111111111111>;
L_0x5986362751a0 .functor OR 1, L_0x598636274ce0, L_0x598636275060, C4<0>, C4<0>;
L_0x71dfbb7b8920 .functor BUFT 1, C4<00000000000000000111000001111111>, C4<0>, C4<0>, C4<0>;
L_0x5986362752b0 .functor AND 32, L_0x59863626c920, L_0x71dfbb7b8920, C4<11111111111111111111111111111111>, C4<11111111111111111111111111111111>;
L_0x598636275760 .functor OR 1, L_0x5986362751a0, L_0x598636275530, C4<0>, C4<0>;
L_0x71dfbb7b89b0 .functor BUFT 1, C4<00000000000000000111000001111111>, C4<0>, C4<0>, C4<0>;
L_0x598636275870 .functor AND 32, L_0x59863626c920, L_0x71dfbb7b89b0, C4<11111111111111111111111111111111>, C4<11111111111111111111111111111111>;
L_0x598636275c40 .functor OR 1, L_0x598636275760, L_0x598636275b00, C4<0>, C4<0>;
L_0x71dfbb7b8a40 .functor BUFT 1, C4<00000000000000000111000001111111>, C4<0>, C4<0>, C4<0>;
L_0x598636275d50 .functor AND 32, L_0x59863626c920, L_0x71dfbb7b8a40, C4<11111111111111111111111111111111>, C4<11111111111111111111111111111111>;
L_0x598636276230 .functor OR 1, L_0x598636275c40, L_0x598636275ff0, C4<0>, C4<0>;
L_0x71dfbb7b8ad0 .functor BUFT 1, C4<00000000000000000111000001111111>, C4<0>, C4<0>, C4<0>;
L_0x598636276340 .functor AND 32, L_0x59863626c920, L_0x71dfbb7b8ad0, C4<11111111111111111111111111111111>, C4<11111111111111111111111111111111>;
L_0x598636276730 .functor OR 1, L_0x598636276230, L_0x5986362765f0, C4<0>, C4<0>;
L_0x71dfbb7b8b60 .functor BUFT 1, C4<00000000000000000111000001111111>, C4<0>, C4<0>, C4<0>;
L_0x598636276840 .functor AND 32, L_0x59863626c920, L_0x71dfbb7b8b60, C4<11111111111111111111111111111111>, C4<11111111111111111111111111111111>;
L_0x598636276d50 .functor OR 1, L_0x598636276730, L_0x598636276b00, C4<0>, C4<0>;
L_0x71dfbb7b8bf0 .functor BUFT 1, C4<00000000000000000111000001111111>, C4<0>, C4<0>, C4<0>;
L_0x598636276e60 .functor AND 32, L_0x59863626c920, L_0x71dfbb7b8bf0, C4<11111111111111111111111111111111>, C4<11111111111111111111111111111111>;
L_0x598636277270 .functor OR 1, L_0x598636276d50, L_0x598636277130, C4<0>, C4<0>;
L_0x71dfbb7b8c80 .functor BUFT 1, C4<00000000000000000111000001111111>, C4<0>, C4<0>, C4<0>;
L_0x598636277380 .functor AND 32, L_0x59863626c920, L_0x71dfbb7b8c80, C4<11111111111111111111111111111111>, C4<11111111111111111111111111111111>;
L_0x5986362778c0 .functor OR 1, L_0x598636277270, L_0x598636277660, C4<0>, C4<0>;
L_0x71dfbb7b8d10 .functor BUFT 1, C4<00000000000000000111000001111111>, C4<0>, C4<0>, C4<0>;
L_0x5986362779d0 .functor AND 32, L_0x59863626c920, L_0x71dfbb7b8d10, C4<11111111111111111111111111111111>, C4<11111111111111111111111111111111>;
L_0x598636277e00 .functor OR 1, L_0x5986362778c0, L_0x598636277cc0, C4<0>, C4<0>;
L_0x71dfbb7b8da0 .functor BUFT 1, C4<00000000000000000111000001111111>, C4<0>, C4<0>, C4<0>;
L_0x598636277f10 .functor AND 32, L_0x59863626c920, L_0x71dfbb7b8da0, C4<11111111111111111111111111111111>, C4<11111111111111111111111111111111>;
L_0x5986362777a0 .functor OR 1, L_0x598636277e00, L_0x598636278210, C4<0>, C4<0>;
L_0x71dfbb7b8e30 .functor BUFT 1, C4<00000000000000000111000001111111>, C4<0>, C4<0>, C4<0>;
L_0x598636278480 .functor AND 32, L_0x59863626c920, L_0x71dfbb7b8e30, C4<11111111111111111111111111111111>, C4<11111111111111111111111111111111>;
L_0x5986362788d0 .functor OR 1, L_0x5986362777a0, L_0x598636278790, C4<0>, C4<0>;
L_0x71dfbb7b8ec0 .functor BUFT 1, C4<00000000000000000111000001111111>, C4<0>, C4<0>, C4<0>;
L_0x5986362789e0 .functor AND 32, L_0x59863626c920, L_0x71dfbb7b8ec0, C4<11111111111111111111111111111111>, C4<11111111111111111111111111111111>;
L_0x598636278f80 .functor OR 1, L_0x5986362788d0, L_0x598636278d00, C4<0>, C4<0>;
L_0x71dfbb7b8f50 .functor BUFT 1, C4<11111111111111111111111111111111>, C4<0>, C4<0>, C4<0>;
L_0x598636279090 .functor AND 32, L_0x59863626c920, L_0x71dfbb7b8f50, C4<11111111111111111111111111111111>, C4<11111111111111111111111111111111>;
L_0x598636279500 .functor OR 1, L_0x598636278f80, L_0x5986362793c0, C4<0>, C4<0>;
L_0x71dfbb7b8fe0 .functor BUFT 1, C4<11111111111111111111111111111111>, C4<0>, C4<0>, C4<0>;
L_0x598636279610 .functor AND 32, L_0x59863626c920, L_0x71dfbb7b8fe0, C4<11111111111111111111111111111111>, C4<11111111111111111111111111111111>;
L_0x598636279be0 .functor OR 1, L_0x598636279500, L_0x598636279950, C4<0>, C4<0>;
L_0x71dfbb7b9070 .functor BUFT 1, C4<11001111111111111111111111111111>, C4<0>, C4<0>, C4<0>;
L_0x598636279cf0 .functor AND 32, L_0x59863626c920, L_0x71dfbb7b9070, C4<11111111111111111111111111111111>, C4<11111111111111111111111111111111>;
L_0x59863627a180 .functor OR 1, L_0x598636279be0, L_0x59863627a040, C4<0>, C4<0>;
L_0x71dfbb7b9100 .functor BUFT 1, C4<00000000000000000111000001111111>, C4<0>, C4<0>, C4<0>;
L_0x59863627a290 .functor AND 32, L_0x59863626c920, L_0x71dfbb7b9100, C4<11111111111111111111111111111111>, C4<11111111111111111111111111111111>;
L_0x59863627a890 .functor OR 1, L_0x59863627a180, L_0x59863627a5f0, C4<0>, C4<0>;
L_0x71dfbb7b9190 .functor BUFT 1, C4<00000000000000000111000001111111>, C4<0>, C4<0>, C4<0>;
L_0x59863627a9a0 .functor AND 32, L_0x59863626c920, L_0x71dfbb7b9190, C4<11111111111111111111111111111111>, C4<11111111111111111111111111111111>;
L_0x59863627ae50 .functor OR 1, L_0x59863627a890, L_0x59863627ad10, C4<0>, C4<0>;
L_0x71dfbb7b9220 .functor BUFT 1, C4<00000000000000000111000001111111>, C4<0>, C4<0>, C4<0>;
L_0x59863627af60 .functor AND 32, L_0x59863626c920, L_0x71dfbb7b9220, C4<11111111111111111111111111111111>, C4<11111111111111111111111111111111>;
L_0x59863627b590 .functor OR 1, L_0x59863627ae50, L_0x59863627b2e0, C4<0>, C4<0>;
L_0x71dfbb7b92b0 .functor BUFT 1, C4<00000000000000000111000001111111>, C4<0>, C4<0>, C4<0>;
L_0x59863627b6a0 .functor AND 32, L_0x59863626c920, L_0x71dfbb7b92b0, C4<11111111111111111111111111111111>, C4<11111111111111111111111111111111>;
L_0x59863627bb70 .functor OR 1, L_0x59863627b590, L_0x59863627ba30, C4<0>, C4<0>;
L_0x71dfbb7b9340 .functor BUFT 1, C4<00000000000000000111000001111111>, C4<0>, C4<0>, C4<0>;
L_0x59863627bc80 .functor AND 32, L_0x59863626c920, L_0x71dfbb7b9340, C4<11111111111111111111111111111111>, C4<11111111111111111111111111111111>;
L_0x59863627c2e0 .functor OR 1, L_0x59863627bb70, L_0x59863627c020, C4<0>, C4<0>;
L_0x71dfbb7b93d0 .functor BUFT 1, C4<00000000000000000111000001111111>, C4<0>, C4<0>, C4<0>;
L_0x59863627c3f0 .functor AND 32, L_0x59863626c920, L_0x71dfbb7b93d0, C4<11111111111111111111111111111111>, C4<11111111111111111111111111111111>;
L_0x59863627d0a0 .functor OR 1, L_0x59863627c2e0, L_0x59863627cfb0, C4<0>, C4<0>;
L_0x71dfbb7b9460 .functor BUFT 1, C4<11111111111111111000111111111111>, C4<0>, C4<0>, C4<0>;
L_0x59863627d1b0 .functor AND 32, L_0x59863626c920, L_0x71dfbb7b9460, C4<11111111111111111111111111111111>, C4<11111111111111111111111111111111>;
L_0x59863627d840 .functor OR 1, L_0x59863627d0a0, L_0x59863627d570, C4<0>, C4<0>;
L_0x71dfbb7b94f0 .functor BUFT 1, C4<00000000000000000111000001111111>, C4<0>, C4<0>, C4<0>;
L_0x59863627d950 .functor AND 32, L_0x59863626c920, L_0x71dfbb7b94f0, C4<11111111111111111111111111111111>, C4<11111111111111111111111111111111>;
L_0x59863627de60 .functor OR 1, L_0x59863627d840, L_0x59863627dd20, C4<0>, C4<0>;
L_0x71dfbb7b9580 .functor BUFT 1, C4<00000000000000000111000001111111>, C4<0>, C4<0>, C4<0>;
L_0x59863627df70 .functor AND 32, L_0x59863626c920, L_0x71dfbb7b9580, C4<11111111111111111111111111111111>, C4<11111111111111111111111111111111>;
L_0x59863627e630 .functor OR 1, L_0x59863627de60, L_0x59863627e350, C4<0>, C4<0>;
L_0x71dfbb7b9610 .functor BUFT 1, C4<11111110000000000111111111111111>, C4<0>, C4<0>, C4<0>;
L_0x59863627e740 .functor AND 32, L_0x59863626c920, L_0x71dfbb7b9610, C4<11111111111111111111111111111111>, C4<11111111111111111111111111111111>;
L_0x59863627ec70 .functor OR 1, L_0x59863627e630, L_0x59863627eb30, C4<0>, C4<0>;
L_0x71dfbb7b96a0 .functor BUFT 1, C4<11111110000000000111000001111111>, C4<0>, C4<0>, C4<0>;
L_0x59863627ed80 .functor AND 32, L_0x59863626c920, L_0x71dfbb7b96a0, C4<11111111111111111111111111111111>, C4<11111111111111111111111111111111>;
L_0x59863627f470 .functor AND 1, L_0x71dfbb7c3930, L_0x59863627f180, C4<1>, C4<1>;
L_0x59863627f530 .functor OR 1, L_0x59863627ec70, L_0x59863627f470, C4<0>, C4<0>;
L_0x71dfbb7b9730 .functor BUFT 1, C4<11111110000000000111000001111111>, C4<0>, C4<0>, C4<0>;
L_0x59863627f990 .functor AND 32, L_0x59863626c920, L_0x71dfbb7b9730, C4<11111111111111111111111111111111>, C4<11111111111111111111111111111111>;
L_0x59863627fb90 .functor AND 1, L_0x71dfbb7c3930, L_0x59863627fa50, C4<1>, C4<1>;
L_0x59863627ff60 .functor OR 1, L_0x59863627f530, L_0x59863627fb90, C4<0>, C4<0>;
L_0x71dfbb7b97c0 .functor BUFT 1, C4<11111110000000000111000001111111>, C4<0>, C4<0>, C4<0>;
L_0x598636280070 .functor AND 32, L_0x59863626c920, L_0x71dfbb7b97c0, C4<11111111111111111111111111111111>, C4<11111111111111111111111111111111>;
L_0x5986362807a0 .functor AND 1, L_0x71dfbb7c3930, L_0x5986362804a0, C4<1>, C4<1>;
L_0x598636280860 .functor OR 1, L_0x59863627ff60, L_0x5986362807a0, C4<0>, C4<0>;
L_0x71dfbb7b9850 .functor BUFT 1, C4<11111110000000000111000001111111>, C4<0>, C4<0>, C4<0>;
L_0x598636280cf0 .functor AND 32, L_0x59863626c920, L_0x71dfbb7b9850, C4<11111111111111111111111111111111>, C4<11111111111111111111111111111111>;
L_0x598636280ef0 .functor AND 1, L_0x71dfbb7c3930, L_0x598636280db0, C4<1>, C4<1>;
L_0x598636281340 .functor OR 1, L_0x598636280860, L_0x598636280ef0, C4<0>, C4<0>;
L_0x71dfbb7b98e0 .functor BUFT 1, C4<11111110000000000111000001111111>, C4<0>, C4<0>, C4<0>;
L_0x598636281450 .functor AND 32, L_0x59863626c920, L_0x71dfbb7b98e0, C4<11111111111111111111111111111111>, C4<11111111111111111111111111111111>;
L_0x598636281bc0 .functor AND 1, L_0x71dfbb7c3930, L_0x5986362818b0, C4<1>, C4<1>;
L_0x598636281c80 .functor OR 1, L_0x598636281340, L_0x598636281bc0, C4<0>, C4<0>;
L_0x71dfbb7b9970 .functor BUFT 1, C4<11111110000000000111000001111111>, C4<0>, C4<0>, C4<0>;
L_0x598636282140 .functor AND 32, L_0x59863626c920, L_0x71dfbb7b9970, C4<11111111111111111111111111111111>, C4<11111111111111111111111111111111>;
L_0x598636282340 .functor AND 1, L_0x71dfbb7c3930, L_0x598636282200, C4<1>, C4<1>;
L_0x5986362827c0 .functor OR 1, L_0x598636281c80, L_0x598636282340, C4<0>, C4<0>;
L_0x71dfbb7b9a00 .functor BUFT 1, C4<11111110000000000111000001111111>, C4<0>, C4<0>, C4<0>;
L_0x5986362828d0 .functor AND 32, L_0x59863626c920, L_0x71dfbb7b9a00, C4<11111111111111111111111111111111>, C4<11111111111111111111111111111111>;
L_0x598636283840 .functor AND 1, L_0x71dfbb7c3930, L_0x598636283520, C4<1>, C4<1>;
L_0x598636283900 .functor OR 1, L_0x5986362827c0, L_0x598636283840, C4<0>, C4<0>;
L_0x71dfbb7b9a90 .functor BUFT 1, C4<11111110000000000111000001111111>, C4<0>, C4<0>, C4<0>;
L_0x598636283df0 .functor AND 32, L_0x59863626c920, L_0x71dfbb7b9a90, C4<11111111111111111111111111111111>, C4<11111111111111111111111111111111>;
L_0x598636283ff0 .functor AND 1, L_0x71dfbb7c3930, L_0x598636283eb0, C4<1>, C4<1>;
L_0x5986362844a0 .functor OR 1, L_0x598636283900, L_0x598636283ff0, C4<0>, C4<0>;
L_0x71dfbb7b9b20 .functor BUFT 1, C4<11111110000000000111000001111111>, C4<0>, C4<0>, C4<0>;
L_0x5986362845b0 .functor AND 32, L_0x59863626c920, L_0x71dfbb7b9b20, C4<11111111111111111111111111111111>, C4<11111111111111111111111111111111>;
L_0x598636284d50 .functor AND 1, L_0x71dfbb7c3930, L_0x598636284a70, C4<1>, C4<1>;
L_0x598636284e10 .functor OR 1, L_0x5986362844a0, L_0x598636284d50, C4<0>, C4<0>;
L_0x71dfbb7b9bb0 .functor BUFT 1, C4<11111110000000000111000001111111>, C4<0>, C4<0>, C4<0>;
L_0x598636285330 .functor AND 32, L_0x59863626c920, L_0x71dfbb7b9bb0, C4<11111111111111111111111111111111>, C4<11111111111111111111111111111111>;
L_0x598636285530 .functor AND 1, L_0x71dfbb7c3930, L_0x5986362853f0, C4<1>, C4<1>;
L_0x598636285a10 .functor OR 1, L_0x598636284e10, L_0x598636285530, C4<0>, C4<0>;
L_0x71dfbb7b9c40 .functor BUFT 1, C4<11111110000000000111000001111111>, C4<0>, C4<0>, C4<0>;
L_0x598636285b20 .functor AND 32, L_0x59863626c920, L_0x71dfbb7b9c40, C4<11111111111111111111111111111111>, C4<11111111111111111111111111111111>;
L_0x598636285930 .functor AND 1, L_0x71dfbb7c3930, L_0x5986362855f0, C4<1>, C4<1>;
L_0x598636286010 .functor OR 1, L_0x598636285a10, L_0x598636285930, C4<0>, C4<0>;
L_0x598636285be0 .functor NOT 1, L_0x598636286010, C4<0>, C4<0>, C4<0>;
L_0x598636285ca0 .functor AND 1, L_0x59863626b400, L_0x598636285be0, C4<1>, C4<1>;
L_0x598636285d60 .functor BUFZ 1, L_0x598636285ca0, C4<0>, C4<0>, C4<0>;
L_0x71dfbb7b9cd0 .functor BUFT 1, C4<00000000000000000111000001111111>, C4<0>, C4<0>, C4<0>;
L_0x598636285e20 .functor AND 32, L_0x59863626c920, L_0x71dfbb7b9cd0, C4<11111111111111111111111111111111>, C4<11111111111111111111111111111111>;
L_0x71dfbb7b9d60 .functor BUFT 1, C4<00000000000000000000000001111111>, C4<0>, C4<0>, C4<0>;
L_0x5986362865d0 .functor AND 32, L_0x59863626c920, L_0x71dfbb7b9d60, C4<11111111111111111111111111111111>, C4<11111111111111111111111111111111>;
L_0x5986362869e0 .functor OR 1, L_0x598636285ee0, L_0x598636286690, C4<0>, C4<0>;
L_0x71dfbb7b9df0 .functor BUFT 1, C4<00000000000000000000000001111111>, C4<0>, C4<0>, C4<0>;
L_0x598636286120 .functor AND 32, L_0x59863626c920, L_0x71dfbb7b9df0, C4<11111111111111111111111111111111>, C4<11111111111111111111111111111111>;
L_0x598636286320 .functor OR 1, L_0x5986362869e0, L_0x5986362861e0, C4<0>, C4<0>;
L_0x71dfbb7b9e80 .functor BUFT 1, C4<00000000000000000000000001111111>, C4<0>, C4<0>, C4<0>;
L_0x598636286430 .functor AND 32, L_0x59863626c920, L_0x71dfbb7b9e80, C4<11111111111111111111111111111111>, C4<11111111111111111111111111111111>;
L_0x598636287280 .functor OR 1, L_0x598636286320, L_0x598636286f70, C4<0>, C4<0>;
L_0x71dfbb7b9f10 .functor BUFT 1, C4<00000000000000000111000001111111>, C4<0>, C4<0>, C4<0>;
L_0x598636286af0 .functor AND 32, L_0x59863626c920, L_0x71dfbb7b9f10, C4<11111111111111111111111111111111>, C4<11111111111111111111111111111111>;
L_0x598636286cf0 .functor OR 1, L_0x598636287280, L_0x598636286bb0, C4<0>, C4<0>;
L_0x71dfbb7b9fa0 .functor BUFT 1, C4<11111100000000000111000001111111>, C4<0>, C4<0>, C4<0>;
L_0x598636286e00 .functor AND 32, L_0x59863626c920, L_0x71dfbb7b9fa0, C4<11111111111111111111111111111111>, C4<11111111111111111111111111111111>;
L_0x598636287b00 .functor OR 1, L_0x598636286cf0, L_0x598636286ec0, C4<0>, C4<0>;
L_0x71dfbb7ba030 .functor BUFT 1, C4<00000000000000000111000001111111>, C4<0>, C4<0>, C4<0>;
L_0x598636287390 .functor AND 32, L_0x59863626c920, L_0x71dfbb7ba030, C4<11111111111111111111111111111111>, C4<11111111111111111111111111111111>;
L_0x598636287590 .functor OR 1, L_0x598636287b00, L_0x598636287450, C4<0>, C4<0>;
L_0x71dfbb7ba0c0 .functor BUFT 1, C4<00000000000000000111000001111111>, C4<0>, C4<0>, C4<0>;
L_0x5986362876a0 .functor AND 32, L_0x59863626c920, L_0x71dfbb7ba0c0, C4<11111111111111111111111111111111>, C4<11111111111111111111111111111111>;
L_0x5986362883b0 .functor OR 1, L_0x598636287590, L_0x598636287760, C4<0>, C4<0>;
L_0x71dfbb7ba150 .functor BUFT 1, C4<00000000000000000111000001111111>, C4<0>, C4<0>, C4<0>;
L_0x598636287c10 .functor AND 32, L_0x59863626c920, L_0x71dfbb7ba150, C4<11111111111111111111111111111111>, C4<11111111111111111111111111111111>;
L_0x598636287e10 .functor OR 1, L_0x5986362883b0, L_0x598636287cd0, C4<0>, C4<0>;
L_0x71dfbb7ba1e0 .functor BUFT 1, C4<11111100000000000111000001111111>, C4<0>, C4<0>, C4<0>;
L_0x598636287f20 .functor AND 32, L_0x59863626c920, L_0x71dfbb7ba1e0, C4<11111111111111111111111111111111>, C4<11111111111111111111111111111111>;
L_0x598636288c40 .functor OR 1, L_0x598636287e10, L_0x598636287fe0, C4<0>, C4<0>;
L_0x71dfbb7ba270 .functor BUFT 1, C4<11111100000000000111000001111111>, C4<0>, C4<0>, C4<0>;
L_0x5986362884c0 .functor AND 32, L_0x59863626c920, L_0x71dfbb7ba270, C4<11111111111111111111111111111111>, C4<11111111111111111111111111111111>;
L_0x5986362886c0 .functor OR 1, L_0x598636288c40, L_0x598636288580, C4<0>, C4<0>;
L_0x71dfbb7ba300 .functor BUFT 1, C4<00000000000000000111000001111111>, C4<0>, C4<0>, C4<0>;
L_0x5986362887d0 .functor AND 32, L_0x59863626c920, L_0x71dfbb7ba300, C4<11111111111111111111111111111111>, C4<11111111111111111111111111111111>;
L_0x598636289500 .functor OR 1, L_0x5986362886c0, L_0x598636288890, C4<0>, C4<0>;
L_0x71dfbb7ba390 .functor BUFT 1, C4<00000000000000000111000001111111>, C4<0>, C4<0>, C4<0>;
L_0x598636288d50 .functor AND 32, L_0x59863626c920, L_0x71dfbb7ba390, C4<11111111111111111111111111111111>, C4<11111111111111111111111111111111>;
L_0x598636288f50 .functor OR 1, L_0x598636289500, L_0x598636288e10, C4<0>, C4<0>;
L_0x71dfbb7ba420 .functor BUFT 1, C4<11111110000000000111000001111111>, C4<0>, C4<0>, C4<0>;
L_0x598636289060 .functor AND 32, L_0x59863626c920, L_0x71dfbb7ba420, C4<11111111111111111111111111111111>, C4<11111111111111111111111111111111>;
L_0x598636289df0 .functor OR 1, L_0x598636288f50, L_0x598636289120, C4<0>, C4<0>;
L_0x71dfbb7ba4b0 .functor BUFT 1, C4<11111110000000000111000001111111>, C4<0>, C4<0>, C4<0>;
L_0x598636289610 .functor AND 32, L_0x59863626c920, L_0x71dfbb7ba4b0, C4<11111111111111111111111111111111>, C4<11111111111111111111111111111111>;
L_0x598636289810 .functor OR 1, L_0x598636289df0, L_0x5986362896d0, C4<0>, C4<0>;
L_0x71dfbb7ba540 .functor BUFT 1, C4<11111110000000000111000001111111>, C4<0>, C4<0>, C4<0>;
L_0x598636289920 .functor AND 32, L_0x59863626c920, L_0x71dfbb7ba540, C4<11111111111111111111111111111111>, C4<11111111111111111111111111111111>;
L_0x59863628a6c0 .functor OR 1, L_0x598636289810, L_0x5986362899e0, C4<0>, C4<0>;
L_0x71dfbb7ba5d0 .functor BUFT 1, C4<11111110000000000111000001111111>, C4<0>, C4<0>, C4<0>;
L_0x598636289f00 .functor AND 32, L_0x59863626c920, L_0x71dfbb7ba5d0, C4<11111111111111111111111111111111>, C4<11111111111111111111111111111111>;
L_0x59863628a100 .functor OR 1, L_0x59863628a6c0, L_0x598636289fc0, C4<0>, C4<0>;
L_0x71dfbb7ba660 .functor BUFT 1, C4<11111110000000000111000001111111>, C4<0>, C4<0>, C4<0>;
L_0x59863628a210 .functor AND 32, L_0x59863626c920, L_0x71dfbb7ba660, C4<11111111111111111111111111111111>, C4<11111111111111111111111111111111>;
L_0x59863628afc0 .functor OR 1, L_0x59863628a100, L_0x59863628a2d0, C4<0>, C4<0>;
L_0x71dfbb7ba6f0 .functor BUFT 1, C4<11111110000000000111000001111111>, C4<0>, C4<0>, C4<0>;
L_0x59863628a7d0 .functor AND 32, L_0x59863626c920, L_0x71dfbb7ba6f0, C4<11111111111111111111111111111111>, C4<11111111111111111111111111111111>;
L_0x59863628a9d0 .functor OR 1, L_0x59863628afc0, L_0x59863628a890, C4<0>, C4<0>;
L_0x71dfbb7ba780 .functor BUFT 1, C4<11111110000000000111000001111111>, C4<0>, C4<0>, C4<0>;
L_0x59863628aae0 .functor AND 32, L_0x59863626c920, L_0x71dfbb7ba780, C4<11111111111111111111111111111111>, C4<11111111111111111111111111111111>;
L_0x59863628b8f0 .functor OR 1, L_0x59863628a9d0, L_0x59863628aba0, C4<0>, C4<0>;
L_0x71dfbb7ba810 .functor BUFT 1, C4<11111110000000000111000001111111>, C4<0>, C4<0>, C4<0>;
L_0x59863628b0d0 .functor AND 32, L_0x59863626c920, L_0x71dfbb7ba810, C4<11111111111111111111111111111111>, C4<11111111111111111111111111111111>;
L_0x59863628b2d0 .functor OR 1, L_0x59863628b8f0, L_0x59863628b190, C4<0>, C4<0>;
L_0x71dfbb7ba8a0 .functor BUFT 1, C4<11111110000000000111000001111111>, C4<0>, C4<0>, C4<0>;
L_0x59863628b3e0 .functor AND 32, L_0x59863626c920, L_0x71dfbb7ba8a0, C4<11111111111111111111111111111111>, C4<11111111111111111111111111111111>;
L_0x59863628b5e0 .functor OR 1, L_0x59863628b2d0, L_0x59863628b4a0, C4<0>, C4<0>;
L_0x71dfbb7ba930 .functor BUFT 1, C4<11111110000000000111000001111111>, C4<0>, C4<0>, C4<0>;
L_0x59863628b9b0 .functor AND 32, L_0x59863626c920, L_0x71dfbb7ba930, C4<11111111111111111111111111111111>, C4<11111111111111111111111111111111>;
L_0x59863628bbb0 .functor OR 1, L_0x59863628b5e0, L_0x59863628ba70, C4<0>, C4<0>;
L_0x71dfbb7ba9c0 .functor BUFT 1, C4<00000000000000000111000001111111>, C4<0>, C4<0>, C4<0>;
L_0x59863628bcc0 .functor AND 32, L_0x59863626c920, L_0x71dfbb7ba9c0, C4<11111111111111111111111111111111>, C4<11111111111111111111111111111111>;
L_0x59863628bec0 .functor OR 1, L_0x59863628bbb0, L_0x59863628bd80, C4<0>, C4<0>;
L_0x71dfbb7baa50 .functor BUFT 1, C4<00000000000000000111000001111111>, C4<0>, C4<0>, C4<0>;
L_0x59863628c2a0 .functor AND 32, L_0x59863626c920, L_0x71dfbb7baa50, C4<11111111111111111111111111111111>, C4<11111111111111111111111111111111>;
L_0x59863628c4a0 .functor OR 1, L_0x59863628bec0, L_0x59863628c360, C4<0>, C4<0>;
L_0x71dfbb7baae0 .functor BUFT 1, C4<00000000000000000111000001111111>, C4<0>, C4<0>, C4<0>;
L_0x59863628c5b0 .functor AND 32, L_0x59863626c920, L_0x71dfbb7baae0, C4<11111111111111111111111111111111>, C4<11111111111111111111111111111111>;
L_0x59863628c7b0 .functor OR 1, L_0x59863628c4a0, L_0x59863628c670, C4<0>, C4<0>;
L_0x71dfbb7bab70 .functor BUFT 1, C4<00000000000000000111000001111111>, C4<0>, C4<0>, C4<0>;
L_0x59863628cbc0 .functor AND 32, L_0x59863626c920, L_0x71dfbb7bab70, C4<11111111111111111111111111111111>, C4<11111111111111111111111111111111>;
L_0x59863628cdc0 .functor OR 1, L_0x59863628c7b0, L_0x59863628cc80, C4<0>, C4<0>;
L_0x71dfbb7bac00 .functor BUFT 1, C4<00000000000000000111000001111111>, C4<0>, C4<0>, C4<0>;
L_0x59863628ced0 .functor AND 32, L_0x59863626c920, L_0x71dfbb7bac00, C4<11111111111111111111111111111111>, C4<11111111111111111111111111111111>;
L_0x59863628d0d0 .functor OR 1, L_0x59863628cdc0, L_0x59863628cf90, C4<0>, C4<0>;
L_0x71dfbb7bac90 .functor BUFT 1, C4<00000000000000000111000001111111>, C4<0>, C4<0>, C4<0>;
L_0x59863628d510 .functor AND 32, L_0x59863626c920, L_0x71dfbb7bac90, C4<11111111111111111111111111111111>, C4<11111111111111111111111111111111>;
L_0x59863628d710 .functor OR 1, L_0x59863628d0d0, L_0x59863628d5d0, C4<0>, C4<0>;
L_0x71dfbb7bad20 .functor BUFT 1, C4<11111110000000000111000001111111>, C4<0>, C4<0>, C4<0>;
L_0x59863628d820 .functor AND 32, L_0x59863626c920, L_0x71dfbb7bad20, C4<11111111111111111111111111111111>, C4<11111111111111111111111111111111>;
L_0x59863628da20 .functor OR 1, L_0x59863628d710, L_0x59863628d8e0, C4<0>, C4<0>;
L_0x71dfbb7badb0 .functor BUFT 1, C4<11111110000000000111000001111111>, C4<0>, C4<0>, C4<0>;
L_0x59863628de40 .functor AND 32, L_0x59863626c920, L_0x71dfbb7badb0, C4<11111111111111111111111111111111>, C4<11111111111111111111111111111111>;
L_0x59863628e040 .functor OR 1, L_0x59863628da20, L_0x59863628df00, C4<0>, C4<0>;
L_0x71dfbb7bae40 .functor BUFT 1, C4<11111110000000000111000001111111>, C4<0>, C4<0>, C4<0>;
L_0x59863628e150 .functor AND 32, L_0x59863626c920, L_0x71dfbb7bae40, C4<11111111111111111111111111111111>, C4<11111111111111111111111111111111>;
L_0x59863628e350 .functor OR 1, L_0x59863628e040, L_0x59863628e210, C4<0>, C4<0>;
L_0x71dfbb7baed0 .functor BUFT 1, C4<11111110000000000111000001111111>, C4<0>, C4<0>, C4<0>;
L_0x59863628e7a0 .functor AND 32, L_0x59863626c920, L_0x71dfbb7baed0, C4<11111111111111111111111111111111>, C4<11111111111111111111111111111111>;
L_0x59863628e9a0 .functor OR 1, L_0x59863628e350, L_0x59863628e860, C4<0>, C4<0>;
L_0x71dfbb7baf60 .functor BUFT 1, C4<11111110000000000111000001111111>, C4<0>, C4<0>, C4<0>;
L_0x59863628eab0 .functor AND 32, L_0x59863626c920, L_0x71dfbb7baf60, C4<11111111111111111111111111111111>, C4<11111111111111111111111111111111>;
L_0x59863628ecb0 .functor OR 1, L_0x59863628e9a0, L_0x59863628eb70, C4<0>, C4<0>;
L_0x71dfbb7baff0 .functor BUFT 1, C4<11111110000000000111000001111111>, C4<0>, C4<0>, C4<0>;
L_0x59863628f0e0 .functor AND 32, L_0x59863626c920, L_0x71dfbb7baff0, C4<11111111111111111111111111111111>, C4<11111111111111111111111111111111>;
L_0x59863628f2e0 .functor OR 1, L_0x59863628ecb0, L_0x59863628f1a0, C4<0>, C4<0>;
L_0x71dfbb7bb080 .functor BUFT 1, C4<11111110000000000111000001111111>, C4<0>, C4<0>, C4<0>;
L_0x59863628f3f0 .functor AND 32, L_0x59863626c920, L_0x71dfbb7bb080, C4<11111111111111111111111111111111>, C4<11111111111111111111111111111111>;
L_0x59863628f5f0 .functor OR 1, L_0x59863628f2e0, L_0x59863628f4b0, C4<0>, C4<0>;
L_0x71dfbb7bb110 .functor BUFT 1, C4<11111110000000000111000001111111>, C4<0>, C4<0>, C4<0>;
L_0x59863628fa50 .functor AND 32, L_0x59863626c920, L_0x71dfbb7bb110, C4<11111111111111111111111111111111>, C4<11111111111111111111111111111111>;
L_0x59863628fc50 .functor OR 1, L_0x59863628f5f0, L_0x59863628fb10, C4<0>, C4<0>;
L_0x71dfbb7bb1a0 .functor BUFT 1, C4<11111110000000000111000001111111>, C4<0>, C4<0>, C4<0>;
L_0x59863628fd60 .functor AND 32, L_0x59863626c920, L_0x71dfbb7bb1a0, C4<11111111111111111111111111111111>, C4<11111111111111111111111111111111>;
L_0x59863628ff60 .functor OR 1, L_0x59863628fc50, L_0x59863628fe20, C4<0>, C4<0>;
L_0x71dfbb7bb230 .functor BUFT 1, C4<11111110000000000111000001111111>, C4<0>, C4<0>, C4<0>;
L_0x5986362903f0 .functor AND 32, L_0x59863626c920, L_0x71dfbb7bb230, C4<11111111111111111111111111111111>, C4<11111111111111111111111111111111>;
L_0x5986362905f0 .functor OR 1, L_0x59863628ff60, L_0x5986362904b0, C4<0>, C4<0>;
L_0x71dfbb7bb2c0 .functor BUFT 1, C4<00000000000000000111000001111111>, C4<0>, C4<0>, C4<0>;
L_0x598636290700 .functor AND 32, L_0x59863626c920, L_0x71dfbb7bb2c0, C4<11111111111111111111111111111111>, C4<11111111111111111111111111111111>;
L_0x598636290900 .functor OR 1, L_0x5986362905f0, L_0x5986362907c0, C4<0>, C4<0>;
L_0x71dfbb7bb350 .functor BUFT 1, C4<00000000000000000111000001111111>, C4<0>, C4<0>, C4<0>;
L_0x598636290a10 .functor AND 32, L_0x59863626c920, L_0x71dfbb7bb350, C4<11111111111111111111111111111111>, C4<11111111111111111111111111111111>;
L_0x598636290f00 .functor OR 1, L_0x598636290900, L_0x598636290dc0, C4<0>, C4<0>;
L_0x71dfbb7bb3e0 .functor BUFT 1, C4<00000000000000000111000001111111>, C4<0>, C4<0>, C4<0>;
L_0x598636291010 .functor AND 32, L_0x59863626c920, L_0x71dfbb7bb3e0, C4<11111111111111111111111111111111>, C4<11111111111111111111111111111111>;
L_0x598636291210 .functor OR 1, L_0x598636290f00, L_0x5986362910d0, C4<0>, C4<0>;
L_0x71dfbb7bb470 .functor BUFT 1, C4<00000000000000000111000001111111>, C4<0>, C4<0>, C4<0>;
L_0x598636291320 .functor AND 32, L_0x59863626c920, L_0x71dfbb7bb470, C4<11111111111111111111111111111111>, C4<11111111111111111111111111111111>;
L_0x598636291810 .functor OR 1, L_0x598636291210, L_0x5986362913e0, C4<0>, C4<0>;
L_0x71dfbb7bb500 .functor BUFT 1, C4<00000000000000000111000001111111>, C4<0>, C4<0>, C4<0>;
L_0x598636291920 .functor AND 32, L_0x59863626c920, L_0x71dfbb7bb500, C4<11111111111111111111111111111111>, C4<11111111111111111111111111111111>;
L_0x5986362928f0 .functor OR 1, L_0x598636291810, L_0x5986362919e0, C4<0>, C4<0>;
L_0x71dfbb7bb590 .functor BUFT 1, C4<00000000000000000111000001111111>, C4<0>, C4<0>, C4<0>;
L_0x5986362921f0 .functor AND 32, L_0x59863626c920, L_0x71dfbb7bb590, C4<11111111111111111111111111111111>, C4<11111111111111111111111111111111>;
L_0x5986362923f0 .functor OR 1, L_0x5986362928f0, L_0x5986362922b0, C4<0>, C4<0>;
L_0x71dfbb7bb620 .functor BUFT 1, C4<11111110000000000111000001111111>, C4<0>, C4<0>, C4<0>;
L_0x598636292500 .functor AND 32, L_0x59863626c920, L_0x71dfbb7bb620, C4<11111111111111111111111111111111>, C4<11111111111111111111111111111111>;
L_0x598636292700 .functor AND 1, L_0x71dfbb7c3930, L_0x5986362925c0, C4<1>, C4<1>;
L_0x5986362927c0 .functor OR 1, L_0x5986362923f0, L_0x598636292700, C4<0>, C4<0>;
L_0x71dfbb7bb6b0 .functor BUFT 1, C4<00000000000000000111000001111111>, C4<0>, C4<0>, C4<0>;
L_0x598636293130 .functor AND 32, L_0x59863626c920, L_0x71dfbb7bb6b0, C4<11111111111111111111111111111111>, C4<11111111111111111111111111111111>;
L_0x71dfbb7bb740 .functor BUFT 1, C4<00000000000000000111000001111111>, C4<0>, C4<0>, C4<0>;
L_0x598636292b40 .functor AND 32, L_0x59863626c920, L_0x71dfbb7bb740, C4<11111111111111111111111111111111>, C4<11111111111111111111111111111111>;
L_0x598636292d40 .functor OR 1, L_0x598636292a00, L_0x598636292c00, C4<0>, C4<0>;
L_0x71dfbb7bb7d0 .functor BUFT 1, C4<00000000000000000111000001111111>, C4<0>, C4<0>, C4<0>;
L_0x598636292e50 .functor AND 32, L_0x59863626c920, L_0x71dfbb7bb7d0, C4<11111111111111111111111111111111>, C4<11111111111111111111111111111111>;
L_0x598636293050 .functor OR 1, L_0x598636292d40, L_0x598636292f10, C4<0>, C4<0>;
L_0x71dfbb7bb860 .functor BUFT 1, C4<00000000000000000111000001111111>, C4<0>, C4<0>, C4<0>;
L_0x5986362931f0 .functor AND 32, L_0x59863626c920, L_0x71dfbb7bb860, C4<11111111111111111111111111111111>, C4<11111111111111111111111111111111>;
L_0x598636293780 .functor OR 1, L_0x598636293050, L_0x5986362932b0, C4<0>, C4<0>;
L_0x71dfbb7bb8f0 .functor BUFT 1, C4<00000000000000000111000001111111>, C4<0>, C4<0>, C4<0>;
L_0x598636293890 .functor AND 32, L_0x59863626c920, L_0x71dfbb7bb8f0, C4<11111111111111111111111111111111>, C4<11111111111111111111111111111111>;
L_0x598636294a90 .functor OR 1, L_0x598636293780, L_0x598636294950, C4<0>, C4<0>;
L_0x71dfbb7bb980 .functor BUFT 1, C4<00000000000000000111000001111111>, C4<0>, C4<0>, C4<0>;
L_0x59863627c7f0 .functor AND 32, L_0x59863626c920, L_0x71dfbb7bb980, C4<11111111111111111111111111111111>, C4<11111111111111111111111111111111>;
L_0x59863627cd90 .functor OR 1, L_0x598636294a90, L_0x59863627c8b0, C4<0>, C4<0>;
L_0x71dfbb7bba10 .functor BUFT 1, C4<11111100000000000111000001111111>, C4<0>, C4<0>, C4<0>;
L_0x59863627cea0 .functor AND 32, L_0x59863626c920, L_0x71dfbb7bba10, C4<11111111111111111111111111111111>, C4<11111111111111111111111111111111>;
L_0x598636295470 .functor OR 1, L_0x59863627cd90, L_0x598636295330, C4<0>, C4<0>;
L_0x71dfbb7bbaa0 .functor BUFT 1, C4<11111100000000000111000001111111>, C4<0>, C4<0>, C4<0>;
L_0x598636294ba0 .functor AND 32, L_0x59863626c920, L_0x71dfbb7bbaa0, C4<11111111111111111111111111111111>, C4<11111111111111111111111111111111>;
L_0x598636295150 .functor OR 1, L_0x598636295470, L_0x598636294c60, C4<0>, C4<0>;
L_0x71dfbb7bbb30 .functor BUFT 1, C4<11111100000000000111000001111111>, C4<0>, C4<0>, C4<0>;
L_0x598636295260 .functor AND 32, L_0x59863626c920, L_0x71dfbb7bbb30, C4<11111111111111111111111111111111>, C4<11111111111111111111111111111111>;
L_0x598636295e70 .functor OR 1, L_0x598636295150, L_0x598636295d30, C4<0>, C4<0>;
L_0x71dfbb7bbbc0 .functor BUFT 1, C4<00000000000000000000000001111111>, C4<0>, C4<0>, C4<0>;
L_0x598636295580 .functor AND 32, L_0x59863626c920, L_0x71dfbb7bbbc0, C4<11111111111111111111111111111111>, C4<11111111111111111111111111111111>;
L_0x598636295b40 .functor OR 1, L_0x598636295e70, L_0x598636295640, C4<0>, C4<0>;
L_0x71dfbb7bbc50 .functor BUFT 1, C4<00000000000000000000000001111111>, C4<0>, C4<0>, C4<0>;
L_0x598636295c50 .functor AND 32, L_0x59863626c920, L_0x71dfbb7bbc50, C4<11111111111111111111111111111111>, C4<11111111111111111111111111111111>;
L_0x598636296840 .functor OR 1, L_0x598636295b40, L_0x598636296750, C4<0>, C4<0>;
L_0x71dfbb7bbce0 .functor BUFT 1, C4<11111110000000000111000001111111>, C4<0>, C4<0>, C4<0>;
L_0x598636295f80 .functor AND 32, L_0x59863626c920, L_0x71dfbb7bbce0, C4<11111111111111111111111111111111>, C4<11111111111111111111111111111111>;
L_0x598636296550 .functor OR 1, L_0x598636296840, L_0x598636296040, C4<0>, C4<0>;
L_0x71dfbb7bbd70 .functor BUFT 1, C4<11111110000000000111000001111111>, C4<0>, C4<0>, C4<0>;
L_0x598636296660 .functor AND 32, L_0x59863626c920, L_0x71dfbb7bbd70, C4<11111111111111111111111111111111>, C4<11111111111111111111111111111111>;
L_0x598636297230 .functor OR 1, L_0x598636296550, L_0x598636297140, C4<0>, C4<0>;
L_0x71dfbb7bbe00 .functor BUFT 1, C4<11111110000000000111000001111111>, C4<0>, C4<0>, C4<0>;
L_0x598636296950 .functor AND 32, L_0x59863626c920, L_0x71dfbb7bbe00, C4<11111111111111111111111111111111>, C4<11111111111111111111111111111111>;
L_0x598636296f30 .functor OR 1, L_0x598636297230, L_0x598636296a10, C4<0>, C4<0>;
L_0x71dfbb7bbe90 .functor BUFT 1, C4<11111110000000000111000001111111>, C4<0>, C4<0>, C4<0>;
L_0x598636297040 .functor AND 32, L_0x59863626c920, L_0x71dfbb7bbe90, C4<11111111111111111111111111111111>, C4<11111111111111111111111111111111>;
L_0x598636297480 .functor OR 1, L_0x598636296f30, L_0x598636297340, C4<0>, C4<0>;
L_0x71dfbb7bbf20 .functor BUFT 1, C4<11111110000000000111000001111111>, C4<0>, C4<0>, C4<0>;
L_0x598636297590 .functor AND 32, L_0x59863626c920, L_0x71dfbb7bbf20, C4<11111111111111111111111111111111>, C4<11111111111111111111111111111111>;
L_0x598636282d30 .functor OR 1, L_0x598636297480, L_0x598636297650, C4<0>, C4<0>;
L_0x71dfbb7bbfb0 .functor BUFT 1, C4<11111110000000000111000001111111>, C4<0>, C4<0>, C4<0>;
L_0x598636282e40 .functor AND 32, L_0x59863626c920, L_0x71dfbb7bbfb0, C4<11111111111111111111111111111111>, C4<11111111111111111111111111111111>;
L_0x598636283040 .functor OR 1, L_0x598636282d30, L_0x598636282f00, C4<0>, C4<0>;
L_0x71dfbb7bc040 .functor BUFT 1, C4<11111110000000000111000001111111>, C4<0>, C4<0>, C4<0>;
L_0x598636297790 .functor AND 32, L_0x59863626c920, L_0x71dfbb7bc040, C4<11111111111111111111111111111111>, C4<11111111111111111111111111111111>;
L_0x598636297990 .functor OR 1, L_0x598636283040, L_0x598636297850, C4<0>, C4<0>;
L_0x71dfbb7bc0d0 .functor BUFT 1, C4<11111110000000000111000001111111>, C4<0>, C4<0>, C4<0>;
L_0x598636297aa0 .functor AND 32, L_0x59863626c920, L_0x71dfbb7bc0d0, C4<11111111111111111111111111111111>, C4<11111111111111111111111111111111>;
L_0x598636298ce0 .functor OR 1, L_0x598636297990, L_0x598636298ba0, C4<0>, C4<0>;
L_0x71dfbb7bc160 .functor BUFT 1, C4<11111110000000000111000001111111>, C4<0>, C4<0>, C4<0>;
L_0x598636298df0 .functor AND 32, L_0x59863626c920, L_0x71dfbb7bc160, C4<11111111111111111111111111111111>, C4<11111111111111111111111111111111>;
L_0x598636298ff0 .functor OR 1, L_0x598636298ce0, L_0x598636298eb0, C4<0>, C4<0>;
L_0x71dfbb7bc1f0 .functor BUFT 1, C4<11111110000000000111000001111111>, C4<0>, C4<0>, C4<0>;
L_0x598636299100 .functor AND 32, L_0x59863626c920, L_0x71dfbb7bc1f0, C4<11111111111111111111111111111111>, C4<11111111111111111111111111111111>;
L_0x598636299300 .functor OR 1, L_0x598636298ff0, L_0x5986362991c0, C4<0>, C4<0>;
L_0x71dfbb7bc280 .functor BUFT 1, C4<00000000000000000111000001111111>, C4<0>, C4<0>, C4<0>;
L_0x598636299830 .functor AND 32, L_0x59863626c920, L_0x71dfbb7bc280, C4<11111111111111111111111111111111>, C4<11111111111111111111111111111111>;
L_0x71dfbb7bc310 .functor BUFT 1, C4<00000000000000000111000001111111>, C4<0>, C4<0>, C4<0>;
L_0x598636299e50 .functor AND 32, L_0x59863626c920, L_0x71dfbb7bc310, C4<11111111111111111111111111111111>, C4<11111111111111111111111111111111>;
L_0x59863629ad30 .functor OR 1, L_0x5986362998f0, L_0x598636299f10, C4<0>, C4<0>;
L_0x71dfbb7bc3a0 .functor BUFT 1, C4<00000000000000000111000001111111>, C4<0>, C4<0>, C4<0>;
L_0x59863629ae40 .functor AND 32, L_0x59863626c920, L_0x71dfbb7bc3a0, C4<11111111111111111111111111111111>, C4<11111111111111111111111111111111>;
L_0x59863629a970 .functor OR 1, L_0x59863629ad30, L_0x59863629a400, C4<0>, C4<0>;
L_0x71dfbb7bc430 .functor BUFT 1, C4<00000000000000000111000001111111>, C4<0>, C4<0>, C4<0>;
L_0x59863629aa80 .functor AND 32, L_0x59863626c920, L_0x71dfbb7bc430, C4<11111111111111111111111111111111>, C4<11111111111111111111111111111111>;
L_0x598636299a30 .functor OR 1, L_0x59863629a970, L_0x59863629ab40, C4<0>, C4<0>;
L_0x71dfbb7bc4c0 .functor BUFT 1, C4<00000000000000000111000001111111>, C4<0>, C4<0>, C4<0>;
L_0x598636299b40 .functor AND 32, L_0x59863626c920, L_0x71dfbb7bc4c0, C4<11111111111111111111111111111111>, C4<11111111111111111111111111111111>;
L_0x598636299d40 .functor OR 1, L_0x598636299a30, L_0x598636299c00, C4<0>, C4<0>;
L_0x71dfbb7bc550 .functor BUFT 1, C4<00000000000000000111000001111111>, C4<0>, C4<0>, C4<0>;
L_0x59863629a540 .functor AND 32, L_0x59863626c920, L_0x71dfbb7bc550, C4<11111111111111111111111111111111>, C4<11111111111111111111111111111111>;
L_0x59863629a6f0 .functor OR 1, L_0x598636299d40, L_0x59863629a600, C4<0>, C4<0>;
L_0x71dfbb7bc5e0 .functor BUFT 1, C4<00000000000000000111000001111111>, C4<0>, C4<0>, C4<0>;
L_0x59863629a800 .functor AND 32, L_0x59863626c920, L_0x71dfbb7bc5e0, C4<11111111111111111111111111111111>, C4<11111111111111111111111111111111>;
L_0x59863629b3f0 .functor OR 1, L_0x59863629a6f0, L_0x59863629a8c0, C4<0>, C4<0>;
L_0x71dfbb7bc670 .functor BUFT 1, C4<00000000000000000111000001111111>, C4<0>, C4<0>, C4<0>;
L_0x59863629b500 .functor AND 32, L_0x59863626c920, L_0x71dfbb7bc670, C4<11111111111111111111111111111111>, C4<11111111111111111111111111111111>;
L_0x59863629b700 .functor OR 1, L_0x59863629b3f0, L_0x59863629b5c0, C4<0>, C4<0>;
L_0x71dfbb7bc700 .functor BUFT 1, C4<00000000000000000111000001111111>, C4<0>, C4<0>, C4<0>;
L_0x59863629b810 .functor AND 32, L_0x59863626c920, L_0x71dfbb7bc700, C4<11111111111111111111111111111111>, C4<11111111111111111111111111111111>;
L_0x59863629ba10 .functor OR 1, L_0x59863629b700, L_0x59863629b8d0, C4<0>, C4<0>;
L_0x71dfbb7bc790 .functor BUFT 1, C4<00000000000000000000000001111111>, C4<0>, C4<0>, C4<0>;
L_0x59863629bb20 .functor AND 32, L_0x59863626c920, L_0x71dfbb7bc790, C4<11111111111111111111111111111111>, C4<11111111111111111111111111111111>;
L_0x71dfbb7bc820 .functor BUFT 1, C4<00000000000000000111000001111111>, C4<0>, C4<0>, C4<0>;
L_0x59863629bd20 .functor AND 32, L_0x59863626c920, L_0x71dfbb7bc820, C4<11111111111111111111111111111111>, C4<11111111111111111111111111111111>;
L_0x59863629afa0 .functor OR 1, L_0x59863629bbe0, L_0x59863629bde0, C4<0>, C4<0>;
L_0x71dfbb7bc8b0 .functor BUFT 1, C4<00000000000000000111000001111111>, C4<0>, C4<0>, C4<0>;
L_0x59863629b0b0 .functor AND 32, L_0x59863626c920, L_0x71dfbb7bc8b0, C4<11111111111111111111111111111111>, C4<11111111111111111111111111111111>;
L_0x59863629b2b0 .functor OR 1, L_0x59863629afa0, L_0x59863629b170, C4<0>, C4<0>;
L_0x71dfbb7bc940 .functor BUFT 1, C4<00000000000000000111000001111111>, C4<0>, C4<0>, C4<0>;
L_0x59863629c390 .functor AND 32, L_0x59863626c920, L_0x71dfbb7bc940, C4<11111111111111111111111111111111>, C4<11111111111111111111111111111111>;
L_0x59863629c590 .functor OR 1, L_0x59863629b2b0, L_0x59863629c450, C4<0>, C4<0>;
L_0x71dfbb7bc9d0 .functor BUFT 1, C4<00000000000000000111000001111111>, C4<0>, C4<0>, C4<0>;
L_0x59863629c6a0 .functor AND 32, L_0x59863626c920, L_0x71dfbb7bc9d0, C4<11111111111111111111111111111111>, C4<11111111111111111111111111111111>;
L_0x59863629c8a0 .functor OR 1, L_0x59863629c590, L_0x59863629c760, C4<0>, C4<0>;
L_0x71dfbb7bca60 .functor BUFT 1, C4<00000000000000000111000001111111>, C4<0>, C4<0>, C4<0>;
L_0x59863629c9b0 .functor AND 32, L_0x59863626c920, L_0x71dfbb7bca60, C4<11111111111111111111111111111111>, C4<11111111111111111111111111111111>;
L_0x59863629bf20 .functor OR 1, L_0x59863629c8a0, L_0x59863629ca70, C4<0>, C4<0>;
L_0x71dfbb7bcaf0 .functor BUFT 1, C4<00000000000000000111000001111111>, C4<0>, C4<0>, C4<0>;
L_0x59863629c030 .functor AND 32, L_0x59863626c920, L_0x71dfbb7bcaf0, C4<11111111111111111111111111111111>, C4<11111111111111111111111111111111>;
L_0x59863629c230 .functor OR 1, L_0x59863629bf20, L_0x59863629c0f0, C4<0>, C4<0>;
L_0x71dfbb7bcb80 .functor BUFT 1, C4<00000000000000000111000001111111>, C4<0>, C4<0>, C4<0>;
L_0x59863629d040 .functor AND 32, L_0x59863626c920, L_0x71dfbb7bcb80, C4<11111111111111111111111111111111>, C4<11111111111111111111111111111111>;
L_0x59863629d690 .functor OR 1, L_0x59863629c230, L_0x59863629d0b0, C4<0>, C4<0>;
L_0x71dfbb7bcc10 .functor BUFT 1, C4<11111110000000000111000001111111>, C4<0>, C4<0>, C4<0>;
L_0x59863629cc50 .functor AND 32, L_0x59863626c920, L_0x71dfbb7bcc10, C4<11111111111111111111111111111111>, C4<11111111111111111111111111111111>;
L_0x71dfbb7bcca0 .functor BUFT 1, C4<11111110000000000111000001111111>, C4<0>, C4<0>, C4<0>;
L_0x59863629ce50 .functor AND 32, L_0x59863626c920, L_0x71dfbb7bcca0, C4<11111111111111111111111111111111>, C4<11111111111111111111111111111111>;
L_0x59863629d1f0 .functor OR 1, L_0x59863629cd10, L_0x59863629cf10, C4<0>, C4<0>;
L_0x71dfbb7bcd30 .functor BUFT 1, C4<11111110000000000111000001111111>, C4<0>, C4<0>, C4<0>;
L_0x59863629d300 .functor AND 32, L_0x59863626c920, L_0x71dfbb7bcd30, C4<11111111111111111111111111111111>, C4<11111111111111111111111111111111>;
L_0x59863629d500 .functor OR 1, L_0x59863629d1f0, L_0x59863629d3c0, C4<0>, C4<0>;
L_0x71dfbb7bcdc0 .functor BUFT 1, C4<11111110000000000111000001111111>, C4<0>, C4<0>, C4<0>;
L_0x59863629d610 .functor AND 32, L_0x59863626c920, L_0x71dfbb7bcdc0, C4<11111111111111111111111111111111>, C4<11111111111111111111111111111111>;
L_0x59863629dd60 .functor OR 1, L_0x59863629d500, L_0x59863629d760, C4<0>, C4<0>;
L_0x59863629de70 .functor AND 1, L_0x71dfbb7c3930, L_0x59863629dd60, C4<1>, C4<1>;
L_0x71dfbb7bce50 .functor BUFT 1, C4<11111110000000000111000001111111>, C4<0>, C4<0>, C4<0>;
L_0x59863629df30 .functor AND 32, L_0x59863626c920, L_0x71dfbb7bce50, C4<11111111111111111111111111111111>, C4<11111111111111111111111111111111>;
L_0x71dfbb7bcee0 .functor BUFT 1, C4<11111110000000000111000001111111>, C4<0>, C4<0>, C4<0>;
L_0x59863629e190 .functor AND 32, L_0x59863626c920, L_0x71dfbb7bcee0, C4<11111111111111111111111111111111>, C4<11111111111111111111111111111111>;
L_0x59863629e390 .functor OR 1, L_0x59863629dff0, L_0x59863629e250, C4<0>, C4<0>;
L_0x71dfbb7bcf70 .functor BUFT 1, C4<11111110000000000111000001111111>, C4<0>, C4<0>, C4<0>;
L_0x59863629e4a0 .functor AND 32, L_0x59863626c920, L_0x71dfbb7bcf70, C4<11111111111111111111111111111111>, C4<11111111111111111111111111111111>;
L_0x59863629e6a0 .functor OR 1, L_0x59863629e390, L_0x59863629e560, C4<0>, C4<0>;
L_0x71dfbb7bd000 .functor BUFT 1, C4<11111110000000000111000001111111>, C4<0>, C4<0>, C4<0>;
L_0x59863629e7b0 .functor AND 32, L_0x59863626c920, L_0x71dfbb7bd000, C4<11111111111111111111111111111111>, C4<11111111111111111111111111111111>;
L_0x59863629d8a0 .functor OR 1, L_0x59863629e6a0, L_0x59863629e870, C4<0>, C4<0>;
L_0x59863629d9b0 .functor AND 1, L_0x71dfbb7c3930, L_0x59863629d8a0, C4<1>, C4<1>;
L_0x71dfbb7bd090 .functor BUFT 1, C4<11111111111111111111111111111111>, C4<0>, C4<0>, C4<0>;
L_0x59863629da70 .functor AND 32, L_0x59863626c920, L_0x71dfbb7bd090, C4<11111111111111111111111111111111>, C4<11111111111111111111111111111111>;
L_0x71dfbb7bd120 .functor BUFT 1, C4<11111111111111111111111111111111>, C4<0>, C4<0>, C4<0>;
L_0x59863629dc70 .functor AND 32, L_0x59863626c920, L_0x71dfbb7bd120, C4<11111111111111111111111111111111>, C4<11111111111111111111111111111111>;
L_0x59863629efd0 .functor OR 1, L_0x59863629db30, L_0x59863629ee90, C4<0>, C4<0>;
L_0x71dfbb7bd1b0 .functor BUFT 1, C4<11001111111111111111111111111111>, C4<0>, C4<0>, C4<0>;
L_0x59863629f0e0 .functor AND 32, L_0x59863626c920, L_0x71dfbb7bd1b0, C4<11111111111111111111111111111111>, C4<11111111111111111111111111111111>;
L_0x59863629f2e0 .functor OR 1, L_0x59863629efd0, L_0x59863629f1a0, C4<0>, C4<0>;
L_0x71dfbb7bd240 .functor BUFT 1, C4<00000000000000000111000001111111>, C4<0>, C4<0>, C4<0>;
L_0x59863629f3f0 .functor AND 32, L_0x59863626c920, L_0x71dfbb7bd240, C4<11111111111111111111111111111111>, C4<11111111111111111111111111111111>;
L_0x59863629e9b0 .functor OR 1, L_0x59863629f2e0, L_0x59863629f4b0, C4<0>, C4<0>;
L_0x71dfbb7bd2d0 .functor BUFT 1, C4<00000000000000000111000001111111>, C4<0>, C4<0>, C4<0>;
L_0x59863629eac0 .functor AND 32, L_0x59863626c920, L_0x71dfbb7bd2d0, C4<11111111111111111111111111111111>, C4<11111111111111111111111111111111>;
L_0x59863629ecc0 .functor OR 1, L_0x59863629e9b0, L_0x59863629eb80, C4<0>, C4<0>;
L_0x71dfbb7bd360 .functor BUFT 1, C4<00000000000000000111000001111111>, C4<0>, C4<0>, C4<0>;
L_0x59863629edd0 .functor AND 32, L_0x59863626c920, L_0x71dfbb7bd360, C4<11111111111111111111111111111111>, C4<11111111111111111111111111111111>;
L_0x5986362a0140 .functor OR 1, L_0x59863629ecc0, L_0x59863629faf0, C4<0>, C4<0>;
L_0x71dfbb7bd3f0 .functor BUFT 1, C4<00000000000000000111000001111111>, C4<0>, C4<0>, C4<0>;
L_0x5986362a0250 .functor AND 32, L_0x59863626c920, L_0x71dfbb7bd3f0, C4<11111111111111111111111111111111>, C4<11111111111111111111111111111111>;
L_0x59863629f730 .functor OR 1, L_0x5986362a0140, L_0x59863629f5f0, C4<0>, C4<0>;
L_0x71dfbb7bd480 .functor BUFT 1, C4<00000000000000000111000001111111>, C4<0>, C4<0>, C4<0>;
L_0x59863629f840 .functor AND 32, L_0x59863626c920, L_0x71dfbb7bd480, C4<11111111111111111111111111111111>, C4<11111111111111111111111111111111>;
L_0x59863629fa40 .functor OR 1, L_0x59863629f730, L_0x59863629f900, C4<0>, C4<0>;
L_0x71dfbb7bd510 .functor BUFT 1, C4<00000000000000000111000001111111>, C4<0>, C4<0>, C4<0>;
L_0x59863629fcd0 .functor AND 32, L_0x59863626c920, L_0x71dfbb7bd510, C4<11111111111111111111111111111111>, C4<11111111111111111111111111111111>;
L_0x59863629fed0 .functor OR 1, L_0x59863629fa40, L_0x59863629fd90, C4<0>, C4<0>;
L_0x71dfbb7bd5a0 .functor BUFT 1, C4<11111111111111111000111111111111>, C4<0>, C4<0>, C4<0>;
L_0x59863629ffe0 .functor AND 32, L_0x59863626c920, L_0x71dfbb7bd5a0, C4<11111111111111111111111111111111>, C4<11111111111111111111111111111111>;
L_0x5986362a08e0 .functor OR 1, L_0x59863629fed0, L_0x5986362a00a0, C4<0>, C4<0>;
L_0x71dfbb7bd630 .functor BUFT 1, C4<00000000000000000111000001111111>, C4<0>, C4<0>, C4<0>;
L_0x5986362a09f0 .functor AND 32, L_0x59863626c920, L_0x71dfbb7bd630, C4<11111111111111111111111111111111>, C4<11111111111111111111111111111111>;
L_0x5986362a0bf0 .functor OR 1, L_0x5986362a08e0, L_0x5986362a0ab0, C4<0>, C4<0>;
L_0x71dfbb7bd6c0 .functor BUFT 1, C4<00000000000000000111000001111111>, C4<0>, C4<0>, C4<0>;
L_0x5986362a0d00 .functor AND 32, L_0x59863626c920, L_0x71dfbb7bd6c0, C4<11111111111111111111111111111111>, C4<11111111111111111111111111111111>;
L_0x5986362a0f00 .functor OR 1, L_0x5986362a0bf0, L_0x5986362a0dc0, C4<0>, C4<0>;
L_0x71dfbb7bd750 .functor BUFT 1, C4<11111110000000000111111111111111>, C4<0>, C4<0>, C4<0>;
L_0x5986362a1010 .functor AND 32, L_0x59863626c920, L_0x71dfbb7bd750, C4<11111111111111111111111111111111>, C4<11111111111111111111111111111111>;
L_0x5986362a1210 .functor OR 1, L_0x5986362a0f00, L_0x5986362a10d0, C4<0>, C4<0>;
L_0x5986362a1320 .functor OR 1, L_0x5986362a1210, L_0x598636285ca0, C4<0>, C4<0>;
L_0x5986362a13e0 .functor OR 1, L_0x5986362a1320, L_0x5986362a16a0, C4<0>, C4<0>;
L_0x71dfbb7bd7e0 .functor BUFT 1, C4<11111110000000000111000001111111>, C4<0>, C4<0>, C4<0>;
L_0x5986362a14a0 .functor AND 32, L_0x59863626c920, L_0x71dfbb7bd7e0, C4<11111111111111111111111111111111>, C4<11111111111111111111111111111111>;
L_0x5986362a03b0 .functor AND 1, L_0x71dfbb7c3930, L_0x5986362a1560, C4<1>, C4<1>;
L_0x71dfbb7bd870 .functor BUFT 1, C4<11111110000000000111000001111111>, C4<0>, C4<0>, C4<0>;
L_0x5986362a0470 .functor AND 32, L_0x59863626c920, L_0x71dfbb7bd870, C4<11111111111111111111111111111111>, C4<11111111111111111111111111111111>;
L_0x5986362a0670 .functor AND 1, L_0x71dfbb7c3930, L_0x5986362a0530, C4<1>, C4<1>;
L_0x71dfbb7bd900 .functor BUFT 1, C4<11111110000000000111000001111111>, C4<0>, C4<0>, C4<0>;
L_0x5986362a0730 .functor AND 32, L_0x59863626c920, L_0x71dfbb7bd900, C4<11111111111111111111111111111111>, C4<11111111111111111111111111111111>;
L_0x5986362a21a0 .functor AND 1, L_0x71dfbb7c3930, L_0x5986362a07f0, C4<1>, C4<1>;
v0x598636126120_0 .net/2u *"_ivl_0", 31 0, L_0x71dfbb7b79f0;  1 drivers
v0x598636126200_0 .net *"_ivl_10", 31 0, L_0x59863626e2b0;  1 drivers
v0x5986361251e0_0 .net *"_ivl_100", 31 0, L_0x598636270320;  1 drivers
v0x5986361252d0_0 .net *"_ivl_1000", 0 0, L_0x59863628f4b0;  1 drivers
v0x598636124e60_0 .net *"_ivl_1003", 0 0, L_0x59863628f5f0;  1 drivers
v0x598636124f50_0 .net/2u *"_ivl_1004", 31 0, L_0x71dfbb7bb110;  1 drivers
v0x598636124ae0_0 .net *"_ivl_1006", 31 0, L_0x59863628fa50;  1 drivers
L_0x71dfbb7bb158 .functor BUFT 1, C4<00000010000000000111000000110011>, C4<0>, C4<0>, C4<0>;
v0x598636124bc0_0 .net/2u *"_ivl_1008", 31 0, L_0x71dfbb7bb158;  1 drivers
v0x598636124760_0 .net *"_ivl_1010", 0 0, L_0x59863628fb10;  1 drivers
v0x598636124820_0 .net *"_ivl_1013", 0 0, L_0x59863628fc50;  1 drivers
v0x5986361243e0_0 .net/2u *"_ivl_1014", 31 0, L_0x71dfbb7bb1a0;  1 drivers
v0x5986361244c0_0 .net *"_ivl_1016", 31 0, L_0x59863628fd60;  1 drivers
L_0x71dfbb7bb1e8 .functor BUFT 1, C4<00001000000000000000000000001011>, C4<0>, C4<0>, C4<0>;
v0x598636124060_0 .net/2u *"_ivl_1018", 31 0, L_0x71dfbb7bb1e8;  1 drivers
L_0x71dfbb7b7fd8 .functor BUFT 1, C4<00000000000000000000000000010111>, C4<0>, C4<0>, C4<0>;
v0x598636124140_0 .net/2u *"_ivl_102", 31 0, L_0x71dfbb7b7fd8;  1 drivers
v0x598636123ce0_0 .net *"_ivl_1020", 0 0, L_0x59863628fe20;  1 drivers
v0x598636123da0_0 .net *"_ivl_1023", 0 0, L_0x59863628ff60;  1 drivers
v0x598636123560_0 .net/2u *"_ivl_1024", 31 0, L_0x71dfbb7bb230;  1 drivers
v0x598636123640_0 .net *"_ivl_1026", 31 0, L_0x5986362903f0;  1 drivers
L_0x71dfbb7bb278 .functor BUFT 1, C4<00000010000000000001000000001011>, C4<0>, C4<0>, C4<0>;
v0x5986361231e0_0 .net/2u *"_ivl_1028", 31 0, L_0x71dfbb7bb278;  1 drivers
v0x5986361232c0_0 .net *"_ivl_1030", 0 0, L_0x5986362904b0;  1 drivers
v0x598636122e60_0 .net *"_ivl_1033", 0 0, L_0x5986362905f0;  1 drivers
v0x598636122f00_0 .net/2u *"_ivl_1034", 31 0, L_0x71dfbb7bb2c0;  1 drivers
v0x598636122ae0_0 .net *"_ivl_1036", 31 0, L_0x598636290700;  1 drivers
L_0x71dfbb7bb308 .functor BUFT 1, C4<00000000000000000001000001110011>, C4<0>, C4<0>, C4<0>;
v0x598636122bc0_0 .net/2u *"_ivl_1038", 31 0, L_0x71dfbb7bb308;  1 drivers
v0x598636122760_0 .net *"_ivl_104", 0 0, L_0x598636270080;  1 drivers
v0x598636122820_0 .net *"_ivl_1040", 0 0, L_0x5986362907c0;  1 drivers
v0x5986361223e0_0 .net *"_ivl_1043", 0 0, L_0x598636290900;  1 drivers
v0x5986361224a0_0 .net/2u *"_ivl_1044", 31 0, L_0x71dfbb7bb350;  1 drivers
v0x598636122060_0 .net *"_ivl_1046", 31 0, L_0x598636290a10;  1 drivers
L_0x71dfbb7bb398 .functor BUFT 1, C4<00000000000000000010000001110011>, C4<0>, C4<0>, C4<0>;
v0x598636122120_0 .net/2u *"_ivl_1048", 31 0, L_0x71dfbb7bb398;  1 drivers
v0x5986361210b0_0 .net *"_ivl_1050", 0 0, L_0x598636290dc0;  1 drivers
v0x598636121170_0 .net *"_ivl_1053", 0 0, L_0x598636290f00;  1 drivers
v0x598636120d30_0 .net/2u *"_ivl_1054", 31 0, L_0x71dfbb7bb3e0;  1 drivers
v0x598635a168d0_0 .net *"_ivl_1056", 31 0, L_0x598636291010;  1 drivers
L_0x71dfbb7bb428 .functor BUFT 1, C4<00000000000000000011000001110011>, C4<0>, C4<0>, C4<0>;
v0x598635a169b0_0 .net/2u *"_ivl_1058", 31 0, L_0x71dfbb7bb428;  1 drivers
v0x598635a16a90_0 .net *"_ivl_1060", 0 0, L_0x5986362910d0;  1 drivers
v0x598636120dd0_0 .net *"_ivl_1063", 0 0, L_0x598636291210;  1 drivers
v0x5986361209b0_0 .net/2u *"_ivl_1064", 31 0, L_0x71dfbb7bb470;  1 drivers
v0x598636120a90_0 .net *"_ivl_1066", 31 0, L_0x598636291320;  1 drivers
L_0x71dfbb7bb4b8 .functor BUFT 1, C4<00000000000000000101000001110011>, C4<0>, C4<0>, C4<0>;
v0x598636120630_0 .net/2u *"_ivl_1068", 31 0, L_0x71dfbb7bb4b8;  1 drivers
v0x5986361206f0_0 .net *"_ivl_107", 0 0, L_0x598636270530;  1 drivers
v0x5986361202b0_0 .net *"_ivl_1070", 0 0, L_0x5986362913e0;  1 drivers
v0x598636120370_0 .net *"_ivl_1073", 0 0, L_0x598636291810;  1 drivers
v0x59863611ff30_0 .net/2u *"_ivl_1074", 31 0, L_0x71dfbb7bb500;  1 drivers
v0x598636120010_0 .net *"_ivl_1076", 31 0, L_0x598636291920;  1 drivers
L_0x71dfbb7bb548 .functor BUFT 1, C4<00000000000000000110000001110011>, C4<0>, C4<0>, C4<0>;
v0x59863611fbb0_0 .net/2u *"_ivl_1078", 31 0, L_0x71dfbb7bb548;  1 drivers
v0x59863611fc90_0 .net/2u *"_ivl_108", 31 0, L_0x71dfbb7b8020;  1 drivers
v0x59863611aea0_0 .net *"_ivl_1080", 0 0, L_0x5986362919e0;  1 drivers
v0x59863611af60_0 .net *"_ivl_1083", 0 0, L_0x5986362928f0;  1 drivers
v0x59863611aaf0_0 .net/2u *"_ivl_1084", 31 0, L_0x71dfbb7bb590;  1 drivers
v0x59863611abd0_0 .net *"_ivl_1086", 31 0, L_0x5986362921f0;  1 drivers
L_0x71dfbb7bb5d8 .functor BUFT 1, C4<00000000000000000111000001110011>, C4<0>, C4<0>, C4<0>;
v0x5986360ef3c0_0 .net/2u *"_ivl_1088", 31 0, L_0x71dfbb7bb5d8;  1 drivers
v0x5986360ef4a0_0 .net *"_ivl_1090", 0 0, L_0x5986362922b0;  1 drivers
v0x5986360ece30_0 .net *"_ivl_1093", 0 0, L_0x5986362923f0;  1 drivers
v0x5986360eced0_0 .net/2u *"_ivl_1094", 31 0, L_0x71dfbb7bb620;  1 drivers
v0x5986360e1ce0_0 .net *"_ivl_1096", 31 0, L_0x598636292500;  1 drivers
L_0x71dfbb7bb668 .functor BUFT 1, C4<00000010000000000000000000001011>, C4<0>, C4<0>, C4<0>;
v0x5986360e1dc0_0 .net/2u *"_ivl_1098", 31 0, L_0x71dfbb7bb668;  1 drivers
v0x5986360f7ce0_0 .net *"_ivl_110", 31 0, L_0x598636270640;  1 drivers
v0x5986360f7dc0_0 .net *"_ivl_1100", 0 0, L_0x5986362925c0;  1 drivers
v0x5986360ff380_0 .net *"_ivl_1103", 0 0, L_0x598636292700;  1 drivers
v0x5986360ff420_0 .net/2u *"_ivl_1106", 31 0, L_0x71dfbb7bb6b0;  1 drivers
v0x5986360f7900_0 .net *"_ivl_1108", 31 0, L_0x598636293130;  1 drivers
L_0x71dfbb7bb6f8 .functor BUFT 1, C4<00000000000000000111000000010011>, C4<0>, C4<0>, C4<0>;
v0x5986360f79e0_0 .net/2u *"_ivl_1110", 31 0, L_0x71dfbb7bb6f8;  1 drivers
v0x5986360fefa0_0 .net *"_ivl_1112", 0 0, L_0x598636292a00;  1 drivers
v0x5986360ff060_0 .net/2u *"_ivl_1114", 31 0, L_0x71dfbb7bb740;  1 drivers
v0x598635a29c40_0 .net *"_ivl_1116", 31 0, L_0x598636292b40;  1 drivers
L_0x71dfbb7bb788 .functor BUFT 1, C4<00000000000000000000000000010011>, C4<0>, C4<0>, C4<0>;
v0x5986360febc0_0 .net/2u *"_ivl_1118", 31 0, L_0x71dfbb7bb788;  1 drivers
L_0x71dfbb7b8068 .functor BUFT 1, C4<00000000000000000000000000110011>, C4<0>, C4<0>, C4<0>;
v0x5986360feca0_0 .net/2u *"_ivl_112", 31 0, L_0x71dfbb7b8068;  1 drivers
v0x5986360fe7e0_0 .net *"_ivl_1120", 0 0, L_0x598636292c00;  1 drivers
v0x5986360fe880_0 .net *"_ivl_1123", 0 0, L_0x598636292d40;  1 drivers
v0x5986360fe400_0 .net/2u *"_ivl_1124", 31 0, L_0x71dfbb7bb7d0;  1 drivers
v0x5986360fe4e0_0 .net *"_ivl_1126", 31 0, L_0x598636292e50;  1 drivers
L_0x71dfbb7bb818 .functor BUFT 1, C4<00000000000000000010000000010011>, C4<0>, C4<0>, C4<0>;
v0x5986360fe020_0 .net/2u *"_ivl_1128", 31 0, L_0x71dfbb7bb818;  1 drivers
v0x5986360fe100_0 .net *"_ivl_1130", 0 0, L_0x598636292f10;  1 drivers
v0x5986360fdc40_0 .net *"_ivl_1133", 0 0, L_0x598636293050;  1 drivers
v0x5986360fdd00_0 .net/2u *"_ivl_1134", 31 0, L_0x71dfbb7bb860;  1 drivers
v0x5986360fd860_0 .net *"_ivl_1136", 31 0, L_0x5986362931f0;  1 drivers
L_0x71dfbb7bb8a8 .functor BUFT 1, C4<00000000000000000011000000010011>, C4<0>, C4<0>, C4<0>;
v0x5986360fd920_0 .net/2u *"_ivl_1138", 31 0, L_0x71dfbb7bb8a8;  1 drivers
v0x5986360fd480_0 .net *"_ivl_114", 0 0, L_0x5986362707c0;  1 drivers
v0x5986360fd540_0 .net *"_ivl_1140", 0 0, L_0x5986362932b0;  1 drivers
v0x5986360fd0a0_0 .net *"_ivl_1143", 0 0, L_0x598636293780;  1 drivers
v0x5986360fd160_0 .net/2u *"_ivl_1144", 31 0, L_0x71dfbb7bb8f0;  1 drivers
v0x5986360fccc0_0 .net *"_ivl_1146", 31 0, L_0x598636293890;  1 drivers
L_0x71dfbb7bb938 .functor BUFT 1, C4<00000000000000000110000000010011>, C4<0>, C4<0>, C4<0>;
v0x5986360fcda0_0 .net/2u *"_ivl_1148", 31 0, L_0x71dfbb7bb938;  1 drivers
v0x5986360f7520_0 .net *"_ivl_1150", 0 0, L_0x598636294950;  1 drivers
v0x5986360f75e0_0 .net *"_ivl_1153", 0 0, L_0x598636294a90;  1 drivers
v0x5986360fc8e0_0 .net/2u *"_ivl_1154", 31 0, L_0x71dfbb7bb980;  1 drivers
v0x5986360fc9c0_0 .net *"_ivl_1156", 31 0, L_0x59863627c7f0;  1 drivers
L_0x71dfbb7bb9c8 .functor BUFT 1, C4<00000000000000000100000000010011>, C4<0>, C4<0>, C4<0>;
v0x5986360fc500_0 .net/2u *"_ivl_1158", 31 0, L_0x71dfbb7bb9c8;  1 drivers
v0x5986360fc5e0_0 .net *"_ivl_1160", 0 0, L_0x59863627c8b0;  1 drivers
v0x5986360fc120_0 .net *"_ivl_1163", 0 0, L_0x59863627cd90;  1 drivers
v0x5986360fc1c0_0 .net/2u *"_ivl_1164", 31 0, L_0x71dfbb7bba10;  1 drivers
v0x5986360fbd40_0 .net *"_ivl_1166", 31 0, L_0x59863627cea0;  1 drivers
L_0x71dfbb7bba58 .functor BUFT 1, C4<00000000000000000001000000010011>, C4<0>, C4<0>, C4<0>;
v0x5986360fbe20_0 .net/2u *"_ivl_1168", 31 0, L_0x71dfbb7bba58;  1 drivers
v0x5986360fb960_0 .net *"_ivl_117", 0 0, L_0x598636270970;  1 drivers
v0x5986360fba20_0 .net *"_ivl_1170", 0 0, L_0x598636295330;  1 drivers
v0x5986360fb580_0 .net *"_ivl_1173", 0 0, L_0x598636295470;  1 drivers
v0x5986360fb640_0 .net/2u *"_ivl_1174", 31 0, L_0x71dfbb7bbaa0;  1 drivers
v0x5986360fb1a0_0 .net *"_ivl_1176", 31 0, L_0x598636294ba0;  1 drivers
L_0x71dfbb7bbae8 .functor BUFT 1, C4<00000000000000000101000000010011>, C4<0>, C4<0>, C4<0>;
v0x5986360fb260_0 .net/2u *"_ivl_1178", 31 0, L_0x71dfbb7bbae8;  1 drivers
v0x5986360fadc0_0 .net/2u *"_ivl_118", 31 0, L_0x71dfbb7b80b0;  1 drivers
v0x5986360faea0_0 .net *"_ivl_1180", 0 0, L_0x598636294c60;  1 drivers
v0x5986360fa9e0_0 .net *"_ivl_1183", 0 0, L_0x598636295150;  1 drivers
v0x5986360faaa0_0 .net/2u *"_ivl_1184", 31 0, L_0x71dfbb7bbb30;  1 drivers
v0x5986360fa600_0 .net *"_ivl_1186", 31 0, L_0x598636295260;  1 drivers
L_0x71dfbb7bbb78 .functor BUFT 1, C4<01000000000000000101000000010011>, C4<0>, C4<0>, C4<0>;
v0x5986360fa6c0_0 .net/2u *"_ivl_1188", 31 0, L_0x71dfbb7bbb78;  1 drivers
v0x5986360f7140_0 .net *"_ivl_1190", 0 0, L_0x598636295d30;  1 drivers
v0x5986360f7200_0 .net *"_ivl_1193", 0 0, L_0x598636295e70;  1 drivers
v0x5986360fa220_0 .net/2u *"_ivl_1194", 31 0, L_0x71dfbb7bbbc0;  1 drivers
v0x5986360fa300_0 .net *"_ivl_1196", 31 0, L_0x598636295580;  1 drivers
L_0x71dfbb7bbc08 .functor BUFT 1, C4<00000000000000000000000000110111>, C4<0>, C4<0>, C4<0>;
v0x5986360f9e40_0 .net/2u *"_ivl_1198", 31 0, L_0x71dfbb7bbc08;  1 drivers
L_0x71dfbb7b7ac8 .functor BUFT 1, C4<00000000000000000000000000010011>, C4<0>, C4<0>, C4<0>;
v0x5986360f9f00_0 .net/2u *"_ivl_12", 31 0, L_0x71dfbb7b7ac8;  1 drivers
v0x5986360f9ac0_0 .net *"_ivl_120", 31 0, L_0x598636270a80;  1 drivers
v0x5986360f9ba0_0 .net *"_ivl_1200", 0 0, L_0x598636295640;  1 drivers
v0x5986360f9740_0 .net *"_ivl_1203", 0 0, L_0x598636295b40;  1 drivers
v0x5986360f9800_0 .net/2u *"_ivl_1204", 31 0, L_0x71dfbb7bbc50;  1 drivers
v0x5986360f93c0_0 .net *"_ivl_1206", 31 0, L_0x598636295c50;  1 drivers
L_0x71dfbb7bbc98 .functor BUFT 1, C4<00000000000000000000000000010111>, C4<0>, C4<0>, C4<0>;
v0x5986360f9480_0 .net/2u *"_ivl_1208", 31 0, L_0x71dfbb7bbc98;  1 drivers
v0x5986360f9040_0 .net *"_ivl_1210", 0 0, L_0x598636296750;  1 drivers
v0x5986360f9100_0 .net *"_ivl_1213", 0 0, L_0x598636296840;  1 drivers
v0x5986360f8c60_0 .net/2u *"_ivl_1214", 31 0, L_0x71dfbb7bbce0;  1 drivers
v0x5986360f8d40_0 .net *"_ivl_1216", 31 0, L_0x598636295f80;  1 drivers
L_0x71dfbb7bbd28 .functor BUFT 1, C4<00000000000000000000000000110011>, C4<0>, C4<0>, C4<0>;
v0x5986360f8880_0 .net/2u *"_ivl_1218", 31 0, L_0x71dfbb7bbd28;  1 drivers
L_0x71dfbb7b80f8 .functor BUFT 1, C4<01000000000000000000000000110011>, C4<0>, C4<0>, C4<0>;
v0x5986360f8940_0 .net/2u *"_ivl_122", 31 0, L_0x71dfbb7b80f8;  1 drivers
v0x5986360f84a0_0 .net *"_ivl_1220", 0 0, L_0x598636296040;  1 drivers
v0x5986360f8560_0 .net *"_ivl_1223", 0 0, L_0x598636296550;  1 drivers
v0x5986360f80c0_0 .net/2u *"_ivl_1224", 31 0, L_0x71dfbb7bbd70;  1 drivers
v0x5986360f81a0_0 .net *"_ivl_1226", 31 0, L_0x598636296660;  1 drivers
L_0x71dfbb7bbdb8 .functor BUFT 1, C4<01000000000000000000000000110011>, C4<0>, C4<0>, C4<0>;
v0x5986360c0cf0_0 .net/2u *"_ivl_1228", 31 0, L_0x71dfbb7bbdb8;  1 drivers
v0x5986360c0d90_0 .net *"_ivl_1230", 0 0, L_0x598636297140;  1 drivers
v0x5986360bcaa0_0 .net *"_ivl_1233", 0 0, L_0x598636297230;  1 drivers
v0x5986360bcb60_0 .net/2u *"_ivl_1234", 31 0, L_0x71dfbb7bbe00;  1 drivers
v0x5986360bc6c0_0 .net *"_ivl_1236", 31 0, L_0x598636296950;  1 drivers
L_0x71dfbb7bbe48 .functor BUFT 1, C4<00000000000000000010000000110011>, C4<0>, C4<0>, C4<0>;
v0x5986360bc7a0_0 .net/2u *"_ivl_1238", 31 0, L_0x71dfbb7bbe48;  1 drivers
v0x5986360bc2e0_0 .net *"_ivl_124", 0 0, L_0x598636270c10;  1 drivers
v0x5986360bc380_0 .net *"_ivl_1240", 0 0, L_0x598636296a10;  1 drivers
v0x5986360bbff0_0 .net *"_ivl_1243", 0 0, L_0x598636296f30;  1 drivers
v0x5986360bc0b0_0 .net/2u *"_ivl_1244", 31 0, L_0x71dfbb7bbe90;  1 drivers
v0x5986360cbc20_0 .net *"_ivl_1246", 31 0, L_0x598636297040;  1 drivers
L_0x71dfbb7bbed8 .functor BUFT 1, C4<00000000000000000011000000110011>, C4<0>, C4<0>, C4<0>;
v0x5986360cbd00_0 .net/2u *"_ivl_1248", 31 0, L_0x71dfbb7bbed8;  1 drivers
v0x5986360cb2e0_0 .net *"_ivl_1250", 0 0, L_0x598636297340;  1 drivers
v0x5986360cb3a0_0 .net *"_ivl_1253", 0 0, L_0x598636297480;  1 drivers
v0x5986360caf00_0 .net/2u *"_ivl_1254", 31 0, L_0x71dfbb7bbf20;  1 drivers
v0x5986360cafe0_0 .net *"_ivl_1256", 31 0, L_0x598636297590;  1 drivers
L_0x71dfbb7bbf68 .functor BUFT 1, C4<00000000000000000100000000110011>, C4<0>, C4<0>, C4<0>;
v0x5986360cab20_0 .net/2u *"_ivl_1258", 31 0, L_0x71dfbb7bbf68;  1 drivers
v0x5986360cac00_0 .net *"_ivl_1260", 0 0, L_0x598636297650;  1 drivers
v0x5986360ca740_0 .net *"_ivl_1263", 0 0, L_0x598636282d30;  1 drivers
v0x5986360ca800_0 .net/2u *"_ivl_1264", 31 0, L_0x71dfbb7bbfb0;  1 drivers
v0x5986360ca360_0 .net *"_ivl_1266", 31 0, L_0x598636282e40;  1 drivers
L_0x71dfbb7bbff8 .functor BUFT 1, C4<00000000000000000110000000110011>, C4<0>, C4<0>, C4<0>;
v0x5986360ca440_0 .net/2u *"_ivl_1268", 31 0, L_0x71dfbb7bbff8;  1 drivers
v0x5986360c9fe0_0 .net *"_ivl_127", 0 0, L_0x598636270d50;  1 drivers
v0x5986360ca0a0_0 .net *"_ivl_1270", 0 0, L_0x598636282f00;  1 drivers
v0x5986360c9c90_0 .net *"_ivl_1273", 0 0, L_0x598636283040;  1 drivers
v0x5986360c9d50_0 .net/2u *"_ivl_1274", 31 0, L_0x71dfbb7bc040;  1 drivers
v0x5986360969b0_0 .net *"_ivl_1276", 31 0, L_0x598636297790;  1 drivers
L_0x71dfbb7bc088 .functor BUFT 1, C4<00000000000000000111000000110011>, C4<0>, C4<0>, C4<0>;
v0x598636096a90_0 .net/2u *"_ivl_1278", 31 0, L_0x71dfbb7bc088;  1 drivers
v0x598636092760_0 .net/2u *"_ivl_128", 31 0, L_0x71dfbb7b8140;  1 drivers
v0x598636092820_0 .net *"_ivl_1280", 0 0, L_0x598636297850;  1 drivers
v0x598636092380_0 .net *"_ivl_1283", 0 0, L_0x598636297990;  1 drivers
v0x598636092440_0 .net/2u *"_ivl_1284", 31 0, L_0x71dfbb7bc0d0;  1 drivers
v0x598636091fa0_0 .net *"_ivl_1286", 31 0, L_0x598636297aa0;  1 drivers
L_0x71dfbb7bc118 .functor BUFT 1, C4<00000000000000000001000000110011>, C4<0>, C4<0>, C4<0>;
v0x598636092080_0 .net/2u *"_ivl_1288", 31 0, L_0x71dfbb7bc118;  1 drivers
v0x598636091cb0_0 .net *"_ivl_1290", 0 0, L_0x598636298ba0;  1 drivers
v0x598636091d50_0 .net *"_ivl_1293", 0 0, L_0x598636298ce0;  1 drivers
v0x5986360a18e0_0 .net/2u *"_ivl_1294", 31 0, L_0x71dfbb7bc160;  1 drivers
v0x5986360a19c0_0 .net *"_ivl_1296", 31 0, L_0x598636298df0;  1 drivers
L_0x71dfbb7bc1a8 .functor BUFT 1, C4<00000000000000000101000000110011>, C4<0>, C4<0>, C4<0>;
v0x5986360a0fa0_0 .net/2u *"_ivl_1298", 31 0, L_0x71dfbb7bc1a8;  1 drivers
v0x5986360a1080_0 .net *"_ivl_130", 31 0, L_0x598636270e60;  1 drivers
v0x5986360a0bc0_0 .net *"_ivl_1300", 0 0, L_0x598636298eb0;  1 drivers
v0x5986360a0c60_0 .net *"_ivl_1303", 0 0, L_0x598636298ff0;  1 drivers
v0x5986360a07e0_0 .net/2u *"_ivl_1304", 31 0, L_0x71dfbb7bc1f0;  1 drivers
v0x5986360a08c0_0 .net *"_ivl_1306", 31 0, L_0x598636299100;  1 drivers
L_0x71dfbb7bc238 .functor BUFT 1, C4<01000000000000000101000000110011>, C4<0>, C4<0>, C4<0>;
v0x5986360a0400_0 .net/2u *"_ivl_1308", 31 0, L_0x71dfbb7bc238;  1 drivers
v0x5986360a04e0_0 .net *"_ivl_1310", 0 0, L_0x5986362991c0;  1 drivers
v0x5986360a0020_0 .net/2u *"_ivl_1314", 31 0, L_0x71dfbb7bc280;  1 drivers
v0x5986360a0100_0 .net *"_ivl_1316", 31 0, L_0x598636299830;  1 drivers
L_0x71dfbb7bc2c8 .functor BUFT 1, C4<00000000000000000000000000000011>, C4<0>, C4<0>, C4<0>;
v0x59863609fca0_0 .net/2u *"_ivl_1318", 31 0, L_0x71dfbb7bc2c8;  1 drivers
L_0x71dfbb7b8188 .functor BUFT 1, C4<00000000000000000010000000110011>, C4<0>, C4<0>, C4<0>;
v0x59863609fd80_0 .net/2u *"_ivl_132", 31 0, L_0x71dfbb7b8188;  1 drivers
v0x59863609f950_0 .net *"_ivl_1320", 0 0, L_0x5986362998f0;  1 drivers
v0x59863609fa10_0 .net/2u *"_ivl_1322", 31 0, L_0x71dfbb7bc310;  1 drivers
v0x598635cdc370_0 .net *"_ivl_1324", 31 0, L_0x598636299e50;  1 drivers
L_0x71dfbb7bc358 .functor BUFT 1, C4<00000000000000000001000000000011>, C4<0>, C4<0>, C4<0>;
v0x598635cdc430_0 .net/2u *"_ivl_1326", 31 0, L_0x71dfbb7bc358;  1 drivers
v0x598635da46c0_0 .net *"_ivl_1328", 0 0, L_0x598636299f10;  1 drivers
v0x598635da4780_0 .net *"_ivl_1331", 0 0, L_0x59863629ad30;  1 drivers
v0x598635da43a0_0 .net/2u *"_ivl_1332", 31 0, L_0x71dfbb7bc3a0;  1 drivers
v0x598635da4480_0 .net *"_ivl_1334", 31 0, L_0x59863629ae40;  1 drivers
L_0x71dfbb7bc3e8 .functor BUFT 1, C4<00000000000000000010000000000011>, C4<0>, C4<0>, C4<0>;
v0x598635d97d40_0 .net/2u *"_ivl_1336", 31 0, L_0x71dfbb7bc3e8;  1 drivers
v0x598635d97e00_0 .net *"_ivl_1338", 0 0, L_0x59863629a400;  1 drivers
v0x598635fa1fa0_0 .net *"_ivl_134", 0 0, L_0x598636271000;  1 drivers
v0x598635fa2060_0 .net *"_ivl_1341", 0 0, L_0x59863629a970;  1 drivers
v0x598635f9c6e0_0 .net/2u *"_ivl_1342", 31 0, L_0x71dfbb7bc430;  1 drivers
v0x598635f9c7c0_0 .net *"_ivl_1344", 31 0, L_0x59863629aa80;  1 drivers
L_0x71dfbb7bc478 .functor BUFT 1, C4<00000000000000000100000000000011>, C4<0>, C4<0>, C4<0>;
v0x598635f99cd0_0 .net/2u *"_ivl_1346", 31 0, L_0x71dfbb7bc478;  1 drivers
v0x598635f99db0_0 .net *"_ivl_1348", 0 0, L_0x59863629ab40;  1 drivers
v0x598635dc9260_0 .net *"_ivl_1351", 0 0, L_0x598636299a30;  1 drivers
v0x598635dc9300_0 .net/2u *"_ivl_1352", 31 0, L_0x71dfbb7bc4c0;  1 drivers
v0x598635dc8410_0 .net *"_ivl_1354", 31 0, L_0x598636299b40;  1 drivers
L_0x71dfbb7bc508 .functor BUFT 1, C4<00000000000000000101000000000011>, C4<0>, C4<0>, C4<0>;
v0x598635dc84f0_0 .net/2u *"_ivl_1356", 31 0, L_0x71dfbb7bc508;  1 drivers
v0x598635dcabd0_0 .net *"_ivl_1358", 0 0, L_0x598636299c00;  1 drivers
v0x598635dcac90_0 .net *"_ivl_1361", 0 0, L_0x598636299d40;  1 drivers
v0x598635dc9f00_0 .net/2u *"_ivl_1362", 31 0, L_0x71dfbb7bc550;  1 drivers
v0x598635dc9fe0_0 .net *"_ivl_1364", 31 0, L_0x59863629a540;  1 drivers
L_0x71dfbb7bc598 .functor BUFT 1, C4<00000000000000000110000000000011>, C4<0>, C4<0>, C4<0>;
v0x598635f0d010_0 .net/2u *"_ivl_1366", 31 0, L_0x71dfbb7bc598;  1 drivers
v0x598635f0d0f0_0 .net *"_ivl_1368", 0 0, L_0x59863629a600;  1 drivers
v0x598635e22c50_0 .net *"_ivl_137", 0 0, L_0x598636270900;  1 drivers
v0x598635e22d10_0 .net *"_ivl_1371", 0 0, L_0x59863629a6f0;  1 drivers
v0x59863616bac0_0 .net/2u *"_ivl_1372", 31 0, L_0x71dfbb7bc5e0;  1 drivers
v0x59863616bba0_0 .net *"_ivl_1374", 31 0, L_0x59863629a800;  1 drivers
L_0x71dfbb7bc628 .functor BUFT 1, C4<00000000000000000000000000100011>, C4<0>, C4<0>, C4<0>;
v0x59863616b6e0_0 .net/2u *"_ivl_1376", 31 0, L_0x71dfbb7bc628;  1 drivers
v0x59863616b7a0_0 .net *"_ivl_1378", 0 0, L_0x59863629a8c0;  1 drivers
v0x59863616b360_0 .net/2u *"_ivl_138", 31 0, L_0x71dfbb7b81d0;  1 drivers
v0x59863616b440_0 .net *"_ivl_1381", 0 0, L_0x59863629b3f0;  1 drivers
v0x59863616d6c0_0 .net/2u *"_ivl_1382", 31 0, L_0x71dfbb7bc670;  1 drivers
v0x59863616d7a0_0 .net *"_ivl_1384", 31 0, L_0x59863629b500;  1 drivers
L_0x71dfbb7bc6b8 .functor BUFT 1, C4<00000000000000000001000000100011>, C4<0>, C4<0>, C4<0>;
v0x59863616ca40_0 .net/2u *"_ivl_1386", 31 0, L_0x71dfbb7bc6b8;  1 drivers
v0x59863616cb00_0 .net *"_ivl_1388", 0 0, L_0x59863629b5c0;  1 drivers
v0x59863616c660_0 .net *"_ivl_1391", 0 0, L_0x59863629b700;  1 drivers
v0x59863616c720_0 .net/2u *"_ivl_1392", 31 0, L_0x71dfbb7bc700;  1 drivers
v0x59863616c280_0 .net *"_ivl_1394", 31 0, L_0x59863629b810;  1 drivers
L_0x71dfbb7bc748 .functor BUFT 1, C4<00000000000000000010000000100011>, C4<0>, C4<0>, C4<0>;
v0x59863616c360_0 .net/2u *"_ivl_1396", 31 0, L_0x71dfbb7bc748;  1 drivers
v0x59863616bea0_0 .net *"_ivl_1398", 0 0, L_0x59863629b8d0;  1 drivers
v0x59863616bf40_0 .net *"_ivl_14", 0 0, L_0x59863626e430;  1 drivers
v0x59863614c240_0 .net *"_ivl_140", 31 0, L_0x598636271260;  1 drivers
v0x59863614c320_0 .net/2u *"_ivl_1402", 31 0, L_0x71dfbb7bc790;  1 drivers
v0x59863607b880_0 .net *"_ivl_1404", 31 0, L_0x59863629bb20;  1 drivers
L_0x71dfbb7bc7d8 .functor BUFT 1, C4<00000000000000000000000001101111>, C4<0>, C4<0>, C4<0>;
v0x59863607b960_0 .net/2u *"_ivl_1406", 31 0, L_0x71dfbb7bc7d8;  1 drivers
v0x59863607b4a0_0 .net *"_ivl_1408", 0 0, L_0x59863629bbe0;  1 drivers
v0x59863607b540_0 .net/2u *"_ivl_1410", 31 0, L_0x71dfbb7bc820;  1 drivers
v0x598636031ed0_0 .net *"_ivl_1412", 31 0, L_0x59863629bd20;  1 drivers
L_0x71dfbb7bc868 .functor BUFT 1, C4<00000000000000000000000001100111>, C4<0>, C4<0>, C4<0>;
v0x598636031fb0_0 .net/2u *"_ivl_1414", 31 0, L_0x71dfbb7bc868;  1 drivers
v0x598636031b80_0 .net *"_ivl_1416", 0 0, L_0x59863629bde0;  1 drivers
v0x598636031c40_0 .net *"_ivl_1419", 0 0, L_0x59863629afa0;  1 drivers
L_0x71dfbb7b8218 .functor BUFT 1, C4<00000000000000000011000000110011>, C4<0>, C4<0>, C4<0>;
v0x59863602fd30_0 .net/2u *"_ivl_142", 31 0, L_0x71dfbb7b8218;  1 drivers
v0x59863602fe10_0 .net/2u *"_ivl_1420", 31 0, L_0x71dfbb7bc8b0;  1 drivers
v0x59863602f950_0 .net *"_ivl_1422", 31 0, L_0x59863629b0b0;  1 drivers
L_0x71dfbb7bc8f8 .functor BUFT 1, C4<00000000000000000000000001100011>, C4<0>, C4<0>, C4<0>;
v0x59863602fa30_0 .net/2u *"_ivl_1424", 31 0, L_0x71dfbb7bc8f8;  1 drivers
v0x59863602f570_0 .net *"_ivl_1426", 0 0, L_0x59863629b170;  1 drivers
v0x59863602f630_0 .net *"_ivl_1429", 0 0, L_0x59863629b2b0;  1 drivers
v0x5986360101b0_0 .net/2u *"_ivl_1430", 31 0, L_0x71dfbb7bc940;  1 drivers
v0x598636010290_0 .net *"_ivl_1432", 31 0, L_0x59863629c390;  1 drivers
L_0x71dfbb7bc988 .functor BUFT 1, C4<00000000000000000001000001100011>, C4<0>, C4<0>, C4<0>;
v0x59863600e2c0_0 .net/2u *"_ivl_1434", 31 0, L_0x71dfbb7bc988;  1 drivers
v0x59863600e3a0_0 .net *"_ivl_1436", 0 0, L_0x59863629c450;  1 drivers
v0x59863600dee0_0 .net *"_ivl_1439", 0 0, L_0x59863629c590;  1 drivers
v0x59863600dfa0_0 .net *"_ivl_144", 0 0, L_0x598636271410;  1 drivers
v0x59863600db90_0 .net/2u *"_ivl_1440", 31 0, L_0x71dfbb7bc9d0;  1 drivers
v0x59863600dc70_0 .net *"_ivl_1442", 31 0, L_0x59863629c6a0;  1 drivers
L_0x71dfbb7bca18 .functor BUFT 1, C4<00000000000000000100000001100011>, C4<0>, C4<0>, C4<0>;
v0x59863600d840_0 .net/2u *"_ivl_1444", 31 0, L_0x71dfbb7bca18;  1 drivers
v0x59863600d900_0 .net *"_ivl_1446", 0 0, L_0x59863629c760;  1 drivers
v0x59863600b6e0_0 .net *"_ivl_1449", 0 0, L_0x59863629c8a0;  1 drivers
v0x59863600b7a0_0 .net/2u *"_ivl_1450", 31 0, L_0x71dfbb7bca60;  1 drivers
v0x5986360557a0_0 .net *"_ivl_1452", 31 0, L_0x59863629c9b0;  1 drivers
L_0x71dfbb7bcaa8 .functor BUFT 1, C4<00000000000000000101000001100011>, C4<0>, C4<0>, C4<0>;
v0x598636055880_0 .net/2u *"_ivl_1454", 31 0, L_0x71dfbb7bcaa8;  1 drivers
v0x5986360553c0_0 .net *"_ivl_1456", 0 0, L_0x59863629ca70;  1 drivers
v0x598636055460_0 .net *"_ivl_1459", 0 0, L_0x59863629bf20;  1 drivers
v0x59863605cad0_0 .net/2u *"_ivl_1460", 31 0, L_0x71dfbb7bcaf0;  1 drivers
v0x59863605cbb0_0 .net *"_ivl_1462", 31 0, L_0x59863629c030;  1 drivers
L_0x71dfbb7bcb38 .functor BUFT 1, C4<00000000000000000110000001100011>, C4<0>, C4<0>, C4<0>;
v0x598636054fe0_0 .net/2u *"_ivl_1464", 31 0, L_0x71dfbb7bcb38;  1 drivers
v0x598636055080_0 .net *"_ivl_1466", 0 0, L_0x59863629c0f0;  1 drivers
v0x59863605aaf0_0 .net *"_ivl_1469", 0 0, L_0x59863629c230;  1 drivers
v0x59863605abb0_0 .net *"_ivl_147", 0 0, L_0x598636271550;  1 drivers
v0x59863605a680_0 .net/2u *"_ivl_1470", 31 0, L_0x71dfbb7bcb80;  1 drivers
v0x59863605a760_0 .net *"_ivl_1472", 31 0, L_0x59863629d040;  1 drivers
L_0x71dfbb7bcbc8 .functor BUFT 1, C4<00000000000000000111000001100011>, C4<0>, C4<0>, C4<0>;
v0x598635fea650_0 .net/2u *"_ivl_1474", 31 0, L_0x71dfbb7bcbc8;  1 drivers
v0x598635fea730_0 .net *"_ivl_1476", 0 0, L_0x59863629d0b0;  1 drivers
v0x598635feace0_0 .net/2u *"_ivl_148", 31 0, L_0x71dfbb7b8260;  1 drivers
v0x598635feadc0_0 .net/2u *"_ivl_1480", 31 0, L_0x71dfbb7bcc10;  1 drivers
v0x598636128a30_0 .net *"_ivl_1482", 31 0, L_0x59863629cc50;  1 drivers
L_0x71dfbb7bcc58 .functor BUFT 1, C4<00000010000000000000000000110011>, C4<0>, C4<0>, C4<0>;
v0x598636128b10_0 .net/2u *"_ivl_1484", 31 0, L_0x71dfbb7bcc58;  1 drivers
v0x5986361290b0_0 .net *"_ivl_1486", 0 0, L_0x59863629cd10;  1 drivers
v0x598636129170_0 .net/2u *"_ivl_1488", 31 0, L_0x71dfbb7bcca0;  1 drivers
v0x598635fa2f80_0 .net *"_ivl_1490", 31 0, L_0x59863629ce50;  1 drivers
L_0x71dfbb7bcce8 .functor BUFT 1, C4<00000010000000000001000000110011>, C4<0>, C4<0>, C4<0>;
v0x598635fa3060_0 .net/2u *"_ivl_1492", 31 0, L_0x71dfbb7bcce8;  1 drivers
v0x598635fa3540_0 .net *"_ivl_1494", 0 0, L_0x59863629cf10;  1 drivers
v0x598635fa35e0_0 .net *"_ivl_1497", 0 0, L_0x59863629d1f0;  1 drivers
v0x598635fa3df0_0 .net/2u *"_ivl_1498", 31 0, L_0x71dfbb7bcd30;  1 drivers
v0x598635fa3ed0_0 .net *"_ivl_150", 31 0, L_0x598636271660;  1 drivers
v0x598635fa4640_0 .net *"_ivl_1500", 31 0, L_0x59863629d300;  1 drivers
L_0x71dfbb7bcd78 .functor BUFT 1, C4<00000010000000000010000000110011>, C4<0>, C4<0>, C4<0>;
v0x598635fa4700_0 .net/2u *"_ivl_1502", 31 0, L_0x71dfbb7bcd78;  1 drivers
v0x598635fa5490_0 .net *"_ivl_1504", 0 0, L_0x59863629d3c0;  1 drivers
v0x598635fa5550_0 .net *"_ivl_1507", 0 0, L_0x59863629d500;  1 drivers
v0x598635fa5b40_0 .net/2u *"_ivl_1508", 31 0, L_0x71dfbb7bcdc0;  1 drivers
v0x598635fa5c00_0 .net *"_ivl_1510", 31 0, L_0x59863629d610;  1 drivers
L_0x71dfbb7bce08 .functor BUFT 1, C4<00000010000000000011000000110011>, C4<0>, C4<0>, C4<0>;
v0x598635fa6400_0 .net/2u *"_ivl_1512", 31 0, L_0x71dfbb7bce08;  1 drivers
v0x598635fa64e0_0 .net *"_ivl_1514", 0 0, L_0x59863629d760;  1 drivers
v0x598635fe4000_0 .net *"_ivl_1517", 0 0, L_0x59863629dd60;  1 drivers
L_0x71dfbb7b82a8 .functor BUFT 1, C4<00000000000000000100000000110011>, C4<0>, C4<0>, C4<0>;
v0x598635fe40c0_0 .net/2u *"_ivl_152", 31 0, L_0x71dfbb7b82a8;  1 drivers
v0x59863606aca0_0 .net/2u *"_ivl_1520", 31 0, L_0x71dfbb7bce50;  1 drivers
v0x59863606ad80_0 .net *"_ivl_1522", 31 0, L_0x59863629df30;  1 drivers
L_0x71dfbb7bce98 .functor BUFT 1, C4<00000010000000000100000000110011>, C4<0>, C4<0>, C4<0>;
v0x59863618d4f0_0 .net/2u *"_ivl_1524", 31 0, L_0x71dfbb7bce98;  1 drivers
v0x59863618d5d0_0 .net *"_ivl_1526", 0 0, L_0x59863629dff0;  1 drivers
v0x59863618b740_0 .net/2u *"_ivl_1528", 31 0, L_0x71dfbb7bcee0;  1 drivers
v0x59863618b820_0 .net *"_ivl_1530", 31 0, L_0x59863629e190;  1 drivers
L_0x71dfbb7bcf28 .functor BUFT 1, C4<00000010000000000101000000110011>, C4<0>, C4<0>, C4<0>;
v0x59863618a750_0 .net/2u *"_ivl_1532", 31 0, L_0x71dfbb7bcf28;  1 drivers
v0x59863618a830_0 .net *"_ivl_1534", 0 0, L_0x59863629e250;  1 drivers
v0x598636069090_0 .net *"_ivl_1537", 0 0, L_0x59863629e390;  1 drivers
v0x598636069150_0 .net/2u *"_ivl_1538", 31 0, L_0x71dfbb7bcf70;  1 drivers
v0x59863604ddc0_0 .net *"_ivl_154", 0 0, L_0x598636271820;  1 drivers
v0x59863604de80_0 .net *"_ivl_1540", 31 0, L_0x59863629e4a0;  1 drivers
L_0x71dfbb7bcfb8 .functor BUFT 1, C4<00000010000000000110000000110011>, C4<0>, C4<0>, C4<0>;
v0x59863604b4e0_0 .net/2u *"_ivl_1542", 31 0, L_0x71dfbb7bcfb8;  1 drivers
v0x59863604b5c0_0 .net *"_ivl_1544", 0 0, L_0x59863629e560;  1 drivers
v0x598636049ff0_0 .net *"_ivl_1547", 0 0, L_0x59863629e6a0;  1 drivers
v0x59863604a0b0_0 .net/2u *"_ivl_1548", 31 0, L_0x71dfbb7bd000;  1 drivers
v0x598635fe9b80_0 .net *"_ivl_1550", 31 0, L_0x59863629e7b0;  1 drivers
L_0x71dfbb7bd048 .functor BUFT 1, C4<00000010000000000111000000110011>, C4<0>, C4<0>, C4<0>;
v0x598635fe9c60_0 .net/2u *"_ivl_1552", 31 0, L_0x71dfbb7bd048;  1 drivers
v0x598635fe55a0_0 .net *"_ivl_1554", 0 0, L_0x59863629e870;  1 drivers
v0x598635fe5640_0 .net *"_ivl_1557", 0 0, L_0x59863629d8a0;  1 drivers
v0x598635fd88a0_0 .net/2u *"_ivl_1560", 31 0, L_0x71dfbb7bd090;  1 drivers
v0x598635fd8980_0 .net *"_ivl_1562", 31 0, L_0x59863629da70;  1 drivers
L_0x71dfbb7bd0d8 .functor BUFT 1, C4<00000000000000000000000001110011>, C4<0>, C4<0>, C4<0>;
v0x598635fd7d20_0 .net/2u *"_ivl_1564", 31 0, L_0x71dfbb7bd0d8;  1 drivers
v0x598635fd7de0_0 .net *"_ivl_1566", 0 0, L_0x59863629db30;  1 drivers
v0x598635fd72d0_0 .net/2u *"_ivl_1568", 31 0, L_0x71dfbb7bd120;  1 drivers
v0x598635fd7390_0 .net *"_ivl_157", 0 0, L_0x5986362719f0;  1 drivers
v0x598635fafb40_0 .net *"_ivl_1570", 31 0, L_0x59863629dc70;  1 drivers
L_0x71dfbb7bd168 .functor BUFT 1, C4<00000000000100000000000001110011>, C4<0>, C4<0>, C4<0>;
v0x598635fafc00_0 .net/2u *"_ivl_1572", 31 0, L_0x71dfbb7bd168;  1 drivers
v0x5986360b7470_0 .net *"_ivl_1574", 0 0, L_0x59863629ee90;  1 drivers
v0x5986360b7530_0 .net *"_ivl_1577", 0 0, L_0x59863629efd0;  1 drivers
v0x59863608cf00_0 .net/2u *"_ivl_1578", 31 0, L_0x71dfbb7bd1b0;  1 drivers
v0x59863608cfc0_0 .net/2u *"_ivl_158", 31 0, L_0x71dfbb7b82f0;  1 drivers
v0x598636125bd0_0 .net *"_ivl_1580", 31 0, L_0x59863629f0e0;  1 drivers
L_0x71dfbb7bd1f8 .functor BUFT 1, C4<00000000001000000000000001110011>, C4<0>, C4<0>, C4<0>;
v0x598636125cb0_0 .net/2u *"_ivl_1582", 31 0, L_0x71dfbb7bd1f8;  1 drivers
v0x598636121b10_0 .net *"_ivl_1584", 0 0, L_0x59863629f1a0;  1 drivers
v0x598636121bd0_0 .net *"_ivl_1587", 0 0, L_0x59863629f2e0;  1 drivers
v0x59863611a140_0 .net/2u *"_ivl_1588", 31 0, L_0x71dfbb7bd240;  1 drivers
v0x59863611a200_0 .net *"_ivl_1590", 31 0, L_0x59863629f3f0;  1 drivers
L_0x71dfbb7bd288 .functor BUFT 1, C4<00000000000000000001000001110011>, C4<0>, C4<0>, C4<0>;
v0x598636119b60_0 .net/2u *"_ivl_1592", 31 0, L_0x71dfbb7bd288;  1 drivers
v0x598636119c40_0 .net *"_ivl_1594", 0 0, L_0x59863629f4b0;  1 drivers
v0x598636119870_0 .net *"_ivl_1597", 0 0, L_0x59863629e9b0;  1 drivers
v0x598636119930_0 .net/2u *"_ivl_1598", 31 0, L_0x71dfbb7bd2d0;  1 drivers
v0x598636119580_0 .net *"_ivl_160", 31 0, L_0x598636271b00;  1 drivers
v0x598636119660_0 .net *"_ivl_1600", 31 0, L_0x59863629eac0;  1 drivers
L_0x71dfbb7bd318 .functor BUFT 1, C4<00000000000000000010000001110011>, C4<0>, C4<0>, C4<0>;
v0x598636119290_0 .net/2u *"_ivl_1602", 31 0, L_0x71dfbb7bd318;  1 drivers
v0x598636119370_0 .net *"_ivl_1604", 0 0, L_0x59863629eb80;  1 drivers
v0x5986360f3060_0 .net *"_ivl_1607", 0 0, L_0x59863629ecc0;  1 drivers
v0x5986360f3120_0 .net/2u *"_ivl_1608", 31 0, L_0x71dfbb7bd360;  1 drivers
v0x5986360f20c0_0 .net *"_ivl_1610", 31 0, L_0x59863629edd0;  1 drivers
L_0x71dfbb7bd3a8 .functor BUFT 1, C4<00000000000000000011000001110011>, C4<0>, C4<0>, C4<0>;
v0x5986360f21a0_0 .net/2u *"_ivl_1612", 31 0, L_0x71dfbb7bd3a8;  1 drivers
v0x5986360f10c0_0 .net *"_ivl_1614", 0 0, L_0x59863629faf0;  1 drivers
v0x5986360f1160_0 .net *"_ivl_1617", 0 0, L_0x5986362a0140;  1 drivers
v0x5986360efda0_0 .net/2u *"_ivl_1618", 31 0, L_0x71dfbb7bd3f0;  1 drivers
L_0x71dfbb7b8338 .functor BUFT 1, C4<00000000000000000110000000110011>, C4<0>, C4<0>, C4<0>;
v0x5986360efe80_0 .net/2u *"_ivl_162", 31 0, L_0x71dfbb7b8338;  1 drivers
v0x5986360eea10_0 .net *"_ivl_1620", 31 0, L_0x5986362a0250;  1 drivers
L_0x71dfbb7bd438 .functor BUFT 1, C4<00000000000000000101000001110011>, C4<0>, C4<0>, C4<0>;
v0x5986360eead0_0 .net/2u *"_ivl_1622", 31 0, L_0x71dfbb7bd438;  1 drivers
v0x5986360ee1e0_0 .net *"_ivl_1624", 0 0, L_0x59863629f5f0;  1 drivers
v0x5986360ee2a0_0 .net *"_ivl_1627", 0 0, L_0x59863629f730;  1 drivers
v0x5986360ec8e0_0 .net/2u *"_ivl_1628", 31 0, L_0x71dfbb7bd480;  1 drivers
v0x5986360ec9a0_0 .net *"_ivl_1630", 31 0, L_0x59863629f840;  1 drivers
L_0x71dfbb7bd4c8 .functor BUFT 1, C4<00000000000000000110000001110011>, C4<0>, C4<0>, C4<0>;
v0x5986360e7c00_0 .net/2u *"_ivl_1632", 31 0, L_0x71dfbb7bd4c8;  1 drivers
v0x5986360e7ce0_0 .net *"_ivl_1634", 0 0, L_0x59863629f900;  1 drivers
v0x5986360e5990_0 .net *"_ivl_1637", 0 0, L_0x59863629fa40;  1 drivers
v0x5986360e5a50_0 .net/2u *"_ivl_1638", 31 0, L_0x71dfbb7bd510;  1 drivers
v0x5986360e4d10_0 .net *"_ivl_164", 0 0, L_0x598636271cd0;  1 drivers
v0x5986360e4dd0_0 .net *"_ivl_1640", 31 0, L_0x59863629fcd0;  1 drivers
L_0x71dfbb7bd558 .functor BUFT 1, C4<00000000000000000111000001110011>, C4<0>, C4<0>, C4<0>;
v0x5986360e4090_0 .net/2u *"_ivl_1642", 31 0, L_0x71dfbb7bd558;  1 drivers
v0x5986360e4170_0 .net *"_ivl_1644", 0 0, L_0x59863629fd90;  1 drivers
v0x5986360e3410_0 .net *"_ivl_1647", 0 0, L_0x59863629fed0;  1 drivers
v0x5986360e34d0_0 .net/2u *"_ivl_1648", 31 0, L_0x71dfbb7bd5a0;  1 drivers
v0x5986360e2790_0 .net *"_ivl_1650", 31 0, L_0x59863629ffe0;  1 drivers
L_0x71dfbb7bd5e8 .functor BUFT 1, C4<00010000010100000000000001110011>, C4<0>, C4<0>, C4<0>;
v0x5986360e2870_0 .net/2u *"_ivl_1652", 31 0, L_0x71dfbb7bd5e8;  1 drivers
v0x5986360dfdb0_0 .net *"_ivl_1654", 0 0, L_0x5986362a00a0;  1 drivers
v0x5986360dfe70_0 .net *"_ivl_1657", 0 0, L_0x5986362a08e0;  1 drivers
v0x5986360c07d0_0 .net/2u *"_ivl_1658", 31 0, L_0x71dfbb7bd630;  1 drivers
v0x5986360c0890_0 .net *"_ivl_1660", 31 0, L_0x5986362a09f0;  1 drivers
L_0x71dfbb7bd678 .functor BUFT 1, C4<00000000000000000000000000001111>, C4<0>, C4<0>, C4<0>;
v0x5986360be6e0_0 .net/2u *"_ivl_1662", 31 0, L_0x71dfbb7bd678;  1 drivers
v0x5986360be7c0_0 .net *"_ivl_1664", 0 0, L_0x5986362a0ab0;  1 drivers
v0x5986360bdfd0_0 .net *"_ivl_1667", 0 0, L_0x5986362a0bf0;  1 drivers
v0x5986360be090_0 .net/2u *"_ivl_1668", 31 0, L_0x71dfbb7bd6c0;  1 drivers
v0x5986360bd0c0_0 .net *"_ivl_167", 0 0, L_0x598636271e10;  1 drivers
v0x5986360bd180_0 .net *"_ivl_1670", 31 0, L_0x5986362a0d00;  1 drivers
L_0x71dfbb7bd708 .functor BUFT 1, C4<00000000000000000001000000001111>, C4<0>, C4<0>, C4<0>;
v0x5986360bbad0_0 .net/2u *"_ivl_1672", 31 0, L_0x71dfbb7bd708;  1 drivers
v0x5986360bbbb0_0 .net *"_ivl_1674", 0 0, L_0x5986362a0dc0;  1 drivers
v0x5986360ba4f0_0 .net *"_ivl_1677", 0 0, L_0x5986362a0f00;  1 drivers
v0x5986360ba5b0_0 .net/2u *"_ivl_1678", 31 0, L_0x71dfbb7bd750;  1 drivers
v0x5986360b9fe0_0 .net/2u *"_ivl_168", 31 0, L_0x71dfbb7b8380;  1 drivers
v0x5986360ba0c0_0 .net *"_ivl_1680", 31 0, L_0x5986362a1010;  1 drivers
L_0x71dfbb7bd798 .functor BUFT 1, C4<00010010000000000000000001110011>, C4<0>, C4<0>, C4<0>;
v0x5986360b9ad0_0 .net/2u *"_ivl_1682", 31 0, L_0x71dfbb7bd798;  1 drivers
v0x5986360b9bb0_0 .net *"_ivl_1684", 0 0, L_0x5986362a10d0;  1 drivers
v0x5986360b95c0_0 .net *"_ivl_1687", 0 0, L_0x5986362a1210;  1 drivers
v0x5986360b9680_0 .net *"_ivl_1689", 0 0, L_0x5986362a1320;  1 drivers
v0x5986360c9770_0 .net/2u *"_ivl_1692", 31 0, L_0x71dfbb7bd7e0;  1 drivers
v0x5986360c9830_0 .net *"_ivl_1694", 31 0, L_0x5986362a14a0;  1 drivers
L_0x71dfbb7bd828 .functor BUFT 1, C4<00000010000000000000000000001011>, C4<0>, C4<0>, C4<0>;
v0x5986360b90b0_0 .net/2u *"_ivl_1696", 31 0, L_0x71dfbb7bd828;  1 drivers
v0x5986360b9190_0 .net *"_ivl_1698", 0 0, L_0x5986362a1560;  1 drivers
v0x5986360c79c0_0 .net *"_ivl_17", 0 0, L_0x59863626e570;  1 drivers
v0x5986360c7a80_0 .net *"_ivl_170", 31 0, L_0x598636271f20;  1 drivers
v0x5986360c6ce0_0 .net/2u *"_ivl_1702", 31 0, L_0x71dfbb7bd870;  1 drivers
v0x5986360c6dc0_0 .net *"_ivl_1704", 31 0, L_0x5986362a0470;  1 drivers
L_0x71dfbb7bd8b8 .functor BUFT 1, C4<00001000000000000000000000001011>, C4<0>, C4<0>, C4<0>;
v0x5986360c6520_0 .net/2u *"_ivl_1706", 31 0, L_0x71dfbb7bd8b8;  1 drivers
v0x5986360c65e0_0 .net *"_ivl_1708", 0 0, L_0x5986362a0530;  1 drivers
v0x598636096490_0 .net/2u *"_ivl_1712", 31 0, L_0x71dfbb7bd900;  1 drivers
v0x598636096550_0 .net *"_ivl_1714", 31 0, L_0x5986362a0730;  1 drivers
L_0x71dfbb7bd948 .functor BUFT 1, C4<00000010000000000001000000001011>, C4<0>, C4<0>, C4<0>;
v0x5986360943a0_0 .net/2u *"_ivl_1716", 31 0, L_0x71dfbb7bd948;  1 drivers
v0x598636094480_0 .net *"_ivl_1718", 0 0, L_0x5986362a07f0;  1 drivers
L_0x71dfbb7b83c8 .functor BUFT 1, C4<00000000000000000111000000110011>, C4<0>, C4<0>, C4<0>;
v0x598636093c90_0 .net/2u *"_ivl_172", 31 0, L_0x71dfbb7b83c8;  1 drivers
v0x598636093d70_0 .net *"_ivl_174", 0 0, L_0x598636272100;  1 drivers
v0x598636092d80_0 .net *"_ivl_177", 0 0, L_0x5986362722e0;  1 drivers
v0x598636092e40_0 .net/2u *"_ivl_178", 31 0, L_0x71dfbb7b8410;  1 drivers
v0x598636091790_0 .net/2u *"_ivl_18", 31 0, L_0x71dfbb7b7b10;  1 drivers
v0x598636091870_0 .net *"_ivl_180", 31 0, L_0x5986362723f0;  1 drivers
L_0x71dfbb7b8458 .functor BUFT 1, C4<00000000000000000001000000110011>, C4<0>, C4<0>, C4<0>;
v0x5986360901b0_0 .net/2u *"_ivl_182", 31 0, L_0x71dfbb7b8458;  1 drivers
v0x598636090290_0 .net *"_ivl_184", 0 0, L_0x5986362725e0;  1 drivers
v0x59863608fca0_0 .net *"_ivl_187", 0 0, L_0x598636272720;  1 drivers
v0x59863608fd60_0 .net/2u *"_ivl_188", 31 0, L_0x71dfbb7b84a0;  1 drivers
v0x59863608f790_0 .net *"_ivl_190", 31 0, L_0x598636272830;  1 drivers
L_0x71dfbb7b84e8 .functor BUFT 1, C4<00000000000000000101000000110011>, C4<0>, C4<0>, C4<0>;
v0x59863608f870_0 .net/2u *"_ivl_192", 31 0, L_0x71dfbb7b84e8;  1 drivers
v0x59863608f280_0 .net *"_ivl_194", 0 0, L_0x598636272a30;  1 drivers
v0x59863608f340_0 .net *"_ivl_197", 0 0, L_0x598636272c20;  1 drivers
v0x59863609f430_0 .net/2u *"_ivl_198", 31 0, L_0x71dfbb7b8530;  1 drivers
v0x59863609f4f0_0 .net *"_ivl_2", 31 0, L_0x59863626e1a0;  1 drivers
v0x59863608ed70_0 .net *"_ivl_20", 31 0, L_0x59863626e680;  1 drivers
v0x59863608ee50_0 .net *"_ivl_200", 31 0, L_0x598636272d30;  1 drivers
L_0x71dfbb7b8578 .functor BUFT 1, C4<01000000000000000101000000110011>, C4<0>, C4<0>, C4<0>;
v0x59863609d680_0 .net/2u *"_ivl_202", 31 0, L_0x71dfbb7b8578;  1 drivers
v0x59863609d740_0 .net *"_ivl_204", 0 0, L_0x598636272240;  1 drivers
v0x59863609c9a0_0 .net *"_ivl_207", 0 0, L_0x598636272fe0;  1 drivers
v0x59863609ca40_0 .net/2u *"_ivl_208", 31 0, L_0x71dfbb7b85c0;  1 drivers
v0x59863609c1e0_0 .net *"_ivl_210", 31 0, L_0x5986362730f0;  1 drivers
L_0x71dfbb7b8608 .functor BUFT 1, C4<00000000000000000000000001101111>, C4<0>, C4<0>, C4<0>;
v0x59863609c2a0_0 .net/2u *"_ivl_212", 31 0, L_0x71dfbb7b8608;  1 drivers
v0x598635da4c10_0 .net *"_ivl_214", 0 0, L_0x598636273310;  1 drivers
v0x598635da4cd0_0 .net *"_ivl_217", 0 0, L_0x598636273510;  1 drivers
v0x598635da94e0_0 .net/2u *"_ivl_218", 31 0, L_0x71dfbb7b8650;  1 drivers
L_0x71dfbb7b7b58 .functor BUFT 1, C4<00000000000000000010000000010011>, C4<0>, C4<0>, C4<0>;
v0x598635da95a0_0 .net/2u *"_ivl_22", 31 0, L_0x71dfbb7b7b58;  1 drivers
v0x598635da8930_0 .net *"_ivl_220", 31 0, L_0x598636273620;  1 drivers
L_0x71dfbb7b8698 .functor BUFT 1, C4<00000000000000000000000001100111>, C4<0>, C4<0>, C4<0>;
v0x598635da8a10_0 .net/2u *"_ivl_222", 31 0, L_0x71dfbb7b8698;  1 drivers
v0x598635da7900_0 .net *"_ivl_224", 0 0, L_0x598636273850;  1 drivers
v0x598635da79c0_0 .net *"_ivl_227", 0 0, L_0x598636273990;  1 drivers
v0x598635f9f5d0_0 .net/2u *"_ivl_228", 31 0, L_0x71dfbb7b86e0;  1 drivers
v0x598635f9f690_0 .net *"_ivl_230", 31 0, L_0x598636273aa0;  1 drivers
L_0x71dfbb7b8728 .functor BUFT 1, C4<00000000000000000000000001100011>, C4<0>, C4<0>, C4<0>;
v0x598635f9e000_0 .net/2u *"_ivl_232", 31 0, L_0x71dfbb7b8728;  1 drivers
v0x598635f9e0e0_0 .net *"_ivl_234", 0 0, L_0x598636273ce0;  1 drivers
v0x598635f9c2e0_0 .net *"_ivl_237", 0 0, L_0x598636273ef0;  1 drivers
v0x598635f9c3a0_0 .net/2u *"_ivl_238", 31 0, L_0x71dfbb7b8770;  1 drivers
v0x598635f9b560_0 .net *"_ivl_24", 0 0, L_0x59863626e770;  1 drivers
v0x598635f9b620_0 .net *"_ivl_240", 31 0, L_0x598636274000;  1 drivers
L_0x71dfbb7b87b8 .functor BUFT 1, C4<00000000000000000001000001100011>, C4<0>, C4<0>, C4<0>;
v0x598635dc7150_0 .net/2u *"_ivl_242", 31 0, L_0x71dfbb7b87b8;  1 drivers
v0x598635dc7230_0 .net *"_ivl_244", 0 0, L_0x598636274250;  1 drivers
v0x598635dc5b40_0 .net *"_ivl_247", 0 0, L_0x598636274390;  1 drivers
v0x598635dc5c00_0 .net/2u *"_ivl_248", 31 0, L_0x71dfbb7b8800;  1 drivers
v0x59863614ad20_0 .net *"_ivl_250", 31 0, L_0x5986362744a0;  1 drivers
L_0x71dfbb7b8848 .functor BUFT 1, C4<00000000000000000100000001100011>, C4<0>, C4<0>, C4<0>;
v0x59863614ae00_0 .net/2u *"_ivl_252", 31 0, L_0x71dfbb7b8848;  1 drivers
v0x59863614aa30_0 .net *"_ivl_254", 0 0, L_0x598636274ac0;  1 drivers
v0x59863614aaf0_0 .net *"_ivl_257", 0 0, L_0x598636274ce0;  1 drivers
v0x59863614a740_0 .net/2u *"_ivl_258", 31 0, L_0x71dfbb7b8890;  1 drivers
v0x59863614a800_0 .net *"_ivl_260", 31 0, L_0x598636274df0;  1 drivers
L_0x71dfbb7b88d8 .functor BUFT 1, C4<00000000000000000101000001100011>, C4<0>, C4<0>, C4<0>;
v0x59863614a450_0 .net/2u *"_ivl_262", 31 0, L_0x71dfbb7b88d8;  1 drivers
v0x59863614a530_0 .net *"_ivl_264", 0 0, L_0x598636275060;  1 drivers
v0x59863607ae90_0 .net *"_ivl_267", 0 0, L_0x5986362751a0;  1 drivers
v0x59863607af50_0 .net/2u *"_ivl_268", 31 0, L_0x71dfbb7b8920;  1 drivers
v0x5986360324a0_0 .net *"_ivl_27", 0 0, L_0x59863626e8b0;  1 drivers
v0x598636032560_0 .net *"_ivl_270", 31 0, L_0x5986362752b0;  1 drivers
L_0x71dfbb7b8968 .functor BUFT 1, C4<00000000000000000110000001100011>, C4<0>, C4<0>, C4<0>;
v0x5986360308a0_0 .net/2u *"_ivl_272", 31 0, L_0x71dfbb7b8968;  1 drivers
v0x598636030980_0 .net *"_ivl_274", 0 0, L_0x598636275530;  1 drivers
v0x59863602f220_0 .net *"_ivl_277", 0 0, L_0x598636275760;  1 drivers
v0x59863602f2e0_0 .net/2u *"_ivl_278", 31 0, L_0x71dfbb7b89b0;  1 drivers
v0x59863602ef30_0 .net/2u *"_ivl_28", 31 0, L_0x71dfbb7b7ba0;  1 drivers
v0x59863602f010_0 .net *"_ivl_280", 31 0, L_0x598636275870;  1 drivers
L_0x71dfbb7b89f8 .functor BUFT 1, C4<00000000000000000111000001100011>, C4<0>, C4<0>, C4<0>;
v0x59863602ec40_0 .net/2u *"_ivl_282", 31 0, L_0x71dfbb7b89f8;  1 drivers
v0x59863602ed00_0 .net *"_ivl_284", 0 0, L_0x598636275b00;  1 drivers
v0x59863602e950_0 .net *"_ivl_287", 0 0, L_0x598636275c40;  1 drivers
v0x59863602e9f0_0 .net/2u *"_ivl_288", 31 0, L_0x71dfbb7b8a40;  1 drivers
v0x59863600d2c0_0 .net *"_ivl_290", 31 0, L_0x598636275d50;  1 drivers
L_0x71dfbb7b8a88 .functor BUFT 1, C4<00000000000000000000000000000011>, C4<0>, C4<0>, C4<0>;
v0x59863600d380_0 .net/2u *"_ivl_292", 31 0, L_0x71dfbb7b8a88;  1 drivers
v0x59863605a070_0 .net *"_ivl_294", 0 0, L_0x598636275ff0;  1 drivers
v0x59863605a130_0 .net *"_ivl_297", 0 0, L_0x598636276230;  1 drivers
v0x598636058f60_0 .net/2u *"_ivl_298", 31 0, L_0x71dfbb7b8ad0;  1 drivers
v0x598636059020_0 .net *"_ivl_30", 31 0, L_0x59863626e9c0;  1 drivers
v0x59863603e120_0 .net *"_ivl_300", 31 0, L_0x598636276340;  1 drivers
L_0x71dfbb7b8b18 .functor BUFT 1, C4<00000000000000000001000000000011>, C4<0>, C4<0>, C4<0>;
v0x59863603e200_0 .net/2u *"_ivl_302", 31 0, L_0x71dfbb7b8b18;  1 drivers
v0x598635fb7db0_0 .net *"_ivl_304", 0 0, L_0x5986362765f0;  1 drivers
v0x598635fb7e70_0 .net *"_ivl_307", 0 0, L_0x598636276730;  1 drivers
v0x598635fe6250_0 .net/2u *"_ivl_308", 31 0, L_0x71dfbb7b8b60;  1 drivers
v0x598635fe6330_0 .net *"_ivl_310", 31 0, L_0x598636276840;  1 drivers
L_0x71dfbb7b8ba8 .functor BUFT 1, C4<00000000000000000010000000000011>, C4<0>, C4<0>, C4<0>;
v0x598635fe3d10_0 .net/2u *"_ivl_312", 31 0, L_0x71dfbb7b8ba8;  1 drivers
v0x598635fe3df0_0 .net *"_ivl_314", 0 0, L_0x598636276b00;  1 drivers
v0x598635fdc1b0_0 .net *"_ivl_317", 0 0, L_0x598636276d50;  1 drivers
v0x598635fdc270_0 .net/2u *"_ivl_318", 31 0, L_0x71dfbb7b8bf0;  1 drivers
L_0x71dfbb7b7be8 .functor BUFT 1, C4<00000000000000000011000000010011>, C4<0>, C4<0>, C4<0>;
v0x598635fd6620_0 .net/2u *"_ivl_32", 31 0, L_0x71dfbb7b7be8;  1 drivers
v0x598635fd6700_0 .net *"_ivl_320", 31 0, L_0x598636276e60;  1 drivers
L_0x71dfbb7b8c38 .functor BUFT 1, C4<00000000000000000100000000000011>, C4<0>, C4<0>, C4<0>;
v0x598635fd45d0_0 .net/2u *"_ivl_322", 31 0, L_0x71dfbb7b8c38;  1 drivers
v0x598635fd46b0_0 .net *"_ivl_324", 0 0, L_0x598636277130;  1 drivers
v0x598635fd2580_0 .net *"_ivl_327", 0 0, L_0x598636277270;  1 drivers
v0x598635fd2640_0 .net/2u *"_ivl_328", 31 0, L_0x71dfbb7b8c80;  1 drivers
v0x598635fd0530_0 .net *"_ivl_330", 31 0, L_0x598636277380;  1 drivers
L_0x71dfbb7b8cc8 .functor BUFT 1, C4<00000000000000000101000000000011>, C4<0>, C4<0>, C4<0>;
v0x598635fd0610_0 .net/2u *"_ivl_332", 31 0, L_0x71dfbb7b8cc8;  1 drivers
v0x598635fccbd0_0 .net *"_ivl_334", 0 0, L_0x598636277660;  1 drivers
v0x598635fccc70_0 .net *"_ivl_337", 0 0, L_0x5986362778c0;  1 drivers
v0x598635fc5fd0_0 .net/2u *"_ivl_338", 31 0, L_0x71dfbb7b8d10;  1 drivers
v0x598635fc60b0_0 .net *"_ivl_34", 0 0, L_0x59863626eac0;  1 drivers
v0x598635fc3ab0_0 .net *"_ivl_340", 31 0, L_0x5986362779d0;  1 drivers
L_0x71dfbb7b8d58 .functor BUFT 1, C4<00000000000000000110000000000011>, C4<0>, C4<0>, C4<0>;
v0x598635fc3b90_0 .net/2u *"_ivl_342", 31 0, L_0x71dfbb7b8d58;  1 drivers
v0x598635fc1590_0 .net *"_ivl_344", 0 0, L_0x598636277cc0;  1 drivers
v0x598635fc1650_0 .net *"_ivl_347", 0 0, L_0x598636277e00;  1 drivers
v0x598635fbf070_0 .net/2u *"_ivl_348", 31 0, L_0x71dfbb7b8da0;  1 drivers
v0x598635fbf150_0 .net *"_ivl_350", 31 0, L_0x598636277f10;  1 drivers
L_0x71dfbb7b8de8 .functor BUFT 1, C4<00000000000000000000000000100011>, C4<0>, C4<0>, C4<0>;
v0x598635faf450_0 .net/2u *"_ivl_352", 31 0, L_0x71dfbb7b8de8;  1 drivers
v0x598635faf530_0 .net *"_ivl_354", 0 0, L_0x598636278210;  1 drivers
v0x598635fbb710_0 .net *"_ivl_357", 0 0, L_0x5986362777a0;  1 drivers
v0x598635fbb7d0_0 .net/2u *"_ivl_358", 31 0, L_0x71dfbb7b8e30;  1 drivers
v0x5986360f5420_0 .net *"_ivl_360", 31 0, L_0x598636278480;  1 drivers
L_0x71dfbb7b8e78 .functor BUFT 1, C4<00000000000000000001000000100011>, C4<0>, C4<0>, C4<0>;
v0x5986360f5500_0 .net/2u *"_ivl_362", 31 0, L_0x71dfbb7b8e78;  1 drivers
v0x5986360f44e0_0 .net *"_ivl_364", 0 0, L_0x598636278790;  1 drivers
v0x5986360f45a0_0 .net *"_ivl_367", 0 0, L_0x5986362788d0;  1 drivers
v0x5986360ebd80_0 .net/2u *"_ivl_368", 31 0, L_0x71dfbb7b8ec0;  1 drivers
v0x5986360ebe60_0 .net *"_ivl_37", 0 0, L_0x59863626ec30;  1 drivers
v0x5986360b85c0_0 .net *"_ivl_370", 31 0, L_0x5986362789e0;  1 drivers
L_0x71dfbb7b8f08 .functor BUFT 1, C4<00000000000000000010000000100011>, C4<0>, C4<0>, C4<0>;
v0x5986360b86a0_0 .net/2u *"_ivl_372", 31 0, L_0x71dfbb7b8f08;  1 drivers
v0x5986360c5120_0 .net *"_ivl_374", 0 0, L_0x598636278d00;  1 drivers
v0x5986360c51e0_0 .net *"_ivl_377", 0 0, L_0x598636278f80;  1 drivers
v0x59863608e280_0 .net/2u *"_ivl_378", 31 0, L_0x71dfbb7b8f50;  1 drivers
v0x59863608e360_0 .net/2u *"_ivl_38", 31 0, L_0x71dfbb7b7c30;  1 drivers
v0x59863609ade0_0 .net *"_ivl_380", 31 0, L_0x598636279090;  1 drivers
L_0x71dfbb7b8f98 .functor BUFT 1, C4<00000000000000000000000001110011>, C4<0>, C4<0>, C4<0>;
v0x59863609aec0_0 .net/2u *"_ivl_382", 31 0, L_0x71dfbb7b8f98;  1 drivers
v0x598635da2400_0 .net *"_ivl_384", 0 0, L_0x5986362793c0;  1 drivers
v0x598635da24c0_0 .net *"_ivl_387", 0 0, L_0x598636279500;  1 drivers
v0x598635f9aad0_0 .net/2u *"_ivl_388", 31 0, L_0x71dfbb7b8fe0;  1 drivers
v0x598635f9ab70_0 .net *"_ivl_390", 31 0, L_0x598636279610;  1 drivers
L_0x71dfbb7b9028 .functor BUFT 1, C4<00000000000100000000000001110011>, C4<0>, C4<0>, C4<0>;
v0x598635f9d580_0 .net/2u *"_ivl_392", 31 0, L_0x71dfbb7b9028;  1 drivers
v0x598635f9d660_0 .net *"_ivl_394", 0 0, L_0x598636279950;  1 drivers
v0x598635f0cbc0_0 .net *"_ivl_397", 0 0, L_0x598636279be0;  1 drivers
v0x598635f0cc80_0 .net/2u *"_ivl_398", 31 0, L_0x71dfbb7b9070;  1 drivers
L_0x71dfbb7b7a38 .functor BUFT 1, C4<00000000000000000111000000010011>, C4<0>, C4<0>, C4<0>;
v0x598635f95660_0 .net/2u *"_ivl_4", 31 0, L_0x71dfbb7b7a38;  1 drivers
v0x598635f95740_0 .net *"_ivl_40", 31 0, L_0x59863626ed40;  1 drivers
v0x598635f941d0_0 .net *"_ivl_400", 31 0, L_0x598636279cf0;  1 drivers
L_0x71dfbb7b90b8 .functor BUFT 1, C4<00000000001000000000000001110011>, C4<0>, C4<0>, C4<0>;
v0x598635f942b0_0 .net/2u *"_ivl_402", 31 0, L_0x71dfbb7b90b8;  1 drivers
v0x598635f92d40_0 .net *"_ivl_404", 0 0, L_0x59863627a040;  1 drivers
v0x598635f92de0_0 .net *"_ivl_407", 0 0, L_0x59863627a180;  1 drivers
v0x598635f80d40_0 .net/2u *"_ivl_408", 31 0, L_0x71dfbb7b9100;  1 drivers
v0x598635f80e20_0 .net *"_ivl_410", 31 0, L_0x59863627a290;  1 drivers
L_0x71dfbb7b9148 .functor BUFT 1, C4<00000000000000000001000001110011>, C4<0>, C4<0>, C4<0>;
v0x598635f7bbf0_0 .net/2u *"_ivl_412", 31 0, L_0x71dfbb7b9148;  1 drivers
v0x598635f7bcd0_0 .net *"_ivl_414", 0 0, L_0x59863627a5f0;  1 drivers
v0x598635f76aa0_0 .net *"_ivl_417", 0 0, L_0x59863627a890;  1 drivers
v0x598635f76b60_0 .net/2u *"_ivl_418", 31 0, L_0x71dfbb7b9190;  1 drivers
L_0x71dfbb7b7c78 .functor BUFT 1, C4<00000000000000000110000000010011>, C4<0>, C4<0>, C4<0>;
v0x598635f6cc00_0 .net/2u *"_ivl_42", 31 0, L_0x71dfbb7b7c78;  1 drivers
v0x598635f6cce0_0 .net *"_ivl_420", 31 0, L_0x59863627a9a0;  1 drivers
L_0x71dfbb7b91d8 .functor BUFT 1, C4<00000000000000000010000001110011>, C4<0>, C4<0>, C4<0>;
v0x598635f61920_0 .net/2u *"_ivl_422", 31 0, L_0x71dfbb7b91d8;  1 drivers
v0x598635f61a00_0 .net *"_ivl_424", 0 0, L_0x59863627ad10;  1 drivers
v0x598635f47340_0 .net *"_ivl_427", 0 0, L_0x59863627ae50;  1 drivers
v0x598635f47400_0 .net/2u *"_ivl_428", 31 0, L_0x71dfbb7b9220;  1 drivers
v0x598635e22800_0 .net *"_ivl_430", 31 0, L_0x59863627af60;  1 drivers
L_0x71dfbb7b9268 .functor BUFT 1, C4<00000000000000000011000001110011>, C4<0>, C4<0>, C4<0>;
v0x598635e228e0_0 .net/2u *"_ivl_432", 31 0, L_0x71dfbb7b9268;  1 drivers
v0x598635ebb2b0_0 .net *"_ivl_434", 0 0, L_0x59863627b2e0;  1 drivers
v0x598635ebb370_0 .net *"_ivl_437", 0 0, L_0x59863627b590;  1 drivers
v0x598635eb9e20_0 .net/2u *"_ivl_438", 31 0, L_0x71dfbb7b92b0;  1 drivers
v0x598635eb9f00_0 .net *"_ivl_44", 0 0, L_0x59863626ee50;  1 drivers
v0x598635eb8990_0 .net *"_ivl_440", 31 0, L_0x59863627b6a0;  1 drivers
L_0x71dfbb7b92f8 .functor BUFT 1, C4<00000000000000000101000001110011>, C4<0>, C4<0>, C4<0>;
v0x598635eb8a70_0 .net/2u *"_ivl_442", 31 0, L_0x71dfbb7b92f8;  1 drivers
v0x598635eb74d0_0 .net *"_ivl_444", 0 0, L_0x59863627ba30;  1 drivers
v0x598635eb7590_0 .net *"_ivl_447", 0 0, L_0x59863627bb70;  1 drivers
v0x598635ea6990_0 .net/2u *"_ivl_448", 31 0, L_0x71dfbb7b9340;  1 drivers
v0x598635ea6a70_0 .net *"_ivl_450", 31 0, L_0x59863627bc80;  1 drivers
L_0x71dfbb7b9388 .functor BUFT 1, C4<00000000000000000110000001110011>, C4<0>, C4<0>, C4<0>;
v0x598635ea1840_0 .net/2u *"_ivl_452", 31 0, L_0x71dfbb7b9388;  1 drivers
v0x598635ea1920_0 .net *"_ivl_454", 0 0, L_0x59863627c020;  1 drivers
v0x598635e9c6f0_0 .net *"_ivl_457", 0 0, L_0x59863627c2e0;  1 drivers
v0x598635e9c7b0_0 .net/2u *"_ivl_458", 31 0, L_0x71dfbb7b93d0;  1 drivers
v0x598635e92850_0 .net *"_ivl_460", 31 0, L_0x59863627c3f0;  1 drivers
L_0x71dfbb7b9418 .functor BUFT 1, C4<00000000000000000111000001110011>, C4<0>, C4<0>, C4<0>;
v0x598635e92930_0 .net/2u *"_ivl_462", 31 0, L_0x71dfbb7b9418;  1 drivers
v0x598635e77560_0 .net *"_ivl_464", 0 0, L_0x59863627cfb0;  1 drivers
v0x598635e77620_0 .net *"_ivl_467", 0 0, L_0x59863627d0a0;  1 drivers
v0x598635e5cf80_0 .net/2u *"_ivl_468", 31 0, L_0x71dfbb7b9460;  1 drivers
v0x598635e5d060_0 .net *"_ivl_47", 0 0, L_0x59863626ef90;  1 drivers
v0x598636077b30_0 .net *"_ivl_470", 31 0, L_0x59863627d1b0;  1 drivers
L_0x71dfbb7b94a8 .functor BUFT 1, C4<00010000010100000000000001110011>, C4<0>, C4<0>, C4<0>;
v0x598636077c10_0 .net/2u *"_ivl_472", 31 0, L_0x71dfbb7b94a8;  1 drivers
v0x598636075610_0 .net *"_ivl_474", 0 0, L_0x59863627d570;  1 drivers
v0x5986360756d0_0 .net *"_ivl_477", 0 0, L_0x59863627d840;  1 drivers
v0x59863607a050_0 .net/2u *"_ivl_478", 31 0, L_0x71dfbb7b94f0;  1 drivers
v0x59863607a130_0 .net/2u *"_ivl_48", 31 0, L_0x71dfbb7b7cc0;  1 drivers
v0x598636003780_0 .net *"_ivl_480", 31 0, L_0x59863627d950;  1 drivers
L_0x71dfbb7b9538 .functor BUFT 1, C4<00000000000000000000000000001111>, C4<0>, C4<0>, C4<0>;
v0x598636003860_0 .net/2u *"_ivl_482", 31 0, L_0x71dfbb7b9538;  1 drivers
v0x5986360022f0_0 .net *"_ivl_484", 0 0, L_0x59863627dd20;  1 drivers
v0x598636002390_0 .net *"_ivl_487", 0 0, L_0x59863627de60;  1 drivers
v0x598636000e60_0 .net/2u *"_ivl_488", 31 0, L_0x71dfbb7b9580;  1 drivers
v0x598636000f40_0 .net *"_ivl_490", 31 0, L_0x59863627df70;  1 drivers
L_0x71dfbb7b95c8 .functor BUFT 1, C4<00000000000000000001000000001111>, C4<0>, C4<0>, C4<0>;
v0x598635fff9d0_0 .net/2u *"_ivl_492", 31 0, L_0x71dfbb7b95c8;  1 drivers
v0x598635fffab0_0 .net *"_ivl_494", 0 0, L_0x59863627e350;  1 drivers
v0x598635ffe540_0 .net *"_ivl_497", 0 0, L_0x59863627e630;  1 drivers
v0x598635ffe600_0 .net/2u *"_ivl_498", 31 0, L_0x71dfbb7b9610;  1 drivers
v0x598635ffd0b0_0 .net *"_ivl_50", 31 0, L_0x59863626f000;  1 drivers
v0x598635ffd190_0 .net *"_ivl_500", 31 0, L_0x59863627e740;  1 drivers
L_0x71dfbb7b9658 .functor BUFT 1, C4<00010010000000000000000001110011>, C4<0>, C4<0>, C4<0>;
v0x598635ffb7e0_0 .net/2u *"_ivl_502", 31 0, L_0x71dfbb7b9658;  1 drivers
v0x598635ffb8c0_0 .net *"_ivl_504", 0 0, L_0x59863627eb30;  1 drivers
v0x59863600a6d0_0 .net *"_ivl_507", 0 0, L_0x59863627ec70;  1 drivers
v0x59863600a790_0 .net/2u *"_ivl_508", 31 0, L_0x71dfbb7b96a0;  1 drivers
v0x5986360089c0_0 .net *"_ivl_510", 31 0, L_0x59863627ed80;  1 drivers
L_0x71dfbb7b96e8 .functor BUFT 1, C4<00000010000000000000000000110011>, C4<0>, C4<0>, C4<0>;
v0x598636008aa0_0 .net/2u *"_ivl_512", 31 0, L_0x71dfbb7b96e8;  1 drivers
v0x598636007530_0 .net *"_ivl_514", 0 0, L_0x59863627f180;  1 drivers
v0x5986360075f0_0 .net *"_ivl_517", 0 0, L_0x59863627f470;  1 drivers
v0x5986360060a0_0 .net *"_ivl_519", 0 0, L_0x59863627f530;  1 drivers
L_0x71dfbb7b7d08 .functor BUFT 1, C4<00000000000000000100000000010011>, C4<0>, C4<0>, C4<0>;
v0x598636006160_0 .net/2u *"_ivl_52", 31 0, L_0x71dfbb7b7d08;  1 drivers
v0x598636004c10_0 .net/2u *"_ivl_520", 31 0, L_0x71dfbb7b9730;  1 drivers
v0x598636004cf0_0 .net *"_ivl_522", 31 0, L_0x59863627f990;  1 drivers
L_0x71dfbb7b9778 .functor BUFT 1, C4<00000010000000000001000000110011>, C4<0>, C4<0>, C4<0>;
v0x59863605d8e0_0 .net/2u *"_ivl_524", 31 0, L_0x71dfbb7b9778;  1 drivers
v0x59863605d9c0_0 .net *"_ivl_526", 0 0, L_0x59863627fa50;  1 drivers
v0x59863604e3a0_0 .net *"_ivl_529", 0 0, L_0x59863627fb90;  1 drivers
v0x59863604e460_0 .net *"_ivl_531", 0 0, L_0x59863627ff60;  1 drivers
v0x59863604eb00_0 .net/2u *"_ivl_532", 31 0, L_0x71dfbb7b97c0;  1 drivers
v0x59863604ebe0_0 .net *"_ivl_534", 31 0, L_0x598636280070;  1 drivers
L_0x71dfbb7b9808 .functor BUFT 1, C4<00000010000000000010000000110011>, C4<0>, C4<0>, C4<0>;
v0x598636046b50_0 .net/2u *"_ivl_536", 31 0, L_0x71dfbb7b9808;  1 drivers
v0x598636046c30_0 .net *"_ivl_538", 0 0, L_0x5986362804a0;  1 drivers
v0x598636040860_0 .net *"_ivl_54", 0 0, L_0x59863626f120;  1 drivers
v0x598636040920_0 .net *"_ivl_541", 0 0, L_0x5986362807a0;  1 drivers
v0x598635fa88e0_0 .net *"_ivl_543", 0 0, L_0x598636280860;  1 drivers
v0x598635fa89a0_0 .net/2u *"_ivl_544", 31 0, L_0x71dfbb7b9850;  1 drivers
v0x598635d9e180_0 .net *"_ivl_546", 31 0, L_0x598636280cf0;  1 drivers
L_0x71dfbb7b9898 .functor BUFT 1, C4<00000010000000000011000000110011>, C4<0>, C4<0>, C4<0>;
v0x598635d9e260_0 .net/2u *"_ivl_548", 31 0, L_0x71dfbb7b9898;  1 drivers
v0x598635d9af80_0 .net *"_ivl_550", 0 0, L_0x598636280db0;  1 drivers
v0x598635d9b040_0 .net *"_ivl_553", 0 0, L_0x598636280ef0;  1 drivers
v0x598636183160_0 .net *"_ivl_555", 0 0, L_0x598636281340;  1 drivers
v0x598636183220_0 .net/2u *"_ivl_556", 31 0, L_0x71dfbb7b98e0;  1 drivers
v0x598636089a10_0 .net *"_ivl_558", 31 0, L_0x598636281450;  1 drivers
L_0x71dfbb7b9928 .functor BUFT 1, C4<00000010000000000100000000110011>, C4<0>, C4<0>, C4<0>;
v0x598636089af0_0 .net/2u *"_ivl_560", 31 0, L_0x71dfbb7b9928;  1 drivers
v0x598636085430_0 .net *"_ivl_562", 0 0, L_0x5986362818b0;  1 drivers
v0x5986360854f0_0 .net *"_ivl_565", 0 0, L_0x598636281bc0;  1 drivers
v0x598635f91880_0 .net *"_ivl_567", 0 0, L_0x598636281c80;  1 drivers
v0x598635f91940_0 .net/2u *"_ivl_568", 31 0, L_0x71dfbb7b9970;  1 drivers
v0x598635faa9d0_0 .net *"_ivl_57", 0 0, L_0x59863626f210;  1 drivers
v0x598635faaa90_0 .net *"_ivl_570", 31 0, L_0x598636282140;  1 drivers
L_0x71dfbb7b99b8 .functor BUFT 1, C4<00000010000000000101000000110011>, C4<0>, C4<0>, C4<0>;
v0x598635fa8c60_0 .net/2u *"_ivl_572", 31 0, L_0x71dfbb7b99b8;  1 drivers
v0x598635fa8d40_0 .net *"_ivl_574", 0 0, L_0x598636282200;  1 drivers
v0x598635aaa800_0 .net *"_ivl_577", 0 0, L_0x598636282340;  1 drivers
v0x598635aaa8c0_0 .net *"_ivl_579", 0 0, L_0x5986362827c0;  1 drivers
v0x598635aaa980_0 .net/2u *"_ivl_58", 31 0, L_0x71dfbb7b7d50;  1 drivers
v0x598635aaaa60_0 .net/2u *"_ivl_580", 31 0, L_0x71dfbb7b9a00;  1 drivers
v0x598635aaab40_0 .net *"_ivl_582", 31 0, L_0x5986362828d0;  1 drivers
L_0x71dfbb7b9a48 .functor BUFT 1, C4<00000010000000000110000000110011>, C4<0>, C4<0>, C4<0>;
v0x598635aaac20_0 .net/2u *"_ivl_584", 31 0, L_0x71dfbb7b9a48;  1 drivers
v0x598635ade480_0 .net *"_ivl_586", 0 0, L_0x598636283520;  1 drivers
v0x598635ade540_0 .net *"_ivl_589", 0 0, L_0x598636283840;  1 drivers
v0x598635ade600_0 .net *"_ivl_591", 0 0, L_0x598636283900;  1 drivers
v0x598635ade6c0_0 .net/2u *"_ivl_592", 31 0, L_0x71dfbb7b9a90;  1 drivers
v0x598635ade7a0_0 .net *"_ivl_594", 31 0, L_0x598636283df0;  1 drivers
L_0x71dfbb7b9ad8 .functor BUFT 1, C4<00000010000000000111000000110011>, C4<0>, C4<0>, C4<0>;
v0x598635ade880_0 .net/2u *"_ivl_596", 31 0, L_0x71dfbb7b9ad8;  1 drivers
v0x598635ae6590_0 .net *"_ivl_598", 0 0, L_0x598636283eb0;  1 drivers
v0x598635ae6630_0 .net *"_ivl_6", 0 0, L_0x59863626e210;  1 drivers
v0x598635ae66f0_0 .net *"_ivl_60", 31 0, L_0x59863626f320;  1 drivers
v0x598635ae67d0_0 .net *"_ivl_601", 0 0, L_0x598636283ff0;  1 drivers
v0x598635ae6890_0 .net *"_ivl_603", 0 0, L_0x5986362844a0;  1 drivers
v0x598635ae6950_0 .net/2u *"_ivl_604", 31 0, L_0x71dfbb7b9b20;  1 drivers
v0x598635b45180_0 .net *"_ivl_606", 31 0, L_0x5986362845b0;  1 drivers
L_0x71dfbb7b9b68 .functor BUFT 1, C4<00000010000000000000000000001011>, C4<0>, C4<0>, C4<0>;
v0x598635b45240_0 .net/2u *"_ivl_608", 31 0, L_0x71dfbb7b9b68;  1 drivers
v0x598635b45320_0 .net *"_ivl_610", 0 0, L_0x598636284a70;  1 drivers
v0x598635b453e0_0 .net *"_ivl_613", 0 0, L_0x598636284d50;  1 drivers
v0x598635b454a0_0 .net *"_ivl_615", 0 0, L_0x598636284e10;  1 drivers
v0x598635b45560_0 .net/2u *"_ivl_616", 31 0, L_0x71dfbb7b9bb0;  1 drivers
v0x598635b25450_0 .net *"_ivl_618", 31 0, L_0x598636285330;  1 drivers
L_0x71dfbb7b7d98 .functor BUFT 1, C4<00000000000000000001000000010011>, C4<0>, C4<0>, C4<0>;
v0x598635b25530_0 .net/2u *"_ivl_62", 31 0, L_0x71dfbb7b7d98;  1 drivers
L_0x71dfbb7b9bf8 .functor BUFT 1, C4<00001000000000000000000000001011>, C4<0>, C4<0>, C4<0>;
v0x598635b25610_0 .net/2u *"_ivl_620", 31 0, L_0x71dfbb7b9bf8;  1 drivers
v0x598635b256f0_0 .net *"_ivl_622", 0 0, L_0x5986362853f0;  1 drivers
v0x598635b257b0_0 .net *"_ivl_625", 0 0, L_0x598636285530;  1 drivers
v0x598635b25870_0 .net *"_ivl_627", 0 0, L_0x598636285a10;  1 drivers
v0x598635b37eb0_0 .net/2u *"_ivl_628", 31 0, L_0x71dfbb7b9c40;  1 drivers
v0x598635b37f70_0 .net *"_ivl_630", 31 0, L_0x598636285b20;  1 drivers
L_0x71dfbb7b9c88 .functor BUFT 1, C4<00000010000000000001000000001011>, C4<0>, C4<0>, C4<0>;
v0x598635b38050_0 .net/2u *"_ivl_632", 31 0, L_0x71dfbb7b9c88;  1 drivers
v0x598635b38130_0 .net *"_ivl_634", 0 0, L_0x5986362855f0;  1 drivers
v0x598635b381f0_0 .net *"_ivl_637", 0 0, L_0x598636285930;  1 drivers
v0x598635b382b0_0 .net *"_ivl_639", 0 0, L_0x598636286010;  1 drivers
v0x598635b534b0_0 .net *"_ivl_64", 0 0, L_0x59863626f450;  1 drivers
v0x598635b53570_0 .net *"_ivl_640", 0 0, L_0x598636285be0;  1 drivers
v0x598635b53650_0 .net/2u *"_ivl_646", 31 0, L_0x71dfbb7b9cd0;  1 drivers
v0x598635b53730_0 .net *"_ivl_648", 31 0, L_0x598636285e20;  1 drivers
L_0x71dfbb7b9d18 .functor BUFT 1, C4<00000000000000000000000001100111>, C4<0>, C4<0>, C4<0>;
v0x598635b53810_0 .net/2u *"_ivl_650", 31 0, L_0x71dfbb7b9d18;  1 drivers
v0x598635b7ec80_0 .net *"_ivl_652", 0 0, L_0x598636285ee0;  1 drivers
v0x598635b7ed40_0 .net/2u *"_ivl_654", 31 0, L_0x71dfbb7b9d60;  1 drivers
v0x598635b7ee20_0 .net *"_ivl_656", 31 0, L_0x5986362865d0;  1 drivers
L_0x71dfbb7b9da8 .functor BUFT 1, C4<00000000000000000000000001101111>, C4<0>, C4<0>, C4<0>;
v0x598635b7ef00_0 .net/2u *"_ivl_658", 31 0, L_0x71dfbb7b9da8;  1 drivers
v0x598635b7efe0_0 .net *"_ivl_660", 0 0, L_0x598636286690;  1 drivers
v0x598635b7f0a0_0 .net *"_ivl_663", 0 0, L_0x5986362869e0;  1 drivers
v0x598635b82870_0 .net/2u *"_ivl_664", 31 0, L_0x71dfbb7b9df0;  1 drivers
v0x598635b82930_0 .net *"_ivl_666", 31 0, L_0x598636286120;  1 drivers
L_0x71dfbb7b9e38 .functor BUFT 1, C4<00000000000000000000000000110111>, C4<0>, C4<0>, C4<0>;
v0x598635b82a10_0 .net/2u *"_ivl_668", 31 0, L_0x71dfbb7b9e38;  1 drivers
v0x598635b82af0_0 .net *"_ivl_67", 0 0, L_0x59863626f590;  1 drivers
v0x598635b82bb0_0 .net *"_ivl_670", 0 0, L_0x5986362861e0;  1 drivers
v0x598635b82c70_0 .net *"_ivl_673", 0 0, L_0x598636286320;  1 drivers
v0x598635bbcf40_0 .net/2u *"_ivl_674", 31 0, L_0x71dfbb7b9e80;  1 drivers
v0x598635bbd020_0 .net *"_ivl_676", 31 0, L_0x598636286430;  1 drivers
L_0x71dfbb7b9ec8 .functor BUFT 1, C4<00000000000000000000000000010111>, C4<0>, C4<0>, C4<0>;
v0x598635bbd100_0 .net/2u *"_ivl_678", 31 0, L_0x71dfbb7b9ec8;  1 drivers
v0x598635bbd1e0_0 .net/2u *"_ivl_68", 31 0, L_0x71dfbb7b7de0;  1 drivers
v0x598635bbd2c0_0 .net *"_ivl_680", 0 0, L_0x598636286f70;  1 drivers
v0x598635c06740_0 .net *"_ivl_683", 0 0, L_0x598636287280;  1 drivers
v0x598635c06800_0 .net/2u *"_ivl_684", 31 0, L_0x71dfbb7b9f10;  1 drivers
v0x598635c068e0_0 .net *"_ivl_686", 31 0, L_0x598636286af0;  1 drivers
L_0x71dfbb7b9f58 .functor BUFT 1, C4<00000000000000000000000000010011>, C4<0>, C4<0>, C4<0>;
v0x598635c069c0_0 .net/2u *"_ivl_688", 31 0, L_0x71dfbb7b9f58;  1 drivers
v0x598635c06aa0_0 .net *"_ivl_690", 0 0, L_0x598636286bb0;  1 drivers
v0x598635c06b60_0 .net *"_ivl_693", 0 0, L_0x598636286cf0;  1 drivers
v0x598635c07540_0 .net/2u *"_ivl_694", 31 0, L_0x71dfbb7b9fa0;  1 drivers
v0x598635c07620_0 .net *"_ivl_696", 31 0, L_0x598636286e00;  1 drivers
L_0x71dfbb7b9fe8 .functor BUFT 1, C4<00000000000000000001000000010011>, C4<0>, C4<0>, C4<0>;
v0x598635c07700_0 .net/2u *"_ivl_698", 31 0, L_0x71dfbb7b9fe8;  1 drivers
v0x598635c077e0_0 .net *"_ivl_70", 31 0, L_0x59863626f6a0;  1 drivers
v0x598635c078c0_0 .net *"_ivl_700", 0 0, L_0x598636286ec0;  1 drivers
v0x598635c13f40_0 .net *"_ivl_703", 0 0, L_0x598636287b00;  1 drivers
v0x598635c14000_0 .net/2u *"_ivl_704", 31 0, L_0x71dfbb7ba030;  1 drivers
v0x598635c140e0_0 .net *"_ivl_706", 31 0, L_0x598636287390;  1 drivers
L_0x71dfbb7ba078 .functor BUFT 1, C4<00000000000000000010000000010011>, C4<0>, C4<0>, C4<0>;
v0x598635c141c0_0 .net/2u *"_ivl_708", 31 0, L_0x71dfbb7ba078;  1 drivers
v0x598635c142a0_0 .net *"_ivl_710", 0 0, L_0x598636287450;  1 drivers
v0x598635c14360_0 .net *"_ivl_713", 0 0, L_0x598636287590;  1 drivers
v0x5986359a1170_0 .net/2u *"_ivl_714", 31 0, L_0x71dfbb7ba0c0;  1 drivers
v0x5986359a1250_0 .net *"_ivl_716", 31 0, L_0x5986362876a0;  1 drivers
L_0x71dfbb7ba108 .functor BUFT 1, C4<00000000000000000011000000010011>, C4<0>, C4<0>, C4<0>;
v0x5986359a1330_0 .net/2u *"_ivl_718", 31 0, L_0x71dfbb7ba108;  1 drivers
L_0x71dfbb7b7e28 .functor BUFT 1, C4<00000000000000000101000000010011>, C4<0>, C4<0>, C4<0>;
v0x5986359a1410_0 .net/2u *"_ivl_72", 31 0, L_0x71dfbb7b7e28;  1 drivers
v0x5986359a14f0_0 .net *"_ivl_720", 0 0, L_0x598636287760;  1 drivers
v0x598635c2dcc0_0 .net *"_ivl_723", 0 0, L_0x5986362883b0;  1 drivers
v0x598635c2dd80_0 .net/2u *"_ivl_724", 31 0, L_0x71dfbb7ba150;  1 drivers
v0x598635c2de60_0 .net *"_ivl_726", 31 0, L_0x598636287c10;  1 drivers
L_0x71dfbb7ba198 .functor BUFT 1, C4<00000000000000000100000000010011>, C4<0>, C4<0>, C4<0>;
v0x598635c2df40_0 .net/2u *"_ivl_728", 31 0, L_0x71dfbb7ba198;  1 drivers
v0x598635c2e020_0 .net *"_ivl_730", 0 0, L_0x598636287cd0;  1 drivers
v0x598635c2e0e0_0 .net *"_ivl_733", 0 0, L_0x598636287e10;  1 drivers
v0x598635c737f0_0 .net/2u *"_ivl_734", 31 0, L_0x71dfbb7ba1e0;  1 drivers
v0x598635c738d0_0 .net *"_ivl_736", 31 0, L_0x598636287f20;  1 drivers
L_0x71dfbb7ba228 .functor BUFT 1, C4<00000000000000000101000000010011>, C4<0>, C4<0>, C4<0>;
v0x598635c739b0_0 .net/2u *"_ivl_738", 31 0, L_0x71dfbb7ba228;  1 drivers
v0x598635c73a90_0 .net *"_ivl_74", 0 0, L_0x59863626f7e0;  1 drivers
v0x598635c73b50_0 .net *"_ivl_740", 0 0, L_0x598636287fe0;  1 drivers
v0x598635c73c10_0 .net *"_ivl_743", 0 0, L_0x598636288c40;  1 drivers
v0x598635c9c9d0_0 .net/2u *"_ivl_744", 31 0, L_0x71dfbb7ba270;  1 drivers
v0x598635c9cab0_0 .net *"_ivl_746", 31 0, L_0x5986362884c0;  1 drivers
L_0x71dfbb7ba2b8 .functor BUFT 1, C4<01000000000000000101000000010011>, C4<0>, C4<0>, C4<0>;
v0x598635c9cb90_0 .net/2u *"_ivl_748", 31 0, L_0x71dfbb7ba2b8;  1 drivers
v0x598635c9cc70_0 .net *"_ivl_750", 0 0, L_0x598636288580;  1 drivers
v0x598635c9cd30_0 .net *"_ivl_753", 0 0, L_0x5986362886c0;  1 drivers
v0x598635c9cdf0_0 .net/2u *"_ivl_754", 31 0, L_0x71dfbb7ba300;  1 drivers
v0x598635c90ae0_0 .net *"_ivl_756", 31 0, L_0x5986362887d0;  1 drivers
L_0x71dfbb7ba348 .functor BUFT 1, C4<00000000000000000110000000010011>, C4<0>, C4<0>, C4<0>;
v0x598635c90ba0_0 .net/2u *"_ivl_758", 31 0, L_0x71dfbb7ba348;  1 drivers
v0x598635c90c80_0 .net *"_ivl_760", 0 0, L_0x598636288890;  1 drivers
v0x598635c90d40_0 .net *"_ivl_763", 0 0, L_0x598636289500;  1 drivers
v0x598635c90e00_0 .net/2u *"_ivl_764", 31 0, L_0x71dfbb7ba390;  1 drivers
v0x598635c90ee0_0 .net *"_ivl_766", 31 0, L_0x598636288d50;  1 drivers
L_0x71dfbb7ba3d8 .functor BUFT 1, C4<00000000000000000111000000010011>, C4<0>, C4<0>, C4<0>;
v0x5986358adcf0_0 .net/2u *"_ivl_768", 31 0, L_0x71dfbb7ba3d8;  1 drivers
v0x5986358addd0_0 .net *"_ivl_77", 0 0, L_0x59863626f3e0;  1 drivers
v0x5986358ade90_0 .net *"_ivl_770", 0 0, L_0x598636288e10;  1 drivers
v0x5986358adf50_0 .net *"_ivl_773", 0 0, L_0x598636288f50;  1 drivers
v0x5986358ae010_0 .net/2u *"_ivl_774", 31 0, L_0x71dfbb7ba420;  1 drivers
v0x5986358ae0f0_0 .net *"_ivl_776", 31 0, L_0x598636289060;  1 drivers
L_0x71dfbb7ba468 .functor BUFT 1, C4<00000000000000000000000000110011>, C4<0>, C4<0>, C4<0>;
v0x5986361a0550_0 .net/2u *"_ivl_778", 31 0, L_0x71dfbb7ba468;  1 drivers
v0x5986361a0610_0 .net/2u *"_ivl_78", 31 0, L_0x71dfbb7b7e70;  1 drivers
v0x5986361a06f0_0 .net *"_ivl_780", 0 0, L_0x598636289120;  1 drivers
v0x5986361a07b0_0 .net *"_ivl_783", 0 0, L_0x598636289df0;  1 drivers
v0x5986361a0870_0 .net/2u *"_ivl_784", 31 0, L_0x71dfbb7ba4b0;  1 drivers
v0x5986361a0950_0 .net *"_ivl_786", 31 0, L_0x598636289610;  1 drivers
L_0x71dfbb7ba4f8 .functor BUFT 1, C4<01000000000000000000000000110011>, C4<0>, C4<0>, C4<0>;
v0x5986361a0a30_0 .net/2u *"_ivl_788", 31 0, L_0x71dfbb7ba4f8;  1 drivers
v0x5986361a0b10_0 .net *"_ivl_790", 0 0, L_0x5986362896d0;  1 drivers
v0x5986361a0bd0_0 .net *"_ivl_793", 0 0, L_0x598636289810;  1 drivers
v0x5986361a0c90_0 .net/2u *"_ivl_794", 31 0, L_0x71dfbb7ba540;  1 drivers
v0x5986361a0d70_0 .net *"_ivl_796", 31 0, L_0x598636289920;  1 drivers
L_0x71dfbb7ba588 .functor BUFT 1, C4<00000000000000000001000000110011>, C4<0>, C4<0>, C4<0>;
v0x5986361a0e50_0 .net/2u *"_ivl_798", 31 0, L_0x71dfbb7ba588;  1 drivers
v0x5986361a0f30_0 .net/2u *"_ivl_8", 31 0, L_0x71dfbb7b7a80;  1 drivers
v0x5986361a1010_0 .net *"_ivl_80", 31 0, L_0x59863626fa10;  1 drivers
v0x5986361a10f0_0 .net *"_ivl_800", 0 0, L_0x5986362899e0;  1 drivers
v0x5986361a11b0_0 .net *"_ivl_803", 0 0, L_0x59863628a6c0;  1 drivers
v0x5986361a1270_0 .net/2u *"_ivl_804", 31 0, L_0x71dfbb7ba5d0;  1 drivers
v0x5986361a1350_0 .net *"_ivl_806", 31 0, L_0x598636289f00;  1 drivers
L_0x71dfbb7ba618 .functor BUFT 1, C4<00000000000000000010000000110011>, C4<0>, C4<0>, C4<0>;
v0x5986361a1430_0 .net/2u *"_ivl_808", 31 0, L_0x71dfbb7ba618;  1 drivers
v0x5986361a1510_0 .net *"_ivl_810", 0 0, L_0x598636289fc0;  1 drivers
v0x5986361a15d0_0 .net *"_ivl_813", 0 0, L_0x59863628a100;  1 drivers
v0x5986361a1690_0 .net/2u *"_ivl_814", 31 0, L_0x71dfbb7ba660;  1 drivers
v0x5986361a1770_0 .net *"_ivl_816", 31 0, L_0x59863628a210;  1 drivers
L_0x71dfbb7ba6a8 .functor BUFT 1, C4<00000000000000000011000000110011>, C4<0>, C4<0>, C4<0>;
v0x5986361a1850_0 .net/2u *"_ivl_818", 31 0, L_0x71dfbb7ba6a8;  1 drivers
L_0x71dfbb7b7eb8 .functor BUFT 1, C4<01000000000000000101000000010011>, C4<0>, C4<0>, C4<0>;
v0x5986361a1930_0 .net/2u *"_ivl_82", 31 0, L_0x71dfbb7b7eb8;  1 drivers
v0x5986361a1a10_0 .net *"_ivl_820", 0 0, L_0x59863628a2d0;  1 drivers
v0x5986361a1ad0_0 .net *"_ivl_823", 0 0, L_0x59863628afc0;  1 drivers
v0x5986361a1b90_0 .net/2u *"_ivl_824", 31 0, L_0x71dfbb7ba6f0;  1 drivers
v0x5986361a1c70_0 .net *"_ivl_826", 31 0, L_0x59863628a7d0;  1 drivers
L_0x71dfbb7ba738 .functor BUFT 1, C4<00000000000000000100000000110011>, C4<0>, C4<0>, C4<0>;
v0x5986361a3d80_0 .net/2u *"_ivl_828", 31 0, L_0x71dfbb7ba738;  1 drivers
v0x5986361a3e20_0 .net *"_ivl_830", 0 0, L_0x59863628a890;  1 drivers
v0x5986361a3ec0_0 .net *"_ivl_833", 0 0, L_0x59863628a9d0;  1 drivers
v0x5986361a3f60_0 .net/2u *"_ivl_834", 31 0, L_0x71dfbb7ba780;  1 drivers
v0x5986361a4000_0 .net *"_ivl_836", 31 0, L_0x59863628aae0;  1 drivers
L_0x71dfbb7ba7c8 .functor BUFT 1, C4<00000000000000000101000000110011>, C4<0>, C4<0>, C4<0>;
v0x5986361a40a0_0 .net/2u *"_ivl_838", 31 0, L_0x71dfbb7ba7c8;  1 drivers
v0x5986361a4140_0 .net *"_ivl_84", 0 0, L_0x59863626fb60;  1 drivers
v0x5986361a41e0_0 .net *"_ivl_840", 0 0, L_0x59863628aba0;  1 drivers
v0x5986361a4280_0 .net *"_ivl_843", 0 0, L_0x59863628b8f0;  1 drivers
v0x5986361a4320_0 .net/2u *"_ivl_844", 31 0, L_0x71dfbb7ba810;  1 drivers
v0x5986361a43c0_0 .net *"_ivl_846", 31 0, L_0x59863628b0d0;  1 drivers
L_0x71dfbb7ba858 .functor BUFT 1, C4<01000000000000000101000000110011>, C4<0>, C4<0>, C4<0>;
v0x5986361a4460_0 .net/2u *"_ivl_848", 31 0, L_0x71dfbb7ba858;  1 drivers
v0x5986361a4500_0 .net *"_ivl_850", 0 0, L_0x59863628b190;  1 drivers
v0x5986361a45a0_0 .net *"_ivl_853", 0 0, L_0x59863628b2d0;  1 drivers
v0x5986361a4640_0 .net/2u *"_ivl_854", 31 0, L_0x71dfbb7ba8a0;  1 drivers
v0x5986361a46e0_0 .net *"_ivl_856", 31 0, L_0x59863628b3e0;  1 drivers
L_0x71dfbb7ba8e8 .functor BUFT 1, C4<00000000000000000110000000110011>, C4<0>, C4<0>, C4<0>;
v0x5986361a4780_0 .net/2u *"_ivl_858", 31 0, L_0x71dfbb7ba8e8;  1 drivers
v0x5986361a4820_0 .net *"_ivl_860", 0 0, L_0x59863628b4a0;  1 drivers
v0x5986361a48c0_0 .net *"_ivl_863", 0 0, L_0x59863628b5e0;  1 drivers
v0x5986361a4960_0 .net/2u *"_ivl_864", 31 0, L_0x71dfbb7ba930;  1 drivers
v0x5986361a4a00_0 .net *"_ivl_866", 31 0, L_0x59863628b9b0;  1 drivers
L_0x71dfbb7ba978 .functor BUFT 1, C4<00000000000000000111000000110011>, C4<0>, C4<0>, C4<0>;
v0x5986361a4aa0_0 .net/2u *"_ivl_868", 31 0, L_0x71dfbb7ba978;  1 drivers
v0x5986361a4b40_0 .net *"_ivl_87", 0 0, L_0x59863626fca0;  1 drivers
v0x5986361a4be0_0 .net *"_ivl_870", 0 0, L_0x59863628ba70;  1 drivers
v0x5986361a4c80_0 .net *"_ivl_873", 0 0, L_0x59863628bbb0;  1 drivers
v0x5986361a4d20_0 .net/2u *"_ivl_874", 31 0, L_0x71dfbb7ba9c0;  1 drivers
v0x5986361a4dc0_0 .net *"_ivl_876", 31 0, L_0x59863628bcc0;  1 drivers
L_0x71dfbb7baa08 .functor BUFT 1, C4<00000000000000000000000000000011>, C4<0>, C4<0>, C4<0>;
v0x5986361a4e60_0 .net/2u *"_ivl_878", 31 0, L_0x71dfbb7baa08;  1 drivers
v0x5986361a4f00_0 .net/2u *"_ivl_88", 31 0, L_0x71dfbb7b7f00;  1 drivers
v0x5986361a4fa0_0 .net *"_ivl_880", 0 0, L_0x59863628bd80;  1 drivers
v0x5986361a5040_0 .net *"_ivl_883", 0 0, L_0x59863628bec0;  1 drivers
v0x5986361a50e0_0 .net/2u *"_ivl_884", 31 0, L_0x71dfbb7baa50;  1 drivers
v0x5986361a5180_0 .net *"_ivl_886", 31 0, L_0x59863628c2a0;  1 drivers
L_0x71dfbb7baa98 .functor BUFT 1, C4<00000000000000000001000000000011>, C4<0>, C4<0>, C4<0>;
v0x5986361a5220_0 .net/2u *"_ivl_888", 31 0, L_0x71dfbb7baa98;  1 drivers
v0x5986361a52c0_0 .net *"_ivl_890", 0 0, L_0x59863628c360;  1 drivers
v0x5986361a5360_0 .net *"_ivl_893", 0 0, L_0x59863628c4a0;  1 drivers
v0x5986361a5400_0 .net/2u *"_ivl_894", 31 0, L_0x71dfbb7baae0;  1 drivers
v0x5986361a54a0_0 .net *"_ivl_896", 31 0, L_0x59863628c5b0;  1 drivers
L_0x71dfbb7bab28 .functor BUFT 1, C4<00000000000000000010000000000011>, C4<0>, C4<0>, C4<0>;
v0x5986361a5540_0 .net/2u *"_ivl_898", 31 0, L_0x71dfbb7bab28;  1 drivers
v0x5986361a55e0_0 .net *"_ivl_90", 31 0, L_0x59863626fdb0;  1 drivers
v0x5986361a5680_0 .net *"_ivl_900", 0 0, L_0x59863628c670;  1 drivers
v0x5986361a5720_0 .net *"_ivl_903", 0 0, L_0x59863628c7b0;  1 drivers
v0x5986361a57c0_0 .net/2u *"_ivl_904", 31 0, L_0x71dfbb7bab70;  1 drivers
v0x5986361a5860_0 .net *"_ivl_906", 31 0, L_0x59863628cbc0;  1 drivers
L_0x71dfbb7babb8 .functor BUFT 1, C4<00000000000000000100000000000011>, C4<0>, C4<0>, C4<0>;
v0x5986361a5900_0 .net/2u *"_ivl_908", 31 0, L_0x71dfbb7babb8;  1 drivers
v0x5986361a59a0_0 .net *"_ivl_910", 0 0, L_0x59863628cc80;  1 drivers
v0x5986361a5a40_0 .net *"_ivl_913", 0 0, L_0x59863628cdc0;  1 drivers
v0x5986361a5ae0_0 .net/2u *"_ivl_914", 31 0, L_0x71dfbb7bac00;  1 drivers
v0x5986361a5b80_0 .net *"_ivl_916", 31 0, L_0x59863628ced0;  1 drivers
L_0x71dfbb7bac48 .functor BUFT 1, C4<00000000000000000101000000000011>, C4<0>, C4<0>, C4<0>;
v0x5986361a5c20_0 .net/2u *"_ivl_918", 31 0, L_0x71dfbb7bac48;  1 drivers
L_0x71dfbb7b7f48 .functor BUFT 1, C4<00000000000000000000000000110111>, C4<0>, C4<0>, C4<0>;
v0x5986361a5cc0_0 .net/2u *"_ivl_92", 31 0, L_0x71dfbb7b7f48;  1 drivers
v0x5986361a5d60_0 .net *"_ivl_920", 0 0, L_0x59863628cf90;  1 drivers
v0x5986361a5e00_0 .net *"_ivl_923", 0 0, L_0x59863628d0d0;  1 drivers
v0x5986361a5ea0_0 .net/2u *"_ivl_924", 31 0, L_0x71dfbb7bac90;  1 drivers
v0x5986361a5f40_0 .net *"_ivl_926", 31 0, L_0x59863628d510;  1 drivers
L_0x71dfbb7bacd8 .functor BUFT 1, C4<00000000000000000110000000000011>, C4<0>, C4<0>, C4<0>;
v0x5986361a5fe0_0 .net/2u *"_ivl_928", 31 0, L_0x71dfbb7bacd8;  1 drivers
v0x5986361a6080_0 .net *"_ivl_930", 0 0, L_0x59863628d5d0;  1 drivers
v0x5986361a6120_0 .net *"_ivl_933", 0 0, L_0x59863628d710;  1 drivers
v0x5986361a61c0_0 .net/2u *"_ivl_934", 31 0, L_0x71dfbb7bad20;  1 drivers
v0x5986361a6260_0 .net *"_ivl_936", 31 0, L_0x59863628d820;  1 drivers
L_0x71dfbb7bad68 .functor BUFT 1, C4<00000010000000000000000000110011>, C4<0>, C4<0>, C4<0>;
v0x5986361a6300_0 .net/2u *"_ivl_938", 31 0, L_0x71dfbb7bad68;  1 drivers
v0x5986361a63a0_0 .net *"_ivl_94", 0 0, L_0x598636270120;  1 drivers
v0x5986361a6440_0 .net *"_ivl_940", 0 0, L_0x59863628d8e0;  1 drivers
v0x5986361a64e0_0 .net *"_ivl_943", 0 0, L_0x59863628da20;  1 drivers
v0x5986361a6580_0 .net/2u *"_ivl_944", 31 0, L_0x71dfbb7badb0;  1 drivers
v0x5986361a6620_0 .net *"_ivl_946", 31 0, L_0x59863628de40;  1 drivers
L_0x71dfbb7badf8 .functor BUFT 1, C4<00000010000000000001000000110011>, C4<0>, C4<0>, C4<0>;
v0x5986361a66c0_0 .net/2u *"_ivl_948", 31 0, L_0x71dfbb7badf8;  1 drivers
v0x5986361a6760_0 .net *"_ivl_950", 0 0, L_0x59863628df00;  1 drivers
v0x5986361a6800_0 .net *"_ivl_953", 0 0, L_0x59863628e040;  1 drivers
v0x5986361a68a0_0 .net/2u *"_ivl_954", 31 0, L_0x71dfbb7bae40;  1 drivers
v0x5986361a6940_0 .net *"_ivl_956", 31 0, L_0x59863628e150;  1 drivers
L_0x71dfbb7bae88 .functor BUFT 1, C4<00000010000000000010000000110011>, C4<0>, C4<0>, C4<0>;
v0x5986361a69e0_0 .net/2u *"_ivl_958", 31 0, L_0x71dfbb7bae88;  1 drivers
v0x5986361a6a80_0 .net *"_ivl_960", 0 0, L_0x59863628e210;  1 drivers
v0x5986361a6b20_0 .net *"_ivl_963", 0 0, L_0x59863628e350;  1 drivers
v0x5986361a6bc0_0 .net/2u *"_ivl_964", 31 0, L_0x71dfbb7baed0;  1 drivers
v0x5986361a6c60_0 .net *"_ivl_966", 31 0, L_0x59863628e7a0;  1 drivers
L_0x71dfbb7baf18 .functor BUFT 1, C4<00000010000000000011000000110011>, C4<0>, C4<0>, C4<0>;
v0x5986361a6d00_0 .net/2u *"_ivl_968", 31 0, L_0x71dfbb7baf18;  1 drivers
v0x5986361a6da0_0 .net *"_ivl_97", 0 0, L_0x598636270260;  1 drivers
v0x5986361a6e40_0 .net *"_ivl_970", 0 0, L_0x59863628e860;  1 drivers
v0x5986361a6ee0_0 .net *"_ivl_973", 0 0, L_0x59863628e9a0;  1 drivers
v0x5986361a6f80_0 .net/2u *"_ivl_974", 31 0, L_0x71dfbb7baf60;  1 drivers
v0x5986361a7020_0 .net *"_ivl_976", 31 0, L_0x59863628eab0;  1 drivers
L_0x71dfbb7bafa8 .functor BUFT 1, C4<00000010000000000100000000110011>, C4<0>, C4<0>, C4<0>;
v0x5986361a70c0_0 .net/2u *"_ivl_978", 31 0, L_0x71dfbb7bafa8;  1 drivers
v0x5986361a7160_0 .net/2u *"_ivl_98", 31 0, L_0x71dfbb7b7f90;  1 drivers
v0x5986361a7200_0 .net *"_ivl_980", 0 0, L_0x59863628eb70;  1 drivers
v0x5986361a72a0_0 .net *"_ivl_983", 0 0, L_0x59863628ecb0;  1 drivers
v0x5986361a7340_0 .net/2u *"_ivl_984", 31 0, L_0x71dfbb7baff0;  1 drivers
v0x5986361a73e0_0 .net *"_ivl_986", 31 0, L_0x59863628f0e0;  1 drivers
L_0x71dfbb7bb038 .functor BUFT 1, C4<00000010000000000101000000110011>, C4<0>, C4<0>, C4<0>;
v0x5986361a7480_0 .net/2u *"_ivl_988", 31 0, L_0x71dfbb7bb038;  1 drivers
v0x5986361a7520_0 .net *"_ivl_990", 0 0, L_0x59863628f1a0;  1 drivers
v0x5986361a75c0_0 .net *"_ivl_993", 0 0, L_0x59863628f2e0;  1 drivers
v0x5986361a7660_0 .net/2u *"_ivl_994", 31 0, L_0x71dfbb7bb080;  1 drivers
v0x5986361a7700_0 .net *"_ivl_996", 31 0, L_0x59863628f3f0;  1 drivers
L_0x71dfbb7bb0c8 .functor BUFT 1, C4<00000010000000000110000000110011>, C4<0>, C4<0>, C4<0>;
v0x5986361a77a0_0 .net/2u *"_ivl_998", 31 0, L_0x71dfbb7bb0c8;  1 drivers
v0x5986361a7840_0 .net "branch_o", 0 0, L_0x59863629d690;  alias, 1 drivers
v0x5986361a78e0_0 .net "cbm_o", 0 0, L_0x5986362a0670;  alias, 1 drivers
v0x5986361a7980_0 .net "csr_o", 0 0, L_0x5986362a13e0;  alias, 1 drivers
v0x5986361a7a20_0 .net "div_o", 0 0, L_0x59863629d9b0;  alias, 1 drivers
v0x5986361a7ac0_0 .net "enable_muldiv_i", 0 0, L_0x71dfbb7c3930;  alias, 1 drivers
v0x5986361a7b60_0 .net "exec_o", 0 0, L_0x598636299300;  alias, 1 drivers
v0x5986361a7c00_0 .net "fetch_fault_i", 0 0, L_0x5986362a16a0;  1 drivers
v0x5986361a7ca0_0 .net "invalid_o", 0 0, L_0x598636285d60;  alias, 1 drivers
v0x5986361a7d40_0 .net "invalid_w", 0 0, L_0x598636285ca0;  1 drivers
v0x5986361a7de0_0 .net "lsu_o", 0 0, L_0x59863629ba10;  alias, 1 drivers
v0x5986361a7e80_0 .net "mul_o", 0 0, L_0x59863629de70;  alias, 1 drivers
v0x5986361a7f20_0 .net "mule_o", 0 0, L_0x5986362a03b0;  alias, 1 drivers
v0x5986361a7fc0_0 .net "mulp_o", 0 0, L_0x5986362a21a0;  alias, 1 drivers
v0x5986361a8060_0 .net "opcode_i", 31 0, L_0x59863626c920;  alias, 1 drivers
v0x5986361a8100_0 .net "rd_valid_o", 0 0, L_0x5986362927c0;  alias, 1 drivers
v0x5986361a81a0_0 .net "valid_i", 0 0, L_0x59863626b400;  alias, 1 drivers
L_0x59863626e210 .cmp/eq 32, L_0x59863626e1a0, L_0x71dfbb7b7a38;
L_0x59863626e430 .cmp/eq 32, L_0x59863626e2b0, L_0x71dfbb7b7ac8;
L_0x59863626e770 .cmp/eq 32, L_0x59863626e680, L_0x71dfbb7b7b58;
L_0x59863626eac0 .cmp/eq 32, L_0x59863626e9c0, L_0x71dfbb7b7be8;
L_0x59863626ee50 .cmp/eq 32, L_0x59863626ed40, L_0x71dfbb7b7c78;
L_0x59863626f120 .cmp/eq 32, L_0x59863626f000, L_0x71dfbb7b7d08;
L_0x59863626f450 .cmp/eq 32, L_0x59863626f320, L_0x71dfbb7b7d98;
L_0x59863626f7e0 .cmp/eq 32, L_0x59863626f6a0, L_0x71dfbb7b7e28;
L_0x59863626fb60 .cmp/eq 32, L_0x59863626fa10, L_0x71dfbb7b7eb8;
L_0x598636270120 .cmp/eq 32, L_0x59863626fdb0, L_0x71dfbb7b7f48;
L_0x598636270080 .cmp/eq 32, L_0x598636270320, L_0x71dfbb7b7fd8;
L_0x5986362707c0 .cmp/eq 32, L_0x598636270640, L_0x71dfbb7b8068;
L_0x598636270c10 .cmp/eq 32, L_0x598636270a80, L_0x71dfbb7b80f8;
L_0x598636271000 .cmp/eq 32, L_0x598636270e60, L_0x71dfbb7b8188;
L_0x598636271410 .cmp/eq 32, L_0x598636271260, L_0x71dfbb7b8218;
L_0x598636271820 .cmp/eq 32, L_0x598636271660, L_0x71dfbb7b82a8;
L_0x598636271cd0 .cmp/eq 32, L_0x598636271b00, L_0x71dfbb7b8338;
L_0x598636272100 .cmp/eq 32, L_0x598636271f20, L_0x71dfbb7b83c8;
L_0x5986362725e0 .cmp/eq 32, L_0x5986362723f0, L_0x71dfbb7b8458;
L_0x598636272a30 .cmp/eq 32, L_0x598636272830, L_0x71dfbb7b84e8;
L_0x598636272240 .cmp/eq 32, L_0x598636272d30, L_0x71dfbb7b8578;
L_0x598636273310 .cmp/eq 32, L_0x5986362730f0, L_0x71dfbb7b8608;
L_0x598636273850 .cmp/eq 32, L_0x598636273620, L_0x71dfbb7b8698;
L_0x598636273ce0 .cmp/eq 32, L_0x598636273aa0, L_0x71dfbb7b8728;
L_0x598636274250 .cmp/eq 32, L_0x598636274000, L_0x71dfbb7b87b8;
L_0x598636274ac0 .cmp/eq 32, L_0x5986362744a0, L_0x71dfbb7b8848;
L_0x598636275060 .cmp/eq 32, L_0x598636274df0, L_0x71dfbb7b88d8;
L_0x598636275530 .cmp/eq 32, L_0x5986362752b0, L_0x71dfbb7b8968;
L_0x598636275b00 .cmp/eq 32, L_0x598636275870, L_0x71dfbb7b89f8;
L_0x598636275ff0 .cmp/eq 32, L_0x598636275d50, L_0x71dfbb7b8a88;
L_0x5986362765f0 .cmp/eq 32, L_0x598636276340, L_0x71dfbb7b8b18;
L_0x598636276b00 .cmp/eq 32, L_0x598636276840, L_0x71dfbb7b8ba8;
L_0x598636277130 .cmp/eq 32, L_0x598636276e60, L_0x71dfbb7b8c38;
L_0x598636277660 .cmp/eq 32, L_0x598636277380, L_0x71dfbb7b8cc8;
L_0x598636277cc0 .cmp/eq 32, L_0x5986362779d0, L_0x71dfbb7b8d58;
L_0x598636278210 .cmp/eq 32, L_0x598636277f10, L_0x71dfbb7b8de8;
L_0x598636278790 .cmp/eq 32, L_0x598636278480, L_0x71dfbb7b8e78;
L_0x598636278d00 .cmp/eq 32, L_0x5986362789e0, L_0x71dfbb7b8f08;
L_0x5986362793c0 .cmp/eq 32, L_0x598636279090, L_0x71dfbb7b8f98;
L_0x598636279950 .cmp/eq 32, L_0x598636279610, L_0x71dfbb7b9028;
L_0x59863627a040 .cmp/eq 32, L_0x598636279cf0, L_0x71dfbb7b90b8;
L_0x59863627a5f0 .cmp/eq 32, L_0x59863627a290, L_0x71dfbb7b9148;
L_0x59863627ad10 .cmp/eq 32, L_0x59863627a9a0, L_0x71dfbb7b91d8;
L_0x59863627b2e0 .cmp/eq 32, L_0x59863627af60, L_0x71dfbb7b9268;
L_0x59863627ba30 .cmp/eq 32, L_0x59863627b6a0, L_0x71dfbb7b92f8;
L_0x59863627c020 .cmp/eq 32, L_0x59863627bc80, L_0x71dfbb7b9388;
L_0x59863627cfb0 .cmp/eq 32, L_0x59863627c3f0, L_0x71dfbb7b9418;
L_0x59863627d570 .cmp/eq 32, L_0x59863627d1b0, L_0x71dfbb7b94a8;
L_0x59863627dd20 .cmp/eq 32, L_0x59863627d950, L_0x71dfbb7b9538;
L_0x59863627e350 .cmp/eq 32, L_0x59863627df70, L_0x71dfbb7b95c8;
L_0x59863627eb30 .cmp/eq 32, L_0x59863627e740, L_0x71dfbb7b9658;
L_0x59863627f180 .cmp/eq 32, L_0x59863627ed80, L_0x71dfbb7b96e8;
L_0x59863627fa50 .cmp/eq 32, L_0x59863627f990, L_0x71dfbb7b9778;
L_0x5986362804a0 .cmp/eq 32, L_0x598636280070, L_0x71dfbb7b9808;
L_0x598636280db0 .cmp/eq 32, L_0x598636280cf0, L_0x71dfbb7b9898;
L_0x5986362818b0 .cmp/eq 32, L_0x598636281450, L_0x71dfbb7b9928;
L_0x598636282200 .cmp/eq 32, L_0x598636282140, L_0x71dfbb7b99b8;
L_0x598636283520 .cmp/eq 32, L_0x5986362828d0, L_0x71dfbb7b9a48;
L_0x598636283eb0 .cmp/eq 32, L_0x598636283df0, L_0x71dfbb7b9ad8;
L_0x598636284a70 .cmp/eq 32, L_0x5986362845b0, L_0x71dfbb7b9b68;
L_0x5986362853f0 .cmp/eq 32, L_0x598636285330, L_0x71dfbb7b9bf8;
L_0x5986362855f0 .cmp/eq 32, L_0x598636285b20, L_0x71dfbb7b9c88;
L_0x598636285ee0 .cmp/eq 32, L_0x598636285e20, L_0x71dfbb7b9d18;
L_0x598636286690 .cmp/eq 32, L_0x5986362865d0, L_0x71dfbb7b9da8;
L_0x5986362861e0 .cmp/eq 32, L_0x598636286120, L_0x71dfbb7b9e38;
L_0x598636286f70 .cmp/eq 32, L_0x598636286430, L_0x71dfbb7b9ec8;
L_0x598636286bb0 .cmp/eq 32, L_0x598636286af0, L_0x71dfbb7b9f58;
L_0x598636286ec0 .cmp/eq 32, L_0x598636286e00, L_0x71dfbb7b9fe8;
L_0x598636287450 .cmp/eq 32, L_0x598636287390, L_0x71dfbb7ba078;
L_0x598636287760 .cmp/eq 32, L_0x5986362876a0, L_0x71dfbb7ba108;
L_0x598636287cd0 .cmp/eq 32, L_0x598636287c10, L_0x71dfbb7ba198;
L_0x598636287fe0 .cmp/eq 32, L_0x598636287f20, L_0x71dfbb7ba228;
L_0x598636288580 .cmp/eq 32, L_0x5986362884c0, L_0x71dfbb7ba2b8;
L_0x598636288890 .cmp/eq 32, L_0x5986362887d0, L_0x71dfbb7ba348;
L_0x598636288e10 .cmp/eq 32, L_0x598636288d50, L_0x71dfbb7ba3d8;
L_0x598636289120 .cmp/eq 32, L_0x598636289060, L_0x71dfbb7ba468;
L_0x5986362896d0 .cmp/eq 32, L_0x598636289610, L_0x71dfbb7ba4f8;
L_0x5986362899e0 .cmp/eq 32, L_0x598636289920, L_0x71dfbb7ba588;
L_0x598636289fc0 .cmp/eq 32, L_0x598636289f00, L_0x71dfbb7ba618;
L_0x59863628a2d0 .cmp/eq 32, L_0x59863628a210, L_0x71dfbb7ba6a8;
L_0x59863628a890 .cmp/eq 32, L_0x59863628a7d0, L_0x71dfbb7ba738;
L_0x59863628aba0 .cmp/eq 32, L_0x59863628aae0, L_0x71dfbb7ba7c8;
L_0x59863628b190 .cmp/eq 32, L_0x59863628b0d0, L_0x71dfbb7ba858;
L_0x59863628b4a0 .cmp/eq 32, L_0x59863628b3e0, L_0x71dfbb7ba8e8;
L_0x59863628ba70 .cmp/eq 32, L_0x59863628b9b0, L_0x71dfbb7ba978;
L_0x59863628bd80 .cmp/eq 32, L_0x59863628bcc0, L_0x71dfbb7baa08;
L_0x59863628c360 .cmp/eq 32, L_0x59863628c2a0, L_0x71dfbb7baa98;
L_0x59863628c670 .cmp/eq 32, L_0x59863628c5b0, L_0x71dfbb7bab28;
L_0x59863628cc80 .cmp/eq 32, L_0x59863628cbc0, L_0x71dfbb7babb8;
L_0x59863628cf90 .cmp/eq 32, L_0x59863628ced0, L_0x71dfbb7bac48;
L_0x59863628d5d0 .cmp/eq 32, L_0x59863628d510, L_0x71dfbb7bacd8;
L_0x59863628d8e0 .cmp/eq 32, L_0x59863628d820, L_0x71dfbb7bad68;
L_0x59863628df00 .cmp/eq 32, L_0x59863628de40, L_0x71dfbb7badf8;
L_0x59863628e210 .cmp/eq 32, L_0x59863628e150, L_0x71dfbb7bae88;
L_0x59863628e860 .cmp/eq 32, L_0x59863628e7a0, L_0x71dfbb7baf18;
L_0x59863628eb70 .cmp/eq 32, L_0x59863628eab0, L_0x71dfbb7bafa8;
L_0x59863628f1a0 .cmp/eq 32, L_0x59863628f0e0, L_0x71dfbb7bb038;
L_0x59863628f4b0 .cmp/eq 32, L_0x59863628f3f0, L_0x71dfbb7bb0c8;
L_0x59863628fb10 .cmp/eq 32, L_0x59863628fa50, L_0x71dfbb7bb158;
L_0x59863628fe20 .cmp/eq 32, L_0x59863628fd60, L_0x71dfbb7bb1e8;
L_0x5986362904b0 .cmp/eq 32, L_0x5986362903f0, L_0x71dfbb7bb278;
L_0x5986362907c0 .cmp/eq 32, L_0x598636290700, L_0x71dfbb7bb308;
L_0x598636290dc0 .cmp/eq 32, L_0x598636290a10, L_0x71dfbb7bb398;
L_0x5986362910d0 .cmp/eq 32, L_0x598636291010, L_0x71dfbb7bb428;
L_0x5986362913e0 .cmp/eq 32, L_0x598636291320, L_0x71dfbb7bb4b8;
L_0x5986362919e0 .cmp/eq 32, L_0x598636291920, L_0x71dfbb7bb548;
L_0x5986362922b0 .cmp/eq 32, L_0x5986362921f0, L_0x71dfbb7bb5d8;
L_0x5986362925c0 .cmp/eq 32, L_0x598636292500, L_0x71dfbb7bb668;
L_0x598636292a00 .cmp/eq 32, L_0x598636293130, L_0x71dfbb7bb6f8;
L_0x598636292c00 .cmp/eq 32, L_0x598636292b40, L_0x71dfbb7bb788;
L_0x598636292f10 .cmp/eq 32, L_0x598636292e50, L_0x71dfbb7bb818;
L_0x5986362932b0 .cmp/eq 32, L_0x5986362931f0, L_0x71dfbb7bb8a8;
L_0x598636294950 .cmp/eq 32, L_0x598636293890, L_0x71dfbb7bb938;
L_0x59863627c8b0 .cmp/eq 32, L_0x59863627c7f0, L_0x71dfbb7bb9c8;
L_0x598636295330 .cmp/eq 32, L_0x59863627cea0, L_0x71dfbb7bba58;
L_0x598636294c60 .cmp/eq 32, L_0x598636294ba0, L_0x71dfbb7bbae8;
L_0x598636295d30 .cmp/eq 32, L_0x598636295260, L_0x71dfbb7bbb78;
L_0x598636295640 .cmp/eq 32, L_0x598636295580, L_0x71dfbb7bbc08;
L_0x598636296750 .cmp/eq 32, L_0x598636295c50, L_0x71dfbb7bbc98;
L_0x598636296040 .cmp/eq 32, L_0x598636295f80, L_0x71dfbb7bbd28;
L_0x598636297140 .cmp/eq 32, L_0x598636296660, L_0x71dfbb7bbdb8;
L_0x598636296a10 .cmp/eq 32, L_0x598636296950, L_0x71dfbb7bbe48;
L_0x598636297340 .cmp/eq 32, L_0x598636297040, L_0x71dfbb7bbed8;
L_0x598636297650 .cmp/eq 32, L_0x598636297590, L_0x71dfbb7bbf68;
L_0x598636282f00 .cmp/eq 32, L_0x598636282e40, L_0x71dfbb7bbff8;
L_0x598636297850 .cmp/eq 32, L_0x598636297790, L_0x71dfbb7bc088;
L_0x598636298ba0 .cmp/eq 32, L_0x598636297aa0, L_0x71dfbb7bc118;
L_0x598636298eb0 .cmp/eq 32, L_0x598636298df0, L_0x71dfbb7bc1a8;
L_0x5986362991c0 .cmp/eq 32, L_0x598636299100, L_0x71dfbb7bc238;
L_0x5986362998f0 .cmp/eq 32, L_0x598636299830, L_0x71dfbb7bc2c8;
L_0x598636299f10 .cmp/eq 32, L_0x598636299e50, L_0x71dfbb7bc358;
L_0x59863629a400 .cmp/eq 32, L_0x59863629ae40, L_0x71dfbb7bc3e8;
L_0x59863629ab40 .cmp/eq 32, L_0x59863629aa80, L_0x71dfbb7bc478;
L_0x598636299c00 .cmp/eq 32, L_0x598636299b40, L_0x71dfbb7bc508;
L_0x59863629a600 .cmp/eq 32, L_0x59863629a540, L_0x71dfbb7bc598;
L_0x59863629a8c0 .cmp/eq 32, L_0x59863629a800, L_0x71dfbb7bc628;
L_0x59863629b5c0 .cmp/eq 32, L_0x59863629b500, L_0x71dfbb7bc6b8;
L_0x59863629b8d0 .cmp/eq 32, L_0x59863629b810, L_0x71dfbb7bc748;
L_0x59863629bbe0 .cmp/eq 32, L_0x59863629bb20, L_0x71dfbb7bc7d8;
L_0x59863629bde0 .cmp/eq 32, L_0x59863629bd20, L_0x71dfbb7bc868;
L_0x59863629b170 .cmp/eq 32, L_0x59863629b0b0, L_0x71dfbb7bc8f8;
L_0x59863629c450 .cmp/eq 32, L_0x59863629c390, L_0x71dfbb7bc988;
L_0x59863629c760 .cmp/eq 32, L_0x59863629c6a0, L_0x71dfbb7bca18;
L_0x59863629ca70 .cmp/eq 32, L_0x59863629c9b0, L_0x71dfbb7bcaa8;
L_0x59863629c0f0 .cmp/eq 32, L_0x59863629c030, L_0x71dfbb7bcb38;
L_0x59863629d0b0 .cmp/eq 32, L_0x59863629d040, L_0x71dfbb7bcbc8;
L_0x59863629cd10 .cmp/eq 32, L_0x59863629cc50, L_0x71dfbb7bcc58;
L_0x59863629cf10 .cmp/eq 32, L_0x59863629ce50, L_0x71dfbb7bcce8;
L_0x59863629d3c0 .cmp/eq 32, L_0x59863629d300, L_0x71dfbb7bcd78;
L_0x59863629d760 .cmp/eq 32, L_0x59863629d610, L_0x71dfbb7bce08;
L_0x59863629dff0 .cmp/eq 32, L_0x59863629df30, L_0x71dfbb7bce98;
L_0x59863629e250 .cmp/eq 32, L_0x59863629e190, L_0x71dfbb7bcf28;
L_0x59863629e560 .cmp/eq 32, L_0x59863629e4a0, L_0x71dfbb7bcfb8;
L_0x59863629e870 .cmp/eq 32, L_0x59863629e7b0, L_0x71dfbb7bd048;
L_0x59863629db30 .cmp/eq 32, L_0x59863629da70, L_0x71dfbb7bd0d8;
L_0x59863629ee90 .cmp/eq 32, L_0x59863629dc70, L_0x71dfbb7bd168;
L_0x59863629f1a0 .cmp/eq 32, L_0x59863629f0e0, L_0x71dfbb7bd1f8;
L_0x59863629f4b0 .cmp/eq 32, L_0x59863629f3f0, L_0x71dfbb7bd288;
L_0x59863629eb80 .cmp/eq 32, L_0x59863629eac0, L_0x71dfbb7bd318;
L_0x59863629faf0 .cmp/eq 32, L_0x59863629edd0, L_0x71dfbb7bd3a8;
L_0x59863629f5f0 .cmp/eq 32, L_0x5986362a0250, L_0x71dfbb7bd438;
L_0x59863629f900 .cmp/eq 32, L_0x59863629f840, L_0x71dfbb7bd4c8;
L_0x59863629fd90 .cmp/eq 32, L_0x59863629fcd0, L_0x71dfbb7bd558;
L_0x5986362a00a0 .cmp/eq 32, L_0x59863629ffe0, L_0x71dfbb7bd5e8;
L_0x5986362a0ab0 .cmp/eq 32, L_0x5986362a09f0, L_0x71dfbb7bd678;
L_0x5986362a0dc0 .cmp/eq 32, L_0x5986362a0d00, L_0x71dfbb7bd708;
L_0x5986362a10d0 .cmp/eq 32, L_0x5986362a1010, L_0x71dfbb7bd798;
L_0x5986362a1560 .cmp/eq 32, L_0x5986362a14a0, L_0x71dfbb7bd828;
L_0x5986362a0530 .cmp/eq 32, L_0x5986362a0470, L_0x71dfbb7bd8b8;
L_0x5986362a07f0 .cmp/eq 32, L_0x5986362a0730, L_0x71dfbb7bd948;
S_0x598635fd7730 .scope module, "u_dec1" "biriscv_decoder" 12 277, 13 27 0, S_0x598635fd9640;
 .timescale 0 0;
    .port_info 0 /INPUT 1 "valid_i";
    .port_info 1 /INPUT 1 "fetch_fault_i";
    .port_info 2 /INPUT 1 "enable_muldiv_i";
    .port_info 3 /INPUT 32 "opcode_i";
    .port_info 4 /OUTPUT 1 "invalid_o";
    .port_info 5 /OUTPUT 1 "exec_o";
    .port_info 6 /OUTPUT 1 "lsu_o";
    .port_info 7 /OUTPUT 1 "branch_o";
    .port_info 8 /OUTPUT 1 "mul_o";
    .port_info 9 /OUTPUT 1 "div_o";
    .port_info 10 /OUTPUT 1 "csr_o";
    .port_info 11 /OUTPUT 1 "mule_o";
    .port_info 12 /OUTPUT 1 "cbm_o";
    .port_info 13 /OUTPUT 1 "mulp_o";
    .port_info 14 /OUTPUT 1 "rd_valid_o";
L_0x71dfbb7bd990 .functor BUFT 1, C4<00000000000000000111000001111111>, C4<0>, C4<0>, C4<0>;
L_0x5986362a1760 .functor AND 32, L_0x59863626cf40, L_0x71dfbb7bd990, C4<11111111111111111111111111111111>, C4<11111111111111111111111111111111>;
L_0x71dfbb7bda20 .functor BUFT 1, C4<00000000000000000111000001111111>, C4<0>, C4<0>, C4<0>;
L_0x5986362a1960 .functor AND 32, L_0x59863626cf40, L_0x71dfbb7bda20, C4<11111111111111111111111111111111>, C4<11111111111111111111111111111111>;
L_0x5986362a1b60 .functor OR 1, L_0x5986362a1820, L_0x5986362a1a20, C4<0>, C4<0>;
L_0x71dfbb7bdab0 .functor BUFT 1, C4<00000000000000000111000001111111>, C4<0>, C4<0>, C4<0>;
L_0x5986362a2e10 .functor AND 32, L_0x59863626cf40, L_0x71dfbb7bdab0, C4<11111111111111111111111111111111>, C4<11111111111111111111111111111111>;
L_0x5986362a3010 .functor OR 1, L_0x5986362a1b60, L_0x5986362a2ed0, C4<0>, C4<0>;
L_0x71dfbb7bdb40 .functor BUFT 1, C4<00000000000000000111000001111111>, C4<0>, C4<0>, C4<0>;
L_0x5986362a3120 .functor AND 32, L_0x59863626cf40, L_0x71dfbb7bdb40, C4<11111111111111111111111111111111>, C4<11111111111111111111111111111111>;
L_0x5986362a3320 .functor OR 1, L_0x5986362a3010, L_0x5986362a31e0, C4<0>, C4<0>;
L_0x71dfbb7bdbd0 .functor BUFT 1, C4<00000000000000000111000001111111>, C4<0>, C4<0>, C4<0>;
L_0x5986362a3430 .functor AND 32, L_0x59863626cf40, L_0x71dfbb7bdbd0, C4<11111111111111111111111111111111>, C4<11111111111111111111111111111111>;
L_0x5986362a3680 .functor OR 1, L_0x5986362a3320, L_0x5986362a3540, C4<0>, C4<0>;
L_0x71dfbb7bdc60 .functor BUFT 1, C4<00000000000000000111000001111111>, C4<0>, C4<0>, C4<0>;
L_0x5986362a3790 .functor AND 32, L_0x59863626cf40, L_0x71dfbb7bdc60, C4<11111111111111111111111111111111>, C4<11111111111111111111111111111111>;
L_0x5986362a39a0 .functor OR 1, L_0x5986362a3680, L_0x5986362a38b0, C4<0>, C4<0>;
L_0x71dfbb7bdcf0 .functor BUFT 1, C4<11111100000000000111000001111111>, C4<0>, C4<0>, C4<0>;
L_0x5986362a3ab0 .functor AND 32, L_0x59863626cf40, L_0x71dfbb7bdcf0, C4<11111111111111111111111111111111>, C4<11111111111111111111111111111111>;
L_0x5986362a3d20 .functor OR 1, L_0x5986362a39a0, L_0x5986362a3be0, C4<0>, C4<0>;
L_0x71dfbb7bdd80 .functor BUFT 1, C4<11111100000000000111000001111111>, C4<0>, C4<0>, C4<0>;
L_0x5986362a3e30 .functor AND 32, L_0x59863626cf40, L_0x71dfbb7bdd80, C4<11111111111111111111111111111111>, C4<11111111111111111111111111111111>;
L_0x5986362a3b70 .functor OR 1, L_0x5986362a3d20, L_0x5986362a3f70, C4<0>, C4<0>;
L_0x71dfbb7bde10 .functor BUFT 1, C4<11111100000000000111000001111111>, C4<0>, C4<0>, C4<0>;
L_0x5986362a41a0 .functor AND 32, L_0x59863626cf40, L_0x71dfbb7bde10, C4<11111111111111111111111111111111>, C4<11111111111111111111111111111111>;
L_0x5986362a4430 .functor OR 1, L_0x5986362a3b70, L_0x5986362a42f0, C4<0>, C4<0>;
L_0x71dfbb7bdea0 .functor BUFT 1, C4<00000000000000000000000001111111>, C4<0>, C4<0>, C4<0>;
L_0x5986362a4540 .functor AND 32, L_0x59863626cf40, L_0x71dfbb7bdea0, C4<11111111111111111111111111111111>, C4<11111111111111111111111111111111>;
L_0x5986362a47e0 .functor OR 1, L_0x5986362a4430, L_0x5986362a46a0, C4<0>, C4<0>;
L_0x71dfbb7bdf30 .functor BUFT 1, C4<00000000000000000000000001111111>, C4<0>, C4<0>, C4<0>;
L_0x5986362a48a0 .functor AND 32, L_0x59863626cf40, L_0x71dfbb7bdf30, C4<11111111111111111111111111111111>, C4<11111111111111111111111111111111>;
L_0x5986362a4ab0 .functor OR 1, L_0x5986362a47e0, L_0x5986362a4600, C4<0>, C4<0>;
L_0x71dfbb7bdfc0 .functor BUFT 1, C4<11111110000000000111000001111111>, C4<0>, C4<0>, C4<0>;
L_0x5986362a4bc0 .functor AND 32, L_0x59863626cf40, L_0x71dfbb7bdfc0, C4<11111111111111111111111111111111>, C4<11111111111111111111111111111111>;
L_0x5986362a4e50 .functor OR 1, L_0x5986362a4ab0, L_0x5986362a4960, C4<0>, C4<0>;
L_0x71dfbb7be050 .functor BUFT 1, C4<11111110000000000111000001111111>, C4<0>, C4<0>, C4<0>;
L_0x5986362a4f60 .functor AND 32, L_0x59863626cf40, L_0x71dfbb7be050, C4<11111111111111111111111111111111>, C4<11111111111111111111111111111111>;
L_0x5986362a5230 .functor OR 1, L_0x5986362a4e50, L_0x5986362a50f0, C4<0>, C4<0>;
L_0x71dfbb7be0e0 .functor BUFT 1, C4<11111110000000000111000001111111>, C4<0>, C4<0>, C4<0>;
L_0x5986362a5340 .functor AND 32, L_0x59863626cf40, L_0x71dfbb7be0e0, C4<11111111111111111111111111111111>, C4<11111111111111111111111111111111>;
L_0x5986362a4de0 .functor OR 1, L_0x5986362a5230, L_0x5986362a54e0, C4<0>, C4<0>;
L_0x71dfbb7be170 .functor BUFT 1, C4<11111110000000000111000001111111>, C4<0>, C4<0>, C4<0>;
L_0x5986362a56c0 .functor AND 32, L_0x59863626cf40, L_0x71dfbb7be170, C4<11111111111111111111111111111111>, C4<11111111111111111111111111111111>;
L_0x5986362a59b0 .functor OR 1, L_0x5986362a4de0, L_0x5986362a5870, C4<0>, C4<0>;
L_0x71dfbb7be200 .functor BUFT 1, C4<11111110000000000111000001111111>, C4<0>, C4<0>, C4<0>;
L_0x5986362a5ac0 .functor AND 32, L_0x59863626cf40, L_0x71dfbb7be200, C4<11111111111111111111111111111111>, C4<11111111111111111111111111111111>;
L_0x5986362a5e50 .functor OR 1, L_0x5986362a59b0, L_0x5986362a5c80, C4<0>, C4<0>;
L_0x71dfbb7be290 .functor BUFT 1, C4<11111110000000000111000001111111>, C4<0>, C4<0>, C4<0>;
L_0x5986362a5f60 .functor AND 32, L_0x59863626cf40, L_0x71dfbb7be290, C4<11111111111111111111111111111111>, C4<11111111111111111111111111111111>;
L_0x5986362a6270 .functor OR 1, L_0x5986362a5e50, L_0x5986362a6130, C4<0>, C4<0>;
L_0x71dfbb7be320 .functor BUFT 1, C4<11111110000000000111000001111111>, C4<0>, C4<0>, C4<0>;
L_0x5986362a6380 .functor AND 32, L_0x59863626cf40, L_0x71dfbb7be320, C4<11111111111111111111111111111111>, C4<11111111111111111111111111111111>;
L_0x5986362a6740 .functor OR 1, L_0x5986362a6270, L_0x5986362a6560, C4<0>, C4<0>;
L_0x71dfbb7be3b0 .functor BUFT 1, C4<11111110000000000111000001111111>, C4<0>, C4<0>, C4<0>;
L_0x5986362a6850 .functor AND 32, L_0x59863626cf40, L_0x71dfbb7be3b0, C4<11111111111111111111111111111111>, C4<11111111111111111111111111111111>;
L_0x5986362a6a90 .functor OR 1, L_0x5986362a6740, L_0x5986362a6440, C4<0>, C4<0>;
L_0x71dfbb7be440 .functor BUFT 1, C4<11111110000000000111000001111111>, C4<0>, C4<0>, C4<0>;
L_0x5986362a6ba0 .functor AND 32, L_0x59863626cf40, L_0x71dfbb7be440, C4<11111111111111111111111111111111>, C4<11111111111111111111111111111111>;
L_0x5986362a6f90 .functor OR 1, L_0x5986362a6a90, L_0x5986362a6da0, C4<0>, C4<0>;
L_0x71dfbb7be4d0 .functor BUFT 1, C4<11111110000000000111000001111111>, C4<0>, C4<0>, C4<0>;
L_0x5986362a70a0 .functor AND 32, L_0x59863626cf40, L_0x71dfbb7be4d0, C4<11111111111111111111111111111111>, C4<11111111111111111111111111111111>;
L_0x5986362a7350 .functor OR 1, L_0x5986362a6f90, L_0x5986362a66a0, C4<0>, C4<0>;
L_0x71dfbb7be560 .functor BUFT 1, C4<00000000000000000000000001111111>, C4<0>, C4<0>, C4<0>;
L_0x5986362a7460 .functor AND 32, L_0x59863626cf40, L_0x71dfbb7be560, C4<11111111111111111111111111111111>, C4<11111111111111111111111111111111>;
L_0x5986362a6ee0 .functor OR 1, L_0x5986362a7350, L_0x5986362a7680, C4<0>, C4<0>;
L_0x71dfbb7be5f0 .functor BUFT 1, C4<00000000000000000111000001111111>, C4<0>, C4<0>, C4<0>;
L_0x5986362a7920 .functor AND 32, L_0x59863626cf40, L_0x71dfbb7be5f0, C4<11111111111111111111111111111111>, C4<11111111111111111111111111111111>;
L_0x5986362a7c90 .functor OR 1, L_0x5986362a6ee0, L_0x5986362a7b50, C4<0>, C4<0>;
L_0x71dfbb7be680 .functor BUFT 1, C4<00000000000000000111000001111111>, C4<0>, C4<0>, C4<0>;
L_0x5986362a7da0 .functor AND 32, L_0x59863626cf40, L_0x71dfbb7be680, C4<11111111111111111111111111111111>, C4<11111111111111111111111111111111>;
L_0x5986362a77c0 .functor OR 1, L_0x5986362a7c90, L_0x5986362a7fe0, C4<0>, C4<0>;
L_0x71dfbb7be710 .functor BUFT 1, C4<00000000000000000111000001111111>, C4<0>, C4<0>, C4<0>;
L_0x5986362a8240 .functor AND 32, L_0x59863626cf40, L_0x71dfbb7be710, C4<11111111111111111111111111111111>, C4<11111111111111111111111111111111>;
L_0x5986362a85d0 .functor OR 1, L_0x5986362a77c0, L_0x5986362a8490, C4<0>, C4<0>;
L_0x71dfbb7be7a0 .functor BUFT 1, C4<00000000000000000111000001111111>, C4<0>, C4<0>, C4<0>;
L_0x5986362a86e0 .functor AND 32, L_0x59863626cf40, L_0x71dfbb7be7a0, C4<11111111111111111111111111111111>, C4<11111111111111111111111111111111>;
L_0x5986362a8b60 .functor OR 1, L_0x5986362a85d0, L_0x5986362a8940, C4<0>, C4<0>;
L_0x71dfbb7be830 .functor BUFT 1, C4<00000000000000000111000001111111>, C4<0>, C4<0>, C4<0>;
L_0x5986362a8c70 .functor AND 32, L_0x59863626cf40, L_0x71dfbb7be830, C4<11111111111111111111111111111111>, C4<11111111111111111111111111111111>;
L_0x5986362a9020 .functor OR 1, L_0x5986362a8b60, L_0x5986362a8ee0, C4<0>, C4<0>;
L_0x71dfbb7be8c0 .functor BUFT 1, C4<00000000000000000111000001111111>, C4<0>, C4<0>, C4<0>;
L_0x5986362a9130 .functor AND 32, L_0x59863626cf40, L_0x71dfbb7be8c0, C4<11111111111111111111111111111111>, C4<11111111111111111111111111111111>;
L_0x5986362a95e0 .functor OR 1, L_0x5986362a9020, L_0x5986362a93b0, C4<0>, C4<0>;
L_0x71dfbb7be950 .functor BUFT 1, C4<00000000000000000111000001111111>, C4<0>, C4<0>, C4<0>;
L_0x5986362a96f0 .functor AND 32, L_0x59863626cf40, L_0x71dfbb7be950, C4<11111111111111111111111111111111>, C4<11111111111111111111111111111111>;
L_0x5986362a9ac0 .functor OR 1, L_0x5986362a95e0, L_0x5986362a9980, C4<0>, C4<0>;
L_0x71dfbb7be9e0 .functor BUFT 1, C4<00000000000000000111000001111111>, C4<0>, C4<0>, C4<0>;
L_0x5986362a9bd0 .functor AND 32, L_0x59863626cf40, L_0x71dfbb7be9e0, C4<11111111111111111111111111111111>, C4<11111111111111111111111111111111>;
L_0x5986362aa0b0 .functor OR 1, L_0x5986362a9ac0, L_0x5986362a9e70, C4<0>, C4<0>;
L_0x71dfbb7bea70 .functor BUFT 1, C4<00000000000000000111000001111111>, C4<0>, C4<0>, C4<0>;
L_0x5986362aa1c0 .functor AND 32, L_0x59863626cf40, L_0x71dfbb7bea70, C4<11111111111111111111111111111111>, C4<11111111111111111111111111111111>;
L_0x5986362aa5b0 .functor OR 1, L_0x5986362aa0b0, L_0x5986362aa470, C4<0>, C4<0>;
L_0x71dfbb7beb00 .functor BUFT 1, C4<00000000000000000111000001111111>, C4<0>, C4<0>, C4<0>;
L_0x5986362aa6c0 .functor AND 32, L_0x59863626cf40, L_0x71dfbb7beb00, C4<11111111111111111111111111111111>, C4<11111111111111111111111111111111>;
L_0x5986362aabd0 .functor OR 1, L_0x5986362aa5b0, L_0x5986362aa980, C4<0>, C4<0>;
L_0x71dfbb7beb90 .functor BUFT 1, C4<00000000000000000111000001111111>, C4<0>, C4<0>, C4<0>;
L_0x5986362aace0 .functor AND 32, L_0x59863626cf40, L_0x71dfbb7beb90, C4<11111111111111111111111111111111>, C4<11111111111111111111111111111111>;
L_0x5986362ab0f0 .functor OR 1, L_0x5986362aabd0, L_0x5986362aafb0, C4<0>, C4<0>;
L_0x71dfbb7bec20 .functor BUFT 1, C4<00000000000000000111000001111111>, C4<0>, C4<0>, C4<0>;
L_0x5986362ab200 .functor AND 32, L_0x59863626cf40, L_0x71dfbb7bec20, C4<11111111111111111111111111111111>, C4<11111111111111111111111111111111>;
L_0x5986362ab740 .functor OR 1, L_0x5986362ab0f0, L_0x5986362ab4e0, C4<0>, C4<0>;
L_0x71dfbb7becb0 .functor BUFT 1, C4<00000000000000000111000001111111>, C4<0>, C4<0>, C4<0>;
L_0x5986362ab850 .functor AND 32, L_0x59863626cf40, L_0x71dfbb7becb0, C4<11111111111111111111111111111111>, C4<11111111111111111111111111111111>;
L_0x5986362abc80 .functor OR 1, L_0x5986362ab740, L_0x5986362abb40, C4<0>, C4<0>;
L_0x71dfbb7bed40 .functor BUFT 1, C4<00000000000000000111000001111111>, C4<0>, C4<0>, C4<0>;
L_0x5986362abd90 .functor AND 32, L_0x59863626cf40, L_0x71dfbb7bed40, C4<11111111111111111111111111111111>, C4<11111111111111111111111111111111>;
L_0x5986362ab620 .functor OR 1, L_0x5986362abc80, L_0x5986362ac090, C4<0>, C4<0>;
L_0x71dfbb7bedd0 .functor BUFT 1, C4<00000000000000000111000001111111>, C4<0>, C4<0>, C4<0>;
L_0x5986362ac300 .functor AND 32, L_0x59863626cf40, L_0x71dfbb7bedd0, C4<11111111111111111111111111111111>, C4<11111111111111111111111111111111>;
L_0x5986362ac750 .functor OR 1, L_0x5986362ab620, L_0x5986362ac610, C4<0>, C4<0>;
L_0x71dfbb7bee60 .functor BUFT 1, C4<00000000000000000111000001111111>, C4<0>, C4<0>, C4<0>;
L_0x5986362ac860 .functor AND 32, L_0x59863626cf40, L_0x71dfbb7bee60, C4<11111111111111111111111111111111>, C4<11111111111111111111111111111111>;
L_0x5986362ace00 .functor OR 1, L_0x5986362ac750, L_0x5986362acb80, C4<0>, C4<0>;
L_0x71dfbb7beef0 .functor BUFT 1, C4<11111111111111111111111111111111>, C4<0>, C4<0>, C4<0>;
L_0x5986362acf10 .functor AND 32, L_0x59863626cf40, L_0x71dfbb7beef0, C4<11111111111111111111111111111111>, C4<11111111111111111111111111111111>;
L_0x5986362ad380 .functor OR 1, L_0x5986362ace00, L_0x5986362ad240, C4<0>, C4<0>;
L_0x71dfbb7bef80 .functor BUFT 1, C4<11111111111111111111111111111111>, C4<0>, C4<0>, C4<0>;
L_0x5986362ad490 .functor AND 32, L_0x59863626cf40, L_0x71dfbb7bef80, C4<11111111111111111111111111111111>, C4<11111111111111111111111111111111>;
L_0x5986362ada60 .functor OR 1, L_0x5986362ad380, L_0x5986362ad7d0, C4<0>, C4<0>;
L_0x71dfbb7bf010 .functor BUFT 1, C4<11001111111111111111111111111111>, C4<0>, C4<0>, C4<0>;
L_0x5986362adb70 .functor AND 32, L_0x59863626cf40, L_0x71dfbb7bf010, C4<11111111111111111111111111111111>, C4<11111111111111111111111111111111>;
L_0x5986362ae000 .functor OR 1, L_0x5986362ada60, L_0x5986362adec0, C4<0>, C4<0>;
L_0x71dfbb7bf0a0 .functor BUFT 1, C4<00000000000000000111000001111111>, C4<0>, C4<0>, C4<0>;
L_0x5986362ae110 .functor AND 32, L_0x59863626cf40, L_0x71dfbb7bf0a0, C4<11111111111111111111111111111111>, C4<11111111111111111111111111111111>;
L_0x5986362ae710 .functor OR 1, L_0x5986362ae000, L_0x5986362ae470, C4<0>, C4<0>;
L_0x71dfbb7bf130 .functor BUFT 1, C4<00000000000000000111000001111111>, C4<0>, C4<0>, C4<0>;
L_0x5986362ae820 .functor AND 32, L_0x59863626cf40, L_0x71dfbb7bf130, C4<11111111111111111111111111111111>, C4<11111111111111111111111111111111>;
L_0x5986362aecd0 .functor OR 1, L_0x5986362ae710, L_0x5986362aeb90, C4<0>, C4<0>;
L_0x71dfbb7bf1c0 .functor BUFT 1, C4<00000000000000000111000001111111>, C4<0>, C4<0>, C4<0>;
L_0x5986362aede0 .functor AND 32, L_0x59863626cf40, L_0x71dfbb7bf1c0, C4<11111111111111111111111111111111>, C4<11111111111111111111111111111111>;
L_0x5986362af410 .functor OR 1, L_0x5986362aecd0, L_0x5986362af160, C4<0>, C4<0>;
L_0x71dfbb7bf250 .functor BUFT 1, C4<00000000000000000111000001111111>, C4<0>, C4<0>, C4<0>;
L_0x5986362af520 .functor AND 32, L_0x59863626cf40, L_0x71dfbb7bf250, C4<11111111111111111111111111111111>, C4<11111111111111111111111111111111>;
L_0x5986362af9f0 .functor OR 1, L_0x5986362af410, L_0x5986362af8b0, C4<0>, C4<0>;
L_0x71dfbb7bf2e0 .functor BUFT 1, C4<00000000000000000111000001111111>, C4<0>, C4<0>, C4<0>;
L_0x5986362afb00 .functor AND 32, L_0x59863626cf40, L_0x71dfbb7bf2e0, C4<11111111111111111111111111111111>, C4<11111111111111111111111111111111>;
L_0x5986362b0160 .functor OR 1, L_0x5986362af9f0, L_0x5986362afea0, C4<0>, C4<0>;
L_0x71dfbb7bf370 .functor BUFT 1, C4<00000000000000000111000001111111>, C4<0>, C4<0>, C4<0>;
L_0x5986362b0270 .functor AND 32, L_0x59863626cf40, L_0x71dfbb7bf370, C4<11111111111111111111111111111111>, C4<11111111111111111111111111111111>;
L_0x5986362b0760 .functor OR 1, L_0x5986362b0160, L_0x5986362b0620, C4<0>, C4<0>;
L_0x71dfbb7bf400 .functor BUFT 1, C4<11111111111111111000111111111111>, C4<0>, C4<0>, C4<0>;
L_0x5986362b0870 .functor AND 32, L_0x59863626cf40, L_0x71dfbb7bf400, C4<11111111111111111111111111111111>, C4<11111111111111111111111111111111>;
L_0x5986362b0f00 .functor OR 1, L_0x5986362b0760, L_0x5986362b0c30, C4<0>, C4<0>;
L_0x71dfbb7bf490 .functor BUFT 1, C4<00000000000000000111000001111111>, C4<0>, C4<0>, C4<0>;
L_0x5986362a3ef0 .functor AND 32, L_0x59863626cf40, L_0x71dfbb7bf490, C4<11111111111111111111111111111111>, C4<11111111111111111111111111111111>;
L_0x5986362b1460 .functor OR 1, L_0x5986362b0f00, L_0x5986362b1320, C4<0>, C4<0>;
L_0x71dfbb7bf520 .functor BUFT 1, C4<00000000000000000111000001111111>, C4<0>, C4<0>, C4<0>;
L_0x5986362b1570 .functor AND 32, L_0x59863626cf40, L_0x71dfbb7bf520, C4<11111111111111111111111111111111>, C4<11111111111111111111111111111111>;
L_0x5986362b1c30 .functor OR 1, L_0x5986362b1460, L_0x5986362b1950, C4<0>, C4<0>;
L_0x71dfbb7bf5b0 .functor BUFT 1, C4<11111110000000000111111111111111>, C4<0>, C4<0>, C4<0>;
L_0x5986362b1d40 .functor AND 32, L_0x59863626cf40, L_0x71dfbb7bf5b0, C4<11111111111111111111111111111111>, C4<11111111111111111111111111111111>;
L_0x5986362b2270 .functor OR 1, L_0x5986362b1c30, L_0x5986362b2130, C4<0>, C4<0>;
L_0x71dfbb7bf640 .functor BUFT 1, C4<11111110000000000111000001111111>, C4<0>, C4<0>, C4<0>;
L_0x5986362b2380 .functor AND 32, L_0x59863626cf40, L_0x71dfbb7bf640, C4<11111111111111111111111111111111>, C4<11111111111111111111111111111111>;
L_0x5986362b2a70 .functor AND 1, L_0x71dfbb7c3930, L_0x5986362b2780, C4<1>, C4<1>;
L_0x5986362b2b30 .functor OR 1, L_0x5986362b2270, L_0x5986362b2a70, C4<0>, C4<0>;
L_0x71dfbb7bf6d0 .functor BUFT 1, C4<11111110000000000111000001111111>, C4<0>, C4<0>, C4<0>;
L_0x5986362b2f90 .functor AND 32, L_0x59863626cf40, L_0x71dfbb7bf6d0, C4<11111111111111111111111111111111>, C4<11111111111111111111111111111111>;
L_0x5986362b3190 .functor AND 1, L_0x71dfbb7c3930, L_0x5986362b3050, C4<1>, C4<1>;
L_0x5986362b35b0 .functor OR 1, L_0x5986362b2b30, L_0x5986362b3190, C4<0>, C4<0>;
L_0x71dfbb7bf760 .functor BUFT 1, C4<11111110000000000111000001111111>, C4<0>, C4<0>, C4<0>;
L_0x5986362b36c0 .functor AND 32, L_0x59863626cf40, L_0x71dfbb7bf760, C4<11111111111111111111111111111111>, C4<11111111111111111111111111111111>;
L_0x5986362b3df0 .functor AND 1, L_0x71dfbb7c3930, L_0x5986362b3af0, C4<1>, C4<1>;
L_0x5986362b3eb0 .functor OR 1, L_0x5986362b35b0, L_0x5986362b3df0, C4<0>, C4<0>;
L_0x71dfbb7bf7f0 .functor BUFT 1, C4<11111110000000000111000001111111>, C4<0>, C4<0>, C4<0>;
L_0x5986362b4340 .functor AND 32, L_0x59863626cf40, L_0x71dfbb7bf7f0, C4<11111111111111111111111111111111>, C4<11111111111111111111111111111111>;
L_0x5986362b4540 .functor AND 1, L_0x71dfbb7c3930, L_0x5986362b4400, C4<1>, C4<1>;
L_0x5986362b4990 .functor OR 1, L_0x5986362b3eb0, L_0x5986362b4540, C4<0>, C4<0>;
L_0x71dfbb7bf880 .functor BUFT 1, C4<11111110000000000111000001111111>, C4<0>, C4<0>, C4<0>;
L_0x5986362b4aa0 .functor AND 32, L_0x59863626cf40, L_0x71dfbb7bf880, C4<11111111111111111111111111111111>, C4<11111111111111111111111111111111>;
L_0x5986362b5210 .functor AND 1, L_0x71dfbb7c3930, L_0x5986362b4f00, C4<1>, C4<1>;
L_0x5986362b52d0 .functor OR 1, L_0x5986362b4990, L_0x5986362b5210, C4<0>, C4<0>;
L_0x71dfbb7bf910 .functor BUFT 1, C4<11111110000000000111000001111111>, C4<0>, C4<0>, C4<0>;
L_0x5986362b5790 .functor AND 32, L_0x59863626cf40, L_0x71dfbb7bf910, C4<11111111111111111111111111111111>, C4<11111111111111111111111111111111>;
L_0x5986362b5990 .functor AND 1, L_0x71dfbb7c3930, L_0x5986362b5850, C4<1>, C4<1>;
L_0x5986362b5e10 .functor OR 1, L_0x5986362b52d0, L_0x5986362b5990, C4<0>, C4<0>;
L_0x71dfbb7bf9a0 .functor BUFT 1, C4<11111110000000000111000001111111>, C4<0>, C4<0>, C4<0>;
L_0x5986362b5f20 .functor AND 32, L_0x59863626cf40, L_0x71dfbb7bf9a0, C4<11111111111111111111111111111111>, C4<11111111111111111111111111111111>;
L_0x5986362b6ee0 .functor AND 1, L_0x71dfbb7c3930, L_0x5986362b6bc0, C4<1>, C4<1>;
L_0x5986362b6fa0 .functor OR 1, L_0x5986362b5e10, L_0x5986362b6ee0, C4<0>, C4<0>;
L_0x71dfbb7bfa30 .functor BUFT 1, C4<11111110000000000111000001111111>, C4<0>, C4<0>, C4<0>;
L_0x5986362b7490 .functor AND 32, L_0x59863626cf40, L_0x71dfbb7bfa30, C4<11111111111111111111111111111111>, C4<11111111111111111111111111111111>;
L_0x5986362b7690 .functor AND 1, L_0x71dfbb7c3930, L_0x5986362b7550, C4<1>, C4<1>;
L_0x5986362b7b40 .functor OR 1, L_0x5986362b6fa0, L_0x5986362b7690, C4<0>, C4<0>;
L_0x71dfbb7bfac0 .functor BUFT 1, C4<11111110000000000111000001111111>, C4<0>, C4<0>, C4<0>;
L_0x5986362b7c50 .functor AND 32, L_0x59863626cf40, L_0x71dfbb7bfac0, C4<11111111111111111111111111111111>, C4<11111111111111111111111111111111>;
L_0x5986362b8440 .functor AND 1, L_0x71dfbb7c3930, L_0x5986362b8110, C4<1>, C4<1>;
L_0x5986362b8500 .functor OR 1, L_0x5986362b7b40, L_0x5986362b8440, C4<0>, C4<0>;
L_0x71dfbb7bfb50 .functor BUFT 1, C4<11111110000000000111000001111111>, C4<0>, C4<0>, C4<0>;
L_0x5986362b8a20 .functor AND 32, L_0x59863626cf40, L_0x71dfbb7bfb50, C4<11111111111111111111111111111111>, C4<11111111111111111111111111111111>;
L_0x5986362b8c20 .functor AND 1, L_0x71dfbb7c3930, L_0x5986362b8ae0, C4<1>, C4<1>;
L_0x5986362b9100 .functor OR 1, L_0x5986362b8500, L_0x5986362b8c20, C4<0>, C4<0>;
L_0x71dfbb7bfbe0 .functor BUFT 1, C4<11111110000000000111000001111111>, C4<0>, C4<0>, C4<0>;
L_0x5986362b9210 .functor AND 32, L_0x59863626cf40, L_0x71dfbb7bfbe0, C4<11111111111111111111111111111111>, C4<11111111111111111111111111111111>;
L_0x5986362b9020 .functor AND 1, L_0x71dfbb7c3930, L_0x5986362b8ce0, C4<1>, C4<1>;
L_0x5986362b9700 .functor OR 1, L_0x5986362b9100, L_0x5986362b9020, C4<0>, C4<0>;
L_0x5986362b92d0 .functor NOT 1, L_0x5986362b9700, C4<0>, C4<0>, C4<0>;
L_0x5986362b9390 .functor AND 1, L_0x59863626bb60, L_0x5986362b92d0, C4<1>, C4<1>;
L_0x5986362b9450 .functor BUFZ 1, L_0x5986362b9390, C4<0>, C4<0>, C4<0>;
L_0x71dfbb7bfc70 .functor BUFT 1, C4<00000000000000000111000001111111>, C4<0>, C4<0>, C4<0>;
L_0x5986362b9510 .functor AND 32, L_0x59863626cf40, L_0x71dfbb7bfc70, C4<11111111111111111111111111111111>, C4<11111111111111111111111111111111>;
L_0x71dfbb7bfd00 .functor BUFT 1, C4<00000000000000000000000001111111>, C4<0>, C4<0>, C4<0>;
L_0x5986362b9cc0 .functor AND 32, L_0x59863626cf40, L_0x71dfbb7bfd00, C4<11111111111111111111111111111111>, C4<11111111111111111111111111111111>;
L_0x5986362ba0d0 .functor OR 1, L_0x5986362b95d0, L_0x5986362b9d80, C4<0>, C4<0>;
L_0x71dfbb7bfd90 .functor BUFT 1, C4<00000000000000000000000001111111>, C4<0>, C4<0>, C4<0>;
L_0x5986362b9810 .functor AND 32, L_0x59863626cf40, L_0x71dfbb7bfd90, C4<11111111111111111111111111111111>, C4<11111111111111111111111111111111>;
L_0x5986362b9a10 .functor OR 1, L_0x5986362ba0d0, L_0x5986362b98d0, C4<0>, C4<0>;
L_0x71dfbb7bfe20 .functor BUFT 1, C4<00000000000000000000000001111111>, C4<0>, C4<0>, C4<0>;
L_0x5986362b9b20 .functor AND 32, L_0x59863626cf40, L_0x71dfbb7bfe20, C4<11111111111111111111111111111111>, C4<11111111111111111111111111111111>;
L_0x5986362ba970 .functor OR 1, L_0x5986362b9a10, L_0x5986362ba660, C4<0>, C4<0>;
L_0x71dfbb7bfeb0 .functor BUFT 1, C4<00000000000000000111000001111111>, C4<0>, C4<0>, C4<0>;
L_0x5986362ba1e0 .functor AND 32, L_0x59863626cf40, L_0x71dfbb7bfeb0, C4<11111111111111111111111111111111>, C4<11111111111111111111111111111111>;
L_0x5986362ba3e0 .functor OR 1, L_0x5986362ba970, L_0x5986362ba2a0, C4<0>, C4<0>;
L_0x71dfbb7bff40 .functor BUFT 1, C4<11111100000000000111000001111111>, C4<0>, C4<0>, C4<0>;
L_0x5986362ba4f0 .functor AND 32, L_0x59863626cf40, L_0x71dfbb7bff40, C4<11111111111111111111111111111111>, C4<11111111111111111111111111111111>;
L_0x5986362bb1f0 .functor OR 1, L_0x5986362ba3e0, L_0x5986362ba5b0, C4<0>, C4<0>;
L_0x71dfbb7bffd0 .functor BUFT 1, C4<00000000000000000111000001111111>, C4<0>, C4<0>, C4<0>;
L_0x5986362baa80 .functor AND 32, L_0x59863626cf40, L_0x71dfbb7bffd0, C4<11111111111111111111111111111111>, C4<11111111111111111111111111111111>;
L_0x5986362bac80 .functor OR 1, L_0x5986362bb1f0, L_0x5986362bab40, C4<0>, C4<0>;
L_0x71dfbb7c0060 .functor BUFT 1, C4<00000000000000000111000001111111>, C4<0>, C4<0>, C4<0>;
L_0x5986362bad90 .functor AND 32, L_0x59863626cf40, L_0x71dfbb7c0060, C4<11111111111111111111111111111111>, C4<11111111111111111111111111111111>;
L_0x5986362bb5e0 .functor OR 1, L_0x5986362bac80, L_0x5986362bae50, C4<0>, C4<0>;
L_0x71dfbb7c00f0 .functor BUFT 1, C4<00000000000000000111000001111111>, C4<0>, C4<0>, C4<0>;
L_0x5986362bb6f0 .functor AND 32, L_0x59863626cf40, L_0x71dfbb7c00f0, C4<11111111111111111111111111111111>, C4<11111111111111111111111111111111>;
L_0x598636293f10 .functor OR 1, L_0x5986362bb5e0, L_0x598636293dd0, C4<0>, C4<0>;
L_0x71dfbb7c0180 .functor BUFT 1, C4<11111100000000000111000001111111>, C4<0>, C4<0>, C4<0>;
L_0x598636294500 .functor AND 32, L_0x59863626cf40, L_0x71dfbb7c0180, C4<11111111111111111111111111111111>, C4<11111111111111111111111111111111>;
L_0x598636293900 .functor OR 1, L_0x598636293f10, L_0x5986362945c0, C4<0>, C4<0>;
L_0x71dfbb7c0210 .functor BUFT 1, C4<11111100000000000111000001111111>, C4<0>, C4<0>, C4<0>;
L_0x598636293a10 .functor AND 32, L_0x59863626cf40, L_0x71dfbb7c0210, C4<11111111111111111111111111111111>, C4<11111111111111111111111111111111>;
L_0x598636293c10 .functor OR 1, L_0x598636293900, L_0x598636293ad0, C4<0>, C4<0>;
L_0x71dfbb7c02a0 .functor BUFT 1, C4<00000000000000000111000001111111>, C4<0>, C4<0>, C4<0>;
L_0x598636293d20 .functor AND 32, L_0x59863626cf40, L_0x71dfbb7c02a0, C4<11111111111111111111111111111111>, C4<11111111111111111111111111111111>;
L_0x5986362943c0 .functor OR 1, L_0x598636293c10, L_0x598636294020, C4<0>, C4<0>;
L_0x71dfbb7c0330 .functor BUFT 1, C4<00000000000000000111000001111111>, C4<0>, C4<0>, C4<0>;
L_0x5986362bdcd0 .functor AND 32, L_0x59863626cf40, L_0x71dfbb7c0330, C4<11111111111111111111111111111111>, C4<11111111111111111111111111111111>;
L_0x5986362bded0 .functor OR 1, L_0x5986362943c0, L_0x5986362bdd90, C4<0>, C4<0>;
L_0x71dfbb7c03c0 .functor BUFT 1, C4<11111110000000000111000001111111>, C4<0>, C4<0>, C4<0>;
L_0x5986362bd7c0 .functor AND 32, L_0x59863626cf40, L_0x71dfbb7c03c0, C4<11111111111111111111111111111111>, C4<11111111111111111111111111111111>;
L_0x5986362bdc30 .functor OR 1, L_0x5986362bded0, L_0x5986362bd880, C4<0>, C4<0>;
L_0x71dfbb7c0450 .functor BUFT 1, C4<11111110000000000111000001111111>, C4<0>, C4<0>, C4<0>;
L_0x5986362bdfe0 .functor AND 32, L_0x59863626cf40, L_0x71dfbb7c0450, C4<11111111111111111111111111111111>, C4<11111111111111111111111111111111>;
L_0x5986362be1e0 .functor OR 1, L_0x5986362bdc30, L_0x5986362be0a0, C4<0>, C4<0>;
L_0x71dfbb7c04e0 .functor BUFT 1, C4<11111110000000000111000001111111>, C4<0>, C4<0>, C4<0>;
L_0x5986362be2f0 .functor AND 32, L_0x59863626cf40, L_0x71dfbb7c04e0, C4<11111111111111111111111111111111>, C4<11111111111111111111111111111111>;
L_0x5986362bed60 .functor OR 1, L_0x5986362be1e0, L_0x5986362be3b0, C4<0>, C4<0>;
L_0x71dfbb7c0570 .functor BUFT 1, C4<11111110000000000111000001111111>, C4<0>, C4<0>, C4<0>;
L_0x5986362be5a0 .functor AND 32, L_0x59863626cf40, L_0x71dfbb7c0570, C4<11111111111111111111111111111111>, C4<11111111111111111111111111111111>;
L_0x5986362be7a0 .functor OR 1, L_0x5986362bed60, L_0x5986362be660, C4<0>, C4<0>;
L_0x71dfbb7c0600 .functor BUFT 1, C4<11111110000000000111000001111111>, C4<0>, C4<0>, C4<0>;
L_0x5986362be8b0 .functor AND 32, L_0x59863626cf40, L_0x71dfbb7c0600, C4<11111111111111111111111111111111>, C4<11111111111111111111111111111111>;
L_0x5986362bf660 .functor OR 1, L_0x5986362be7a0, L_0x5986362be970, C4<0>, C4<0>;
L_0x71dfbb7c0690 .functor BUFT 1, C4<11111110000000000111000001111111>, C4<0>, C4<0>, C4<0>;
L_0x5986362bee70 .functor AND 32, L_0x59863626cf40, L_0x71dfbb7c0690, C4<11111111111111111111111111111111>, C4<11111111111111111111111111111111>;
L_0x5986362bf070 .functor OR 1, L_0x5986362bf660, L_0x5986362bef30, C4<0>, C4<0>;
L_0x71dfbb7c0720 .functor BUFT 1, C4<11111110000000000111000001111111>, C4<0>, C4<0>, C4<0>;
L_0x5986362bf180 .functor AND 32, L_0x59863626cf40, L_0x71dfbb7c0720, C4<11111111111111111111111111111111>, C4<11111111111111111111111111111111>;
L_0x5986362bff90 .functor OR 1, L_0x5986362bf070, L_0x5986362bf240, C4<0>, C4<0>;
L_0x71dfbb7c07b0 .functor BUFT 1, C4<11111110000000000111000001111111>, C4<0>, C4<0>, C4<0>;
L_0x5986362bf770 .functor AND 32, L_0x59863626cf40, L_0x71dfbb7c07b0, C4<11111111111111111111111111111111>, C4<11111111111111111111111111111111>;
L_0x5986362bf970 .functor OR 1, L_0x5986362bff90, L_0x5986362bf830, C4<0>, C4<0>;
L_0x71dfbb7c0840 .functor BUFT 1, C4<11111110000000000111000001111111>, C4<0>, C4<0>, C4<0>;
L_0x5986362bfa80 .functor AND 32, L_0x59863626cf40, L_0x71dfbb7c0840, C4<11111111111111111111111111111111>, C4<11111111111111111111111111111111>;
L_0x5986362bfc80 .functor OR 1, L_0x5986362bf970, L_0x5986362bfb40, C4<0>, C4<0>;
L_0x71dfbb7c08d0 .functor BUFT 1, C4<11111110000000000111000001111111>, C4<0>, C4<0>, C4<0>;
L_0x5986362c0050 .functor AND 32, L_0x59863626cf40, L_0x71dfbb7c08d0, C4<11111111111111111111111111111111>, C4<11111111111111111111111111111111>;
L_0x5986362c0250 .functor OR 1, L_0x5986362bfc80, L_0x5986362c0110, C4<0>, C4<0>;
L_0x71dfbb7c0960 .functor BUFT 1, C4<00000000000000000111000001111111>, C4<0>, C4<0>, C4<0>;
L_0x5986362c0360 .functor AND 32, L_0x59863626cf40, L_0x71dfbb7c0960, C4<11111111111111111111111111111111>, C4<11111111111111111111111111111111>;
L_0x5986362c0560 .functor OR 1, L_0x5986362c0250, L_0x5986362c0420, C4<0>, C4<0>;
L_0x71dfbb7c09f0 .functor BUFT 1, C4<00000000000000000111000001111111>, C4<0>, C4<0>, C4<0>;
L_0x5986362c0940 .functor AND 32, L_0x59863626cf40, L_0x71dfbb7c09f0, C4<11111111111111111111111111111111>, C4<11111111111111111111111111111111>;
L_0x5986362c0b40 .functor OR 1, L_0x5986362c0560, L_0x5986362c0a00, C4<0>, C4<0>;
L_0x71dfbb7c0a80 .functor BUFT 1, C4<00000000000000000111000001111111>, C4<0>, C4<0>, C4<0>;
L_0x5986362c0c50 .functor AND 32, L_0x59863626cf40, L_0x71dfbb7c0a80, C4<11111111111111111111111111111111>, C4<11111111111111111111111111111111>;
L_0x5986362c0e50 .functor OR 1, L_0x5986362c0b40, L_0x5986362c0d10, C4<0>, C4<0>;
L_0x71dfbb7c0b10 .functor BUFT 1, C4<00000000000000000111000001111111>, C4<0>, C4<0>, C4<0>;
L_0x5986362c1260 .functor AND 32, L_0x59863626cf40, L_0x71dfbb7c0b10, C4<11111111111111111111111111111111>, C4<11111111111111111111111111111111>;
L_0x5986362c1460 .functor OR 1, L_0x5986362c0e50, L_0x5986362c1320, C4<0>, C4<0>;
L_0x71dfbb7c0ba0 .functor BUFT 1, C4<00000000000000000111000001111111>, C4<0>, C4<0>, C4<0>;
L_0x5986362c1570 .functor AND 32, L_0x59863626cf40, L_0x71dfbb7c0ba0, C4<11111111111111111111111111111111>, C4<11111111111111111111111111111111>;
L_0x5986362c1770 .functor OR 1, L_0x5986362c1460, L_0x5986362c1630, C4<0>, C4<0>;
L_0x71dfbb7c0c30 .functor BUFT 1, C4<00000000000000000111000001111111>, C4<0>, C4<0>, C4<0>;
L_0x5986362c1bb0 .functor AND 32, L_0x59863626cf40, L_0x71dfbb7c0c30, C4<11111111111111111111111111111111>, C4<11111111111111111111111111111111>;
L_0x5986362c1db0 .functor OR 1, L_0x5986362c1770, L_0x5986362c1c70, C4<0>, C4<0>;
L_0x71dfbb7c0cc0 .functor BUFT 1, C4<11111110000000000111000001111111>, C4<0>, C4<0>, C4<0>;
L_0x5986362c1ec0 .functor AND 32, L_0x59863626cf40, L_0x71dfbb7c0cc0, C4<11111111111111111111111111111111>, C4<11111111111111111111111111111111>;
L_0x5986362c20c0 .functor OR 1, L_0x5986362c1db0, L_0x5986362c1f80, C4<0>, C4<0>;
L_0x71dfbb7c0d50 .functor BUFT 1, C4<11111110000000000111000001111111>, C4<0>, C4<0>, C4<0>;
L_0x5986362c24e0 .functor AND 32, L_0x59863626cf40, L_0x71dfbb7c0d50, C4<11111111111111111111111111111111>, C4<11111111111111111111111111111111>;
L_0x5986362c26e0 .functor OR 1, L_0x5986362c20c0, L_0x5986362c25a0, C4<0>, C4<0>;
L_0x71dfbb7c0de0 .functor BUFT 1, C4<11111110000000000111000001111111>, C4<0>, C4<0>, C4<0>;
L_0x5986362c27f0 .functor AND 32, L_0x59863626cf40, L_0x71dfbb7c0de0, C4<11111111111111111111111111111111>, C4<11111111111111111111111111111111>;
L_0x5986362c29f0 .functor OR 1, L_0x5986362c26e0, L_0x5986362c28b0, C4<0>, C4<0>;
L_0x71dfbb7c0e70 .functor BUFT 1, C4<11111110000000000111000001111111>, C4<0>, C4<0>, C4<0>;
L_0x5986362c2e40 .functor AND 32, L_0x59863626cf40, L_0x71dfbb7c0e70, C4<11111111111111111111111111111111>, C4<11111111111111111111111111111111>;
L_0x5986362c3040 .functor OR 1, L_0x5986362c29f0, L_0x5986362c2f00, C4<0>, C4<0>;
L_0x71dfbb7c0f00 .functor BUFT 1, C4<11111110000000000111000001111111>, C4<0>, C4<0>, C4<0>;
L_0x5986362c3150 .functor AND 32, L_0x59863626cf40, L_0x71dfbb7c0f00, C4<11111111111111111111111111111111>, C4<11111111111111111111111111111111>;
L_0x5986362c3350 .functor OR 1, L_0x5986362c3040, L_0x5986362c3210, C4<0>, C4<0>;
L_0x71dfbb7c0f90 .functor BUFT 1, C4<11111110000000000111000001111111>, C4<0>, C4<0>, C4<0>;
L_0x5986362c3780 .functor AND 32, L_0x59863626cf40, L_0x71dfbb7c0f90, C4<11111111111111111111111111111111>, C4<11111111111111111111111111111111>;
L_0x5986362c3980 .functor OR 1, L_0x5986362c3350, L_0x5986362c3840, C4<0>, C4<0>;
L_0x71dfbb7c1020 .functor BUFT 1, C4<11111110000000000111000001111111>, C4<0>, C4<0>, C4<0>;
L_0x5986362c3a90 .functor AND 32, L_0x59863626cf40, L_0x71dfbb7c1020, C4<11111111111111111111111111111111>, C4<11111111111111111111111111111111>;
L_0x5986362c3c90 .functor OR 1, L_0x5986362c3980, L_0x5986362c3b50, C4<0>, C4<0>;
L_0x71dfbb7c10b0 .functor BUFT 1, C4<11111110000000000111000001111111>, C4<0>, C4<0>, C4<0>;
L_0x5986362c40f0 .functor AND 32, L_0x59863626cf40, L_0x71dfbb7c10b0, C4<11111111111111111111111111111111>, C4<11111111111111111111111111111111>;
L_0x5986362c42f0 .functor OR 1, L_0x5986362c3c90, L_0x5986362c41b0, C4<0>, C4<0>;
L_0x71dfbb7c1140 .functor BUFT 1, C4<11111110000000000111000001111111>, C4<0>, C4<0>, C4<0>;
L_0x5986362c4400 .functor AND 32, L_0x59863626cf40, L_0x71dfbb7c1140, C4<11111111111111111111111111111111>, C4<11111111111111111111111111111111>;
L_0x5986362c4600 .functor OR 1, L_0x5986362c42f0, L_0x5986362c44c0, C4<0>, C4<0>;
L_0x71dfbb7c11d0 .functor BUFT 1, C4<11111110000000000111000001111111>, C4<0>, C4<0>, C4<0>;
L_0x5986362c4a90 .functor AND 32, L_0x59863626cf40, L_0x71dfbb7c11d0, C4<11111111111111111111111111111111>, C4<11111111111111111111111111111111>;
L_0x5986362c4c90 .functor OR 1, L_0x5986362c4600, L_0x5986362c4b50, C4<0>, C4<0>;
L_0x71dfbb7c1260 .functor BUFT 1, C4<00000000000000000111000001111111>, C4<0>, C4<0>, C4<0>;
L_0x5986362c4da0 .functor AND 32, L_0x59863626cf40, L_0x71dfbb7c1260, C4<11111111111111111111111111111111>, C4<11111111111111111111111111111111>;
L_0x5986362c4fa0 .functor OR 1, L_0x5986362c4c90, L_0x5986362c4e60, C4<0>, C4<0>;
L_0x71dfbb7c12f0 .functor BUFT 1, C4<00000000000000000111000001111111>, C4<0>, C4<0>, C4<0>;
L_0x5986362c50b0 .functor AND 32, L_0x59863626cf40, L_0x71dfbb7c12f0, C4<11111111111111111111111111111111>, C4<11111111111111111111111111111111>;
L_0x5986362c55a0 .functor OR 1, L_0x5986362c4fa0, L_0x5986362c5460, C4<0>, C4<0>;
L_0x71dfbb7c1380 .functor BUFT 1, C4<00000000000000000111000001111111>, C4<0>, C4<0>, C4<0>;
L_0x5986362c56b0 .functor AND 32, L_0x59863626cf40, L_0x71dfbb7c1380, C4<11111111111111111111111111111111>, C4<11111111111111111111111111111111>;
L_0x5986362c58b0 .functor OR 1, L_0x5986362c55a0, L_0x5986362c5770, C4<0>, C4<0>;
L_0x71dfbb7c1410 .functor BUFT 1, C4<00000000000000000111000001111111>, C4<0>, C4<0>, C4<0>;
L_0x5986362c59c0 .functor AND 32, L_0x59863626cf40, L_0x71dfbb7c1410, C4<11111111111111111111111111111111>, C4<11111111111111111111111111111111>;
L_0x5986362c5f00 .functor OR 1, L_0x5986362c58b0, L_0x5986362c5a80, C4<0>, C4<0>;
L_0x71dfbb7c14a0 .functor BUFT 1, C4<00000000000000000111000001111111>, C4<0>, C4<0>, C4<0>;
L_0x5986362c6010 .functor AND 32, L_0x59863626cf40, L_0x71dfbb7c14a0, C4<11111111111111111111111111111111>, C4<11111111111111111111111111111111>;
L_0x5986362c6210 .functor OR 1, L_0x5986362c5f00, L_0x5986362c60d0, C4<0>, C4<0>;
L_0x71dfbb7c1530 .functor BUFT 1, C4<00000000000000000111000001111111>, C4<0>, C4<0>, C4<0>;
L_0x5986362c6320 .functor AND 32, L_0x59863626cf40, L_0x71dfbb7c1530, C4<11111111111111111111111111111111>, C4<11111111111111111111111111111111>;
L_0x5986362c6890 .functor OR 1, L_0x5986362c6210, L_0x5986362c63e0, C4<0>, C4<0>;
L_0x71dfbb7c15c0 .functor BUFT 1, C4<11111110000000000111000001111111>, C4<0>, C4<0>, C4<0>;
L_0x5986362c69a0 .functor AND 32, L_0x59863626cf40, L_0x71dfbb7c15c0, C4<11111111111111111111111111111111>, C4<11111111111111111111111111111111>;
L_0x5986362c6f10 .functor AND 1, L_0x71dfbb7c3930, L_0x5986362c6a60, C4<1>, C4<1>;
L_0x5986362c72f0 .functor OR 1, L_0x5986362c6890, L_0x5986362c6f10, C4<0>, C4<0>;
L_0x71dfbb7c1650 .functor BUFT 1, C4<00000000000000000111000001111111>, C4<0>, C4<0>, C4<0>;
L_0x5986362c7400 .functor AND 32, L_0x59863626cf40, L_0x71dfbb7c1650, C4<11111111111111111111111111111111>, C4<11111111111111111111111111111111>;
L_0x71dfbb7c16e0 .functor BUFT 1, C4<00000000000000000111000001111111>, C4<0>, C4<0>, C4<0>;
L_0x5986362c7600 .functor AND 32, L_0x59863626cf40, L_0x71dfbb7c16e0, C4<11111111111111111111111111111111>, C4<11111111111111111111111111111111>;
L_0x5986362c7800 .functor OR 1, L_0x5986362c74c0, L_0x5986362c76c0, C4<0>, C4<0>;
L_0x71dfbb7c1770 .functor BUFT 1, C4<00000000000000000111000001111111>, C4<0>, C4<0>, C4<0>;
L_0x5986362c7910 .functor AND 32, L_0x59863626cf40, L_0x71dfbb7c1770, C4<11111111111111111111111111111111>, C4<11111111111111111111111111111111>;
L_0x5986362c7ba0 .functor OR 1, L_0x5986362c7800, L_0x5986362c7a60, C4<0>, C4<0>;
L_0x71dfbb7c1800 .functor BUFT 1, C4<00000000000000000111000001111111>, C4<0>, C4<0>, C4<0>;
L_0x5986362c7cb0 .functor AND 32, L_0x59863626cf40, L_0x71dfbb7c1800, C4<11111111111111111111111111111111>, C4<11111111111111111111111111111111>;
L_0x5986362c7eb0 .functor OR 1, L_0x5986362c7ba0, L_0x5986362c7d70, C4<0>, C4<0>;
L_0x71dfbb7c1890 .functor BUFT 1, C4<00000000000000000111000001111111>, C4<0>, C4<0>, C4<0>;
L_0x5986362c7fc0 .functor AND 32, L_0x59863626cf40, L_0x71dfbb7c1890, C4<11111111111111111111111111111111>, C4<11111111111111111111111111111111>;
L_0x5986362c8520 .functor OR 1, L_0x5986362c7eb0, L_0x5986362c8080, C4<0>, C4<0>;
L_0x71dfbb7c1920 .functor BUFT 1, C4<00000000000000000111000001111111>, C4<0>, C4<0>, C4<0>;
L_0x5986362c8630 .functor AND 32, L_0x59863626cf40, L_0x71dfbb7c1920, C4<11111111111111111111111111111111>, C4<11111111111111111111111111111111>;
L_0x5986362c8bd0 .functor OR 1, L_0x5986362c8520, L_0x5986362c86f0, C4<0>, C4<0>;
L_0x71dfbb7c19b0 .functor BUFT 1, C4<11111100000000000111000001111111>, C4<0>, C4<0>, C4<0>;
L_0x5986362c9010 .functor AND 32, L_0x59863626cf40, L_0x71dfbb7c19b0, C4<11111111111111111111111111111111>, C4<11111111111111111111111111111111>;
L_0x5986362c9210 .functor OR 1, L_0x5986362c8bd0, L_0x5986362c90d0, C4<0>, C4<0>;
L_0x71dfbb7c1a40 .functor BUFT 1, C4<11111100000000000111000001111111>, C4<0>, C4<0>, C4<0>;
L_0x5986362c9320 .functor AND 32, L_0x59863626cf40, L_0x71dfbb7c1a40, C4<11111111111111111111111111111111>, C4<11111111111111111111111111111111>;
L_0x5986362c9520 .functor OR 1, L_0x5986362c9210, L_0x5986362c93e0, C4<0>, C4<0>;
L_0x71dfbb7c1ad0 .functor BUFT 1, C4<11111100000000000111000001111111>, C4<0>, C4<0>, C4<0>;
L_0x5986362c9630 .functor AND 32, L_0x59863626cf40, L_0x71dfbb7c1ad0, C4<11111111111111111111111111111111>, C4<11111111111111111111111111111111>;
L_0x5986362c98d0 .functor OR 1, L_0x5986362c9520, L_0x5986362c96f0, C4<0>, C4<0>;
L_0x71dfbb7c1b60 .functor BUFT 1, C4<00000000000000000000000001111111>, C4<0>, C4<0>, C4<0>;
L_0x5986362c99e0 .functor AND 32, L_0x59863626cf40, L_0x71dfbb7c1b60, C4<11111111111111111111111111111111>, C4<11111111111111111111111111111111>;
L_0x5986362cab40 .functor OR 1, L_0x5986362c98d0, L_0x5986362c9aa0, C4<0>, C4<0>;
L_0x71dfbb7c1bf0 .functor BUFT 1, C4<00000000000000000000000001111111>, C4<0>, C4<0>, C4<0>;
L_0x5986362ca380 .functor AND 32, L_0x59863626cf40, L_0x71dfbb7c1bf0, C4<11111111111111111111111111111111>, C4<11111111111111111111111111111111>;
L_0x5986362ca580 .functor OR 1, L_0x5986362cab40, L_0x5986362ca440, C4<0>, C4<0>;
L_0x71dfbb7c1c80 .functor BUFT 1, C4<11111110000000000111000001111111>, C4<0>, C4<0>, C4<0>;
L_0x5986362ca690 .functor AND 32, L_0x59863626cf40, L_0x71dfbb7c1c80, C4<11111111111111111111111111111111>, C4<11111111111111111111111111111111>;
L_0x5986362ca890 .functor OR 1, L_0x5986362ca580, L_0x5986362ca750, C4<0>, C4<0>;
L_0x71dfbb7c1d10 .functor BUFT 1, C4<11111110000000000111000001111111>, C4<0>, C4<0>, C4<0>;
L_0x5986362ca9a0 .functor AND 32, L_0x59863626cf40, L_0x71dfbb7c1d10, C4<11111111111111111111111111111111>, C4<11111111111111111111111111111111>;
L_0x5986362cb4e0 .functor OR 1, L_0x5986362ca890, L_0x5986362caa60, C4<0>, C4<0>;
L_0x71dfbb7c1da0 .functor BUFT 1, C4<11111110000000000111000001111111>, C4<0>, C4<0>, C4<0>;
L_0x5986362cac50 .functor AND 32, L_0x59863626cf40, L_0x71dfbb7c1da0, C4<11111111111111111111111111111111>, C4<11111111111111111111111111111111>;
L_0x5986362cae50 .functor OR 1, L_0x5986362cb4e0, L_0x5986362cad10, C4<0>, C4<0>;
L_0x71dfbb7c1e30 .functor BUFT 1, C4<11111110000000000111000001111111>, C4<0>, C4<0>, C4<0>;
L_0x5986362caf60 .functor AND 32, L_0x59863626cf40, L_0x71dfbb7c1e30, C4<11111111111111111111111111111111>, C4<11111111111111111111111111111111>;
L_0x5986362cb160 .functor OR 1, L_0x5986362cae50, L_0x5986362cb020, C4<0>, C4<0>;
L_0x71dfbb7c1ec0 .functor BUFT 1, C4<11111110000000000111000001111111>, C4<0>, C4<0>, C4<0>;
L_0x5986362cb270 .functor AND 32, L_0x59863626cf40, L_0x71dfbb7c1ec0, C4<11111111111111111111111111111111>, C4<11111111111111111111111111111111>;
L_0x5986362cb640 .functor OR 1, L_0x5986362cb160, L_0x5986362cb330, C4<0>, C4<0>;
L_0x71dfbb7c1f50 .functor BUFT 1, C4<11111110000000000111000001111111>, C4<0>, C4<0>, C4<0>;
L_0x5986362cb750 .functor AND 32, L_0x59863626cf40, L_0x71dfbb7c1f50, C4<11111111111111111111111111111111>, C4<11111111111111111111111111111111>;
L_0x5986362cb950 .functor OR 1, L_0x5986362cb640, L_0x5986362cb810, C4<0>, C4<0>;
L_0x71dfbb7c1fe0 .functor BUFT 1, C4<11111110000000000111000001111111>, C4<0>, C4<0>, C4<0>;
L_0x5986362cba60 .functor AND 32, L_0x59863626cf40, L_0x71dfbb7c1fe0, C4<11111111111111111111111111111111>, C4<11111111111111111111111111111111>;
L_0x5986362cbc60 .functor OR 1, L_0x5986362cb950, L_0x5986362cbb20, C4<0>, C4<0>;
L_0x71dfbb7c2070 .functor BUFT 1, C4<11111110000000000111000001111111>, C4<0>, C4<0>, C4<0>;
L_0x5986362cbd70 .functor AND 32, L_0x59863626cf40, L_0x71dfbb7c2070, C4<11111111111111111111111111111111>, C4<11111111111111111111111111111111>;
L_0x5986362b6520 .functor OR 1, L_0x5986362cbc60, L_0x5986362b63e0, C4<0>, C4<0>;
L_0x71dfbb7c2100 .functor BUFT 1, C4<11111110000000000111000001111111>, C4<0>, C4<0>, C4<0>;
L_0x5986362b6630 .functor AND 32, L_0x59863626cf40, L_0x71dfbb7c2100, C4<11111111111111111111111111111111>, C4<11111111111111111111111111111111>;
L_0x5986362cdb10 .functor OR 1, L_0x5986362b6520, L_0x5986362b66f0, C4<0>, C4<0>;
L_0x71dfbb7c2190 .functor BUFT 1, C4<11111110000000000111000001111111>, C4<0>, C4<0>, C4<0>;
L_0x5986362cce00 .functor AND 32, L_0x59863626cf40, L_0x71dfbb7c2190, C4<11111111111111111111111111111111>, C4<11111111111111111111111111111111>;
L_0x5986362cd000 .functor OR 1, L_0x5986362cdb10, L_0x5986362ccec0, C4<0>, C4<0>;
L_0x71dfbb7c2220 .functor BUFT 1, C4<00000000000000000111000001111111>, C4<0>, C4<0>, C4<0>;
L_0x5986362cd110 .functor AND 32, L_0x59863626cf40, L_0x71dfbb7c2220, C4<11111111111111111111111111111111>, C4<11111111111111111111111111111111>;
L_0x71dfbb7c22b0 .functor BUFT 1, C4<00000000000000000111000001111111>, C4<0>, C4<0>, C4<0>;
L_0x5986362cd310 .functor AND 32, L_0x59863626cf40, L_0x71dfbb7c22b0, C4<11111111111111111111111111111111>, C4<11111111111111111111111111111111>;
L_0x5986362cd510 .functor OR 1, L_0x5986362cd1d0, L_0x5986362cd3d0, C4<0>, C4<0>;
L_0x71dfbb7c2340 .functor BUFT 1, C4<00000000000000000111000001111111>, C4<0>, C4<0>, C4<0>;
L_0x5986362cdc20 .functor AND 32, L_0x59863626cf40, L_0x71dfbb7c2340, C4<11111111111111111111111111111111>, C4<11111111111111111111111111111111>;
L_0x5986362ce250 .functor OR 1, L_0x5986362cd510, L_0x5986362cdce0, C4<0>, C4<0>;
L_0x71dfbb7c23d0 .functor BUFT 1, C4<00000000000000000111000001111111>, C4<0>, C4<0>, C4<0>;
L_0x5986362ce360 .functor AND 32, L_0x59863626cf40, L_0x71dfbb7c23d0, C4<11111111111111111111111111111111>, C4<11111111111111111111111111111111>;
L_0x5986362ce560 .functor OR 1, L_0x5986362ce250, L_0x5986362ce420, C4<0>, C4<0>;
L_0x71dfbb7c2460 .functor BUFT 1, C4<00000000000000000111000001111111>, C4<0>, C4<0>, C4<0>;
L_0x5986362ce670 .functor AND 32, L_0x59863626cf40, L_0x71dfbb7c2460, C4<11111111111111111111111111111111>, C4<11111111111111111111111111111111>;
L_0x5986362cde20 .functor OR 1, L_0x5986362ce560, L_0x5986362ce730, C4<0>, C4<0>;
L_0x71dfbb7c24f0 .functor BUFT 1, C4<00000000000000000111000001111111>, C4<0>, C4<0>, C4<0>;
L_0x5986362cdee0 .functor AND 32, L_0x59863626cf40, L_0x71dfbb7c24f0, C4<11111111111111111111111111111111>, C4<11111111111111111111111111111111>;
L_0x5986362ce0e0 .functor OR 1, L_0x5986362cde20, L_0x5986362cdfa0, C4<0>, C4<0>;
L_0x71dfbb7c2580 .functor BUFT 1, C4<00000000000000000111000001111111>, C4<0>, C4<0>, C4<0>;
L_0x5986362ce8c0 .functor AND 32, L_0x59863626cf40, L_0x71dfbb7c2580, C4<11111111111111111111111111111111>, C4<11111111111111111111111111111111>;
L_0x5986362cef10 .functor OR 1, L_0x5986362ce0e0, L_0x5986362ce980, C4<0>, C4<0>;
L_0x71dfbb7c2610 .functor BUFT 1, C4<00000000000000000111000001111111>, C4<0>, C4<0>, C4<0>;
L_0x5986362cf020 .functor AND 32, L_0x59863626cf40, L_0x71dfbb7c2610, C4<11111111111111111111111111111111>, C4<11111111111111111111111111111111>;
L_0x5986362cf220 .functor OR 1, L_0x5986362cef10, L_0x5986362cf0e0, C4<0>, C4<0>;
L_0x71dfbb7c26a0 .functor BUFT 1, C4<00000000000000000111000001111111>, C4<0>, C4<0>, C4<0>;
L_0x5986362cf330 .functor AND 32, L_0x59863626cf40, L_0x71dfbb7c26a0, C4<11111111111111111111111111111111>, C4<11111111111111111111111111111111>;
L_0x5986362cf530 .functor OR 1, L_0x5986362cf220, L_0x5986362cf3f0, C4<0>, C4<0>;
L_0x71dfbb7c2730 .functor BUFT 1, C4<00000000000000000000000001111111>, C4<0>, C4<0>, C4<0>;
L_0x5986362ceac0 .functor AND 32, L_0x59863626cf40, L_0x71dfbb7c2730, C4<11111111111111111111111111111111>, C4<11111111111111111111111111111111>;
L_0x71dfbb7c27c0 .functor BUFT 1, C4<00000000000000000111000001111111>, C4<0>, C4<0>, C4<0>;
L_0x5986362cecc0 .functor AND 32, L_0x59863626cf40, L_0x71dfbb7c27c0, C4<11111111111111111111111111111111>, C4<11111111111111111111111111111111>;
L_0x5986362cfa10 .functor OR 1, L_0x5986362ceb80, L_0x5986362ced80, C4<0>, C4<0>;
L_0x71dfbb7c2850 .functor BUFT 1, C4<00000000000000000111000001111111>, C4<0>, C4<0>, C4<0>;
L_0x5986362cfad0 .functor AND 32, L_0x59863626cf40, L_0x71dfbb7c2850, C4<11111111111111111111111111111111>, C4<11111111111111111111111111111111>;
L_0x5986362cfcd0 .functor OR 1, L_0x5986362cfa10, L_0x5986362cfb90, C4<0>, C4<0>;
L_0x71dfbb7c28e0 .functor BUFT 1, C4<00000000000000000111000001111111>, C4<0>, C4<0>, C4<0>;
L_0x5986362cfde0 .functor AND 32, L_0x59863626cf40, L_0x71dfbb7c28e0, C4<11111111111111111111111111111111>, C4<11111111111111111111111111111111>;
L_0x5986362cffe0 .functor OR 1, L_0x5986362cfcd0, L_0x5986362cfea0, C4<0>, C4<0>;
L_0x71dfbb7c2970 .functor BUFT 1, C4<00000000000000000111000001111111>, C4<0>, C4<0>, C4<0>;
L_0x5986362d00f0 .functor AND 32, L_0x59863626cf40, L_0x71dfbb7c2970, C4<11111111111111111111111111111111>, C4<11111111111111111111111111111111>;
L_0x5986362d02f0 .functor OR 1, L_0x5986362cffe0, L_0x5986362d01b0, C4<0>, C4<0>;
L_0x71dfbb7c2a00 .functor BUFT 1, C4<00000000000000000111000001111111>, C4<0>, C4<0>, C4<0>;
L_0x5986362d0400 .functor AND 32, L_0x59863626cf40, L_0x71dfbb7c2a00, C4<11111111111111111111111111111111>, C4<11111111111111111111111111111111>;
L_0x5986362cf5a0 .functor OR 1, L_0x5986362d02f0, L_0x5986362d04c0, C4<0>, C4<0>;
L_0x71dfbb7c2a90 .functor BUFT 1, C4<00000000000000000111000001111111>, C4<0>, C4<0>, C4<0>;
L_0x5986362cf6b0 .functor AND 32, L_0x59863626cf40, L_0x71dfbb7c2a90, C4<11111111111111111111111111111111>, C4<11111111111111111111111111111111>;
L_0x5986362cf8b0 .functor OR 1, L_0x5986362cf5a0, L_0x5986362cf770, C4<0>, C4<0>;
L_0x71dfbb7c2b20 .functor BUFT 1, C4<00000000000000000111000001111111>, C4<0>, C4<0>, C4<0>;
L_0x5986362d0a90 .functor AND 32, L_0x59863626cf40, L_0x71dfbb7c2b20, C4<11111111111111111111111111111111>, C4<11111111111111111111111111111111>;
L_0x5986362d0600 .functor OR 1, L_0x5986362cf8b0, L_0x5986362d0b00, C4<0>, C4<0>;
L_0x71dfbb7c2bb0 .functor BUFT 1, C4<11111110000000000111000001111111>, C4<0>, C4<0>, C4<0>;
L_0x5986362d0710 .functor AND 32, L_0x59863626cf40, L_0x71dfbb7c2bb0, C4<11111111111111111111111111111111>, C4<11111111111111111111111111111111>;
L_0x71dfbb7c2c40 .functor BUFT 1, C4<11111110000000000111000001111111>, C4<0>, C4<0>, C4<0>;
L_0x5986362d0910 .functor AND 32, L_0x59863626cf40, L_0x71dfbb7c2c40, C4<11111111111111111111111111111111>, C4<11111111111111111111111111111111>;
L_0x5986362d1140 .functor OR 1, L_0x5986362d07d0, L_0x5986362d09d0, C4<0>, C4<0>;
L_0x71dfbb7c2cd0 .functor BUFT 1, C4<11111110000000000111000001111111>, C4<0>, C4<0>, C4<0>;
L_0x5986362d1250 .functor AND 32, L_0x59863626cf40, L_0x71dfbb7c2cd0, C4<11111111111111111111111111111111>, C4<11111111111111111111111111111111>;
L_0x5986362d1450 .functor OR 1, L_0x5986362d1140, L_0x5986362d1310, C4<0>, C4<0>;
L_0x71dfbb7c2d60 .functor BUFT 1, C4<11111110000000000111000001111111>, C4<0>, C4<0>, C4<0>;
L_0x5986362d1560 .functor AND 32, L_0x59863626cf40, L_0x71dfbb7c2d60, C4<11111111111111111111111111111111>, C4<11111111111111111111111111111111>;
L_0x5986362d1c20 .functor OR 1, L_0x5986362d1450, L_0x5986362d1620, C4<0>, C4<0>;
L_0x5986362d1d30 .functor AND 1, L_0x71dfbb7c3930, L_0x5986362d1c20, C4<1>, C4<1>;
L_0x71dfbb7c2df0 .functor BUFT 1, C4<11111110000000000111000001111111>, C4<0>, C4<0>, C4<0>;
L_0x5986362d1df0 .functor AND 32, L_0x59863626cf40, L_0x71dfbb7c2df0, C4<11111111111111111111111111111111>, C4<11111111111111111111111111111111>;
L_0x71dfbb7c2e80 .functor BUFT 1, C4<11111110000000000111000001111111>, C4<0>, C4<0>, C4<0>;
L_0x5986362d0dd0 .functor AND 32, L_0x59863626cf40, L_0x71dfbb7c2e80, C4<11111111111111111111111111111111>, C4<11111111111111111111111111111111>;
L_0x5986362d0fd0 .functor OR 1, L_0x5986362d0c90, L_0x5986362d0e90, C4<0>, C4<0>;
L_0x71dfbb7c2f10 .functor BUFT 1, C4<11111110000000000111000001111111>, C4<0>, C4<0>, C4<0>;
L_0x5986362d1760 .functor AND 32, L_0x59863626cf40, L_0x71dfbb7c2f10, C4<11111111111111111111111111111111>, C4<11111111111111111111111111111111>;
L_0x5986362d1960 .functor OR 1, L_0x5986362d0fd0, L_0x5986362d1820, C4<0>, C4<0>;
L_0x71dfbb7c2fa0 .functor BUFT 1, C4<11111110000000000111000001111111>, C4<0>, C4<0>, C4<0>;
L_0x5986362d1a70 .functor AND 32, L_0x59863626cf40, L_0x71dfbb7c2fa0, C4<11111111111111111111111111111111>, C4<11111111111111111111111111111111>;
L_0x5986362d2390 .functor OR 1, L_0x5986362d1960, L_0x5986362d1b30, C4<0>, C4<0>;
L_0x5986362d24a0 .functor AND 1, L_0x71dfbb7c3930, L_0x5986362d2390, C4<1>, C4<1>;
L_0x71dfbb7c3030 .functor BUFT 1, C4<11111111111111111111111111111111>, C4<0>, C4<0>, C4<0>;
L_0x5986362d2560 .functor AND 32, L_0x59863626cf40, L_0x71dfbb7c3030, C4<11111111111111111111111111111111>, C4<11111111111111111111111111111111>;
L_0x71dfbb7c30c0 .functor BUFT 1, C4<11111111111111111111111111111111>, C4<0>, C4<0>, C4<0>;
L_0x5986362d2760 .functor AND 32, L_0x59863626cf40, L_0x71dfbb7c30c0, C4<11111111111111111111111111111111>, C4<11111111111111111111111111111111>;
L_0x5986362d2960 .functor OR 1, L_0x5986362d2620, L_0x5986362d2820, C4<0>, C4<0>;
L_0x71dfbb7c3150 .functor BUFT 1, C4<11001111111111111111111111111111>, C4<0>, C4<0>, C4<0>;
L_0x5986362d2a70 .functor AND 32, L_0x59863626cf40, L_0x71dfbb7c3150, C4<11111111111111111111111111111111>, C4<11111111111111111111111111111111>;
L_0x5986362d2c70 .functor OR 1, L_0x5986362d2960, L_0x5986362d2b30, C4<0>, C4<0>;
L_0x71dfbb7c31e0 .functor BUFT 1, C4<00000000000000000111000001111111>, C4<0>, C4<0>, C4<0>;
L_0x5986362d2d80 .functor AND 32, L_0x59863626cf40, L_0x71dfbb7c31e0, C4<11111111111111111111111111111111>, C4<11111111111111111111111111111111>;
L_0x5986362d1eb0 .functor OR 1, L_0x5986362d2c70, L_0x5986362d2e40, C4<0>, C4<0>;
L_0x71dfbb7c3270 .functor BUFT 1, C4<00000000000000000111000001111111>, C4<0>, C4<0>, C4<0>;
L_0x5986362d1fc0 .functor AND 32, L_0x59863626cf40, L_0x71dfbb7c3270, C4<11111111111111111111111111111111>, C4<11111111111111111111111111111111>;
L_0x5986362d21c0 .functor OR 1, L_0x5986362d1eb0, L_0x5986362d2080, C4<0>, C4<0>;
L_0x71dfbb7c3300 .functor BUFT 1, C4<00000000000000000111000001111111>, C4<0>, C4<0>, C4<0>;
L_0x5986362d22d0 .functor AND 32, L_0x59863626cf40, L_0x71dfbb7c3300, C4<11111111111111111111111111111111>, C4<11111111111111111111111111111111>;
L_0x5986362d3ad0 .functor OR 1, L_0x5986362d21c0, L_0x5986362d3480, C4<0>, C4<0>;
L_0x71dfbb7c3390 .functor BUFT 1, C4<00000000000000000111000001111111>, C4<0>, C4<0>, C4<0>;
L_0x5986362d3be0 .functor AND 32, L_0x59863626cf40, L_0x71dfbb7c3390, C4<11111111111111111111111111111111>, C4<11111111111111111111111111111111>;
L_0x5986362d3110 .functor OR 1, L_0x5986362d3ad0, L_0x5986362d2fd0, C4<0>, C4<0>;
L_0x71dfbb7c3420 .functor BUFT 1, C4<00000000000000000111000001111111>, C4<0>, C4<0>, C4<0>;
L_0x5986362d3220 .functor AND 32, L_0x59863626cf40, L_0x71dfbb7c3420, C4<11111111111111111111111111111111>, C4<11111111111111111111111111111111>;
L_0x5986362d35c0 .functor OR 1, L_0x5986362d3110, L_0x5986362d32e0, C4<0>, C4<0>;
L_0x71dfbb7c34b0 .functor BUFT 1, C4<00000000000000000111000001111111>, C4<0>, C4<0>, C4<0>;
L_0x5986362d36d0 .functor AND 32, L_0x59863626cf40, L_0x71dfbb7c34b0, C4<11111111111111111111111111111111>, C4<11111111111111111111111111111111>;
L_0x5986362d38d0 .functor OR 1, L_0x5986362d35c0, L_0x5986362d3790, C4<0>, C4<0>;
L_0x71dfbb7c3540 .functor BUFT 1, C4<11111111111111111000111111111111>, C4<0>, C4<0>, C4<0>;
L_0x5986362d39e0 .functor AND 32, L_0x59863626cf40, L_0x71dfbb7c3540, C4<11111111111111111111111111111111>, C4<11111111111111111111111111111111>;
L_0x5986362d42c0 .functor OR 1, L_0x5986362d38d0, L_0x5986362d3c50, C4<0>, C4<0>;
L_0x71dfbb7c35d0 .functor BUFT 1, C4<00000000000000000111000001111111>, C4<0>, C4<0>, C4<0>;
L_0x5986362d43d0 .functor AND 32, L_0x59863626cf40, L_0x71dfbb7c35d0, C4<11111111111111111111111111111111>, C4<11111111111111111111111111111111>;
L_0x5986362d45d0 .functor OR 1, L_0x5986362d42c0, L_0x5986362d4490, C4<0>, C4<0>;
L_0x71dfbb7c3660 .functor BUFT 1, C4<00000000000000000111000001111111>, C4<0>, C4<0>, C4<0>;
L_0x5986362d46e0 .functor AND 32, L_0x59863626cf40, L_0x71dfbb7c3660, C4<11111111111111111111111111111111>, C4<11111111111111111111111111111111>;
L_0x5986362d48e0 .functor OR 1, L_0x5986362d45d0, L_0x5986362d47a0, C4<0>, C4<0>;
L_0x71dfbb7c36f0 .functor BUFT 1, C4<11111110000000000111111111111111>, C4<0>, C4<0>, C4<0>;
L_0x5986362d49f0 .functor AND 32, L_0x59863626cf40, L_0x71dfbb7c36f0, C4<11111111111111111111111111111111>, C4<11111111111111111111111111111111>;
L_0x5986362d4bf0 .functor OR 1, L_0x5986362d48e0, L_0x5986362d4ab0, C4<0>, C4<0>;
L_0x5986362d4d00 .functor OR 1, L_0x5986362d4bf0, L_0x5986362b9390, C4<0>, C4<0>;
L_0x5986362d4dc0 .functor OR 1, L_0x5986362d4d00, L_0x5986362d56a0, C4<0>, C4<0>;
L_0x71dfbb7c3780 .functor BUFT 1, C4<11111110000000000111000001111111>, C4<0>, C4<0>, C4<0>;
L_0x5986362d4e80 .functor AND 32, L_0x59863626cf40, L_0x71dfbb7c3780, C4<11111111111111111111111111111111>, C4<11111111111111111111111111111111>;
L_0x5986362d3d90 .functor AND 1, L_0x71dfbb7c3930, L_0x5986362d4f40, C4<1>, C4<1>;
L_0x71dfbb7c3810 .functor BUFT 1, C4<11111110000000000111000001111111>, C4<0>, C4<0>, C4<0>;
L_0x5986362d3e50 .functor AND 32, L_0x59863626cf40, L_0x71dfbb7c3810, C4<11111111111111111111111111111111>, C4<11111111111111111111111111111111>;
L_0x5986362d4050 .functor AND 1, L_0x71dfbb7c3930, L_0x5986362d3f10, C4<1>, C4<1>;
L_0x71dfbb7c38a0 .functor BUFT 1, C4<11111110000000000111000001111111>, C4<0>, C4<0>, C4<0>;
L_0x5986362d4110 .functor AND 32, L_0x59863626cf40, L_0x71dfbb7c38a0, C4<11111111111111111111111111111111>, C4<11111111111111111111111111111111>;
L_0x5986362d55e0 .functor AND 1, L_0x71dfbb7c3930, L_0x5986362d41d0, C4<1>, C4<1>;
v0x5986361a83b0_0 .net/2u *"_ivl_0", 31 0, L_0x71dfbb7bd990;  1 drivers
v0x5986361a8450_0 .net *"_ivl_10", 31 0, L_0x5986362a1960;  1 drivers
v0x5986361a84f0_0 .net *"_ivl_100", 31 0, L_0x5986362a48a0;  1 drivers
v0x5986361a8590_0 .net *"_ivl_1000", 0 0, L_0x5986362c3b50;  1 drivers
v0x5986361a8630_0 .net *"_ivl_1003", 0 0, L_0x5986362c3c90;  1 drivers
v0x5986361a86d0_0 .net/2u *"_ivl_1004", 31 0, L_0x71dfbb7c10b0;  1 drivers
v0x5986361a8770_0 .net *"_ivl_1006", 31 0, L_0x5986362c40f0;  1 drivers
L_0x71dfbb7c10f8 .functor BUFT 1, C4<00000010000000000111000000110011>, C4<0>, C4<0>, C4<0>;
v0x5986361a8810_0 .net/2u *"_ivl_1008", 31 0, L_0x71dfbb7c10f8;  1 drivers
v0x5986361a88b0_0 .net *"_ivl_1010", 0 0, L_0x5986362c41b0;  1 drivers
v0x5986361a8950_0 .net *"_ivl_1013", 0 0, L_0x5986362c42f0;  1 drivers
v0x5986361a89f0_0 .net/2u *"_ivl_1014", 31 0, L_0x71dfbb7c1140;  1 drivers
v0x5986361a8a90_0 .net *"_ivl_1016", 31 0, L_0x5986362c4400;  1 drivers
L_0x71dfbb7c1188 .functor BUFT 1, C4<00001000000000000000000000001011>, C4<0>, C4<0>, C4<0>;
v0x5986361a8b30_0 .net/2u *"_ivl_1018", 31 0, L_0x71dfbb7c1188;  1 drivers
L_0x71dfbb7bdf78 .functor BUFT 1, C4<00000000000000000000000000010111>, C4<0>, C4<0>, C4<0>;
v0x5986361a8bd0_0 .net/2u *"_ivl_102", 31 0, L_0x71dfbb7bdf78;  1 drivers
v0x5986361a8c70_0 .net *"_ivl_1020", 0 0, L_0x5986362c44c0;  1 drivers
v0x5986361a8d10_0 .net *"_ivl_1023", 0 0, L_0x5986362c4600;  1 drivers
v0x5986361a8db0_0 .net/2u *"_ivl_1024", 31 0, L_0x71dfbb7c11d0;  1 drivers
v0x5986361a8e50_0 .net *"_ivl_1026", 31 0, L_0x5986362c4a90;  1 drivers
L_0x71dfbb7c1218 .functor BUFT 1, C4<00000010000000000001000000001011>, C4<0>, C4<0>, C4<0>;
v0x5986361a8ef0_0 .net/2u *"_ivl_1028", 31 0, L_0x71dfbb7c1218;  1 drivers
v0x5986361a8f90_0 .net *"_ivl_1030", 0 0, L_0x5986362c4b50;  1 drivers
v0x5986361a9030_0 .net *"_ivl_1033", 0 0, L_0x5986362c4c90;  1 drivers
v0x5986361a90d0_0 .net/2u *"_ivl_1034", 31 0, L_0x71dfbb7c1260;  1 drivers
v0x5986361a9170_0 .net *"_ivl_1036", 31 0, L_0x5986362c4da0;  1 drivers
L_0x71dfbb7c12a8 .functor BUFT 1, C4<00000000000000000001000001110011>, C4<0>, C4<0>, C4<0>;
v0x5986361a9210_0 .net/2u *"_ivl_1038", 31 0, L_0x71dfbb7c12a8;  1 drivers
v0x5986361a92b0_0 .net *"_ivl_104", 0 0, L_0x5986362a4600;  1 drivers
v0x5986361a9350_0 .net *"_ivl_1040", 0 0, L_0x5986362c4e60;  1 drivers
v0x5986361a93f0_0 .net *"_ivl_1043", 0 0, L_0x5986362c4fa0;  1 drivers
v0x5986361a9490_0 .net/2u *"_ivl_1044", 31 0, L_0x71dfbb7c12f0;  1 drivers
v0x5986361a9530_0 .net *"_ivl_1046", 31 0, L_0x5986362c50b0;  1 drivers
L_0x71dfbb7c1338 .functor BUFT 1, C4<00000000000000000010000001110011>, C4<0>, C4<0>, C4<0>;
v0x5986361a95d0_0 .net/2u *"_ivl_1048", 31 0, L_0x71dfbb7c1338;  1 drivers
v0x5986361a9670_0 .net *"_ivl_1050", 0 0, L_0x5986362c5460;  1 drivers
v0x5986361a9710_0 .net *"_ivl_1053", 0 0, L_0x5986362c55a0;  1 drivers
v0x5986361a97b0_0 .net/2u *"_ivl_1054", 31 0, L_0x71dfbb7c1380;  1 drivers
v0x5986361a9850_0 .net *"_ivl_1056", 31 0, L_0x5986362c56b0;  1 drivers
L_0x71dfbb7c13c8 .functor BUFT 1, C4<00000000000000000011000001110011>, C4<0>, C4<0>, C4<0>;
v0x5986361a98f0_0 .net/2u *"_ivl_1058", 31 0, L_0x71dfbb7c13c8;  1 drivers
v0x5986361a9990_0 .net *"_ivl_1060", 0 0, L_0x5986362c5770;  1 drivers
v0x5986361a9a30_0 .net *"_ivl_1063", 0 0, L_0x5986362c58b0;  1 drivers
v0x5986361a9ad0_0 .net/2u *"_ivl_1064", 31 0, L_0x71dfbb7c1410;  1 drivers
v0x5986361a9b70_0 .net *"_ivl_1066", 31 0, L_0x5986362c59c0;  1 drivers
L_0x71dfbb7c1458 .functor BUFT 1, C4<00000000000000000101000001110011>, C4<0>, C4<0>, C4<0>;
v0x5986361a9c10_0 .net/2u *"_ivl_1068", 31 0, L_0x71dfbb7c1458;  1 drivers
v0x5986361a9cb0_0 .net *"_ivl_107", 0 0, L_0x5986362a4ab0;  1 drivers
v0x5986361a9d50_0 .net *"_ivl_1070", 0 0, L_0x5986362c5a80;  1 drivers
v0x5986361a9df0_0 .net *"_ivl_1073", 0 0, L_0x5986362c5f00;  1 drivers
v0x5986361a9e90_0 .net/2u *"_ivl_1074", 31 0, L_0x71dfbb7c14a0;  1 drivers
v0x5986361a9f30_0 .net *"_ivl_1076", 31 0, L_0x5986362c6010;  1 drivers
L_0x71dfbb7c14e8 .functor BUFT 1, C4<00000000000000000110000001110011>, C4<0>, C4<0>, C4<0>;
v0x5986361a9fd0_0 .net/2u *"_ivl_1078", 31 0, L_0x71dfbb7c14e8;  1 drivers
v0x5986361aa070_0 .net/2u *"_ivl_108", 31 0, L_0x71dfbb7bdfc0;  1 drivers
v0x5986361aa110_0 .net *"_ivl_1080", 0 0, L_0x5986362c60d0;  1 drivers
v0x5986361aa1b0_0 .net *"_ivl_1083", 0 0, L_0x5986362c6210;  1 drivers
v0x5986361aa250_0 .net/2u *"_ivl_1084", 31 0, L_0x71dfbb7c1530;  1 drivers
v0x5986361aa2f0_0 .net *"_ivl_1086", 31 0, L_0x5986362c6320;  1 drivers
L_0x71dfbb7c1578 .functor BUFT 1, C4<00000000000000000111000001110011>, C4<0>, C4<0>, C4<0>;
v0x5986361aa390_0 .net/2u *"_ivl_1088", 31 0, L_0x71dfbb7c1578;  1 drivers
v0x5986361aa430_0 .net *"_ivl_1090", 0 0, L_0x5986362c63e0;  1 drivers
v0x5986361aa4d0_0 .net *"_ivl_1093", 0 0, L_0x5986362c6890;  1 drivers
v0x5986361aa570_0 .net/2u *"_ivl_1094", 31 0, L_0x71dfbb7c15c0;  1 drivers
v0x5986361aa610_0 .net *"_ivl_1096", 31 0, L_0x5986362c69a0;  1 drivers
L_0x71dfbb7c1608 .functor BUFT 1, C4<00000010000000000000000000001011>, C4<0>, C4<0>, C4<0>;
v0x5986361aa6b0_0 .net/2u *"_ivl_1098", 31 0, L_0x71dfbb7c1608;  1 drivers
v0x5986361aa750_0 .net *"_ivl_110", 31 0, L_0x5986362a4bc0;  1 drivers
v0x5986361aa7f0_0 .net *"_ivl_1100", 0 0, L_0x5986362c6a60;  1 drivers
v0x5986361aa890_0 .net *"_ivl_1103", 0 0, L_0x5986362c6f10;  1 drivers
v0x5986361aa930_0 .net/2u *"_ivl_1106", 31 0, L_0x71dfbb7c1650;  1 drivers
v0x5986361aa9d0_0 .net *"_ivl_1108", 31 0, L_0x5986362c7400;  1 drivers
L_0x71dfbb7c1698 .functor BUFT 1, C4<00000000000000000111000000010011>, C4<0>, C4<0>, C4<0>;
v0x5986361aaa70_0 .net/2u *"_ivl_1110", 31 0, L_0x71dfbb7c1698;  1 drivers
v0x5986361aab10_0 .net *"_ivl_1112", 0 0, L_0x5986362c74c0;  1 drivers
v0x5986361aabb0_0 .net/2u *"_ivl_1114", 31 0, L_0x71dfbb7c16e0;  1 drivers
v0x5986361aac50_0 .net *"_ivl_1116", 31 0, L_0x5986362c7600;  1 drivers
L_0x71dfbb7c1728 .functor BUFT 1, C4<00000000000000000000000000010011>, C4<0>, C4<0>, C4<0>;
v0x5986361aacf0_0 .net/2u *"_ivl_1118", 31 0, L_0x71dfbb7c1728;  1 drivers
L_0x71dfbb7be008 .functor BUFT 1, C4<00000000000000000000000000110011>, C4<0>, C4<0>, C4<0>;
v0x5986361aad90_0 .net/2u *"_ivl_112", 31 0, L_0x71dfbb7be008;  1 drivers
v0x5986361aae30_0 .net *"_ivl_1120", 0 0, L_0x5986362c76c0;  1 drivers
v0x5986361aaed0_0 .net *"_ivl_1123", 0 0, L_0x5986362c7800;  1 drivers
v0x5986361aaf70_0 .net/2u *"_ivl_1124", 31 0, L_0x71dfbb7c1770;  1 drivers
v0x5986361ab010_0 .net *"_ivl_1126", 31 0, L_0x5986362c7910;  1 drivers
L_0x71dfbb7c17b8 .functor BUFT 1, C4<00000000000000000010000000010011>, C4<0>, C4<0>, C4<0>;
v0x5986361ab0b0_0 .net/2u *"_ivl_1128", 31 0, L_0x71dfbb7c17b8;  1 drivers
v0x5986361ab150_0 .net *"_ivl_1130", 0 0, L_0x5986362c7a60;  1 drivers
v0x5986361ab1f0_0 .net *"_ivl_1133", 0 0, L_0x5986362c7ba0;  1 drivers
v0x5986361ab290_0 .net/2u *"_ivl_1134", 31 0, L_0x71dfbb7c1800;  1 drivers
v0x5986361ab330_0 .net *"_ivl_1136", 31 0, L_0x5986362c7cb0;  1 drivers
L_0x71dfbb7c1848 .functor BUFT 1, C4<00000000000000000011000000010011>, C4<0>, C4<0>, C4<0>;
v0x5986361ab3d0_0 .net/2u *"_ivl_1138", 31 0, L_0x71dfbb7c1848;  1 drivers
v0x5986361ab470_0 .net *"_ivl_114", 0 0, L_0x5986362a4960;  1 drivers
v0x5986361ab510_0 .net *"_ivl_1140", 0 0, L_0x5986362c7d70;  1 drivers
v0x5986361ab5b0_0 .net *"_ivl_1143", 0 0, L_0x5986362c7eb0;  1 drivers
v0x5986361ab650_0 .net/2u *"_ivl_1144", 31 0, L_0x71dfbb7c1890;  1 drivers
v0x5986361ab6f0_0 .net *"_ivl_1146", 31 0, L_0x5986362c7fc0;  1 drivers
L_0x71dfbb7c18d8 .functor BUFT 1, C4<00000000000000000110000000010011>, C4<0>, C4<0>, C4<0>;
v0x5986361ab790_0 .net/2u *"_ivl_1148", 31 0, L_0x71dfbb7c18d8;  1 drivers
v0x5986361ab830_0 .net *"_ivl_1150", 0 0, L_0x5986362c8080;  1 drivers
v0x5986361ab8d0_0 .net *"_ivl_1153", 0 0, L_0x5986362c8520;  1 drivers
v0x5986361ab970_0 .net/2u *"_ivl_1154", 31 0, L_0x71dfbb7c1920;  1 drivers
v0x5986361aba10_0 .net *"_ivl_1156", 31 0, L_0x5986362c8630;  1 drivers
L_0x71dfbb7c1968 .functor BUFT 1, C4<00000000000000000100000000010011>, C4<0>, C4<0>, C4<0>;
v0x5986361abab0_0 .net/2u *"_ivl_1158", 31 0, L_0x71dfbb7c1968;  1 drivers
v0x5986361abb50_0 .net *"_ivl_1160", 0 0, L_0x5986362c86f0;  1 drivers
v0x5986361abbf0_0 .net *"_ivl_1163", 0 0, L_0x5986362c8bd0;  1 drivers
v0x5986361abc90_0 .net/2u *"_ivl_1164", 31 0, L_0x71dfbb7c19b0;  1 drivers
v0x5986361abd30_0 .net *"_ivl_1166", 31 0, L_0x5986362c9010;  1 drivers
L_0x71dfbb7c19f8 .functor BUFT 1, C4<00000000000000000001000000010011>, C4<0>, C4<0>, C4<0>;
v0x5986361abdd0_0 .net/2u *"_ivl_1168", 31 0, L_0x71dfbb7c19f8;  1 drivers
v0x5986361abe70_0 .net *"_ivl_117", 0 0, L_0x5986362a4e50;  1 drivers
v0x5986361abf10_0 .net *"_ivl_1170", 0 0, L_0x5986362c90d0;  1 drivers
v0x5986361abfb0_0 .net *"_ivl_1173", 0 0, L_0x5986362c9210;  1 drivers
v0x5986361ac050_0 .net/2u *"_ivl_1174", 31 0, L_0x71dfbb7c1a40;  1 drivers
v0x5986361ac0f0_0 .net *"_ivl_1176", 31 0, L_0x5986362c9320;  1 drivers
L_0x71dfbb7c1a88 .functor BUFT 1, C4<00000000000000000101000000010011>, C4<0>, C4<0>, C4<0>;
v0x5986361ac190_0 .net/2u *"_ivl_1178", 31 0, L_0x71dfbb7c1a88;  1 drivers
v0x5986361ac230_0 .net/2u *"_ivl_118", 31 0, L_0x71dfbb7be050;  1 drivers
v0x5986361ac2d0_0 .net *"_ivl_1180", 0 0, L_0x5986362c93e0;  1 drivers
v0x5986361ac370_0 .net *"_ivl_1183", 0 0, L_0x5986362c9520;  1 drivers
v0x5986361ac410_0 .net/2u *"_ivl_1184", 31 0, L_0x71dfbb7c1ad0;  1 drivers
v0x5986361ac4b0_0 .net *"_ivl_1186", 31 0, L_0x5986362c9630;  1 drivers
L_0x71dfbb7c1b18 .functor BUFT 1, C4<01000000000000000101000000010011>, C4<0>, C4<0>, C4<0>;
v0x5986361ac550_0 .net/2u *"_ivl_1188", 31 0, L_0x71dfbb7c1b18;  1 drivers
v0x5986361ac5f0_0 .net *"_ivl_1190", 0 0, L_0x5986362c96f0;  1 drivers
v0x5986361ac690_0 .net *"_ivl_1193", 0 0, L_0x5986362c98d0;  1 drivers
v0x5986361ac730_0 .net/2u *"_ivl_1194", 31 0, L_0x71dfbb7c1b60;  1 drivers
v0x5986361ac7d0_0 .net *"_ivl_1196", 31 0, L_0x5986362c99e0;  1 drivers
L_0x71dfbb7c1ba8 .functor BUFT 1, C4<00000000000000000000000000110111>, C4<0>, C4<0>, C4<0>;
v0x5986361ac870_0 .net/2u *"_ivl_1198", 31 0, L_0x71dfbb7c1ba8;  1 drivers
L_0x71dfbb7bda68 .functor BUFT 1, C4<00000000000000000000000000010011>, C4<0>, C4<0>, C4<0>;
v0x5986361ac910_0 .net/2u *"_ivl_12", 31 0, L_0x71dfbb7bda68;  1 drivers
v0x5986361ac9b0_0 .net *"_ivl_120", 31 0, L_0x5986362a4f60;  1 drivers
v0x5986361aca50_0 .net *"_ivl_1200", 0 0, L_0x5986362c9aa0;  1 drivers
v0x5986361acaf0_0 .net *"_ivl_1203", 0 0, L_0x5986362cab40;  1 drivers
v0x5986361acb90_0 .net/2u *"_ivl_1204", 31 0, L_0x71dfbb7c1bf0;  1 drivers
v0x5986361acc30_0 .net *"_ivl_1206", 31 0, L_0x5986362ca380;  1 drivers
L_0x71dfbb7c1c38 .functor BUFT 1, C4<00000000000000000000000000010111>, C4<0>, C4<0>, C4<0>;
v0x5986361accd0_0 .net/2u *"_ivl_1208", 31 0, L_0x71dfbb7c1c38;  1 drivers
v0x5986361acd70_0 .net *"_ivl_1210", 0 0, L_0x5986362ca440;  1 drivers
v0x5986361ace10_0 .net *"_ivl_1213", 0 0, L_0x5986362ca580;  1 drivers
v0x5986361aceb0_0 .net/2u *"_ivl_1214", 31 0, L_0x71dfbb7c1c80;  1 drivers
v0x5986361acf50_0 .net *"_ivl_1216", 31 0, L_0x5986362ca690;  1 drivers
L_0x71dfbb7c1cc8 .functor BUFT 1, C4<00000000000000000000000000110011>, C4<0>, C4<0>, C4<0>;
v0x5986361acff0_0 .net/2u *"_ivl_1218", 31 0, L_0x71dfbb7c1cc8;  1 drivers
L_0x71dfbb7be098 .functor BUFT 1, C4<01000000000000000000000000110011>, C4<0>, C4<0>, C4<0>;
v0x5986361ad090_0 .net/2u *"_ivl_122", 31 0, L_0x71dfbb7be098;  1 drivers
v0x5986361ad130_0 .net *"_ivl_1220", 0 0, L_0x5986362ca750;  1 drivers
v0x5986361ad1d0_0 .net *"_ivl_1223", 0 0, L_0x5986362ca890;  1 drivers
v0x5986361ad270_0 .net/2u *"_ivl_1224", 31 0, L_0x71dfbb7c1d10;  1 drivers
v0x5986361ad310_0 .net *"_ivl_1226", 31 0, L_0x5986362ca9a0;  1 drivers
L_0x71dfbb7c1d58 .functor BUFT 1, C4<01000000000000000000000000110011>, C4<0>, C4<0>, C4<0>;
v0x5986361ad3b0_0 .net/2u *"_ivl_1228", 31 0, L_0x71dfbb7c1d58;  1 drivers
v0x5986361adc60_0 .net *"_ivl_1230", 0 0, L_0x5986362caa60;  1 drivers
v0x5986361add00_0 .net *"_ivl_1233", 0 0, L_0x5986362cb4e0;  1 drivers
v0x5986361adda0_0 .net/2u *"_ivl_1234", 31 0, L_0x71dfbb7c1da0;  1 drivers
v0x5986361ade40_0 .net *"_ivl_1236", 31 0, L_0x5986362cac50;  1 drivers
L_0x71dfbb7c1de8 .functor BUFT 1, C4<00000000000000000010000000110011>, C4<0>, C4<0>, C4<0>;
v0x5986361adee0_0 .net/2u *"_ivl_1238", 31 0, L_0x71dfbb7c1de8;  1 drivers
v0x5986361adf80_0 .net *"_ivl_124", 0 0, L_0x5986362a50f0;  1 drivers
v0x5986361ae020_0 .net *"_ivl_1240", 0 0, L_0x5986362cad10;  1 drivers
v0x5986361ae0c0_0 .net *"_ivl_1243", 0 0, L_0x5986362cae50;  1 drivers
v0x5986361ae160_0 .net/2u *"_ivl_1244", 31 0, L_0x71dfbb7c1e30;  1 drivers
v0x5986361ae200_0 .net *"_ivl_1246", 31 0, L_0x5986362caf60;  1 drivers
L_0x71dfbb7c1e78 .functor BUFT 1, C4<00000000000000000011000000110011>, C4<0>, C4<0>, C4<0>;
v0x5986361ae2a0_0 .net/2u *"_ivl_1248", 31 0, L_0x71dfbb7c1e78;  1 drivers
v0x5986361ae340_0 .net *"_ivl_1250", 0 0, L_0x5986362cb020;  1 drivers
v0x5986361ae3e0_0 .net *"_ivl_1253", 0 0, L_0x5986362cb160;  1 drivers
v0x5986361ae480_0 .net/2u *"_ivl_1254", 31 0, L_0x71dfbb7c1ec0;  1 drivers
v0x5986361ae520_0 .net *"_ivl_1256", 31 0, L_0x5986362cb270;  1 drivers
L_0x71dfbb7c1f08 .functor BUFT 1, C4<00000000000000000100000000110011>, C4<0>, C4<0>, C4<0>;
v0x5986361ae5c0_0 .net/2u *"_ivl_1258", 31 0, L_0x71dfbb7c1f08;  1 drivers
v0x5986361ae660_0 .net *"_ivl_1260", 0 0, L_0x5986362cb330;  1 drivers
v0x5986361ae700_0 .net *"_ivl_1263", 0 0, L_0x5986362cb640;  1 drivers
v0x5986361ae7a0_0 .net/2u *"_ivl_1264", 31 0, L_0x71dfbb7c1f50;  1 drivers
v0x5986361ae840_0 .net *"_ivl_1266", 31 0, L_0x5986362cb750;  1 drivers
L_0x71dfbb7c1f98 .functor BUFT 1, C4<00000000000000000110000000110011>, C4<0>, C4<0>, C4<0>;
v0x5986361ae8e0_0 .net/2u *"_ivl_1268", 31 0, L_0x71dfbb7c1f98;  1 drivers
v0x5986361ae980_0 .net *"_ivl_127", 0 0, L_0x5986362a5230;  1 drivers
v0x5986361aea20_0 .net *"_ivl_1270", 0 0, L_0x5986362cb810;  1 drivers
v0x5986361aeac0_0 .net *"_ivl_1273", 0 0, L_0x5986362cb950;  1 drivers
v0x5986361aeb60_0 .net/2u *"_ivl_1274", 31 0, L_0x71dfbb7c1fe0;  1 drivers
v0x5986361aec00_0 .net *"_ivl_1276", 31 0, L_0x5986362cba60;  1 drivers
L_0x71dfbb7c2028 .functor BUFT 1, C4<00000000000000000111000000110011>, C4<0>, C4<0>, C4<0>;
v0x5986361aeca0_0 .net/2u *"_ivl_1278", 31 0, L_0x71dfbb7c2028;  1 drivers
v0x5986361aed40_0 .net/2u *"_ivl_128", 31 0, L_0x71dfbb7be0e0;  1 drivers
v0x5986361aede0_0 .net *"_ivl_1280", 0 0, L_0x5986362cbb20;  1 drivers
v0x5986361aee80_0 .net *"_ivl_1283", 0 0, L_0x5986362cbc60;  1 drivers
v0x5986361aef20_0 .net/2u *"_ivl_1284", 31 0, L_0x71dfbb7c2070;  1 drivers
v0x5986361aefc0_0 .net *"_ivl_1286", 31 0, L_0x5986362cbd70;  1 drivers
L_0x71dfbb7c20b8 .functor BUFT 1, C4<00000000000000000001000000110011>, C4<0>, C4<0>, C4<0>;
v0x5986361af060_0 .net/2u *"_ivl_1288", 31 0, L_0x71dfbb7c20b8;  1 drivers
v0x5986361af100_0 .net *"_ivl_1290", 0 0, L_0x5986362b63e0;  1 drivers
v0x5986361af1a0_0 .net *"_ivl_1293", 0 0, L_0x5986362b6520;  1 drivers
v0x5986361af240_0 .net/2u *"_ivl_1294", 31 0, L_0x71dfbb7c2100;  1 drivers
v0x5986361af2e0_0 .net *"_ivl_1296", 31 0, L_0x5986362b6630;  1 drivers
L_0x71dfbb7c2148 .functor BUFT 1, C4<00000000000000000101000000110011>, C4<0>, C4<0>, C4<0>;
v0x5986361af380_0 .net/2u *"_ivl_1298", 31 0, L_0x71dfbb7c2148;  1 drivers
v0x5986361af420_0 .net *"_ivl_130", 31 0, L_0x5986362a5340;  1 drivers
v0x5986361af4c0_0 .net *"_ivl_1300", 0 0, L_0x5986362b66f0;  1 drivers
v0x5986361af560_0 .net *"_ivl_1303", 0 0, L_0x5986362cdb10;  1 drivers
v0x5986361af600_0 .net/2u *"_ivl_1304", 31 0, L_0x71dfbb7c2190;  1 drivers
v0x5986361af6a0_0 .net *"_ivl_1306", 31 0, L_0x5986362cce00;  1 drivers
L_0x71dfbb7c21d8 .functor BUFT 1, C4<01000000000000000101000000110011>, C4<0>, C4<0>, C4<0>;
v0x5986361af740_0 .net/2u *"_ivl_1308", 31 0, L_0x71dfbb7c21d8;  1 drivers
v0x5986361af7e0_0 .net *"_ivl_1310", 0 0, L_0x5986362ccec0;  1 drivers
v0x5986361af880_0 .net/2u *"_ivl_1314", 31 0, L_0x71dfbb7c2220;  1 drivers
v0x5986361af920_0 .net *"_ivl_1316", 31 0, L_0x5986362cd110;  1 drivers
L_0x71dfbb7c2268 .functor BUFT 1, C4<00000000000000000000000000000011>, C4<0>, C4<0>, C4<0>;
v0x5986361af9c0_0 .net/2u *"_ivl_1318", 31 0, L_0x71dfbb7c2268;  1 drivers
L_0x71dfbb7be128 .functor BUFT 1, C4<00000000000000000010000000110011>, C4<0>, C4<0>, C4<0>;
v0x5986361afa60_0 .net/2u *"_ivl_132", 31 0, L_0x71dfbb7be128;  1 drivers
v0x5986361afb00_0 .net *"_ivl_1320", 0 0, L_0x5986362cd1d0;  1 drivers
v0x5986361afba0_0 .net/2u *"_ivl_1322", 31 0, L_0x71dfbb7c22b0;  1 drivers
v0x5986361afc40_0 .net *"_ivl_1324", 31 0, L_0x5986362cd310;  1 drivers
L_0x71dfbb7c22f8 .functor BUFT 1, C4<00000000000000000001000000000011>, C4<0>, C4<0>, C4<0>;
v0x5986361afce0_0 .net/2u *"_ivl_1326", 31 0, L_0x71dfbb7c22f8;  1 drivers
v0x5986361afd80_0 .net *"_ivl_1328", 0 0, L_0x5986362cd3d0;  1 drivers
v0x5986361afe20_0 .net *"_ivl_1331", 0 0, L_0x5986362cd510;  1 drivers
v0x5986361afec0_0 .net/2u *"_ivl_1332", 31 0, L_0x71dfbb7c2340;  1 drivers
v0x5986361aff60_0 .net *"_ivl_1334", 31 0, L_0x5986362cdc20;  1 drivers
L_0x71dfbb7c2388 .functor BUFT 1, C4<00000000000000000010000000000011>, C4<0>, C4<0>, C4<0>;
v0x5986361b0000_0 .net/2u *"_ivl_1336", 31 0, L_0x71dfbb7c2388;  1 drivers
v0x5986361b00a0_0 .net *"_ivl_1338", 0 0, L_0x5986362cdce0;  1 drivers
v0x5986361b0140_0 .net *"_ivl_134", 0 0, L_0x5986362a54e0;  1 drivers
v0x5986361b01e0_0 .net *"_ivl_1341", 0 0, L_0x5986362ce250;  1 drivers
v0x5986361b0280_0 .net/2u *"_ivl_1342", 31 0, L_0x71dfbb7c23d0;  1 drivers
v0x5986361b0320_0 .net *"_ivl_1344", 31 0, L_0x5986362ce360;  1 drivers
L_0x71dfbb7c2418 .functor BUFT 1, C4<00000000000000000100000000000011>, C4<0>, C4<0>, C4<0>;
v0x5986361b03c0_0 .net/2u *"_ivl_1346", 31 0, L_0x71dfbb7c2418;  1 drivers
v0x5986361b0460_0 .net *"_ivl_1348", 0 0, L_0x5986362ce420;  1 drivers
v0x5986361b0500_0 .net *"_ivl_1351", 0 0, L_0x5986362ce560;  1 drivers
v0x5986361b05a0_0 .net/2u *"_ivl_1352", 31 0, L_0x71dfbb7c2460;  1 drivers
v0x5986361b0640_0 .net *"_ivl_1354", 31 0, L_0x5986362ce670;  1 drivers
L_0x71dfbb7c24a8 .functor BUFT 1, C4<00000000000000000101000000000011>, C4<0>, C4<0>, C4<0>;
v0x5986361b06e0_0 .net/2u *"_ivl_1356", 31 0, L_0x71dfbb7c24a8;  1 drivers
v0x5986361b0780_0 .net *"_ivl_1358", 0 0, L_0x5986362ce730;  1 drivers
v0x5986361b0820_0 .net *"_ivl_1361", 0 0, L_0x5986362cde20;  1 drivers
v0x5986361b08c0_0 .net/2u *"_ivl_1362", 31 0, L_0x71dfbb7c24f0;  1 drivers
v0x5986361b0960_0 .net *"_ivl_1364", 31 0, L_0x5986362cdee0;  1 drivers
L_0x71dfbb7c2538 .functor BUFT 1, C4<00000000000000000110000000000011>, C4<0>, C4<0>, C4<0>;
v0x5986361b0a00_0 .net/2u *"_ivl_1366", 31 0, L_0x71dfbb7c2538;  1 drivers
v0x5986361b0aa0_0 .net *"_ivl_1368", 0 0, L_0x5986362cdfa0;  1 drivers
v0x5986361b0b40_0 .net *"_ivl_137", 0 0, L_0x5986362a4de0;  1 drivers
v0x5986361b0be0_0 .net *"_ivl_1371", 0 0, L_0x5986362ce0e0;  1 drivers
v0x5986361b0c80_0 .net/2u *"_ivl_1372", 31 0, L_0x71dfbb7c2580;  1 drivers
v0x5986361b0d20_0 .net *"_ivl_1374", 31 0, L_0x5986362ce8c0;  1 drivers
L_0x71dfbb7c25c8 .functor BUFT 1, C4<00000000000000000000000000100011>, C4<0>, C4<0>, C4<0>;
v0x5986361b0dc0_0 .net/2u *"_ivl_1376", 31 0, L_0x71dfbb7c25c8;  1 drivers
v0x5986361b0e60_0 .net *"_ivl_1378", 0 0, L_0x5986362ce980;  1 drivers
v0x5986361b0f00_0 .net/2u *"_ivl_138", 31 0, L_0x71dfbb7be170;  1 drivers
v0x5986361b0fa0_0 .net *"_ivl_1381", 0 0, L_0x5986362cef10;  1 drivers
v0x5986361b1040_0 .net/2u *"_ivl_1382", 31 0, L_0x71dfbb7c2610;  1 drivers
v0x5986361b10e0_0 .net *"_ivl_1384", 31 0, L_0x5986362cf020;  1 drivers
L_0x71dfbb7c2658 .functor BUFT 1, C4<00000000000000000001000000100011>, C4<0>, C4<0>, C4<0>;
v0x5986361b1180_0 .net/2u *"_ivl_1386", 31 0, L_0x71dfbb7c2658;  1 drivers
v0x5986361b1220_0 .net *"_ivl_1388", 0 0, L_0x5986362cf0e0;  1 drivers
v0x5986361b12c0_0 .net *"_ivl_1391", 0 0, L_0x5986362cf220;  1 drivers
v0x5986361b1360_0 .net/2u *"_ivl_1392", 31 0, L_0x71dfbb7c26a0;  1 drivers
v0x5986361b1400_0 .net *"_ivl_1394", 31 0, L_0x5986362cf330;  1 drivers
L_0x71dfbb7c26e8 .functor BUFT 1, C4<00000000000000000010000000100011>, C4<0>, C4<0>, C4<0>;
v0x5986361b14a0_0 .net/2u *"_ivl_1396", 31 0, L_0x71dfbb7c26e8;  1 drivers
v0x5986361b1540_0 .net *"_ivl_1398", 0 0, L_0x5986362cf3f0;  1 drivers
v0x5986361b15e0_0 .net *"_ivl_14", 0 0, L_0x5986362a1a20;  1 drivers
v0x5986361b1680_0 .net *"_ivl_140", 31 0, L_0x5986362a56c0;  1 drivers
v0x5986361b1720_0 .net/2u *"_ivl_1402", 31 0, L_0x71dfbb7c2730;  1 drivers
v0x5986361b17c0_0 .net *"_ivl_1404", 31 0, L_0x5986362ceac0;  1 drivers
L_0x71dfbb7c2778 .functor BUFT 1, C4<00000000000000000000000001101111>, C4<0>, C4<0>, C4<0>;
v0x5986361b1860_0 .net/2u *"_ivl_1406", 31 0, L_0x71dfbb7c2778;  1 drivers
v0x5986361b1900_0 .net *"_ivl_1408", 0 0, L_0x5986362ceb80;  1 drivers
v0x5986361b19a0_0 .net/2u *"_ivl_1410", 31 0, L_0x71dfbb7c27c0;  1 drivers
v0x5986361b1a40_0 .net *"_ivl_1412", 31 0, L_0x5986362cecc0;  1 drivers
L_0x71dfbb7c2808 .functor BUFT 1, C4<00000000000000000000000001100111>, C4<0>, C4<0>, C4<0>;
v0x5986361b1ae0_0 .net/2u *"_ivl_1414", 31 0, L_0x71dfbb7c2808;  1 drivers
v0x5986361b1b80_0 .net *"_ivl_1416", 0 0, L_0x5986362ced80;  1 drivers
v0x5986361b1c20_0 .net *"_ivl_1419", 0 0, L_0x5986362cfa10;  1 drivers
L_0x71dfbb7be1b8 .functor BUFT 1, C4<00000000000000000011000000110011>, C4<0>, C4<0>, C4<0>;
v0x5986361b1cc0_0 .net/2u *"_ivl_142", 31 0, L_0x71dfbb7be1b8;  1 drivers
v0x5986361b1d60_0 .net/2u *"_ivl_1420", 31 0, L_0x71dfbb7c2850;  1 drivers
v0x5986361b1e00_0 .net *"_ivl_1422", 31 0, L_0x5986362cfad0;  1 drivers
L_0x71dfbb7c2898 .functor BUFT 1, C4<00000000000000000000000001100011>, C4<0>, C4<0>, C4<0>;
v0x5986361b1ea0_0 .net/2u *"_ivl_1424", 31 0, L_0x71dfbb7c2898;  1 drivers
v0x5986361b1f40_0 .net *"_ivl_1426", 0 0, L_0x5986362cfb90;  1 drivers
v0x5986361b1fe0_0 .net *"_ivl_1429", 0 0, L_0x5986362cfcd0;  1 drivers
v0x5986361b2080_0 .net/2u *"_ivl_1430", 31 0, L_0x71dfbb7c28e0;  1 drivers
v0x5986361b2120_0 .net *"_ivl_1432", 31 0, L_0x5986362cfde0;  1 drivers
L_0x71dfbb7c2928 .functor BUFT 1, C4<00000000000000000001000001100011>, C4<0>, C4<0>, C4<0>;
v0x5986361b21c0_0 .net/2u *"_ivl_1434", 31 0, L_0x71dfbb7c2928;  1 drivers
v0x5986361b2260_0 .net *"_ivl_1436", 0 0, L_0x5986362cfea0;  1 drivers
v0x5986361b2300_0 .net *"_ivl_1439", 0 0, L_0x5986362cffe0;  1 drivers
v0x5986361b23a0_0 .net *"_ivl_144", 0 0, L_0x5986362a5870;  1 drivers
v0x5986361b2440_0 .net/2u *"_ivl_1440", 31 0, L_0x71dfbb7c2970;  1 drivers
v0x5986361b24e0_0 .net *"_ivl_1442", 31 0, L_0x5986362d00f0;  1 drivers
L_0x71dfbb7c29b8 .functor BUFT 1, C4<00000000000000000100000001100011>, C4<0>, C4<0>, C4<0>;
v0x5986361b2580_0 .net/2u *"_ivl_1444", 31 0, L_0x71dfbb7c29b8;  1 drivers
v0x5986361b2620_0 .net *"_ivl_1446", 0 0, L_0x5986362d01b0;  1 drivers
v0x5986361b26c0_0 .net *"_ivl_1449", 0 0, L_0x5986362d02f0;  1 drivers
v0x5986361b2760_0 .net/2u *"_ivl_1450", 31 0, L_0x71dfbb7c2a00;  1 drivers
v0x5986361b2800_0 .net *"_ivl_1452", 31 0, L_0x5986362d0400;  1 drivers
L_0x71dfbb7c2a48 .functor BUFT 1, C4<00000000000000000101000001100011>, C4<0>, C4<0>, C4<0>;
v0x5986361b28a0_0 .net/2u *"_ivl_1454", 31 0, L_0x71dfbb7c2a48;  1 drivers
v0x5986361b2940_0 .net *"_ivl_1456", 0 0, L_0x5986362d04c0;  1 drivers
v0x5986361b29e0_0 .net *"_ivl_1459", 0 0, L_0x5986362cf5a0;  1 drivers
v0x5986361b2a80_0 .net/2u *"_ivl_1460", 31 0, L_0x71dfbb7c2a90;  1 drivers
v0x5986361b2b20_0 .net *"_ivl_1462", 31 0, L_0x5986362cf6b0;  1 drivers
L_0x71dfbb7c2ad8 .functor BUFT 1, C4<00000000000000000110000001100011>, C4<0>, C4<0>, C4<0>;
v0x5986361b2bc0_0 .net/2u *"_ivl_1464", 31 0, L_0x71dfbb7c2ad8;  1 drivers
v0x5986361ad450_0 .net *"_ivl_1466", 0 0, L_0x5986362cf770;  1 drivers
v0x5986361ad510_0 .net *"_ivl_1469", 0 0, L_0x5986362cf8b0;  1 drivers
v0x5986361ad5d0_0 .net *"_ivl_147", 0 0, L_0x5986362a59b0;  1 drivers
v0x5986361ad690_0 .net/2u *"_ivl_1470", 31 0, L_0x71dfbb7c2b20;  1 drivers
v0x5986361ad770_0 .net *"_ivl_1472", 31 0, L_0x5986362d0a90;  1 drivers
L_0x71dfbb7c2b68 .functor BUFT 1, C4<00000000000000000111000001100011>, C4<0>, C4<0>, C4<0>;
v0x5986361ad850_0 .net/2u *"_ivl_1474", 31 0, L_0x71dfbb7c2b68;  1 drivers
v0x5986361ad930_0 .net *"_ivl_1476", 0 0, L_0x5986362d0b00;  1 drivers
v0x5986361ad9f0_0 .net/2u *"_ivl_148", 31 0, L_0x71dfbb7be200;  1 drivers
v0x5986361adad0_0 .net/2u *"_ivl_1480", 31 0, L_0x71dfbb7c2bb0;  1 drivers
v0x5986361adbb0_0 .net *"_ivl_1482", 31 0, L_0x5986362d0710;  1 drivers
L_0x71dfbb7c2bf8 .functor BUFT 1, C4<00000010000000000000000000110011>, C4<0>, C4<0>, C4<0>;
v0x5986361b3c70_0 .net/2u *"_ivl_1484", 31 0, L_0x71dfbb7c2bf8;  1 drivers
v0x5986361b3d10_0 .net *"_ivl_1486", 0 0, L_0x5986362d07d0;  1 drivers
v0x5986361b3db0_0 .net/2u *"_ivl_1488", 31 0, L_0x71dfbb7c2c40;  1 drivers
v0x5986361b3e50_0 .net *"_ivl_1490", 31 0, L_0x5986362d0910;  1 drivers
L_0x71dfbb7c2c88 .functor BUFT 1, C4<00000010000000000001000000110011>, C4<0>, C4<0>, C4<0>;
v0x5986361b3ef0_0 .net/2u *"_ivl_1492", 31 0, L_0x71dfbb7c2c88;  1 drivers
v0x5986361b3f90_0 .net *"_ivl_1494", 0 0, L_0x5986362d09d0;  1 drivers
v0x5986361b4030_0 .net *"_ivl_1497", 0 0, L_0x5986362d1140;  1 drivers
v0x5986361b40d0_0 .net/2u *"_ivl_1498", 31 0, L_0x71dfbb7c2cd0;  1 drivers
v0x5986361b4170_0 .net *"_ivl_150", 31 0, L_0x5986362a5ac0;  1 drivers
v0x5986361b4210_0 .net *"_ivl_1500", 31 0, L_0x5986362d1250;  1 drivers
L_0x71dfbb7c2d18 .functor BUFT 1, C4<00000010000000000010000000110011>, C4<0>, C4<0>, C4<0>;
v0x5986361b42b0_0 .net/2u *"_ivl_1502", 31 0, L_0x71dfbb7c2d18;  1 drivers
v0x5986361b4350_0 .net *"_ivl_1504", 0 0, L_0x5986362d1310;  1 drivers
v0x5986361b43f0_0 .net *"_ivl_1507", 0 0, L_0x5986362d1450;  1 drivers
v0x5986361b4490_0 .net/2u *"_ivl_1508", 31 0, L_0x71dfbb7c2d60;  1 drivers
v0x5986361b4530_0 .net *"_ivl_1510", 31 0, L_0x5986362d1560;  1 drivers
L_0x71dfbb7c2da8 .functor BUFT 1, C4<00000010000000000011000000110011>, C4<0>, C4<0>, C4<0>;
v0x5986361b45d0_0 .net/2u *"_ivl_1512", 31 0, L_0x71dfbb7c2da8;  1 drivers
v0x5986361b4670_0 .net *"_ivl_1514", 0 0, L_0x5986362d1620;  1 drivers
v0x5986361b4710_0 .net *"_ivl_1517", 0 0, L_0x5986362d1c20;  1 drivers
L_0x71dfbb7be248 .functor BUFT 1, C4<00000000000000000100000000110011>, C4<0>, C4<0>, C4<0>;
v0x5986361b47b0_0 .net/2u *"_ivl_152", 31 0, L_0x71dfbb7be248;  1 drivers
v0x5986361b4850_0 .net/2u *"_ivl_1520", 31 0, L_0x71dfbb7c2df0;  1 drivers
v0x5986361b48f0_0 .net *"_ivl_1522", 31 0, L_0x5986362d1df0;  1 drivers
L_0x71dfbb7c2e38 .functor BUFT 1, C4<00000010000000000100000000110011>, C4<0>, C4<0>, C4<0>;
v0x5986361b4990_0 .net/2u *"_ivl_1524", 31 0, L_0x71dfbb7c2e38;  1 drivers
v0x5986361b4a30_0 .net *"_ivl_1526", 0 0, L_0x5986362d0c90;  1 drivers
v0x5986361b4ad0_0 .net/2u *"_ivl_1528", 31 0, L_0x71dfbb7c2e80;  1 drivers
v0x5986361b4b70_0 .net *"_ivl_1530", 31 0, L_0x5986362d0dd0;  1 drivers
L_0x71dfbb7c2ec8 .functor BUFT 1, C4<00000010000000000101000000110011>, C4<0>, C4<0>, C4<0>;
v0x5986361b4c10_0 .net/2u *"_ivl_1532", 31 0, L_0x71dfbb7c2ec8;  1 drivers
v0x5986361b4cb0_0 .net *"_ivl_1534", 0 0, L_0x5986362d0e90;  1 drivers
v0x5986361b4d50_0 .net *"_ivl_1537", 0 0, L_0x5986362d0fd0;  1 drivers
v0x5986361b4df0_0 .net/2u *"_ivl_1538", 31 0, L_0x71dfbb7c2f10;  1 drivers
v0x5986361b4e90_0 .net *"_ivl_154", 0 0, L_0x5986362a5c80;  1 drivers
v0x5986361b4f30_0 .net *"_ivl_1540", 31 0, L_0x5986362d1760;  1 drivers
L_0x71dfbb7c2f58 .functor BUFT 1, C4<00000010000000000110000000110011>, C4<0>, C4<0>, C4<0>;
v0x5986361b4fd0_0 .net/2u *"_ivl_1542", 31 0, L_0x71dfbb7c2f58;  1 drivers
v0x5986361b5070_0 .net *"_ivl_1544", 0 0, L_0x5986362d1820;  1 drivers
v0x5986361b5110_0 .net *"_ivl_1547", 0 0, L_0x5986362d1960;  1 drivers
v0x5986361b51b0_0 .net/2u *"_ivl_1548", 31 0, L_0x71dfbb7c2fa0;  1 drivers
v0x5986361b5250_0 .net *"_ivl_1550", 31 0, L_0x5986362d1a70;  1 drivers
L_0x71dfbb7c2fe8 .functor BUFT 1, C4<00000010000000000111000000110011>, C4<0>, C4<0>, C4<0>;
v0x5986361b52f0_0 .net/2u *"_ivl_1552", 31 0, L_0x71dfbb7c2fe8;  1 drivers
v0x5986361b5390_0 .net *"_ivl_1554", 0 0, L_0x5986362d1b30;  1 drivers
v0x5986361b5430_0 .net *"_ivl_1557", 0 0, L_0x5986362d2390;  1 drivers
v0x5986361b54d0_0 .net/2u *"_ivl_1560", 31 0, L_0x71dfbb7c3030;  1 drivers
v0x5986361b5570_0 .net *"_ivl_1562", 31 0, L_0x5986362d2560;  1 drivers
L_0x71dfbb7c3078 .functor BUFT 1, C4<00000000000000000000000001110011>, C4<0>, C4<0>, C4<0>;
v0x5986361b5610_0 .net/2u *"_ivl_1564", 31 0, L_0x71dfbb7c3078;  1 drivers
v0x5986361b56b0_0 .net *"_ivl_1566", 0 0, L_0x5986362d2620;  1 drivers
v0x5986361b5750_0 .net/2u *"_ivl_1568", 31 0, L_0x71dfbb7c30c0;  1 drivers
v0x5986361b57f0_0 .net *"_ivl_157", 0 0, L_0x5986362a5e50;  1 drivers
v0x5986361b5890_0 .net *"_ivl_1570", 31 0, L_0x5986362d2760;  1 drivers
L_0x71dfbb7c3108 .functor BUFT 1, C4<00000000000100000000000001110011>, C4<0>, C4<0>, C4<0>;
v0x5986361b5930_0 .net/2u *"_ivl_1572", 31 0, L_0x71dfbb7c3108;  1 drivers
v0x5986361b59d0_0 .net *"_ivl_1574", 0 0, L_0x5986362d2820;  1 drivers
v0x5986361b5a70_0 .net *"_ivl_1577", 0 0, L_0x5986362d2960;  1 drivers
v0x5986361b5b10_0 .net/2u *"_ivl_1578", 31 0, L_0x71dfbb7c3150;  1 drivers
v0x5986361b5bb0_0 .net/2u *"_ivl_158", 31 0, L_0x71dfbb7be290;  1 drivers
v0x5986361b5c50_0 .net *"_ivl_1580", 31 0, L_0x5986362d2a70;  1 drivers
L_0x71dfbb7c3198 .functor BUFT 1, C4<00000000001000000000000001110011>, C4<0>, C4<0>, C4<0>;
v0x5986361b5cf0_0 .net/2u *"_ivl_1582", 31 0, L_0x71dfbb7c3198;  1 drivers
v0x5986361b5d90_0 .net *"_ivl_1584", 0 0, L_0x5986362d2b30;  1 drivers
v0x5986361b5e30_0 .net *"_ivl_1587", 0 0, L_0x5986362d2c70;  1 drivers
v0x5986361b5ed0_0 .net/2u *"_ivl_1588", 31 0, L_0x71dfbb7c31e0;  1 drivers
v0x5986361b5f70_0 .net *"_ivl_1590", 31 0, L_0x5986362d2d80;  1 drivers
L_0x71dfbb7c3228 .functor BUFT 1, C4<00000000000000000001000001110011>, C4<0>, C4<0>, C4<0>;
v0x5986361b6010_0 .net/2u *"_ivl_1592", 31 0, L_0x71dfbb7c3228;  1 drivers
v0x5986361b60b0_0 .net *"_ivl_1594", 0 0, L_0x5986362d2e40;  1 drivers
v0x5986361b6150_0 .net *"_ivl_1597", 0 0, L_0x5986362d1eb0;  1 drivers
v0x5986361b61f0_0 .net/2u *"_ivl_1598", 31 0, L_0x71dfbb7c3270;  1 drivers
v0x5986361b6290_0 .net *"_ivl_160", 31 0, L_0x5986362a5f60;  1 drivers
v0x5986361b6330_0 .net *"_ivl_1600", 31 0, L_0x5986362d1fc0;  1 drivers
L_0x71dfbb7c32b8 .functor BUFT 1, C4<00000000000000000010000001110011>, C4<0>, C4<0>, C4<0>;
v0x5986361b63d0_0 .net/2u *"_ivl_1602", 31 0, L_0x71dfbb7c32b8;  1 drivers
v0x5986361b6470_0 .net *"_ivl_1604", 0 0, L_0x5986362d2080;  1 drivers
v0x5986361b6510_0 .net *"_ivl_1607", 0 0, L_0x5986362d21c0;  1 drivers
v0x5986361b65b0_0 .net/2u *"_ivl_1608", 31 0, L_0x71dfbb7c3300;  1 drivers
v0x5986361b6650_0 .net *"_ivl_1610", 31 0, L_0x5986362d22d0;  1 drivers
L_0x71dfbb7c3348 .functor BUFT 1, C4<00000000000000000011000001110011>, C4<0>, C4<0>, C4<0>;
v0x5986361b66f0_0 .net/2u *"_ivl_1612", 31 0, L_0x71dfbb7c3348;  1 drivers
v0x5986361b6790_0 .net *"_ivl_1614", 0 0, L_0x5986362d3480;  1 drivers
v0x5986361b6830_0 .net *"_ivl_1617", 0 0, L_0x5986362d3ad0;  1 drivers
v0x5986361b68d0_0 .net/2u *"_ivl_1618", 31 0, L_0x71dfbb7c3390;  1 drivers
L_0x71dfbb7be2d8 .functor BUFT 1, C4<00000000000000000110000000110011>, C4<0>, C4<0>, C4<0>;
v0x5986361b6970_0 .net/2u *"_ivl_162", 31 0, L_0x71dfbb7be2d8;  1 drivers
v0x5986361b6a10_0 .net *"_ivl_1620", 31 0, L_0x5986362d3be0;  1 drivers
L_0x71dfbb7c33d8 .functor BUFT 1, C4<00000000000000000101000001110011>, C4<0>, C4<0>, C4<0>;
v0x5986361b6ab0_0 .net/2u *"_ivl_1622", 31 0, L_0x71dfbb7c33d8;  1 drivers
v0x5986361b6b50_0 .net *"_ivl_1624", 0 0, L_0x5986362d2fd0;  1 drivers
v0x5986361b6bf0_0 .net *"_ivl_1627", 0 0, L_0x5986362d3110;  1 drivers
v0x5986361b6c90_0 .net/2u *"_ivl_1628", 31 0, L_0x71dfbb7c3420;  1 drivers
v0x5986361b6d30_0 .net *"_ivl_1630", 31 0, L_0x5986362d3220;  1 drivers
L_0x71dfbb7c3468 .functor BUFT 1, C4<00000000000000000110000001110011>, C4<0>, C4<0>, C4<0>;
v0x5986361b6dd0_0 .net/2u *"_ivl_1632", 31 0, L_0x71dfbb7c3468;  1 drivers
v0x5986361b6e70_0 .net *"_ivl_1634", 0 0, L_0x5986362d32e0;  1 drivers
v0x5986361b6f10_0 .net *"_ivl_1637", 0 0, L_0x5986362d35c0;  1 drivers
v0x5986361b6fb0_0 .net/2u *"_ivl_1638", 31 0, L_0x71dfbb7c34b0;  1 drivers
v0x5986361b7050_0 .net *"_ivl_164", 0 0, L_0x5986362a6130;  1 drivers
v0x5986361b70f0_0 .net *"_ivl_1640", 31 0, L_0x5986362d36d0;  1 drivers
L_0x71dfbb7c34f8 .functor BUFT 1, C4<00000000000000000111000001110011>, C4<0>, C4<0>, C4<0>;
v0x5986361b7190_0 .net/2u *"_ivl_1642", 31 0, L_0x71dfbb7c34f8;  1 drivers
v0x5986361b7230_0 .net *"_ivl_1644", 0 0, L_0x5986362d3790;  1 drivers
v0x5986361b72d0_0 .net *"_ivl_1647", 0 0, L_0x5986362d38d0;  1 drivers
v0x5986361b7370_0 .net/2u *"_ivl_1648", 31 0, L_0x71dfbb7c3540;  1 drivers
v0x5986361b7410_0 .net *"_ivl_1650", 31 0, L_0x5986362d39e0;  1 drivers
L_0x71dfbb7c3588 .functor BUFT 1, C4<00010000010100000000000001110011>, C4<0>, C4<0>, C4<0>;
v0x5986361b74b0_0 .net/2u *"_ivl_1652", 31 0, L_0x71dfbb7c3588;  1 drivers
v0x5986361b7550_0 .net *"_ivl_1654", 0 0, L_0x5986362d3c50;  1 drivers
v0x5986361b75f0_0 .net *"_ivl_1657", 0 0, L_0x5986362d42c0;  1 drivers
v0x5986361b7690_0 .net/2u *"_ivl_1658", 31 0, L_0x71dfbb7c35d0;  1 drivers
v0x5986361b7730_0 .net *"_ivl_1660", 31 0, L_0x5986362d43d0;  1 drivers
L_0x71dfbb7c3618 .functor BUFT 1, C4<00000000000000000000000000001111>, C4<0>, C4<0>, C4<0>;
v0x5986361b77d0_0 .net/2u *"_ivl_1662", 31 0, L_0x71dfbb7c3618;  1 drivers
v0x5986361b7870_0 .net *"_ivl_1664", 0 0, L_0x5986362d4490;  1 drivers
v0x5986361b7910_0 .net *"_ivl_1667", 0 0, L_0x5986362d45d0;  1 drivers
v0x5986361b79b0_0 .net/2u *"_ivl_1668", 31 0, L_0x71dfbb7c3660;  1 drivers
v0x5986361b7a50_0 .net *"_ivl_167", 0 0, L_0x5986362a6270;  1 drivers
v0x5986361b7af0_0 .net *"_ivl_1670", 31 0, L_0x5986362d46e0;  1 drivers
L_0x71dfbb7c36a8 .functor BUFT 1, C4<00000000000000000001000000001111>, C4<0>, C4<0>, C4<0>;
v0x5986361b7b90_0 .net/2u *"_ivl_1672", 31 0, L_0x71dfbb7c36a8;  1 drivers
v0x5986361b7c30_0 .net *"_ivl_1674", 0 0, L_0x5986362d47a0;  1 drivers
v0x5986361b7cd0_0 .net *"_ivl_1677", 0 0, L_0x5986362d48e0;  1 drivers
v0x5986361b7d70_0 .net/2u *"_ivl_1678", 31 0, L_0x71dfbb7c36f0;  1 drivers
v0x5986361b7e10_0 .net/2u *"_ivl_168", 31 0, L_0x71dfbb7be320;  1 drivers
v0x5986361b7eb0_0 .net *"_ivl_1680", 31 0, L_0x5986362d49f0;  1 drivers
L_0x71dfbb7c3738 .functor BUFT 1, C4<00010010000000000000000001110011>, C4<0>, C4<0>, C4<0>;
v0x5986361b7f50_0 .net/2u *"_ivl_1682", 31 0, L_0x71dfbb7c3738;  1 drivers
v0x5986361b7ff0_0 .net *"_ivl_1684", 0 0, L_0x5986362d4ab0;  1 drivers
v0x5986361b8090_0 .net *"_ivl_1687", 0 0, L_0x5986362d4bf0;  1 drivers
v0x5986361b8130_0 .net *"_ivl_1689", 0 0, L_0x5986362d4d00;  1 drivers
v0x5986361b81d0_0 .net/2u *"_ivl_1692", 31 0, L_0x71dfbb7c3780;  1 drivers
v0x5986361b8270_0 .net *"_ivl_1694", 31 0, L_0x5986362d4e80;  1 drivers
L_0x71dfbb7c37c8 .functor BUFT 1, C4<00000010000000000000000000001011>, C4<0>, C4<0>, C4<0>;
v0x5986361b8310_0 .net/2u *"_ivl_1696", 31 0, L_0x71dfbb7c37c8;  1 drivers
v0x5986361b83b0_0 .net *"_ivl_1698", 0 0, L_0x5986362d4f40;  1 drivers
v0x5986361b8450_0 .net *"_ivl_17", 0 0, L_0x5986362a1b60;  1 drivers
v0x5986361b84f0_0 .net *"_ivl_170", 31 0, L_0x5986362a6380;  1 drivers
v0x5986361b8590_0 .net/2u *"_ivl_1702", 31 0, L_0x71dfbb7c3810;  1 drivers
v0x5986361b8630_0 .net *"_ivl_1704", 31 0, L_0x5986362d3e50;  1 drivers
L_0x71dfbb7c3858 .functor BUFT 1, C4<00001000000000000000000000001011>, C4<0>, C4<0>, C4<0>;
v0x5986361b86d0_0 .net/2u *"_ivl_1706", 31 0, L_0x71dfbb7c3858;  1 drivers
v0x5986361b8770_0 .net *"_ivl_1708", 0 0, L_0x5986362d3f10;  1 drivers
v0x5986361b8810_0 .net/2u *"_ivl_1712", 31 0, L_0x71dfbb7c38a0;  1 drivers
v0x5986361b88b0_0 .net *"_ivl_1714", 31 0, L_0x5986362d4110;  1 drivers
L_0x71dfbb7c38e8 .functor BUFT 1, C4<00000010000000000001000000001011>, C4<0>, C4<0>, C4<0>;
v0x5986361b8950_0 .net/2u *"_ivl_1716", 31 0, L_0x71dfbb7c38e8;  1 drivers
v0x5986361b89f0_0 .net *"_ivl_1718", 0 0, L_0x5986362d41d0;  1 drivers
L_0x71dfbb7be368 .functor BUFT 1, C4<00000000000000000111000000110011>, C4<0>, C4<0>, C4<0>;
v0x5986361b8a90_0 .net/2u *"_ivl_172", 31 0, L_0x71dfbb7be368;  1 drivers
v0x5986361b8b30_0 .net *"_ivl_174", 0 0, L_0x5986362a6560;  1 drivers
v0x5986361b8bd0_0 .net *"_ivl_177", 0 0, L_0x5986362a6740;  1 drivers
v0x5986361b8c70_0 .net/2u *"_ivl_178", 31 0, L_0x71dfbb7be3b0;  1 drivers
v0x5986361b8d10_0 .net/2u *"_ivl_18", 31 0, L_0x71dfbb7bdab0;  1 drivers
v0x5986361b8db0_0 .net *"_ivl_180", 31 0, L_0x5986362a6850;  1 drivers
L_0x71dfbb7be3f8 .functor BUFT 1, C4<00000000000000000001000000110011>, C4<0>, C4<0>, C4<0>;
v0x5986361b8e50_0 .net/2u *"_ivl_182", 31 0, L_0x71dfbb7be3f8;  1 drivers
v0x5986361b8ef0_0 .net *"_ivl_184", 0 0, L_0x5986362a6440;  1 drivers
v0x5986361b8f90_0 .net *"_ivl_187", 0 0, L_0x5986362a6a90;  1 drivers
v0x5986361b9030_0 .net/2u *"_ivl_188", 31 0, L_0x71dfbb7be440;  1 drivers
v0x5986361b90d0_0 .net *"_ivl_190", 31 0, L_0x5986362a6ba0;  1 drivers
L_0x71dfbb7be488 .functor BUFT 1, C4<00000000000000000101000000110011>, C4<0>, C4<0>, C4<0>;
v0x5986361b9170_0 .net/2u *"_ivl_192", 31 0, L_0x71dfbb7be488;  1 drivers
v0x5986361b9210_0 .net *"_ivl_194", 0 0, L_0x5986362a6da0;  1 drivers
v0x5986361b92b0_0 .net *"_ivl_197", 0 0, L_0x5986362a6f90;  1 drivers
v0x5986361b9350_0 .net/2u *"_ivl_198", 31 0, L_0x71dfbb7be4d0;  1 drivers
v0x5986361b93f0_0 .net *"_ivl_2", 31 0, L_0x5986362a1760;  1 drivers
v0x5986361b9490_0 .net *"_ivl_20", 31 0, L_0x5986362a2e10;  1 drivers
v0x5986361b9530_0 .net *"_ivl_200", 31 0, L_0x5986362a70a0;  1 drivers
L_0x71dfbb7be518 .functor BUFT 1, C4<01000000000000000101000000110011>, C4<0>, C4<0>, C4<0>;
v0x5986361b95d0_0 .net/2u *"_ivl_202", 31 0, L_0x71dfbb7be518;  1 drivers
v0x5986361b9670_0 .net *"_ivl_204", 0 0, L_0x5986362a66a0;  1 drivers
v0x5986361b9710_0 .net *"_ivl_207", 0 0, L_0x5986362a7350;  1 drivers
v0x5986361b97b0_0 .net/2u *"_ivl_208", 31 0, L_0x71dfbb7be560;  1 drivers
v0x5986361b9850_0 .net *"_ivl_210", 31 0, L_0x5986362a7460;  1 drivers
L_0x71dfbb7be5a8 .functor BUFT 1, C4<00000000000000000000000001101111>, C4<0>, C4<0>, C4<0>;
v0x5986361b98f0_0 .net/2u *"_ivl_212", 31 0, L_0x71dfbb7be5a8;  1 drivers
v0x5986361b9990_0 .net *"_ivl_214", 0 0, L_0x5986362a7680;  1 drivers
v0x5986361b9a30_0 .net *"_ivl_217", 0 0, L_0x5986362a6ee0;  1 drivers
v0x5986361b9ad0_0 .net/2u *"_ivl_218", 31 0, L_0x71dfbb7be5f0;  1 drivers
L_0x71dfbb7bdaf8 .functor BUFT 1, C4<00000000000000000010000000010011>, C4<0>, C4<0>, C4<0>;
v0x5986361b9b70_0 .net/2u *"_ivl_22", 31 0, L_0x71dfbb7bdaf8;  1 drivers
v0x5986361b9c10_0 .net *"_ivl_220", 31 0, L_0x5986362a7920;  1 drivers
L_0x71dfbb7be638 .functor BUFT 1, C4<00000000000000000000000001100111>, C4<0>, C4<0>, C4<0>;
v0x5986361b9cb0_0 .net/2u *"_ivl_222", 31 0, L_0x71dfbb7be638;  1 drivers
v0x5986361b9d50_0 .net *"_ivl_224", 0 0, L_0x5986362a7b50;  1 drivers
v0x5986361b9df0_0 .net *"_ivl_227", 0 0, L_0x5986362a7c90;  1 drivers
v0x5986361b9e90_0 .net/2u *"_ivl_228", 31 0, L_0x71dfbb7be680;  1 drivers
v0x5986361b9f30_0 .net *"_ivl_230", 31 0, L_0x5986362a7da0;  1 drivers
L_0x71dfbb7be6c8 .functor BUFT 1, C4<00000000000000000000000001100011>, C4<0>, C4<0>, C4<0>;
v0x5986361b9fd0_0 .net/2u *"_ivl_232", 31 0, L_0x71dfbb7be6c8;  1 drivers
v0x5986361ba070_0 .net *"_ivl_234", 0 0, L_0x5986362a7fe0;  1 drivers
v0x5986361ba110_0 .net *"_ivl_237", 0 0, L_0x5986362a77c0;  1 drivers
v0x5986361ba1b0_0 .net/2u *"_ivl_238", 31 0, L_0x71dfbb7be710;  1 drivers
v0x5986361ba250_0 .net *"_ivl_24", 0 0, L_0x5986362a2ed0;  1 drivers
v0x5986361ba2f0_0 .net *"_ivl_240", 31 0, L_0x5986362a8240;  1 drivers
L_0x71dfbb7be758 .functor BUFT 1, C4<00000000000000000001000001100011>, C4<0>, C4<0>, C4<0>;
v0x5986361ba390_0 .net/2u *"_ivl_242", 31 0, L_0x71dfbb7be758;  1 drivers
v0x5986361ba430_0 .net *"_ivl_244", 0 0, L_0x5986362a8490;  1 drivers
v0x5986361ba4d0_0 .net *"_ivl_247", 0 0, L_0x5986362a85d0;  1 drivers
v0x5986361ba570_0 .net/2u *"_ivl_248", 31 0, L_0x71dfbb7be7a0;  1 drivers
v0x5986361ba610_0 .net *"_ivl_250", 31 0, L_0x5986362a86e0;  1 drivers
L_0x71dfbb7be7e8 .functor BUFT 1, C4<00000000000000000100000001100011>, C4<0>, C4<0>, C4<0>;
v0x5986361ba6b0_0 .net/2u *"_ivl_252", 31 0, L_0x71dfbb7be7e8;  1 drivers
v0x5986361ba750_0 .net *"_ivl_254", 0 0, L_0x5986362a8940;  1 drivers
v0x5986361ba7f0_0 .net *"_ivl_257", 0 0, L_0x5986362a8b60;  1 drivers
v0x5986361ba890_0 .net/2u *"_ivl_258", 31 0, L_0x71dfbb7be830;  1 drivers
v0x5986361ba930_0 .net *"_ivl_260", 31 0, L_0x5986362a8c70;  1 drivers
L_0x71dfbb7be878 .functor BUFT 1, C4<00000000000000000101000001100011>, C4<0>, C4<0>, C4<0>;
v0x5986361ba9d0_0 .net/2u *"_ivl_262", 31 0, L_0x71dfbb7be878;  1 drivers
v0x5986361baa70_0 .net *"_ivl_264", 0 0, L_0x5986362a8ee0;  1 drivers
v0x5986361bab10_0 .net *"_ivl_267", 0 0, L_0x5986362a9020;  1 drivers
v0x5986361babb0_0 .net/2u *"_ivl_268", 31 0, L_0x71dfbb7be8c0;  1 drivers
v0x5986361bac50_0 .net *"_ivl_27", 0 0, L_0x5986362a3010;  1 drivers
v0x5986361bacf0_0 .net *"_ivl_270", 31 0, L_0x5986362a9130;  1 drivers
L_0x71dfbb7be908 .functor BUFT 1, C4<00000000000000000110000001100011>, C4<0>, C4<0>, C4<0>;
v0x5986361bad90_0 .net/2u *"_ivl_272", 31 0, L_0x71dfbb7be908;  1 drivers
v0x5986361bae30_0 .net *"_ivl_274", 0 0, L_0x5986362a93b0;  1 drivers
v0x5986361baed0_0 .net *"_ivl_277", 0 0, L_0x5986362a95e0;  1 drivers
v0x5986361baf70_0 .net/2u *"_ivl_278", 31 0, L_0x71dfbb7be950;  1 drivers
v0x5986361bb010_0 .net/2u *"_ivl_28", 31 0, L_0x71dfbb7bdb40;  1 drivers
v0x5986361bb0b0_0 .net *"_ivl_280", 31 0, L_0x5986362a96f0;  1 drivers
L_0x71dfbb7be998 .functor BUFT 1, C4<00000000000000000111000001100011>, C4<0>, C4<0>, C4<0>;
v0x5986361bb150_0 .net/2u *"_ivl_282", 31 0, L_0x71dfbb7be998;  1 drivers
v0x5986361bb1f0_0 .net *"_ivl_284", 0 0, L_0x5986362a9980;  1 drivers
v0x5986361bb290_0 .net *"_ivl_287", 0 0, L_0x5986362a9ac0;  1 drivers
v0x5986361bb330_0 .net/2u *"_ivl_288", 31 0, L_0x71dfbb7be9e0;  1 drivers
v0x5986361bb3d0_0 .net *"_ivl_290", 31 0, L_0x5986362a9bd0;  1 drivers
L_0x71dfbb7bea28 .functor BUFT 1, C4<00000000000000000000000000000011>, C4<0>, C4<0>, C4<0>;
v0x5986361bb470_0 .net/2u *"_ivl_292", 31 0, L_0x71dfbb7bea28;  1 drivers
v0x5986361bb510_0 .net *"_ivl_294", 0 0, L_0x5986362a9e70;  1 drivers
v0x5986361bb5b0_0 .net *"_ivl_297", 0 0, L_0x5986362aa0b0;  1 drivers
v0x5986361bb650_0 .net/2u *"_ivl_298", 31 0, L_0x71dfbb7bea70;  1 drivers
v0x5986361bb6f0_0 .net *"_ivl_30", 31 0, L_0x5986362a3120;  1 drivers
v0x5986361bb790_0 .net *"_ivl_300", 31 0, L_0x5986362aa1c0;  1 drivers
L_0x71dfbb7beab8 .functor BUFT 1, C4<00000000000000000001000000000011>, C4<0>, C4<0>, C4<0>;
v0x5986361bb830_0 .net/2u *"_ivl_302", 31 0, L_0x71dfbb7beab8;  1 drivers
v0x5986361bb8d0_0 .net *"_ivl_304", 0 0, L_0x5986362aa470;  1 drivers
v0x5986361bb970_0 .net *"_ivl_307", 0 0, L_0x5986362aa5b0;  1 drivers
v0x5986361bba10_0 .net/2u *"_ivl_308", 31 0, L_0x71dfbb7beb00;  1 drivers
v0x5986361bbab0_0 .net *"_ivl_310", 31 0, L_0x5986362aa6c0;  1 drivers
L_0x71dfbb7beb48 .functor BUFT 1, C4<00000000000000000010000000000011>, C4<0>, C4<0>, C4<0>;
v0x5986361bbb50_0 .net/2u *"_ivl_312", 31 0, L_0x71dfbb7beb48;  1 drivers
v0x5986361bbbf0_0 .net *"_ivl_314", 0 0, L_0x5986362aa980;  1 drivers
v0x5986361bbc90_0 .net *"_ivl_317", 0 0, L_0x5986362aabd0;  1 drivers
v0x5986361bbd30_0 .net/2u *"_ivl_318", 31 0, L_0x71dfbb7beb90;  1 drivers
L_0x71dfbb7bdb88 .functor BUFT 1, C4<00000000000000000011000000010011>, C4<0>, C4<0>, C4<0>;
v0x5986361bbdd0_0 .net/2u *"_ivl_32", 31 0, L_0x71dfbb7bdb88;  1 drivers
v0x5986361bbe70_0 .net *"_ivl_320", 31 0, L_0x5986362aace0;  1 drivers
L_0x71dfbb7bebd8 .functor BUFT 1, C4<00000000000000000100000000000011>, C4<0>, C4<0>, C4<0>;
v0x5986361bbf10_0 .net/2u *"_ivl_322", 31 0, L_0x71dfbb7bebd8;  1 drivers
v0x5986361bbfb0_0 .net *"_ivl_324", 0 0, L_0x5986362aafb0;  1 drivers
v0x5986361bc050_0 .net *"_ivl_327", 0 0, L_0x5986362ab0f0;  1 drivers
v0x5986361bc0f0_0 .net/2u *"_ivl_328", 31 0, L_0x71dfbb7bec20;  1 drivers
v0x5986361bc190_0 .net *"_ivl_330", 31 0, L_0x5986362ab200;  1 drivers
L_0x71dfbb7bec68 .functor BUFT 1, C4<00000000000000000101000000000011>, C4<0>, C4<0>, C4<0>;
v0x5986361bc230_0 .net/2u *"_ivl_332", 31 0, L_0x71dfbb7bec68;  1 drivers
v0x5986361bc2d0_0 .net *"_ivl_334", 0 0, L_0x5986362ab4e0;  1 drivers
v0x5986361bc370_0 .net *"_ivl_337", 0 0, L_0x5986362ab740;  1 drivers
v0x5986361bc410_0 .net/2u *"_ivl_338", 31 0, L_0x71dfbb7becb0;  1 drivers
v0x5986361bc4b0_0 .net *"_ivl_34", 0 0, L_0x5986362a31e0;  1 drivers
v0x5986361bc550_0 .net *"_ivl_340", 31 0, L_0x5986362ab850;  1 drivers
L_0x71dfbb7becf8 .functor BUFT 1, C4<00000000000000000110000000000011>, C4<0>, C4<0>, C4<0>;
v0x5986361bc5f0_0 .net/2u *"_ivl_342", 31 0, L_0x71dfbb7becf8;  1 drivers
v0x5986361bc690_0 .net *"_ivl_344", 0 0, L_0x5986362abb40;  1 drivers
v0x5986361bc730_0 .net *"_ivl_347", 0 0, L_0x5986362abc80;  1 drivers
v0x5986361bc7d0_0 .net/2u *"_ivl_348", 31 0, L_0x71dfbb7bed40;  1 drivers
v0x5986361bc870_0 .net *"_ivl_350", 31 0, L_0x5986362abd90;  1 drivers
L_0x71dfbb7bed88 .functor BUFT 1, C4<00000000000000000000000000100011>, C4<0>, C4<0>, C4<0>;
v0x5986361bc910_0 .net/2u *"_ivl_352", 31 0, L_0x71dfbb7bed88;  1 drivers
v0x5986361bc9b0_0 .net *"_ivl_354", 0 0, L_0x5986362ac090;  1 drivers
v0x5986361bca50_0 .net *"_ivl_357", 0 0, L_0x5986362ab620;  1 drivers
v0x5986361bcaf0_0 .net/2u *"_ivl_358", 31 0, L_0x71dfbb7bedd0;  1 drivers
v0x5986361bcb90_0 .net *"_ivl_360", 31 0, L_0x5986362ac300;  1 drivers
L_0x71dfbb7bee18 .functor BUFT 1, C4<00000000000000000001000000100011>, C4<0>, C4<0>, C4<0>;
v0x5986361bcc30_0 .net/2u *"_ivl_362", 31 0, L_0x71dfbb7bee18;  1 drivers
v0x5986361bccd0_0 .net *"_ivl_364", 0 0, L_0x5986362ac610;  1 drivers
v0x5986361bcd70_0 .net *"_ivl_367", 0 0, L_0x5986362ac750;  1 drivers
v0x5986361bce10_0 .net/2u *"_ivl_368", 31 0, L_0x71dfbb7bee60;  1 drivers
v0x5986361bceb0_0 .net *"_ivl_37", 0 0, L_0x5986362a3320;  1 drivers
v0x5986361bcf50_0 .net *"_ivl_370", 31 0, L_0x5986362ac860;  1 drivers
L_0x71dfbb7beea8 .functor BUFT 1, C4<00000000000000000010000000100011>, C4<0>, C4<0>, C4<0>;
v0x5986361bcff0_0 .net/2u *"_ivl_372", 31 0, L_0x71dfbb7beea8;  1 drivers
v0x5986361bd090_0 .net *"_ivl_374", 0 0, L_0x5986362acb80;  1 drivers
v0x5986361bd130_0 .net *"_ivl_377", 0 0, L_0x5986362ace00;  1 drivers
v0x5986361bd1d0_0 .net/2u *"_ivl_378", 31 0, L_0x71dfbb7beef0;  1 drivers
v0x5986361bd270_0 .net/2u *"_ivl_38", 31 0, L_0x71dfbb7bdbd0;  1 drivers
v0x5986361bd310_0 .net *"_ivl_380", 31 0, L_0x5986362acf10;  1 drivers
L_0x71dfbb7bef38 .functor BUFT 1, C4<00000000000000000000000001110011>, C4<0>, C4<0>, C4<0>;
v0x5986361bd3b0_0 .net/2u *"_ivl_382", 31 0, L_0x71dfbb7bef38;  1 drivers
v0x5986361bd450_0 .net *"_ivl_384", 0 0, L_0x5986362ad240;  1 drivers
v0x5986361bd4f0_0 .net *"_ivl_387", 0 0, L_0x5986362ad380;  1 drivers
v0x5986361bd590_0 .net/2u *"_ivl_388", 31 0, L_0x71dfbb7bef80;  1 drivers
v0x5986361b2c60_0 .net *"_ivl_390", 31 0, L_0x5986362ad490;  1 drivers
L_0x71dfbb7befc8 .functor BUFT 1, C4<00000000000100000000000001110011>, C4<0>, C4<0>, C4<0>;
v0x5986361b2d40_0 .net/2u *"_ivl_392", 31 0, L_0x71dfbb7befc8;  1 drivers
v0x5986361b2e20_0 .net *"_ivl_394", 0 0, L_0x5986362ad7d0;  1 drivers
v0x5986361b2ee0_0 .net *"_ivl_397", 0 0, L_0x5986362ada60;  1 drivers
v0x5986361b2fa0_0 .net/2u *"_ivl_398", 31 0, L_0x71dfbb7bf010;  1 drivers
L_0x71dfbb7bd9d8 .functor BUFT 1, C4<00000000000000000111000000010011>, C4<0>, C4<0>, C4<0>;
v0x5986361b3080_0 .net/2u *"_ivl_4", 31 0, L_0x71dfbb7bd9d8;  1 drivers
v0x5986361b3160_0 .net *"_ivl_40", 31 0, L_0x5986362a3430;  1 drivers
v0x5986361b3240_0 .net *"_ivl_400", 31 0, L_0x5986362adb70;  1 drivers
L_0x71dfbb7bf058 .functor BUFT 1, C4<00000000001000000000000001110011>, C4<0>, C4<0>, C4<0>;
v0x5986361b3320_0 .net/2u *"_ivl_402", 31 0, L_0x71dfbb7bf058;  1 drivers
v0x5986361b3400_0 .net *"_ivl_404", 0 0, L_0x5986362adec0;  1 drivers
v0x5986361b34c0_0 .net *"_ivl_407", 0 0, L_0x5986362ae000;  1 drivers
v0x5986361b3580_0 .net/2u *"_ivl_408", 31 0, L_0x71dfbb7bf0a0;  1 drivers
v0x5986361b3660_0 .net *"_ivl_410", 31 0, L_0x5986362ae110;  1 drivers
L_0x71dfbb7bf0e8 .functor BUFT 1, C4<00000000000000000001000001110011>, C4<0>, C4<0>, C4<0>;
v0x5986361b3740_0 .net/2u *"_ivl_412", 31 0, L_0x71dfbb7bf0e8;  1 drivers
v0x5986361b3820_0 .net *"_ivl_414", 0 0, L_0x5986362ae470;  1 drivers
v0x5986361b38e0_0 .net *"_ivl_417", 0 0, L_0x5986362ae710;  1 drivers
v0x5986361b39a0_0 .net/2u *"_ivl_418", 31 0, L_0x71dfbb7bf130;  1 drivers
L_0x71dfbb7bdc18 .functor BUFT 1, C4<00000000000000000110000000010011>, C4<0>, C4<0>, C4<0>;
v0x5986361b3a80_0 .net/2u *"_ivl_42", 31 0, L_0x71dfbb7bdc18;  1 drivers
v0x5986361b3b60_0 .net *"_ivl_420", 31 0, L_0x5986362ae820;  1 drivers
L_0x71dfbb7bf178 .functor BUFT 1, C4<00000000000000000010000001110011>, C4<0>, C4<0>, C4<0>;
v0x5986361bf640_0 .net/2u *"_ivl_422", 31 0, L_0x71dfbb7bf178;  1 drivers
v0x5986361bf6e0_0 .net *"_ivl_424", 0 0, L_0x5986362aeb90;  1 drivers
v0x5986361bf780_0 .net *"_ivl_427", 0 0, L_0x5986362aecd0;  1 drivers
v0x5986361bf820_0 .net/2u *"_ivl_428", 31 0, L_0x71dfbb7bf1c0;  1 drivers
v0x5986361bf8c0_0 .net *"_ivl_430", 31 0, L_0x5986362aede0;  1 drivers
L_0x71dfbb7bf208 .functor BUFT 1, C4<00000000000000000011000001110011>, C4<0>, C4<0>, C4<0>;
v0x5986361bf960_0 .net/2u *"_ivl_432", 31 0, L_0x71dfbb7bf208;  1 drivers
v0x5986361bfa00_0 .net *"_ivl_434", 0 0, L_0x5986362af160;  1 drivers
v0x5986361bfaa0_0 .net *"_ivl_437", 0 0, L_0x5986362af410;  1 drivers
v0x5986361bfb40_0 .net/2u *"_ivl_438", 31 0, L_0x71dfbb7bf250;  1 drivers
v0x5986361bfbe0_0 .net *"_ivl_44", 0 0, L_0x5986362a3540;  1 drivers
v0x5986361bfc80_0 .net *"_ivl_440", 31 0, L_0x5986362af520;  1 drivers
L_0x71dfbb7bf298 .functor BUFT 1, C4<00000000000000000101000001110011>, C4<0>, C4<0>, C4<0>;
v0x5986361bfd20_0 .net/2u *"_ivl_442", 31 0, L_0x71dfbb7bf298;  1 drivers
v0x5986361bfdc0_0 .net *"_ivl_444", 0 0, L_0x5986362af8b0;  1 drivers
v0x5986361bfe60_0 .net *"_ivl_447", 0 0, L_0x5986362af9f0;  1 drivers
v0x5986361bff00_0 .net/2u *"_ivl_448", 31 0, L_0x71dfbb7bf2e0;  1 drivers
v0x5986361bffa0_0 .net *"_ivl_450", 31 0, L_0x5986362afb00;  1 drivers
L_0x71dfbb7bf328 .functor BUFT 1, C4<00000000000000000110000001110011>, C4<0>, C4<0>, C4<0>;
v0x5986361c0040_0 .net/2u *"_ivl_452", 31 0, L_0x71dfbb7bf328;  1 drivers
v0x5986361c00e0_0 .net *"_ivl_454", 0 0, L_0x5986362afea0;  1 drivers
v0x5986361c0180_0 .net *"_ivl_457", 0 0, L_0x5986362b0160;  1 drivers
v0x5986361c0220_0 .net/2u *"_ivl_458", 31 0, L_0x71dfbb7bf370;  1 drivers
v0x5986361c02c0_0 .net *"_ivl_460", 31 0, L_0x5986362b0270;  1 drivers
L_0x71dfbb7bf3b8 .functor BUFT 1, C4<00000000000000000111000001110011>, C4<0>, C4<0>, C4<0>;
v0x5986361c0360_0 .net/2u *"_ivl_462", 31 0, L_0x71dfbb7bf3b8;  1 drivers
v0x5986361c0400_0 .net *"_ivl_464", 0 0, L_0x5986362b0620;  1 drivers
v0x5986361c04a0_0 .net *"_ivl_467", 0 0, L_0x5986362b0760;  1 drivers
v0x5986361c0540_0 .net/2u *"_ivl_468", 31 0, L_0x71dfbb7bf400;  1 drivers
v0x5986361c05e0_0 .net *"_ivl_47", 0 0, L_0x5986362a3680;  1 drivers
v0x5986361c0680_0 .net *"_ivl_470", 31 0, L_0x5986362b0870;  1 drivers
L_0x71dfbb7bf448 .functor BUFT 1, C4<00010000010100000000000001110011>, C4<0>, C4<0>, C4<0>;
v0x5986361c0720_0 .net/2u *"_ivl_472", 31 0, L_0x71dfbb7bf448;  1 drivers
v0x5986361c07c0_0 .net *"_ivl_474", 0 0, L_0x5986362b0c30;  1 drivers
v0x5986361c0860_0 .net *"_ivl_477", 0 0, L_0x5986362b0f00;  1 drivers
v0x5986361c0900_0 .net/2u *"_ivl_478", 31 0, L_0x71dfbb7bf490;  1 drivers
v0x5986361c09a0_0 .net/2u *"_ivl_48", 31 0, L_0x71dfbb7bdc60;  1 drivers
v0x5986361c0a40_0 .net *"_ivl_480", 31 0, L_0x5986362a3ef0;  1 drivers
L_0x71dfbb7bf4d8 .functor BUFT 1, C4<00000000000000000000000000001111>, C4<0>, C4<0>, C4<0>;
v0x5986361c0ae0_0 .net/2u *"_ivl_482", 31 0, L_0x71dfbb7bf4d8;  1 drivers
v0x5986361c0b80_0 .net *"_ivl_484", 0 0, L_0x5986362b1320;  1 drivers
v0x5986361c0c20_0 .net *"_ivl_487", 0 0, L_0x5986362b1460;  1 drivers
v0x5986361c0cc0_0 .net/2u *"_ivl_488", 31 0, L_0x71dfbb7bf520;  1 drivers
v0x5986361c0d60_0 .net *"_ivl_490", 31 0, L_0x5986362b1570;  1 drivers
L_0x71dfbb7bf568 .functor BUFT 1, C4<00000000000000000001000000001111>, C4<0>, C4<0>, C4<0>;
v0x5986361c0e00_0 .net/2u *"_ivl_492", 31 0, L_0x71dfbb7bf568;  1 drivers
v0x5986361c0ea0_0 .net *"_ivl_494", 0 0, L_0x5986362b1950;  1 drivers
v0x5986361c0f40_0 .net *"_ivl_497", 0 0, L_0x5986362b1c30;  1 drivers
v0x5986361c0fe0_0 .net/2u *"_ivl_498", 31 0, L_0x71dfbb7bf5b0;  1 drivers
v0x5986361c1080_0 .net *"_ivl_50", 31 0, L_0x5986362a3790;  1 drivers
v0x5986361c1120_0 .net *"_ivl_500", 31 0, L_0x5986362b1d40;  1 drivers
L_0x71dfbb7bf5f8 .functor BUFT 1, C4<00010010000000000000000001110011>, C4<0>, C4<0>, C4<0>;
v0x5986361c11c0_0 .net/2u *"_ivl_502", 31 0, L_0x71dfbb7bf5f8;  1 drivers
v0x5986361c1260_0 .net *"_ivl_504", 0 0, L_0x5986362b2130;  1 drivers
v0x5986361c1300_0 .net *"_ivl_507", 0 0, L_0x5986362b2270;  1 drivers
v0x5986361c13a0_0 .net/2u *"_ivl_508", 31 0, L_0x71dfbb7bf640;  1 drivers
v0x5986361c1440_0 .net *"_ivl_510", 31 0, L_0x5986362b2380;  1 drivers
L_0x71dfbb7bf688 .functor BUFT 1, C4<00000010000000000000000000110011>, C4<0>, C4<0>, C4<0>;
v0x5986361c14e0_0 .net/2u *"_ivl_512", 31 0, L_0x71dfbb7bf688;  1 drivers
v0x5986361c1580_0 .net *"_ivl_514", 0 0, L_0x5986362b2780;  1 drivers
v0x5986361c1620_0 .net *"_ivl_517", 0 0, L_0x5986362b2a70;  1 drivers
v0x5986361c16c0_0 .net *"_ivl_519", 0 0, L_0x5986362b2b30;  1 drivers
L_0x71dfbb7bdca8 .functor BUFT 1, C4<00000000000000000100000000010011>, C4<0>, C4<0>, C4<0>;
v0x5986361c1760_0 .net/2u *"_ivl_52", 31 0, L_0x71dfbb7bdca8;  1 drivers
v0x5986361c1800_0 .net/2u *"_ivl_520", 31 0, L_0x71dfbb7bf6d0;  1 drivers
v0x5986361c18a0_0 .net *"_ivl_522", 31 0, L_0x5986362b2f90;  1 drivers
L_0x71dfbb7bf718 .functor BUFT 1, C4<00000010000000000001000000110011>, C4<0>, C4<0>, C4<0>;
v0x5986361c1940_0 .net/2u *"_ivl_524", 31 0, L_0x71dfbb7bf718;  1 drivers
v0x5986361c19e0_0 .net *"_ivl_526", 0 0, L_0x5986362b3050;  1 drivers
v0x5986361c1a80_0 .net *"_ivl_529", 0 0, L_0x5986362b3190;  1 drivers
v0x5986361c1b20_0 .net *"_ivl_531", 0 0, L_0x5986362b35b0;  1 drivers
v0x5986361c1bc0_0 .net/2u *"_ivl_532", 31 0, L_0x71dfbb7bf760;  1 drivers
v0x5986361c1c60_0 .net *"_ivl_534", 31 0, L_0x5986362b36c0;  1 drivers
L_0x71dfbb7bf7a8 .functor BUFT 1, C4<00000010000000000010000000110011>, C4<0>, C4<0>, C4<0>;
v0x5986361c1d00_0 .net/2u *"_ivl_536", 31 0, L_0x71dfbb7bf7a8;  1 drivers
v0x5986361c1da0_0 .net *"_ivl_538", 0 0, L_0x5986362b3af0;  1 drivers
v0x5986361c1e40_0 .net *"_ivl_54", 0 0, L_0x5986362a38b0;  1 drivers
v0x5986361c1ee0_0 .net *"_ivl_541", 0 0, L_0x5986362b3df0;  1 drivers
v0x5986361c1f80_0 .net *"_ivl_543", 0 0, L_0x5986362b3eb0;  1 drivers
v0x5986361c2020_0 .net/2u *"_ivl_544", 31 0, L_0x71dfbb7bf7f0;  1 drivers
v0x5986361c20c0_0 .net *"_ivl_546", 31 0, L_0x5986362b4340;  1 drivers
L_0x71dfbb7bf838 .functor BUFT 1, C4<00000010000000000011000000110011>, C4<0>, C4<0>, C4<0>;
v0x5986361c2160_0 .net/2u *"_ivl_548", 31 0, L_0x71dfbb7bf838;  1 drivers
v0x5986361c2200_0 .net *"_ivl_550", 0 0, L_0x5986362b4400;  1 drivers
v0x5986361c22a0_0 .net *"_ivl_553", 0 0, L_0x5986362b4540;  1 drivers
v0x5986361c2340_0 .net *"_ivl_555", 0 0, L_0x5986362b4990;  1 drivers
v0x5986361c23e0_0 .net/2u *"_ivl_556", 31 0, L_0x71dfbb7bf880;  1 drivers
v0x5986361c2480_0 .net *"_ivl_558", 31 0, L_0x5986362b4aa0;  1 drivers
L_0x71dfbb7bf8c8 .functor BUFT 1, C4<00000010000000000100000000110011>, C4<0>, C4<0>, C4<0>;
v0x5986361c2520_0 .net/2u *"_ivl_560", 31 0, L_0x71dfbb7bf8c8;  1 drivers
v0x5986361c25c0_0 .net *"_ivl_562", 0 0, L_0x5986362b4f00;  1 drivers
v0x5986361c2660_0 .net *"_ivl_565", 0 0, L_0x5986362b5210;  1 drivers
v0x5986361c2700_0 .net *"_ivl_567", 0 0, L_0x5986362b52d0;  1 drivers
v0x5986361c27a0_0 .net/2u *"_ivl_568", 31 0, L_0x71dfbb7bf910;  1 drivers
v0x5986361c2840_0 .net *"_ivl_57", 0 0, L_0x5986362a39a0;  1 drivers
v0x5986361c28e0_0 .net *"_ivl_570", 31 0, L_0x5986362b5790;  1 drivers
L_0x71dfbb7bf958 .functor BUFT 1, C4<00000010000000000101000000110011>, C4<0>, C4<0>, C4<0>;
v0x5986361c2980_0 .net/2u *"_ivl_572", 31 0, L_0x71dfbb7bf958;  1 drivers
v0x5986361c2a20_0 .net *"_ivl_574", 0 0, L_0x5986362b5850;  1 drivers
v0x5986361c2ac0_0 .net *"_ivl_577", 0 0, L_0x5986362b5990;  1 drivers
v0x5986361c2b60_0 .net *"_ivl_579", 0 0, L_0x5986362b5e10;  1 drivers
v0x5986361c2c00_0 .net/2u *"_ivl_58", 31 0, L_0x71dfbb7bdcf0;  1 drivers
v0x5986361c2ca0_0 .net/2u *"_ivl_580", 31 0, L_0x71dfbb7bf9a0;  1 drivers
v0x5986361c2d40_0 .net *"_ivl_582", 31 0, L_0x5986362b5f20;  1 drivers
L_0x71dfbb7bf9e8 .functor BUFT 1, C4<00000010000000000110000000110011>, C4<0>, C4<0>, C4<0>;
v0x5986361c2de0_0 .net/2u *"_ivl_584", 31 0, L_0x71dfbb7bf9e8;  1 drivers
v0x5986361c2e80_0 .net *"_ivl_586", 0 0, L_0x5986362b6bc0;  1 drivers
v0x5986361c2f20_0 .net *"_ivl_589", 0 0, L_0x5986362b6ee0;  1 drivers
v0x5986361c2fc0_0 .net *"_ivl_591", 0 0, L_0x5986362b6fa0;  1 drivers
v0x5986361c3060_0 .net/2u *"_ivl_592", 31 0, L_0x71dfbb7bfa30;  1 drivers
v0x5986361c3100_0 .net *"_ivl_594", 31 0, L_0x5986362b7490;  1 drivers
L_0x71dfbb7bfa78 .functor BUFT 1, C4<00000010000000000111000000110011>, C4<0>, C4<0>, C4<0>;
v0x5986361c31a0_0 .net/2u *"_ivl_596", 31 0, L_0x71dfbb7bfa78;  1 drivers
v0x5986361c3240_0 .net *"_ivl_598", 0 0, L_0x5986362b7550;  1 drivers
v0x5986361c32e0_0 .net *"_ivl_6", 0 0, L_0x5986362a1820;  1 drivers
v0x5986361c3380_0 .net *"_ivl_60", 31 0, L_0x5986362a3ab0;  1 drivers
v0x5986361c3420_0 .net *"_ivl_601", 0 0, L_0x5986362b7690;  1 drivers
v0x5986361c34c0_0 .net *"_ivl_603", 0 0, L_0x5986362b7b40;  1 drivers
v0x5986361c3560_0 .net/2u *"_ivl_604", 31 0, L_0x71dfbb7bfac0;  1 drivers
v0x5986361c3600_0 .net *"_ivl_606", 31 0, L_0x5986362b7c50;  1 drivers
L_0x71dfbb7bfb08 .functor BUFT 1, C4<00000010000000000000000000001011>, C4<0>, C4<0>, C4<0>;
v0x5986361c36a0_0 .net/2u *"_ivl_608", 31 0, L_0x71dfbb7bfb08;  1 drivers
v0x5986361c3740_0 .net *"_ivl_610", 0 0, L_0x5986362b8110;  1 drivers
v0x5986361c37e0_0 .net *"_ivl_613", 0 0, L_0x5986362b8440;  1 drivers
v0x5986361c3880_0 .net *"_ivl_615", 0 0, L_0x5986362b8500;  1 drivers
v0x5986361c3920_0 .net/2u *"_ivl_616", 31 0, L_0x71dfbb7bfb50;  1 drivers
v0x5986361c39c0_0 .net *"_ivl_618", 31 0, L_0x5986362b8a20;  1 drivers
L_0x71dfbb7bdd38 .functor BUFT 1, C4<00000000000000000001000000010011>, C4<0>, C4<0>, C4<0>;
v0x5986361c3a60_0 .net/2u *"_ivl_62", 31 0, L_0x71dfbb7bdd38;  1 drivers
L_0x71dfbb7bfb98 .functor BUFT 1, C4<00001000000000000000000000001011>, C4<0>, C4<0>, C4<0>;
v0x5986361c3b00_0 .net/2u *"_ivl_620", 31 0, L_0x71dfbb7bfb98;  1 drivers
v0x5986361c3ba0_0 .net *"_ivl_622", 0 0, L_0x5986362b8ae0;  1 drivers
v0x5986361c3c40_0 .net *"_ivl_625", 0 0, L_0x5986362b8c20;  1 drivers
v0x5986361c3ce0_0 .net *"_ivl_627", 0 0, L_0x5986362b9100;  1 drivers
v0x5986361c3d80_0 .net/2u *"_ivl_628", 31 0, L_0x71dfbb7bfbe0;  1 drivers
v0x5986361c3e20_0 .net *"_ivl_630", 31 0, L_0x5986362b9210;  1 drivers
L_0x71dfbb7bfc28 .functor BUFT 1, C4<00000010000000000001000000001011>, C4<0>, C4<0>, C4<0>;
v0x5986361c3ec0_0 .net/2u *"_ivl_632", 31 0, L_0x71dfbb7bfc28;  1 drivers
v0x5986361c3f60_0 .net *"_ivl_634", 0 0, L_0x5986362b8ce0;  1 drivers
v0x5986361c4000_0 .net *"_ivl_637", 0 0, L_0x5986362b9020;  1 drivers
v0x5986361c40a0_0 .net *"_ivl_639", 0 0, L_0x5986362b9700;  1 drivers
v0x5986361c4140_0 .net *"_ivl_64", 0 0, L_0x5986362a3be0;  1 drivers
v0x5986361c41e0_0 .net *"_ivl_640", 0 0, L_0x5986362b92d0;  1 drivers
v0x5986361c4280_0 .net/2u *"_ivl_646", 31 0, L_0x71dfbb7bfc70;  1 drivers
v0x5986361c4320_0 .net *"_ivl_648", 31 0, L_0x5986362b9510;  1 drivers
L_0x71dfbb7bfcb8 .functor BUFT 1, C4<00000000000000000000000001100111>, C4<0>, C4<0>, C4<0>;
v0x5986361c43c0_0 .net/2u *"_ivl_650", 31 0, L_0x71dfbb7bfcb8;  1 drivers
v0x5986361c4460_0 .net *"_ivl_652", 0 0, L_0x5986362b95d0;  1 drivers
v0x5986361c4500_0 .net/2u *"_ivl_654", 31 0, L_0x71dfbb7bfd00;  1 drivers
v0x5986361c45a0_0 .net *"_ivl_656", 31 0, L_0x5986362b9cc0;  1 drivers
L_0x71dfbb7bfd48 .functor BUFT 1, C4<00000000000000000000000001101111>, C4<0>, C4<0>, C4<0>;
v0x5986361c4640_0 .net/2u *"_ivl_658", 31 0, L_0x71dfbb7bfd48;  1 drivers
v0x5986361c46e0_0 .net *"_ivl_660", 0 0, L_0x5986362b9d80;  1 drivers
v0x5986361c4780_0 .net *"_ivl_663", 0 0, L_0x5986362ba0d0;  1 drivers
v0x5986361c4820_0 .net/2u *"_ivl_664", 31 0, L_0x71dfbb7bfd90;  1 drivers
v0x5986361c48c0_0 .net *"_ivl_666", 31 0, L_0x5986362b9810;  1 drivers
L_0x71dfbb7bfdd8 .functor BUFT 1, C4<00000000000000000000000000110111>, C4<0>, C4<0>, C4<0>;
v0x5986361c4960_0 .net/2u *"_ivl_668", 31 0, L_0x71dfbb7bfdd8;  1 drivers
v0x5986361c4a00_0 .net *"_ivl_67", 0 0, L_0x5986362a3d20;  1 drivers
v0x5986361c4aa0_0 .net *"_ivl_670", 0 0, L_0x5986362b98d0;  1 drivers
v0x5986361c4b40_0 .net *"_ivl_673", 0 0, L_0x5986362b9a10;  1 drivers
v0x5986361c4be0_0 .net/2u *"_ivl_674", 31 0, L_0x71dfbb7bfe20;  1 drivers
v0x5986361c4c80_0 .net *"_ivl_676", 31 0, L_0x5986362b9b20;  1 drivers
L_0x71dfbb7bfe68 .functor BUFT 1, C4<00000000000000000000000000010111>, C4<0>, C4<0>, C4<0>;
v0x5986361c4d20_0 .net/2u *"_ivl_678", 31 0, L_0x71dfbb7bfe68;  1 drivers
v0x5986361c4dc0_0 .net/2u *"_ivl_68", 31 0, L_0x71dfbb7bdd80;  1 drivers
v0x5986361c4e60_0 .net *"_ivl_680", 0 0, L_0x5986362ba660;  1 drivers
v0x5986361c4f00_0 .net *"_ivl_683", 0 0, L_0x5986362ba970;  1 drivers
v0x5986361c4fa0_0 .net/2u *"_ivl_684", 31 0, L_0x71dfbb7bfeb0;  1 drivers
v0x5986361c5040_0 .net *"_ivl_686", 31 0, L_0x5986362ba1e0;  1 drivers
L_0x71dfbb7bfef8 .functor BUFT 1, C4<00000000000000000000000000010011>, C4<0>, C4<0>, C4<0>;
v0x5986361c50e0_0 .net/2u *"_ivl_688", 31 0, L_0x71dfbb7bfef8;  1 drivers
v0x5986361c5180_0 .net *"_ivl_690", 0 0, L_0x5986362ba2a0;  1 drivers
v0x5986361c5220_0 .net *"_ivl_693", 0 0, L_0x5986362ba3e0;  1 drivers
v0x5986361c52c0_0 .net/2u *"_ivl_694", 31 0, L_0x71dfbb7bff40;  1 drivers
v0x5986361c5360_0 .net *"_ivl_696", 31 0, L_0x5986362ba4f0;  1 drivers
L_0x71dfbb7bff88 .functor BUFT 1, C4<00000000000000000001000000010011>, C4<0>, C4<0>, C4<0>;
v0x5986361c5400_0 .net/2u *"_ivl_698", 31 0, L_0x71dfbb7bff88;  1 drivers
v0x5986361c54a0_0 .net *"_ivl_70", 31 0, L_0x5986362a3e30;  1 drivers
v0x5986361c5540_0 .net *"_ivl_700", 0 0, L_0x5986362ba5b0;  1 drivers
v0x5986361c55e0_0 .net *"_ivl_703", 0 0, L_0x5986362bb1f0;  1 drivers
v0x5986361c5680_0 .net/2u *"_ivl_704", 31 0, L_0x71dfbb7bffd0;  1 drivers
v0x5986361c5720_0 .net *"_ivl_706", 31 0, L_0x5986362baa80;  1 drivers
L_0x71dfbb7c0018 .functor BUFT 1, C4<00000000000000000010000000010011>, C4<0>, C4<0>, C4<0>;
v0x5986361c57c0_0 .net/2u *"_ivl_708", 31 0, L_0x71dfbb7c0018;  1 drivers
v0x5986361c5860_0 .net *"_ivl_710", 0 0, L_0x5986362bab40;  1 drivers
v0x5986361c5900_0 .net *"_ivl_713", 0 0, L_0x5986362bac80;  1 drivers
v0x5986361c59a0_0 .net/2u *"_ivl_714", 31 0, L_0x71dfbb7c0060;  1 drivers
v0x5986361c5a40_0 .net *"_ivl_716", 31 0, L_0x5986362bad90;  1 drivers
L_0x71dfbb7c00a8 .functor BUFT 1, C4<00000000000000000011000000010011>, C4<0>, C4<0>, C4<0>;
v0x5986361c5ae0_0 .net/2u *"_ivl_718", 31 0, L_0x71dfbb7c00a8;  1 drivers
L_0x71dfbb7bddc8 .functor BUFT 1, C4<00000000000000000101000000010011>, C4<0>, C4<0>, C4<0>;
v0x5986361c5b80_0 .net/2u *"_ivl_72", 31 0, L_0x71dfbb7bddc8;  1 drivers
v0x5986361c5c20_0 .net *"_ivl_720", 0 0, L_0x5986362bae50;  1 drivers
v0x5986361c5cc0_0 .net *"_ivl_723", 0 0, L_0x5986362bb5e0;  1 drivers
v0x5986361c5d60_0 .net/2u *"_ivl_724", 31 0, L_0x71dfbb7c00f0;  1 drivers
v0x5986361c5e00_0 .net *"_ivl_726", 31 0, L_0x5986362bb6f0;  1 drivers
L_0x71dfbb7c0138 .functor BUFT 1, C4<00000000000000000100000000010011>, C4<0>, C4<0>, C4<0>;
v0x5986361c5ea0_0 .net/2u *"_ivl_728", 31 0, L_0x71dfbb7c0138;  1 drivers
v0x5986361c5f40_0 .net *"_ivl_730", 0 0, L_0x598636293dd0;  1 drivers
v0x5986361c5fe0_0 .net *"_ivl_733", 0 0, L_0x598636293f10;  1 drivers
v0x5986361c6080_0 .net/2u *"_ivl_734", 31 0, L_0x71dfbb7c0180;  1 drivers
v0x5986361c6120_0 .net *"_ivl_736", 31 0, L_0x598636294500;  1 drivers
L_0x71dfbb7c01c8 .functor BUFT 1, C4<00000000000000000101000000010011>, C4<0>, C4<0>, C4<0>;
v0x5986361c61c0_0 .net/2u *"_ivl_738", 31 0, L_0x71dfbb7c01c8;  1 drivers
v0x5986361c6260_0 .net *"_ivl_74", 0 0, L_0x5986362a3f70;  1 drivers
v0x5986361c6300_0 .net *"_ivl_740", 0 0, L_0x5986362945c0;  1 drivers
v0x5986361c63a0_0 .net *"_ivl_743", 0 0, L_0x598636293900;  1 drivers
v0x5986361c6440_0 .net/2u *"_ivl_744", 31 0, L_0x71dfbb7c0210;  1 drivers
v0x5986361c64e0_0 .net *"_ivl_746", 31 0, L_0x598636293a10;  1 drivers
L_0x71dfbb7c0258 .functor BUFT 1, C4<01000000000000000101000000010011>, C4<0>, C4<0>, C4<0>;
v0x5986361c6580_0 .net/2u *"_ivl_748", 31 0, L_0x71dfbb7c0258;  1 drivers
v0x5986361c6620_0 .net *"_ivl_750", 0 0, L_0x598636293ad0;  1 drivers
v0x5986361c66c0_0 .net *"_ivl_753", 0 0, L_0x598636293c10;  1 drivers
v0x5986361c6760_0 .net/2u *"_ivl_754", 31 0, L_0x71dfbb7c02a0;  1 drivers
v0x5986361c6800_0 .net *"_ivl_756", 31 0, L_0x598636293d20;  1 drivers
L_0x71dfbb7c02e8 .functor BUFT 1, C4<00000000000000000110000000010011>, C4<0>, C4<0>, C4<0>;
v0x5986361c68a0_0 .net/2u *"_ivl_758", 31 0, L_0x71dfbb7c02e8;  1 drivers
v0x5986361c6940_0 .net *"_ivl_760", 0 0, L_0x598636294020;  1 drivers
v0x5986361c69e0_0 .net *"_ivl_763", 0 0, L_0x5986362943c0;  1 drivers
v0x5986361c6a80_0 .net/2u *"_ivl_764", 31 0, L_0x71dfbb7c0330;  1 drivers
v0x5986361c6b20_0 .net *"_ivl_766", 31 0, L_0x5986362bdcd0;  1 drivers
L_0x71dfbb7c0378 .functor BUFT 1, C4<00000000000000000111000000010011>, C4<0>, C4<0>, C4<0>;
v0x5986361c6bc0_0 .net/2u *"_ivl_768", 31 0, L_0x71dfbb7c0378;  1 drivers
v0x5986361c6c60_0 .net *"_ivl_77", 0 0, L_0x5986362a3b70;  1 drivers
v0x5986361c6d00_0 .net *"_ivl_770", 0 0, L_0x5986362bdd90;  1 drivers
v0x5986361c6da0_0 .net *"_ivl_773", 0 0, L_0x5986362bded0;  1 drivers
v0x5986361c6e40_0 .net/2u *"_ivl_774", 31 0, L_0x71dfbb7c03c0;  1 drivers
v0x5986361c6ee0_0 .net *"_ivl_776", 31 0, L_0x5986362bd7c0;  1 drivers
L_0x71dfbb7c0408 .functor BUFT 1, C4<00000000000000000000000000110011>, C4<0>, C4<0>, C4<0>;
v0x5986361c6f80_0 .net/2u *"_ivl_778", 31 0, L_0x71dfbb7c0408;  1 drivers
v0x5986361c7020_0 .net/2u *"_ivl_78", 31 0, L_0x71dfbb7bde10;  1 drivers
v0x5986361c70c0_0 .net *"_ivl_780", 0 0, L_0x5986362bd880;  1 drivers
v0x5986361c7160_0 .net *"_ivl_783", 0 0, L_0x5986362bdc30;  1 drivers
v0x5986361c7200_0 .net/2u *"_ivl_784", 31 0, L_0x71dfbb7c0450;  1 drivers
v0x5986361c72a0_0 .net *"_ivl_786", 31 0, L_0x5986362bdfe0;  1 drivers
L_0x71dfbb7c0498 .functor BUFT 1, C4<01000000000000000000000000110011>, C4<0>, C4<0>, C4<0>;
v0x5986361c7340_0 .net/2u *"_ivl_788", 31 0, L_0x71dfbb7c0498;  1 drivers
v0x5986361c73e0_0 .net *"_ivl_790", 0 0, L_0x5986362be0a0;  1 drivers
v0x5986361c7480_0 .net *"_ivl_793", 0 0, L_0x5986362be1e0;  1 drivers
v0x5986361c7520_0 .net/2u *"_ivl_794", 31 0, L_0x71dfbb7c04e0;  1 drivers
v0x5986361c75c0_0 .net *"_ivl_796", 31 0, L_0x5986362be2f0;  1 drivers
L_0x71dfbb7c0528 .functor BUFT 1, C4<00000000000000000001000000110011>, C4<0>, C4<0>, C4<0>;
v0x5986361c7660_0 .net/2u *"_ivl_798", 31 0, L_0x71dfbb7c0528;  1 drivers
v0x5986361c7700_0 .net/2u *"_ivl_8", 31 0, L_0x71dfbb7bda20;  1 drivers
v0x5986361c77a0_0 .net *"_ivl_80", 31 0, L_0x5986362a41a0;  1 drivers
v0x5986361c7840_0 .net *"_ivl_800", 0 0, L_0x5986362be3b0;  1 drivers
v0x5986361c78e0_0 .net *"_ivl_803", 0 0, L_0x5986362bed60;  1 drivers
v0x5986361c7980_0 .net/2u *"_ivl_804", 31 0, L_0x71dfbb7c0570;  1 drivers
v0x5986361c7a20_0 .net *"_ivl_806", 31 0, L_0x5986362be5a0;  1 drivers
L_0x71dfbb7c05b8 .functor BUFT 1, C4<00000000000000000010000000110011>, C4<0>, C4<0>, C4<0>;
v0x5986361c7ac0_0 .net/2u *"_ivl_808", 31 0, L_0x71dfbb7c05b8;  1 drivers
v0x5986361c7b60_0 .net *"_ivl_810", 0 0, L_0x5986362be660;  1 drivers
v0x5986361c7c00_0 .net *"_ivl_813", 0 0, L_0x5986362be7a0;  1 drivers
v0x5986361c7ca0_0 .net/2u *"_ivl_814", 31 0, L_0x71dfbb7c0600;  1 drivers
v0x5986361c7d40_0 .net *"_ivl_816", 31 0, L_0x5986362be8b0;  1 drivers
L_0x71dfbb7c0648 .functor BUFT 1, C4<00000000000000000011000000110011>, C4<0>, C4<0>, C4<0>;
v0x5986361c7de0_0 .net/2u *"_ivl_818", 31 0, L_0x71dfbb7c0648;  1 drivers
L_0x71dfbb7bde58 .functor BUFT 1, C4<01000000000000000101000000010011>, C4<0>, C4<0>, C4<0>;
v0x5986361c7e80_0 .net/2u *"_ivl_82", 31 0, L_0x71dfbb7bde58;  1 drivers
v0x5986361c7f20_0 .net *"_ivl_820", 0 0, L_0x5986362be970;  1 drivers
v0x5986361c7fc0_0 .net *"_ivl_823", 0 0, L_0x5986362bf660;  1 drivers
v0x5986361c8060_0 .net/2u *"_ivl_824", 31 0, L_0x71dfbb7c0690;  1 drivers
v0x5986361c8100_0 .net *"_ivl_826", 31 0, L_0x5986362bee70;  1 drivers
L_0x71dfbb7c06d8 .functor BUFT 1, C4<00000000000000000100000000110011>, C4<0>, C4<0>, C4<0>;
v0x5986361c81a0_0 .net/2u *"_ivl_828", 31 0, L_0x71dfbb7c06d8;  1 drivers
v0x5986361c8240_0 .net *"_ivl_830", 0 0, L_0x5986362bef30;  1 drivers
v0x5986361c82e0_0 .net *"_ivl_833", 0 0, L_0x5986362bf070;  1 drivers
v0x5986361c8380_0 .net/2u *"_ivl_834", 31 0, L_0x71dfbb7c0720;  1 drivers
v0x5986361c8420_0 .net *"_ivl_836", 31 0, L_0x5986362bf180;  1 drivers
L_0x71dfbb7c0768 .functor BUFT 1, C4<00000000000000000101000000110011>, C4<0>, C4<0>, C4<0>;
v0x5986361c84c0_0 .net/2u *"_ivl_838", 31 0, L_0x71dfbb7c0768;  1 drivers
v0x5986361c8560_0 .net *"_ivl_84", 0 0, L_0x5986362a42f0;  1 drivers
v0x5986361c8600_0 .net *"_ivl_840", 0 0, L_0x5986362bf240;  1 drivers
v0x5986361c86a0_0 .net *"_ivl_843", 0 0, L_0x5986362bff90;  1 drivers
v0x5986361c8740_0 .net/2u *"_ivl_844", 31 0, L_0x71dfbb7c07b0;  1 drivers
v0x5986361c87e0_0 .net *"_ivl_846", 31 0, L_0x5986362bf770;  1 drivers
L_0x71dfbb7c07f8 .functor BUFT 1, C4<01000000000000000101000000110011>, C4<0>, C4<0>, C4<0>;
v0x5986361c8880_0 .net/2u *"_ivl_848", 31 0, L_0x71dfbb7c07f8;  1 drivers
v0x5986361c8920_0 .net *"_ivl_850", 0 0, L_0x5986362bf830;  1 drivers
v0x5986361c89c0_0 .net *"_ivl_853", 0 0, L_0x5986362bf970;  1 drivers
v0x5986361c8a60_0 .net/2u *"_ivl_854", 31 0, L_0x71dfbb7c0840;  1 drivers
v0x5986361c8b00_0 .net *"_ivl_856", 31 0, L_0x5986362bfa80;  1 drivers
L_0x71dfbb7c0888 .functor BUFT 1, C4<00000000000000000110000000110011>, C4<0>, C4<0>, C4<0>;
v0x5986361c8ba0_0 .net/2u *"_ivl_858", 31 0, L_0x71dfbb7c0888;  1 drivers
v0x5986361c8c40_0 .net *"_ivl_860", 0 0, L_0x5986362bfb40;  1 drivers
v0x5986361c8ce0_0 .net *"_ivl_863", 0 0, L_0x5986362bfc80;  1 drivers
v0x5986361c8d80_0 .net/2u *"_ivl_864", 31 0, L_0x71dfbb7c08d0;  1 drivers
v0x5986361c8e20_0 .net *"_ivl_866", 31 0, L_0x5986362c0050;  1 drivers
L_0x71dfbb7c0918 .functor BUFT 1, C4<00000000000000000111000000110011>, C4<0>, C4<0>, C4<0>;
v0x5986361c8ec0_0 .net/2u *"_ivl_868", 31 0, L_0x71dfbb7c0918;  1 drivers
v0x5986361c8f60_0 .net *"_ivl_87", 0 0, L_0x5986362a4430;  1 drivers
v0x5986361c9000_0 .net *"_ivl_870", 0 0, L_0x5986362c0110;  1 drivers
v0x5986361c90a0_0 .net *"_ivl_873", 0 0, L_0x5986362c0250;  1 drivers
v0x5986361c9140_0 .net/2u *"_ivl_874", 31 0, L_0x71dfbb7c0960;  1 drivers
v0x5986361c91e0_0 .net *"_ivl_876", 31 0, L_0x5986362c0360;  1 drivers
L_0x71dfbb7c09a8 .functor BUFT 1, C4<00000000000000000000000000000011>, C4<0>, C4<0>, C4<0>;
v0x5986361c9280_0 .net/2u *"_ivl_878", 31 0, L_0x71dfbb7c09a8;  1 drivers
v0x5986361c9320_0 .net/2u *"_ivl_88", 31 0, L_0x71dfbb7bdea0;  1 drivers
v0x5986361c93c0_0 .net *"_ivl_880", 0 0, L_0x5986362c0420;  1 drivers
v0x5986361c9460_0 .net *"_ivl_883", 0 0, L_0x5986362c0560;  1 drivers
v0x5986361c9500_0 .net/2u *"_ivl_884", 31 0, L_0x71dfbb7c09f0;  1 drivers
v0x5986361c95a0_0 .net *"_ivl_886", 31 0, L_0x5986362c0940;  1 drivers
L_0x71dfbb7c0a38 .functor BUFT 1, C4<00000000000000000001000000000011>, C4<0>, C4<0>, C4<0>;
v0x5986361c9640_0 .net/2u *"_ivl_888", 31 0, L_0x71dfbb7c0a38;  1 drivers
v0x5986361c96e0_0 .net *"_ivl_890", 0 0, L_0x5986362c0a00;  1 drivers
v0x5986361c9780_0 .net *"_ivl_893", 0 0, L_0x5986362c0b40;  1 drivers
v0x5986361c9820_0 .net/2u *"_ivl_894", 31 0, L_0x71dfbb7c0a80;  1 drivers
v0x5986361c98c0_0 .net *"_ivl_896", 31 0, L_0x5986362c0c50;  1 drivers
L_0x71dfbb7c0ac8 .functor BUFT 1, C4<00000000000000000010000000000011>, C4<0>, C4<0>, C4<0>;
v0x5986361c9960_0 .net/2u *"_ivl_898", 31 0, L_0x71dfbb7c0ac8;  1 drivers
v0x5986361c9a00_0 .net *"_ivl_90", 31 0, L_0x5986362a4540;  1 drivers
v0x5986361c9aa0_0 .net *"_ivl_900", 0 0, L_0x5986362c0d10;  1 drivers
v0x5986361c9b40_0 .net *"_ivl_903", 0 0, L_0x5986362c0e50;  1 drivers
v0x5986361c9be0_0 .net/2u *"_ivl_904", 31 0, L_0x71dfbb7c0b10;  1 drivers
v0x5986361c9c80_0 .net *"_ivl_906", 31 0, L_0x5986362c1260;  1 drivers
L_0x71dfbb7c0b58 .functor BUFT 1, C4<00000000000000000100000000000011>, C4<0>, C4<0>, C4<0>;
v0x5986361c9d20_0 .net/2u *"_ivl_908", 31 0, L_0x71dfbb7c0b58;  1 drivers
v0x5986361c9dc0_0 .net *"_ivl_910", 0 0, L_0x5986362c1320;  1 drivers
v0x5986361c9e60_0 .net *"_ivl_913", 0 0, L_0x5986362c1460;  1 drivers
v0x5986361c9f00_0 .net/2u *"_ivl_914", 31 0, L_0x71dfbb7c0ba0;  1 drivers
v0x5986361c9fa0_0 .net *"_ivl_916", 31 0, L_0x5986362c1570;  1 drivers
L_0x71dfbb7c0be8 .functor BUFT 1, C4<00000000000000000101000000000011>, C4<0>, C4<0>, C4<0>;
v0x5986361ca040_0 .net/2u *"_ivl_918", 31 0, L_0x71dfbb7c0be8;  1 drivers
L_0x71dfbb7bdee8 .functor BUFT 1, C4<00000000000000000000000000110111>, C4<0>, C4<0>, C4<0>;
v0x5986361ca0e0_0 .net/2u *"_ivl_92", 31 0, L_0x71dfbb7bdee8;  1 drivers
v0x5986361ca180_0 .net *"_ivl_920", 0 0, L_0x5986362c1630;  1 drivers
v0x5986361ca220_0 .net *"_ivl_923", 0 0, L_0x5986362c1770;  1 drivers
v0x5986361ca2c0_0 .net/2u *"_ivl_924", 31 0, L_0x71dfbb7c0c30;  1 drivers
v0x5986361ca360_0 .net *"_ivl_926", 31 0, L_0x5986362c1bb0;  1 drivers
L_0x71dfbb7c0c78 .functor BUFT 1, C4<00000000000000000110000000000011>, C4<0>, C4<0>, C4<0>;
v0x5986361ca400_0 .net/2u *"_ivl_928", 31 0, L_0x71dfbb7c0c78;  1 drivers
v0x5986361ca4a0_0 .net *"_ivl_930", 0 0, L_0x5986362c1c70;  1 drivers
v0x5986361ca540_0 .net *"_ivl_933", 0 0, L_0x5986362c1db0;  1 drivers
v0x5986361ca5e0_0 .net/2u *"_ivl_934", 31 0, L_0x71dfbb7c0cc0;  1 drivers
v0x5986361ca680_0 .net *"_ivl_936", 31 0, L_0x5986362c1ec0;  1 drivers
L_0x71dfbb7c0d08 .functor BUFT 1, C4<00000010000000000000000000110011>, C4<0>, C4<0>, C4<0>;
v0x5986361ca720_0 .net/2u *"_ivl_938", 31 0, L_0x71dfbb7c0d08;  1 drivers
v0x5986361ca7c0_0 .net *"_ivl_94", 0 0, L_0x5986362a46a0;  1 drivers
v0x5986361ca860_0 .net *"_ivl_940", 0 0, L_0x5986362c1f80;  1 drivers
v0x5986361ca900_0 .net *"_ivl_943", 0 0, L_0x5986362c20c0;  1 drivers
v0x5986361ca9a0_0 .net/2u *"_ivl_944", 31 0, L_0x71dfbb7c0d50;  1 drivers
v0x5986361caa40_0 .net *"_ivl_946", 31 0, L_0x5986362c24e0;  1 drivers
L_0x71dfbb7c0d98 .functor BUFT 1, C4<00000010000000000001000000110011>, C4<0>, C4<0>, C4<0>;
v0x5986361caae0_0 .net/2u *"_ivl_948", 31 0, L_0x71dfbb7c0d98;  1 drivers
v0x5986361cab80_0 .net *"_ivl_950", 0 0, L_0x5986362c25a0;  1 drivers
v0x5986361cac20_0 .net *"_ivl_953", 0 0, L_0x5986362c26e0;  1 drivers
v0x5986361cacc0_0 .net/2u *"_ivl_954", 31 0, L_0x71dfbb7c0de0;  1 drivers
v0x5986361cad60_0 .net *"_ivl_956", 31 0, L_0x5986362c27f0;  1 drivers
L_0x71dfbb7c0e28 .functor BUFT 1, C4<00000010000000000010000000110011>, C4<0>, C4<0>, C4<0>;
v0x5986361cae00_0 .net/2u *"_ivl_958", 31 0, L_0x71dfbb7c0e28;  1 drivers
v0x5986361caea0_0 .net *"_ivl_960", 0 0, L_0x5986362c28b0;  1 drivers
v0x5986361caf40_0 .net *"_ivl_963", 0 0, L_0x5986362c29f0;  1 drivers
v0x5986361cafe0_0 .net/2u *"_ivl_964", 31 0, L_0x71dfbb7c0e70;  1 drivers
v0x5986361cb080_0 .net *"_ivl_966", 31 0, L_0x5986362c2e40;  1 drivers
L_0x71dfbb7c0eb8 .functor BUFT 1, C4<00000010000000000011000000110011>, C4<0>, C4<0>, C4<0>;
v0x5986361cb120_0 .net/2u *"_ivl_968", 31 0, L_0x71dfbb7c0eb8;  1 drivers
v0x5986361cb1c0_0 .net *"_ivl_97", 0 0, L_0x5986362a47e0;  1 drivers
v0x5986361cb260_0 .net *"_ivl_970", 0 0, L_0x5986362c2f00;  1 drivers
v0x5986361cb300_0 .net *"_ivl_973", 0 0, L_0x5986362c3040;  1 drivers
v0x5986361cb3a0_0 .net/2u *"_ivl_974", 31 0, L_0x71dfbb7c0f00;  1 drivers
v0x5986361cb440_0 .net *"_ivl_976", 31 0, L_0x5986362c3150;  1 drivers
L_0x71dfbb7c0f48 .functor BUFT 1, C4<00000010000000000100000000110011>, C4<0>, C4<0>, C4<0>;
v0x5986361cb4e0_0 .net/2u *"_ivl_978", 31 0, L_0x71dfbb7c0f48;  1 drivers
v0x5986361cb580_0 .net/2u *"_ivl_98", 31 0, L_0x71dfbb7bdf30;  1 drivers
v0x5986361cb620_0 .net *"_ivl_980", 0 0, L_0x5986362c3210;  1 drivers
v0x5986361cb6c0_0 .net *"_ivl_983", 0 0, L_0x5986362c3350;  1 drivers
v0x5986361cb760_0 .net/2u *"_ivl_984", 31 0, L_0x71dfbb7c0f90;  1 drivers
v0x5986361cb800_0 .net *"_ivl_986", 31 0, L_0x5986362c3780;  1 drivers
L_0x71dfbb7c0fd8 .functor BUFT 1, C4<00000010000000000101000000110011>, C4<0>, C4<0>, C4<0>;
v0x5986361cb8a0_0 .net/2u *"_ivl_988", 31 0, L_0x71dfbb7c0fd8;  1 drivers
v0x5986361cb940_0 .net *"_ivl_990", 0 0, L_0x5986362c3840;  1 drivers
v0x5986361cb9e0_0 .net *"_ivl_993", 0 0, L_0x5986362c3980;  1 drivers
v0x5986361cba80_0 .net/2u *"_ivl_994", 31 0, L_0x71dfbb7c1020;  1 drivers
v0x5986361cbb20_0 .net *"_ivl_996", 31 0, L_0x5986362c3a90;  1 drivers
L_0x71dfbb7c1068 .functor BUFT 1, C4<00000010000000000110000000110011>, C4<0>, C4<0>, C4<0>;
v0x5986361cbbc0_0 .net/2u *"_ivl_998", 31 0, L_0x71dfbb7c1068;  1 drivers
v0x5986361cbc60_0 .net "branch_o", 0 0, L_0x5986362d0600;  alias, 1 drivers
v0x5986361cbd00_0 .net "cbm_o", 0 0, L_0x5986362d4050;  alias, 1 drivers
v0x5986361cbda0_0 .net "csr_o", 0 0, L_0x5986362d4dc0;  alias, 1 drivers
v0x5986361cbe40_0 .net "div_o", 0 0, L_0x5986362d24a0;  alias, 1 drivers
v0x5986361cbee0_0 .net "enable_muldiv_i", 0 0, L_0x71dfbb7c3930;  alias, 1 drivers
v0x5986361cbf80_0 .net "exec_o", 0 0, L_0x5986362cd000;  alias, 1 drivers
v0x5986361cc020_0 .net "fetch_fault_i", 0 0, L_0x5986362d56a0;  1 drivers
v0x5986361cc0c0_0 .net "invalid_o", 0 0, L_0x5986362b9450;  alias, 1 drivers
v0x5986361cc160_0 .net "invalid_w", 0 0, L_0x5986362b9390;  1 drivers
v0x5986361cc200_0 .net "lsu_o", 0 0, L_0x5986362cf530;  alias, 1 drivers
v0x5986361cc2a0_0 .net "mul_o", 0 0, L_0x5986362d1d30;  alias, 1 drivers
v0x5986361cc340_0 .net "mule_o", 0 0, L_0x5986362d3d90;  alias, 1 drivers
v0x5986361cc3e0_0 .net "mulp_o", 0 0, L_0x5986362d55e0;  alias, 1 drivers
v0x5986361cc480_0 .net "opcode_i", 31 0, L_0x59863626cf40;  alias, 1 drivers
v0x5986361cc520_0 .net "rd_valid_o", 0 0, L_0x5986362c72f0;  alias, 1 drivers
v0x5986361cc5c0_0 .net "valid_i", 0 0, L_0x59863626bb60;  alias, 1 drivers
L_0x5986362a1820 .cmp/eq 32, L_0x5986362a1760, L_0x71dfbb7bd9d8;
L_0x5986362a1a20 .cmp/eq 32, L_0x5986362a1960, L_0x71dfbb7bda68;
L_0x5986362a2ed0 .cmp/eq 32, L_0x5986362a2e10, L_0x71dfbb7bdaf8;
L_0x5986362a31e0 .cmp/eq 32, L_0x5986362a3120, L_0x71dfbb7bdb88;
L_0x5986362a3540 .cmp/eq 32, L_0x5986362a3430, L_0x71dfbb7bdc18;
L_0x5986362a38b0 .cmp/eq 32, L_0x5986362a3790, L_0x71dfbb7bdca8;
L_0x5986362a3be0 .cmp/eq 32, L_0x5986362a3ab0, L_0x71dfbb7bdd38;
L_0x5986362a3f70 .cmp/eq 32, L_0x5986362a3e30, L_0x71dfbb7bddc8;
L_0x5986362a42f0 .cmp/eq 32, L_0x5986362a41a0, L_0x71dfbb7bde58;
L_0x5986362a46a0 .cmp/eq 32, L_0x5986362a4540, L_0x71dfbb7bdee8;
L_0x5986362a4600 .cmp/eq 32, L_0x5986362a48a0, L_0x71dfbb7bdf78;
L_0x5986362a4960 .cmp/eq 32, L_0x5986362a4bc0, L_0x71dfbb7be008;
L_0x5986362a50f0 .cmp/eq 32, L_0x5986362a4f60, L_0x71dfbb7be098;
L_0x5986362a54e0 .cmp/eq 32, L_0x5986362a5340, L_0x71dfbb7be128;
L_0x5986362a5870 .cmp/eq 32, L_0x5986362a56c0, L_0x71dfbb7be1b8;
L_0x5986362a5c80 .cmp/eq 32, L_0x5986362a5ac0, L_0x71dfbb7be248;
L_0x5986362a6130 .cmp/eq 32, L_0x5986362a5f60, L_0x71dfbb7be2d8;
L_0x5986362a6560 .cmp/eq 32, L_0x5986362a6380, L_0x71dfbb7be368;
L_0x5986362a6440 .cmp/eq 32, L_0x5986362a6850, L_0x71dfbb7be3f8;
L_0x5986362a6da0 .cmp/eq 32, L_0x5986362a6ba0, L_0x71dfbb7be488;
L_0x5986362a66a0 .cmp/eq 32, L_0x5986362a70a0, L_0x71dfbb7be518;
L_0x5986362a7680 .cmp/eq 32, L_0x5986362a7460, L_0x71dfbb7be5a8;
L_0x5986362a7b50 .cmp/eq 32, L_0x5986362a7920, L_0x71dfbb7be638;
L_0x5986362a7fe0 .cmp/eq 32, L_0x5986362a7da0, L_0x71dfbb7be6c8;
L_0x5986362a8490 .cmp/eq 32, L_0x5986362a8240, L_0x71dfbb7be758;
L_0x5986362a8940 .cmp/eq 32, L_0x5986362a86e0, L_0x71dfbb7be7e8;
L_0x5986362a8ee0 .cmp/eq 32, L_0x5986362a8c70, L_0x71dfbb7be878;
L_0x5986362a93b0 .cmp/eq 32, L_0x5986362a9130, L_0x71dfbb7be908;
L_0x5986362a9980 .cmp/eq 32, L_0x5986362a96f0, L_0x71dfbb7be998;
L_0x5986362a9e70 .cmp/eq 32, L_0x5986362a9bd0, L_0x71dfbb7bea28;
L_0x5986362aa470 .cmp/eq 32, L_0x5986362aa1c0, L_0x71dfbb7beab8;
L_0x5986362aa980 .cmp/eq 32, L_0x5986362aa6c0, L_0x71dfbb7beb48;
L_0x5986362aafb0 .cmp/eq 32, L_0x5986362aace0, L_0x71dfbb7bebd8;
L_0x5986362ab4e0 .cmp/eq 32, L_0x5986362ab200, L_0x71dfbb7bec68;
L_0x5986362abb40 .cmp/eq 32, L_0x5986362ab850, L_0x71dfbb7becf8;
L_0x5986362ac090 .cmp/eq 32, L_0x5986362abd90, L_0x71dfbb7bed88;
L_0x5986362ac610 .cmp/eq 32, L_0x5986362ac300, L_0x71dfbb7bee18;
L_0x5986362acb80 .cmp/eq 32, L_0x5986362ac860, L_0x71dfbb7beea8;
L_0x5986362ad240 .cmp/eq 32, L_0x5986362acf10, L_0x71dfbb7bef38;
L_0x5986362ad7d0 .cmp/eq 32, L_0x5986362ad490, L_0x71dfbb7befc8;
L_0x5986362adec0 .cmp/eq 32, L_0x5986362adb70, L_0x71dfbb7bf058;
L_0x5986362ae470 .cmp/eq 32, L_0x5986362ae110, L_0x71dfbb7bf0e8;
L_0x5986362aeb90 .cmp/eq 32, L_0x5986362ae820, L_0x71dfbb7bf178;
L_0x5986362af160 .cmp/eq 32, L_0x5986362aede0, L_0x71dfbb7bf208;
L_0x5986362af8b0 .cmp/eq 32, L_0x5986362af520, L_0x71dfbb7bf298;
L_0x5986362afea0 .cmp/eq 32, L_0x5986362afb00, L_0x71dfbb7bf328;
L_0x5986362b0620 .cmp/eq 32, L_0x5986362b0270, L_0x71dfbb7bf3b8;
L_0x5986362b0c30 .cmp/eq 32, L_0x5986362b0870, L_0x71dfbb7bf448;
L_0x5986362b1320 .cmp/eq 32, L_0x5986362a3ef0, L_0x71dfbb7bf4d8;
L_0x5986362b1950 .cmp/eq 32, L_0x5986362b1570, L_0x71dfbb7bf568;
L_0x5986362b2130 .cmp/eq 32, L_0x5986362b1d40, L_0x71dfbb7bf5f8;
L_0x5986362b2780 .cmp/eq 32, L_0x5986362b2380, L_0x71dfbb7bf688;
L_0x5986362b3050 .cmp/eq 32, L_0x5986362b2f90, L_0x71dfbb7bf718;
L_0x5986362b3af0 .cmp/eq 32, L_0x5986362b36c0, L_0x71dfbb7bf7a8;
L_0x5986362b4400 .cmp/eq 32, L_0x5986362b4340, L_0x71dfbb7bf838;
L_0x5986362b4f00 .cmp/eq 32, L_0x5986362b4aa0, L_0x71dfbb7bf8c8;
L_0x5986362b5850 .cmp/eq 32, L_0x5986362b5790, L_0x71dfbb7bf958;
L_0x5986362b6bc0 .cmp/eq 32, L_0x5986362b5f20, L_0x71dfbb7bf9e8;
L_0x5986362b7550 .cmp/eq 32, L_0x5986362b7490, L_0x71dfbb7bfa78;
L_0x5986362b8110 .cmp/eq 32, L_0x5986362b7c50, L_0x71dfbb7bfb08;
L_0x5986362b8ae0 .cmp/eq 32, L_0x5986362b8a20, L_0x71dfbb7bfb98;
L_0x5986362b8ce0 .cmp/eq 32, L_0x5986362b9210, L_0x71dfbb7bfc28;
L_0x5986362b95d0 .cmp/eq 32, L_0x5986362b9510, L_0x71dfbb7bfcb8;
L_0x5986362b9d80 .cmp/eq 32, L_0x5986362b9cc0, L_0x71dfbb7bfd48;
L_0x5986362b98d0 .cmp/eq 32, L_0x5986362b9810, L_0x71dfbb7bfdd8;
L_0x5986362ba660 .cmp/eq 32, L_0x5986362b9b20, L_0x71dfbb7bfe68;
L_0x5986362ba2a0 .cmp/eq 32, L_0x5986362ba1e0, L_0x71dfbb7bfef8;
L_0x5986362ba5b0 .cmp/eq 32, L_0x5986362ba4f0, L_0x71dfbb7bff88;
L_0x5986362bab40 .cmp/eq 32, L_0x5986362baa80, L_0x71dfbb7c0018;
L_0x5986362bae50 .cmp/eq 32, L_0x5986362bad90, L_0x71dfbb7c00a8;
L_0x598636293dd0 .cmp/eq 32, L_0x5986362bb6f0, L_0x71dfbb7c0138;
L_0x5986362945c0 .cmp/eq 32, L_0x598636294500, L_0x71dfbb7c01c8;
L_0x598636293ad0 .cmp/eq 32, L_0x598636293a10, L_0x71dfbb7c0258;
L_0x598636294020 .cmp/eq 32, L_0x598636293d20, L_0x71dfbb7c02e8;
L_0x5986362bdd90 .cmp/eq 32, L_0x5986362bdcd0, L_0x71dfbb7c0378;
L_0x5986362bd880 .cmp/eq 32, L_0x5986362bd7c0, L_0x71dfbb7c0408;
L_0x5986362be0a0 .cmp/eq 32, L_0x5986362bdfe0, L_0x71dfbb7c0498;
L_0x5986362be3b0 .cmp/eq 32, L_0x5986362be2f0, L_0x71dfbb7c0528;
L_0x5986362be660 .cmp/eq 32, L_0x5986362be5a0, L_0x71dfbb7c05b8;
L_0x5986362be970 .cmp/eq 32, L_0x5986362be8b0, L_0x71dfbb7c0648;
L_0x5986362bef30 .cmp/eq 32, L_0x5986362bee70, L_0x71dfbb7c06d8;
L_0x5986362bf240 .cmp/eq 32, L_0x5986362bf180, L_0x71dfbb7c0768;
L_0x5986362bf830 .cmp/eq 32, L_0x5986362bf770, L_0x71dfbb7c07f8;
L_0x5986362bfb40 .cmp/eq 32, L_0x5986362bfa80, L_0x71dfbb7c0888;
L_0x5986362c0110 .cmp/eq 32, L_0x5986362c0050, L_0x71dfbb7c0918;
L_0x5986362c0420 .cmp/eq 32, L_0x5986362c0360, L_0x71dfbb7c09a8;
L_0x5986362c0a00 .cmp/eq 32, L_0x5986362c0940, L_0x71dfbb7c0a38;
L_0x5986362c0d10 .cmp/eq 32, L_0x5986362c0c50, L_0x71dfbb7c0ac8;
L_0x5986362c1320 .cmp/eq 32, L_0x5986362c1260, L_0x71dfbb7c0b58;
L_0x5986362c1630 .cmp/eq 32, L_0x5986362c1570, L_0x71dfbb7c0be8;
L_0x5986362c1c70 .cmp/eq 32, L_0x5986362c1bb0, L_0x71dfbb7c0c78;
L_0x5986362c1f80 .cmp/eq 32, L_0x5986362c1ec0, L_0x71dfbb7c0d08;
L_0x5986362c25a0 .cmp/eq 32, L_0x5986362c24e0, L_0x71dfbb7c0d98;
L_0x5986362c28b0 .cmp/eq 32, L_0x5986362c27f0, L_0x71dfbb7c0e28;
L_0x5986362c2f00 .cmp/eq 32, L_0x5986362c2e40, L_0x71dfbb7c0eb8;
L_0x5986362c3210 .cmp/eq 32, L_0x5986362c3150, L_0x71dfbb7c0f48;
L_0x5986362c3840 .cmp/eq 32, L_0x5986362c3780, L_0x71dfbb7c0fd8;
L_0x5986362c3b50 .cmp/eq 32, L_0x5986362c3a90, L_0x71dfbb7c1068;
L_0x5986362c41b0 .cmp/eq 32, L_0x5986362c40f0, L_0x71dfbb7c10f8;
L_0x5986362c44c0 .cmp/eq 32, L_0x5986362c4400, L_0x71dfbb7c1188;
L_0x5986362c4b50 .cmp/eq 32, L_0x5986362c4a90, L_0x71dfbb7c1218;
L_0x5986362c4e60 .cmp/eq 32, L_0x5986362c4da0, L_0x71dfbb7c12a8;
L_0x5986362c5460 .cmp/eq 32, L_0x5986362c50b0, L_0x71dfbb7c1338;
L_0x5986362c5770 .cmp/eq 32, L_0x5986362c56b0, L_0x71dfbb7c13c8;
L_0x5986362c5a80 .cmp/eq 32, L_0x5986362c59c0, L_0x71dfbb7c1458;
L_0x5986362c60d0 .cmp/eq 32, L_0x5986362c6010, L_0x71dfbb7c14e8;
L_0x5986362c63e0 .cmp/eq 32, L_0x5986362c6320, L_0x71dfbb7c1578;
L_0x5986362c6a60 .cmp/eq 32, L_0x5986362c69a0, L_0x71dfbb7c1608;
L_0x5986362c74c0 .cmp/eq 32, L_0x5986362c7400, L_0x71dfbb7c1698;
L_0x5986362c76c0 .cmp/eq 32, L_0x5986362c7600, L_0x71dfbb7c1728;
L_0x5986362c7a60 .cmp/eq 32, L_0x5986362c7910, L_0x71dfbb7c17b8;
L_0x5986362c7d70 .cmp/eq 32, L_0x5986362c7cb0, L_0x71dfbb7c1848;
L_0x5986362c8080 .cmp/eq 32, L_0x5986362c7fc0, L_0x71dfbb7c18d8;
L_0x5986362c86f0 .cmp/eq 32, L_0x5986362c8630, L_0x71dfbb7c1968;
L_0x5986362c90d0 .cmp/eq 32, L_0x5986362c9010, L_0x71dfbb7c19f8;
L_0x5986362c93e0 .cmp/eq 32, L_0x5986362c9320, L_0x71dfbb7c1a88;
L_0x5986362c96f0 .cmp/eq 32, L_0x5986362c9630, L_0x71dfbb7c1b18;
L_0x5986362c9aa0 .cmp/eq 32, L_0x5986362c99e0, L_0x71dfbb7c1ba8;
L_0x5986362ca440 .cmp/eq 32, L_0x5986362ca380, L_0x71dfbb7c1c38;
L_0x5986362ca750 .cmp/eq 32, L_0x5986362ca690, L_0x71dfbb7c1cc8;
L_0x5986362caa60 .cmp/eq 32, L_0x5986362ca9a0, L_0x71dfbb7c1d58;
L_0x5986362cad10 .cmp/eq 32, L_0x5986362cac50, L_0x71dfbb7c1de8;
L_0x5986362cb020 .cmp/eq 32, L_0x5986362caf60, L_0x71dfbb7c1e78;
L_0x5986362cb330 .cmp/eq 32, L_0x5986362cb270, L_0x71dfbb7c1f08;
L_0x5986362cb810 .cmp/eq 32, L_0x5986362cb750, L_0x71dfbb7c1f98;
L_0x5986362cbb20 .cmp/eq 32, L_0x5986362cba60, L_0x71dfbb7c2028;
L_0x5986362b63e0 .cmp/eq 32, L_0x5986362cbd70, L_0x71dfbb7c20b8;
L_0x5986362b66f0 .cmp/eq 32, L_0x5986362b6630, L_0x71dfbb7c2148;
L_0x5986362ccec0 .cmp/eq 32, L_0x5986362cce00, L_0x71dfbb7c21d8;
L_0x5986362cd1d0 .cmp/eq 32, L_0x5986362cd110, L_0x71dfbb7c2268;
L_0x5986362cd3d0 .cmp/eq 32, L_0x5986362cd310, L_0x71dfbb7c22f8;
L_0x5986362cdce0 .cmp/eq 32, L_0x5986362cdc20, L_0x71dfbb7c2388;
L_0x5986362ce420 .cmp/eq 32, L_0x5986362ce360, L_0x71dfbb7c2418;
L_0x5986362ce730 .cmp/eq 32, L_0x5986362ce670, L_0x71dfbb7c24a8;
L_0x5986362cdfa0 .cmp/eq 32, L_0x5986362cdee0, L_0x71dfbb7c2538;
L_0x5986362ce980 .cmp/eq 32, L_0x5986362ce8c0, L_0x71dfbb7c25c8;
L_0x5986362cf0e0 .cmp/eq 32, L_0x5986362cf020, L_0x71dfbb7c2658;
L_0x5986362cf3f0 .cmp/eq 32, L_0x5986362cf330, L_0x71dfbb7c26e8;
L_0x5986362ceb80 .cmp/eq 32, L_0x5986362ceac0, L_0x71dfbb7c2778;
L_0x5986362ced80 .cmp/eq 32, L_0x5986362cecc0, L_0x71dfbb7c2808;
L_0x5986362cfb90 .cmp/eq 32, L_0x5986362cfad0, L_0x71dfbb7c2898;
L_0x5986362cfea0 .cmp/eq 32, L_0x5986362cfde0, L_0x71dfbb7c2928;
L_0x5986362d01b0 .cmp/eq 32, L_0x5986362d00f0, L_0x71dfbb7c29b8;
L_0x5986362d04c0 .cmp/eq 32, L_0x5986362d0400, L_0x71dfbb7c2a48;
L_0x5986362cf770 .cmp/eq 32, L_0x5986362cf6b0, L_0x71dfbb7c2ad8;
L_0x5986362d0b00 .cmp/eq 32, L_0x5986362d0a90, L_0x71dfbb7c2b68;
L_0x5986362d07d0 .cmp/eq 32, L_0x5986362d0710, L_0x71dfbb7c2bf8;
L_0x5986362d09d0 .cmp/eq 32, L_0x5986362d0910, L_0x71dfbb7c2c88;
L_0x5986362d1310 .cmp/eq 32, L_0x5986362d1250, L_0x71dfbb7c2d18;
L_0x5986362d1620 .cmp/eq 32, L_0x5986362d1560, L_0x71dfbb7c2da8;
L_0x5986362d0c90 .cmp/eq 32, L_0x5986362d1df0, L_0x71dfbb7c2e38;
L_0x5986362d0e90 .cmp/eq 32, L_0x5986362d0dd0, L_0x71dfbb7c2ec8;
L_0x5986362d1820 .cmp/eq 32, L_0x5986362d1760, L_0x71dfbb7c2f58;
L_0x5986362d1b30 .cmp/eq 32, L_0x5986362d1a70, L_0x71dfbb7c2fe8;
L_0x5986362d2620 .cmp/eq 32, L_0x5986362d2560, L_0x71dfbb7c3078;
L_0x5986362d2820 .cmp/eq 32, L_0x5986362d2760, L_0x71dfbb7c3108;
L_0x5986362d2b30 .cmp/eq 32, L_0x5986362d2a70, L_0x71dfbb7c3198;
L_0x5986362d2e40 .cmp/eq 32, L_0x5986362d2d80, L_0x71dfbb7c3228;
L_0x5986362d2080 .cmp/eq 32, L_0x5986362d1fc0, L_0x71dfbb7c32b8;
L_0x5986362d3480 .cmp/eq 32, L_0x5986362d22d0, L_0x71dfbb7c3348;
L_0x5986362d2fd0 .cmp/eq 32, L_0x5986362d3be0, L_0x71dfbb7c33d8;
L_0x5986362d32e0 .cmp/eq 32, L_0x5986362d3220, L_0x71dfbb7c3468;
L_0x5986362d3790 .cmp/eq 32, L_0x5986362d36d0, L_0x71dfbb7c34f8;
L_0x5986362d3c50 .cmp/eq 32, L_0x5986362d39e0, L_0x71dfbb7c3588;
L_0x5986362d4490 .cmp/eq 32, L_0x5986362d43d0, L_0x71dfbb7c3618;
L_0x5986362d47a0 .cmp/eq 32, L_0x5986362d46e0, L_0x71dfbb7c36a8;
L_0x5986362d4ab0 .cmp/eq 32, L_0x5986362d49f0, L_0x71dfbb7c3738;
L_0x5986362d4f40 .cmp/eq 32, L_0x5986362d4e80, L_0x71dfbb7c37c8;
L_0x5986362d3f10 .cmp/eq 32, L_0x5986362d3e50, L_0x71dfbb7c3858;
L_0x5986362d41d0 .cmp/eq 32, L_0x5986362d4110, L_0x71dfbb7c38e8;
S_0x598635d94ee0 .scope module, "u_fifo" "fetch_fifo" 12 225, 12 301 0, S_0x598635fd9640;
 .timescale 0 0;
    .port_info 0 /INPUT 1 "clk_i";
    .port_info 1 /INPUT 1 "rst_i";
    .port_info 2 /INPUT 1 "flush_i";
    .port_info 3 /INPUT 1 "push_i";
    .port_info 4 /INPUT 32 "pc_in_i";
    .port_info 5 /INPUT 2 "pred_in_i";
    .port_info 6 /INPUT 64 "data_in_i";
    .port_info 7 /INPUT 2 "info0_in_i";
    .port_info 8 /INPUT 2 "info1_in_i";
    .port_info 9 /OUTPUT 1 "accept_o";
    .port_info 10 /OUTPUT 1 "valid0_o";
    .port_info 11 /OUTPUT 32 "pc0_out_o";
    .port_info 12 /OUTPUT 32 "data0_out_o";
    .port_info 13 /OUTPUT 2 "info0_out_o";
    .port_info 14 /INPUT 1 "pop0_i";
    .port_info 15 /OUTPUT 1 "valid1_o";
    .port_info 16 /OUTPUT 32 "pc1_out_o";
    .port_info 17 /OUTPUT 32 "data1_out_o";
    .port_info 18 /OUTPUT 2 "info1_out_o";
    .port_info 19 /INPUT 1 "pop1_i";
P_0x5986361cc660 .param/l "ADDR_W" 0 12 308, +C4<00000000000000000000000000000001>;
P_0x5986361cc6a0 .param/l "COUNT_W" 1 12 346, +C4<000000000000000000000000000000010>;
P_0x5986361cc6e0 .param/l "DEPTH" 0 12 307, +C4<00000000000000000000000000000010>;
P_0x5986361cc720 .param/l "OPC_INFO_W" 0 12 309, +C4<00000000000000000000000000000010>;
P_0x5986361cc760 .param/l "WIDTH" 0 12 306, +C4<00000000000000000000000001000000>;
L_0x59863626a770 .functor AND 1, L_0x5986362d73e0, L_0x59863626bee0, C4<1>, C4<1>;
L_0x59863626a900 .functor AND 1, L_0x598636304640, L_0x59863626b400, C4<1>, C4<1>;
L_0x59863626a970 .functor AND 1, L_0x598636304de0, L_0x59863626bb60, C4<1>, C4<1>;
L_0x59863626a9e0 .functor NOT 1, L_0x59863626bb60, C4<0>, C4<0>, C4<0>;
L_0x59863626aa80 .functor AND 1, L_0x59863626a900, L_0x59863626a9e0, C4<1>, C4<1>;
L_0x59863626ab40 .functor NOT 1, L_0x59863626b400, C4<0>, C4<0>, C4<0>;
L_0x59863626abf0 .functor AND 1, L_0x59863626a970, L_0x59863626ab40, C4<1>, C4<1>;
L_0x59863626ad00 .functor OR 1, L_0x59863626aa80, L_0x59863626abf0, C4<0>, C4<0>;
L_0x59863626ae60 .functor AND 1, L_0x59863626a900, L_0x59863626a970, C4<1>, C4<1>;
L_0x59863626aed0 .functor OR 1, L_0x59863626ad00, L_0x59863626ae60, C4<0>, C4<0>;
L_0x59863626b400 .functor AND 1, L_0x59863626b080, L_0x59863626b1c0, C4<1>, C4<1>;
L_0x59863626bb60 .functor AND 1, L_0x59863626b760, L_0x59863626b8e0, C4<1>, C4<1>;
L_0x59863626c160 .functor BUFZ 2, L_0x59863626d100, C4<00>, C4<00>, C4<00>;
L_0x59863626d8f0 .functor BUFZ 2, L_0x59863626d620, C4<00>, C4<00>, C4<00>;
v0x5986361cc9a0_0 .net *"_ivl_10", 0 0, L_0x59863626ab40;  1 drivers
v0x5986361cca40_0 .net *"_ivl_100", 1 0, L_0x59863626d100;  1 drivers
v0x5986361ccae0_0 .net *"_ivl_102", 2 0, L_0x59863626d1a0;  1 drivers
L_0x71dfbb7b7918 .functor BUFT 1, C4<00>, C4<0>, C4<0>, C4<0>;
v0x5986361ccb80_0 .net *"_ivl_105", 1 0, L_0x71dfbb7b7918;  1 drivers
v0x5986361ccc20_0 .net *"_ivl_108", 1 0, L_0x59863626d620;  1 drivers
v0x5986361cccc0_0 .net *"_ivl_110", 2 0, L_0x59863626d6c0;  1 drivers
L_0x71dfbb7b7960 .functor BUFT 1, C4<00>, C4<0>, C4<0>, C4<0>;
v0x5986361ccd60_0 .net *"_ivl_113", 1 0, L_0x71dfbb7b7960;  1 drivers
v0x5986361cce00_0 .net *"_ivl_13", 0 0, L_0x59863626abf0;  1 drivers
v0x5986361ccea0_0 .net *"_ivl_15", 0 0, L_0x59863626ad00;  1 drivers
v0x5986361ccf40_0 .net *"_ivl_17", 0 0, L_0x59863626ae60;  1 drivers
v0x5986361ccfe0_0 .net *"_ivl_20", 31 0, L_0x59863626afe0;  1 drivers
L_0x71dfbb7b7528 .functor BUFT 1, C4<000000000000000000000000000000>, C4<0>, C4<0>, C4<0>;
v0x5986361cd080_0 .net *"_ivl_23", 29 0, L_0x71dfbb7b7528;  1 drivers
L_0x71dfbb7b7570 .functor BUFT 1, C4<00000000000000000000000000000000>, C4<0>, C4<0>, C4<0>;
v0x5986361cd120_0 .net/2u *"_ivl_24", 31 0, L_0x71dfbb7b7570;  1 drivers
v0x5986361cd1c0_0 .net *"_ivl_26", 0 0, L_0x59863626b080;  1 drivers
v0x5986361cd260_0 .net *"_ivl_28", 0 0, L_0x59863626b1c0;  1 drivers
v0x5986361cd300_0 .net *"_ivl_30", 2 0, L_0x59863626b260;  1 drivers
L_0x71dfbb7b75b8 .functor BUFT 1, C4<00>, C4<0>, C4<0>, C4<0>;
v0x5986361cd3a0_0 .net *"_ivl_33", 1 0, L_0x71dfbb7b75b8;  1 drivers
v0x5986361cd440_0 .net *"_ivl_36", 31 0, L_0x59863626b620;  1 drivers
L_0x71dfbb7b7600 .functor BUFT 1, C4<000000000000000000000000000000>, C4<0>, C4<0>, C4<0>;
v0x5986361cd4e0_0 .net *"_ivl_39", 29 0, L_0x71dfbb7b7600;  1 drivers
L_0x71dfbb7b7648 .functor BUFT 1, C4<00000000000000000000000000000000>, C4<0>, C4<0>, C4<0>;
v0x5986361cd580_0 .net/2u *"_ivl_40", 31 0, L_0x71dfbb7b7648;  1 drivers
v0x5986361cd620_0 .net *"_ivl_42", 0 0, L_0x59863626b760;  1 drivers
v0x5986361cd6c0_0 .net *"_ivl_44", 0 0, L_0x59863626b8e0;  1 drivers
v0x5986361cd760_0 .net *"_ivl_46", 2 0, L_0x59863626b980;  1 drivers
L_0x71dfbb7b7690 .functor BUFT 1, C4<00>, C4<0>, C4<0>, C4<0>;
v0x5986361cd800_0 .net *"_ivl_49", 1 0, L_0x71dfbb7b7690;  1 drivers
v0x5986361cd8a0_0 .net *"_ivl_52", 31 0, L_0x59863626bdf0;  1 drivers
L_0x71dfbb7b76d8 .functor BUFT 1, C4<000000000000000000000000000000>, C4<0>, C4<0>, C4<0>;
v0x5986361cd940_0 .net *"_ivl_55", 29 0, L_0x71dfbb7b76d8;  1 drivers
L_0x71dfbb7b7720 .functor BUFT 1, C4<00000000000000000000000000000010>, C4<0>, C4<0>, C4<0>;
v0x5986361cd9e0_0 .net/2u *"_ivl_56", 31 0, L_0x71dfbb7b7720;  1 drivers
v0x5986361cda80_0 .net *"_ivl_6", 0 0, L_0x59863626a9e0;  1 drivers
v0x5986361cdb20_0 .net *"_ivl_60", 31 0, L_0x59863626c020;  1 drivers
v0x5986361cdbc0_0 .net *"_ivl_62", 2 0, L_0x59863626c0c0;  1 drivers
L_0x71dfbb7b7768 .functor BUFT 1, C4<00>, C4<0>, C4<0>, C4<0>;
v0x5986361cdc60_0 .net *"_ivl_65", 1 0, L_0x71dfbb7b7768;  1 drivers
v0x5986361cdd00_0 .net *"_ivl_67", 28 0, L_0x59863626c220;  1 drivers
L_0x71dfbb7b77b0 .functor BUFT 1, C4<000>, C4<0>, C4<0>, C4<0>;
v0x5986361cdda0_0 .net/2u *"_ivl_68", 2 0, L_0x71dfbb7b77b0;  1 drivers
v0x5986361cde40_0 .net *"_ivl_72", 31 0, L_0x59863626c4d0;  1 drivers
v0x5986361cdee0_0 .net *"_ivl_74", 2 0, L_0x59863626c570;  1 drivers
L_0x71dfbb7b77f8 .functor BUFT 1, C4<00>, C4<0>, C4<0>, C4<0>;
v0x5986361cdf80_0 .net *"_ivl_77", 1 0, L_0x71dfbb7b77f8;  1 drivers
v0x5986361ce020_0 .net *"_ivl_79", 28 0, L_0x59863626c6f0;  1 drivers
L_0x71dfbb7b7840 .functor BUFT 1, C4<100>, C4<0>, C4<0>, C4<0>;
v0x5986361ce0c0_0 .net/2u *"_ivl_80", 2 0, L_0x71dfbb7b7840;  1 drivers
v0x5986361ce160_0 .net *"_ivl_84", 63 0, L_0x59863626c9c0;  1 drivers
v0x5986361ce200_0 .net *"_ivl_86", 2 0, L_0x59863626ca60;  1 drivers
L_0x71dfbb7b7888 .functor BUFT 1, C4<00>, C4<0>, C4<0>, C4<0>;
v0x5986361ce2a0_0 .net *"_ivl_89", 1 0, L_0x71dfbb7b7888;  1 drivers
v0x5986361ce340_0 .net *"_ivl_9", 0 0, L_0x59863626aa80;  1 drivers
v0x5986361ce3e0_0 .net *"_ivl_92", 63 0, L_0x59863626cca0;  1 drivers
v0x5986361ce480_0 .net *"_ivl_94", 2 0, L_0x59863626ce00;  1 drivers
L_0x71dfbb7b78d0 .functor BUFT 1, C4<00>, C4<0>, C4<0>, C4<0>;
v0x5986361ce520_0 .net *"_ivl_97", 1 0, L_0x71dfbb7b78d0;  1 drivers
v0x5986361ce5c0_0 .net "accept_o", 0 0, L_0x59863626bee0;  alias, 1 drivers
v0x5986361ce660_0 .net "clk_i", 0 0, v0x5986362531c0_0;  alias, 1 drivers
v0x5986361ce700_0 .var "count_q", 1 0;
v0x5986361ce7a0_0 .net "data0_out_o", 31 0, L_0x59863626c920;  alias, 1 drivers
v0x5986361ce840_0 .net "data1_out_o", 31 0, L_0x59863626cf40;  alias, 1 drivers
v0x5986361ce8e0_0 .net "data_in_i", 63 0, L_0x59863626da80;  1 drivers
v0x5986361ce980_0 .net "flush_i", 0 0, L_0x5986362f42f0;  alias, 1 drivers
v0x5986361cea20_0 .var/i "i", 31 0;
v0x5986361ceac0_0 .net "info0_in_i", 1 0, L_0x59863626dbc0;  1 drivers
v0x5986361ceb60_0 .net "info0_out_o", 1 0, L_0x59863626c160;  1 drivers
v0x5986361cec00 .array "info0_q", 0 1, 1 0;
v0x5986361ceca0_0 .net "info1_in_i", 1 0, L_0x59863626dc60;  1 drivers
v0x5986361ced40_0 .net "info1_out_o", 1 0, L_0x59863626d8f0;  1 drivers
v0x5986361cede0 .array "info1_q", 0 1, 1 0;
v0x5986361cee80_0 .net "pc0_out_o", 31 0, L_0x59863626c310;  alias, 1 drivers
v0x5986361cef20_0 .net "pc1_out_o", 31 0, L_0x59863626c7e0;  alias, 1 drivers
v0x5986361cefc0_0 .net "pc_in_i", 31 0, L_0x5986362d7780;  alias, 1 drivers
v0x5986361cf060 .array "pc_q", 0 1, 31 0;
v0x5986361cf100_0 .net "pop0_i", 0 0, L_0x598636304640;  alias, 1 drivers
v0x5986361cf1a0_0 .net "pop1_i", 0 0, L_0x598636304de0;  alias, 1 drivers
v0x5986361cf240_0 .net "pop1_w", 0 0, L_0x59863626a900;  1 drivers
v0x5986361cf2e0_0 .net "pop2_w", 0 0, L_0x59863626a970;  1 drivers
v0x5986361cf380_0 .net "pop_complete_w", 0 0, L_0x59863626aed0;  1 drivers
v0x5986361cf420_0 .net "pred_in_i", 1 0, L_0x5986362d7d40;  alias, 1 drivers
v0x5986361cf4c0_0 .net "push_i", 0 0, L_0x5986362d73e0;  alias, 1 drivers
v0x5986361cf560_0 .net "push_w", 0 0, L_0x59863626a770;  1 drivers
v0x5986361cf600 .array "ram_q", 0 1, 63 0;
v0x5986361cf6a0_0 .var "rd_ptr_q", 0 0;
v0x5986361cf740_0 .net "rst_i", 0 0, v0x598636255910_0;  alias, 1 drivers
v0x5986361cf7e0_0 .net "valid0_o", 0 0, L_0x59863626b400;  alias, 1 drivers
v0x5986361cf880 .array "valid0_q", 0 1, 0 0;
v0x5986361cf920_0 .net "valid1_o", 0 0, L_0x59863626bb60;  alias, 1 drivers
v0x5986361cf9c0 .array "valid1_q", 0 1, 0 0;
v0x5986361cfa60_0 .var "wr_ptr_q", 0 0;
L_0x59863626afe0 .concat [ 2 30 0 0], v0x5986361ce700_0, L_0x71dfbb7b7528;
L_0x59863626b080 .cmp/ne 32, L_0x59863626afe0, L_0x71dfbb7b7570;
L_0x59863626b1c0 .array/port v0x5986361cf880, L_0x59863626b260;
L_0x59863626b260 .concat [ 1 2 0 0], v0x5986361cf6a0_0, L_0x71dfbb7b75b8;
L_0x59863626b620 .concat [ 2 30 0 0], v0x5986361ce700_0, L_0x71dfbb7b7600;
L_0x59863626b760 .cmp/ne 32, L_0x59863626b620, L_0x71dfbb7b7648;
L_0x59863626b8e0 .array/port v0x5986361cf9c0, L_0x59863626b980;
L_0x59863626b980 .concat [ 1 2 0 0], v0x5986361cf6a0_0, L_0x71dfbb7b7690;
L_0x59863626bdf0 .concat [ 2 30 0 0], v0x5986361ce700_0, L_0x71dfbb7b76d8;
L_0x59863626bee0 .cmp/ne 32, L_0x59863626bdf0, L_0x71dfbb7b7720;
L_0x59863626c020 .array/port v0x5986361cf060, L_0x59863626c0c0;
L_0x59863626c0c0 .concat [ 1 2 0 0], v0x5986361cf6a0_0, L_0x71dfbb7b7768;
L_0x59863626c220 .part L_0x59863626c020, 3, 29;
L_0x59863626c310 .concat [ 3 29 0 0], L_0x71dfbb7b77b0, L_0x59863626c220;
L_0x59863626c4d0 .array/port v0x5986361cf060, L_0x59863626c570;
L_0x59863626c570 .concat [ 1 2 0 0], v0x5986361cf6a0_0, L_0x71dfbb7b77f8;
L_0x59863626c6f0 .part L_0x59863626c4d0, 3, 29;
L_0x59863626c7e0 .concat [ 3 29 0 0], L_0x71dfbb7b7840, L_0x59863626c6f0;
L_0x59863626c9c0 .array/port v0x5986361cf600, L_0x59863626ca60;
L_0x59863626ca60 .concat [ 1 2 0 0], v0x5986361cf6a0_0, L_0x71dfbb7b7888;
L_0x59863626c920 .part L_0x59863626c9c0, 0, 32;
L_0x59863626cca0 .array/port v0x5986361cf600, L_0x59863626ce00;
L_0x59863626ce00 .concat [ 1 2 0 0], v0x5986361cf6a0_0, L_0x71dfbb7b78d0;
L_0x59863626cf40 .part L_0x59863626cca0, 32, 32;
L_0x59863626d100 .array/port v0x5986361cec00, L_0x59863626d1a0;
L_0x59863626d1a0 .concat [ 1 2 0 0], v0x5986361cf6a0_0, L_0x71dfbb7b7918;
L_0x59863626d620 .array/port v0x5986361cede0, L_0x59863626d6c0;
L_0x59863626d6c0 .concat [ 1 2 0 0], v0x5986361cf6a0_0, L_0x71dfbb7b7960;
S_0x598635d95290 .scope module, "u_fetch" "biriscv_fetch" 11 224, 14 26 0, S_0x598635fd9da0;
 .timescale 0 0;
    .port_info 0 /INPUT 1 "clk_i";
    .port_info 1 /INPUT 1 "rst_i";
    .port_info 2 /INPUT 1 "fetch_accept_i";
    .port_info 3 /INPUT 1 "icache_accept_i";
    .port_info 4 /INPUT 1 "icache_valid_i";
    .port_info 5 /INPUT 1 "icache_error_i";
    .port_info 6 /INPUT 64 "icache_inst_i";
    .port_info 7 /INPUT 1 "icache_page_fault_i";
    .port_info 8 /INPUT 1 "fetch_invalidate_i";
    .port_info 9 /INPUT 1 "branch_request_i";
    .port_info 10 /INPUT 32 "branch_pc_i";
    .port_info 11 /INPUT 2 "branch_priv_i";
    .port_info 12 /INPUT 32 "next_pc_f_i";
    .port_info 13 /INPUT 2 "next_taken_f_i";
    .port_info 14 /OUTPUT 1 "fetch_valid_o";
    .port_info 15 /OUTPUT 64 "fetch_instr_o";
    .port_info 16 /OUTPUT 2 "fetch_pred_branch_o";
    .port_info 17 /OUTPUT 1 "fetch_fault_fetch_o";
    .port_info 18 /OUTPUT 1 "fetch_fault_page_o";
    .port_info 19 /OUTPUT 32 "fetch_pc_o";
    .port_info 20 /OUTPUT 1 "icache_rd_o";
    .port_info 21 /OUTPUT 1 "icache_flush_o";
    .port_info 22 /OUTPUT 1 "icache_invalidate_o";
    .port_info 23 /OUTPUT 32 "icache_pc_o";
    .port_info 24 /OUTPUT 2 "icache_priv_o";
    .port_info 25 /OUTPUT 32 "pc_f_o";
    .port_info 26 /OUTPUT 1 "pc_accept_o";
P_0x598635a1a5a0 .param/l "SUPPORT_MMU" 0 14 31, +C4<00000000000000000000000000000000>;
L_0x5986362d6950 .functor OR 1, L_0x5986362d68b0, L_0x5986362d7210, C4<0>, C4<0>;
L_0x5986362d6ab0 .functor OR 1, L_0x5986362d6950, L_0x5986362d6a10, C4<0>, C4<0>;
L_0x5986362d6b70 .functor AND 1, v0x5986361d2d10_0, L_0x59863626bee0, C4<1>, C4<1>;
L_0x5986362d6cd0 .functor AND 1, L_0x5986362d6b70, L_0x5986362d6be0, C4<1>, C4<1>;
L_0x71dfbb7c39c0 .functor BUFT 1, C4<11>, C4<0>, C4<0>, C4<0>;
L_0x5986362d6f70 .functor BUFZ 2, L_0x71dfbb7c39c0, C4<00>, C4<00>, C4<00>;
L_0x5986362d6fe0 .functor OR 1, v0x59863611d1e0_0, v0x5986361d4070_0, C4<0>, C4<0>;
L_0x5986362d7210 .functor AND 1, v0x5986361d3df0_0, L_0x5986362d70e0, C4<1>, C4<1>;
L_0x5986362d7280 .functor OR 1, L_0x5986362d8940, v0x5986361d4b10_0, C4<0>, C4<0>;
L_0x5986362d73e0 .functor AND 1, L_0x5986362d7280, L_0x5986362d7340, C4<1>, C4<1>;
L_0x5986362d79f0 .functor BUFZ 32, L_0x5986362d6700, C4<00000000000000000000000000000000>, C4<00000000000000000000000000000000>, C4<00000000000000000000000000000000>;
L_0x5986362d83d0 .functor NOT 1, L_0x5986362d6ab0, C4<0>, C4<0>, C4<0>;
v0x5986361d21d0_0 .net *"_ivl_1", 0 0, L_0x5986362d68b0;  1 drivers
v0x5986361d2270_0 .net *"_ivl_11", 0 0, L_0x5986362d6be0;  1 drivers
v0x5986361d2310_0 .net *"_ivl_15", 28 0, L_0x5986362d6d90;  1 drivers
L_0x71dfbb7c3a08 .functor BUFT 1, C4<000>, C4<0>, C4<0>, C4<0>;
v0x5986361d23b0_0 .net/2u *"_ivl_16", 2 0, L_0x71dfbb7c3a08;  1 drivers
v0x5986361d2450_0 .net *"_ivl_27", 0 0, L_0x5986362d70e0;  1 drivers
v0x5986361d24f0_0 .net *"_ivl_3", 0 0, L_0x5986362d6950;  1 drivers
v0x5986361d2590_0 .net *"_ivl_31", 0 0, L_0x5986362d7280;  1 drivers
v0x5986361d2630_0 .net *"_ivl_33", 0 0, L_0x5986362d7340;  1 drivers
v0x5986361d26d0_0 .net *"_ivl_37", 31 0, L_0x5986362d7450;  1 drivers
v0x5986361d2770_0 .net *"_ivl_39", 28 0, L_0x5986362d7540;  1 drivers
L_0x71dfbb7c3a98 .functor BUFT 1, C4<000>, C4<0>, C4<0>, C4<0>;
v0x5986361d2810_0 .net/2u *"_ivl_40", 2 0, L_0x71dfbb7c3a98;  1 drivers
v0x5986361d28b0_0 .net *"_ivl_42", 31 0, L_0x5986362d75e0;  1 drivers
v0x5986361d2950_0 .net *"_ivl_47", 63 0, L_0x5986362d7900;  1 drivers
v0x5986361d29f0_0 .net *"_ivl_5", 0 0, L_0x5986362d6a10;  1 drivers
v0x5986361d2a90_0 .net *"_ivl_51", 1 0, L_0x5986362d7c20;  1 drivers
v0x5986361d2b30_0 .net *"_ivl_55", 0 0, L_0x5986362d7f00;  1 drivers
v0x5986361d2bd0_0 .net *"_ivl_59", 0 0, L_0x5986362d81f0;  1 drivers
v0x5986361d2c70_0 .net *"_ivl_8", 0 0, L_0x5986362d6b70;  1 drivers
v0x5986361d2d10_0 .var "active_q", 0 0;
v0x5986361d2db0_0 .net "branch_pc_i", 31 0, L_0x5986362f3ee0;  alias, 1 drivers
v0x5986361d2e50_0 .var "branch_pc_q", 31 0;
v0x5986361d2ef0_0 .net "branch_pc_w", 31 0, L_0x5986362d5980;  1 drivers
v0x5986361d2f90_0 .net "branch_priv_i", 1 0, L_0x5986362f4360;  alias, 1 drivers
L_0x71dfbb7c3978 .functor BUFT 1, C4<11>, C4<0>, C4<0>, C4<0>;
v0x5986361d3030_0 .net "branch_priv_w", 1 0, L_0x71dfbb7c3978;  1 drivers
v0x5986361d30d0_0 .var "branch_q", 0 0;
v0x5986361d3170_0 .net "branch_request_i", 0 0, L_0x5986362f42f0;  alias, 1 drivers
v0x5986361d3210_0 .net "branch_w", 0 0, L_0x5986362d5760;  1 drivers
v0x5986361d32b0_0 .net "clk_i", 0 0, v0x5986362531c0_0;  alias, 1 drivers
v0x5986361d3460_0 .net "fetch_accept_i", 0 0, L_0x59863626bee0;  alias, 1 drivers
v0x5986361d3500_0 .net "fetch_fault_fetch_o", 0 0, L_0x5986362d80c0;  alias, 1 drivers
v0x5986361d35a0_0 .net "fetch_fault_page_o", 0 0, L_0x5986362d8330;  alias, 1 drivers
v0x5986361d3640_0 .net "fetch_instr_o", 63 0, L_0x5986362d7a60;  alias, 1 drivers
v0x5986361d36e0_0 .net "fetch_invalidate_i", 0 0, v0x59863611d1e0_0;  alias, 1 drivers
v0x5986361d3990_0 .net "fetch_pc_o", 31 0, L_0x5986362d7780;  alias, 1 drivers
v0x5986361d3a30_0 .net "fetch_pred_branch_o", 1 0, L_0x5986362d7d40;  alias, 1 drivers
v0x5986361d3ad0_0 .net "fetch_resp_drop_w", 0 0, L_0x5986362d6840;  1 drivers
v0x5986361d3b70_0 .net "fetch_valid_o", 0 0, L_0x5986362d73e0;  alias, 1 drivers
v0x5986361d3c10_0 .net "icache_accept_i", 0 0, L_0x5986362d8840;  alias, 1 drivers
v0x5986361d3cb0_0 .net "icache_busy_w", 0 0, L_0x5986362d7210;  1 drivers
v0x5986361d3d50_0 .net "icache_error_i", 0 0, L_0x5986362d8a40;  alias, 1 drivers
v0x5986361d3df0_0 .var "icache_fetch_q", 0 0;
v0x5986361d3e90_0 .net "icache_flush_o", 0 0, L_0x5986362d6fe0;  alias, 1 drivers
v0x5986361d3f30_0 .net "icache_inst_i", 63 0, L_0x5986362d8b40;  alias, 1 drivers
v0x5986361d3fd0_0 .net "icache_invalidate_o", 0 0, L_0x71dfbb7c3a50;  alias, 1 drivers
v0x5986361d4070_0 .var "icache_invalidate_q", 0 0;
v0x5986361d4110_0 .net "icache_page_fault_i", 0 0, L_0x71dfbb7c3ae0;  alias, 1 drivers
v0x5986361d41b0_0 .net "icache_pc_o", 31 0, L_0x5986362d6e80;  alias, 1 drivers
v0x5986361d4250_0 .net "icache_pc_w", 31 0, L_0x5986362d6700;  1 drivers
v0x5986361d42f0_0 .net "icache_priv_o", 1 0, L_0x5986362d6f70;  alias, 1 drivers
v0x5986361d4390_0 .net "icache_priv_w", 1 0, L_0x71dfbb7c39c0;  1 drivers
v0x5986361d4430_0 .net "icache_rd_o", 0 0, L_0x5986362d6cd0;  alias, 1 drivers
v0x5986361d44d0_0 .net "icache_valid_i", 0 0, L_0x5986362d8940;  alias, 1 drivers
v0x5986361d4570_0 .net "next_pc_f_i", 31 0, L_0x598636269420;  alias, 1 drivers
v0x5986361d4610_0 .net "next_taken_f_i", 1 0, L_0x598636269cd0;  alias, 1 drivers
v0x5986361d46b0_0 .net "pc_accept_o", 0 0, L_0x5986362d83d0;  alias, 1 drivers
v0x5986361d4750_0 .var "pc_d_q", 31 0;
v0x5986361d47f0_0 .net "pc_f_o", 31 0, L_0x5986362d79f0;  alias, 1 drivers
v0x5986361d4890_0 .var "pc_f_q", 31 0;
v0x5986361d4930_0 .var "pred_d_q", 1 0;
v0x5986361d49d0_0 .net "rst_i", 0 0, v0x598636255910_0;  alias, 1 drivers
v0x5986361d4a70_0 .var "skid_buffer_q", 99 0;
v0x5986361d4b10_0 .var "skid_valid_q", 0 0;
v0x5986361d4bb0_0 .var "stall_q", 0 0;
v0x5986361d4c50_0 .net "stall_w", 0 0, L_0x5986362d6ab0;  1 drivers
L_0x5986362d68b0 .reduce/nor L_0x59863626bee0;
L_0x5986362d6a10 .reduce/nor L_0x5986362d8840;
L_0x5986362d6be0 .reduce/nor L_0x5986362d7210;
L_0x5986362d6d90 .part L_0x5986362d6700, 3, 29;
L_0x5986362d6e80 .concat [ 3 29 0 0], L_0x71dfbb7c3a08, L_0x5986362d6d90;
L_0x5986362d70e0 .reduce/nor L_0x5986362d8940;
L_0x5986362d7340 .reduce/nor L_0x5986362d6840;
L_0x5986362d7450 .part v0x5986361d4a70_0, 64, 32;
L_0x5986362d7540 .part v0x5986361d4750_0, 3, 29;
L_0x5986362d75e0 .concat [ 3 29 0 0], L_0x71dfbb7c3a98, L_0x5986362d7540;
L_0x5986362d7780 .functor MUXZ 32, L_0x5986362d75e0, L_0x5986362d7450, v0x5986361d4b10_0, C4<>;
L_0x5986362d7900 .part v0x5986361d4a70_0, 0, 64;
L_0x5986362d7a60 .functor MUXZ 64, L_0x5986362d8b40, L_0x5986362d7900, v0x5986361d4b10_0, C4<>;
L_0x5986362d7c20 .part v0x5986361d4a70_0, 96, 2;
L_0x5986362d7d40 .functor MUXZ 2, v0x5986361d4930_0, L_0x5986362d7c20, v0x5986361d4b10_0, C4<>;
L_0x5986362d7f00 .part v0x5986361d4a70_0, 98, 1;
L_0x5986362d80c0 .functor MUXZ 1, L_0x5986362d8a40, L_0x5986362d7f00, v0x5986361d4b10_0, C4<>;
L_0x5986362d81f0 .part v0x5986361d4a70_0, 99, 1;
L_0x5986362d8330 .functor MUXZ 1, L_0x71dfbb7c3ae0, L_0x5986362d81f0, v0x5986361d4b10_0, C4<>;
S_0x5986361d1c30 .scope generate, "genblk2" "genblk2" 14 91, 14 91 0, S_0x598635d95290;
 .timescale 0 0;
L_0x5986362d5760 .functor OR 1, v0x5986361d30d0_0, L_0x5986362f42f0, C4<0>, C4<0>;
L_0x5986362d5870 .functor AND 1, v0x5986361d30d0_0, L_0x5986362d57d0, C4<1>, C4<1>;
v0x5986361d1dc0_0 .net *"_ivl_3", 0 0, L_0x5986362d57d0;  1 drivers
v0x5986361d1e60_0 .net *"_ivl_4", 0 0, L_0x5986362d5870;  1 drivers
L_0x5986362d57d0 .reduce/nor L_0x5986362f42f0;
L_0x5986362d5980 .functor MUXZ 32, L_0x5986362f3ee0, v0x5986361d2e50_0, L_0x5986362d5870, C4<>;
S_0x5986361d1f00 .scope generate, "genblk4" "genblk4" 14 211, 14 211 0, S_0x598635d95290;
 .timescale 0 0;
L_0x5986362d5a70 .functor NOT 1, v0x5986361d4bb0_0, C4<0>, C4<0>, C4<0>;
L_0x5986362d5ae0 .functor AND 1, L_0x5986362d5760, L_0x5986362d5a70, C4<1>, C4<1>;
L_0x5986362d6840 .functor BUFZ 1, L_0x5986362d5760, C4<0>, C4<0>, C4<0>;
v0x5986361d2090_0 .net *"_ivl_0", 0 0, L_0x5986362d5a70;  1 drivers
v0x5986361d2130_0 .net *"_ivl_2", 0 0, L_0x5986362d5ae0;  1 drivers
L_0x5986362d6700 .functor MUXZ 32, v0x5986361d4890_0, L_0x5986362d5980, L_0x5986362d5ae0, C4<>;
S_0x5986361d4cf0 .scope module, "u_npc" "biriscv_npc" 11 138, 15 26 0, S_0x598635fd9da0;
 .timescale 0 0;
    .port_info 0 /INPUT 1 "clk_i";
    .port_info 1 /INPUT 1 "rst_i";
    .port_info 2 /INPUT 1 "invalidate_i";
    .port_info 3 /INPUT 1 "branch_request_i";
    .port_info 4 /INPUT 1 "branch_is_taken_i";
    .port_info 5 /INPUT 1 "branch_is_not_taken_i";
    .port_info 6 /INPUT 32 "branch_source_i";
    .port_info 7 /INPUT 1 "branch_is_call_i";
    .port_info 8 /INPUT 1 "branch_is_ret_i";
    .port_info 9 /INPUT 1 "branch_is_jmp_i";
    .port_info 10 /INPUT 32 "branch_pc_i";
    .port_info 11 /INPUT 32 "pc_f_i";
    .port_info 12 /INPUT 1 "pc_accept_i";
    .port_info 13 /OUTPUT 32 "next_pc_f_o";
    .port_info 14 /OUTPUT 2 "next_taken_f_o";
P_0x5986361d4e80 .param/l "BHT_ENABLE" 0 15 38, +C4<00000000000000000000000000000001>;
P_0x5986361d4ec0 .param/l "GSHARE_ENABLE" 0 15 37, +C4<00000000000000000000000000000000>;
P_0x5986361d4f00 .param/l "NUM_BHT_ENTRIES" 0 15 34, +C4<00000000000000000000001000000000>;
P_0x5986361d4f40 .param/l "NUM_BHT_ENTRIES_W" 0 15 35, +C4<00000000000000000000000000001001>;
P_0x5986361d4f80 .param/l "NUM_BTB_ENTRIES" 0 15 32, +C4<00000000000000000000000000100000>;
P_0x5986361d4fc0 .param/l "NUM_BTB_ENTRIES_W" 0 15 33, +C4<00000000000000000000000000000101>;
P_0x5986361d5000 .param/l "NUM_RAS_ENTRIES" 0 15 39, +C4<00000000000000000000000000001000>;
P_0x5986361d5040 .param/l "NUM_RAS_ENTRIES_W" 0 15 40, +C4<00000000000000000000000000000011>;
P_0x5986361d5080 .param/l "RAS_ENABLE" 0 15 36, +C4<00000000000000000000000000000001>;
P_0x5986361d50c0 .param/l "RAS_INVALID" 1 15 68, C4<00000000000000000000000000000001>;
P_0x5986361d5100 .param/l "SUPPORT_BRANCH_PREDICTION" 0 15 31, +C4<00000000000000000000000000000001>;
v0x5986361dab80_0 .net *"_ivl_0", 8 0, L_0x5986362680c0;  1 drivers
v0x5986361dac20_0 .net "branch_is_call_i", 0 0, L_0x5986362fff80;  alias, 1 drivers
v0x5986361dacc0_0 .net "branch_is_jmp_i", 0 0, L_0x5986363004a0;  alias, 1 drivers
v0x5986361dad60_0 .net "branch_is_not_taken_i", 0 0, L_0x5986362ffe80;  alias, 1 drivers
v0x5986361dae00_0 .net "branch_is_ret_i", 0 0, L_0x5986363003a0;  alias, 1 drivers
v0x5986361daea0_0 .net "branch_is_taken_i", 0 0, L_0x5986362ffb70;  alias, 1 drivers
v0x5986361daf40_0 .net "branch_pc_i", 31 0, L_0x5986362ff7e0;  alias, 1 drivers
v0x5986361dafe0_0 .net "branch_request_i", 0 0, L_0x5986362ffa00;  alias, 1 drivers
v0x5986361db080_0 .net "branch_source_i", 31 0, L_0x5986362ffd70;  alias, 1 drivers
v0x5986361db120_0 .net "clk_i", 0 0, v0x5986362531c0_0;  alias, 1 drivers
L_0x71dfbb7b74e0 .functor BUFT 1, C4<0>, C4<0>, C4<0>, C4<0>;
v0x5986361db1c0_0 .net "invalidate_i", 0 0, L_0x71dfbb7b74e0;  1 drivers
v0x5986361db260_0 .net "next_pc_f_o", 31 0, L_0x598636269420;  alias, 1 drivers
v0x5986361db300_0 .net "next_taken_f_o", 1 0, L_0x598636269cd0;  alias, 1 drivers
v0x5986361db3a0_0 .net "pc_accept_i", 0 0, L_0x5986362d83d0;  alias, 1 drivers
v0x5986361db440_0 .net "pc_f_i", 31 0, L_0x5986362d79f0;  alias, 1 drivers
v0x5986361db4e0_0 .net "rst_i", 0 0, v0x598636255910_0;  alias, 1 drivers
L_0x5986362680c0 .functor MUXZ 9, v0x5986361d9e60_0, v0x5986361d9f00_0, L_0x5986362ffa00, C4<>;
L_0x5986362681f0 .part L_0x5986362ffd70, 2, 9;
L_0x598636268390 .part L_0x5986362d79f0, 3, 8;
L_0x5986362686e0 .part L_0x5986362ffd70, 2, 9;
L_0x5986362687b0 .part L_0x5986362d79f0, 3, 8;
L_0x71dfbb7b7408 .functor BUFT 1, C4<00000000000000000000000000000100>, C4<0>, C4<0>, C4<0>;
L_0x598636269420 .arith/sum 32, L_0x5986362d79f0, L_0x71dfbb7b7408;
L_0x598636269660 .part L_0x5986362d79f0, 2, 1;
S_0x5986361d52c0 .scope generate, "BRANCH_PREDICTION" "BRANCH_PREDICTION" 15 74, 15 74 0, S_0x5986361d4cf0;
 .timescale 0 0;
L_0x598636266930 .functor AND 1, L_0x5986362d83d0, L_0x598636266890, C4<1>, C4<1>;
L_0x598636266b80 .functor BUFZ 32, L_0x5986362669a0, C4<00000000000000000000000000000000>, C4<00000000000000000000000000000000>, C4<00000000000000000000000000000000>;
L_0x598636266f00 .functor AND 32, L_0x598636266c40, L_0x598636266de0, C4<11111111111111111111111111111111>, C4<11111111111111111111111111111111>;
L_0x71dfbb7b70f0 .functor BUFT 1, C4<00000000000000000000000000000001>, C4<0>, C4<0>, C4<0>;
L_0x598636267010 .functor AND 32, L_0x71dfbb7b70f0, L_0x598636266f00, C4<11111111111111111111111111111111>, C4<11111111111111111111111111111111>;
L_0x5986362673c0 .functor NOT 32, L_0x598636267280, C4<00000000000000000000000000000000>, C4<00000000000000000000000000000000>, C4<00000000000000000000000000000000>;
L_0x598636267480 .functor AND 32, L_0x598636267010, L_0x5986362673c0, C4<11111111111111111111111111111111>, C4<11111111111111111111111111111111>;
L_0x5986362679e0 .functor AND 32, L_0x598636267710, L_0x5986362678e0, C4<11111111111111111111111111111111>, C4<11111111111111111111111111111111>;
L_0x71dfbb7b7210 .functor BUFT 1, C4<00000000000000000000000000000001>, C4<0>, C4<0>, C4<0>;
L_0x598636267aa0 .functor AND 32, L_0x71dfbb7b7210, L_0x5986362679e0, C4<11111111111111111111111111111111>, C4<11111111111111111111111111111111>;
L_0x598636267e50 .functor NOT 32, L_0x598636267ca0, C4<00000000000000000000000000000000>, C4<00000000000000000000000000000000>, C4<00000000000000000000000000000000>;
L_0x598636267f10 .functor AND 32, L_0x598636267aa0, L_0x598636267e50, C4<11111111111111111111111111111111>, C4<11111111111111111111111111111111>;
L_0x598636268320 .functor XOR 9, L_0x5986362680c0, L_0x5986362681f0, C4<000000000>, C4<000000000>;
L_0x598636267d90 .functor XOR 9, v0x5986361d9e60_0, L_0x598636268430, C4<000000000>, C4<000000000>;
L_0x71dfbb7b7330 .functor BUFT 1, C4<1>, C4<0>, C4<0>, C4<0>;
L_0x598636268ed0 .functor AND 1, L_0x71dfbb7b7330, L_0x598636268cf0, C4<1>, C4<1>;
L_0x5986362690d0 .functor BUFZ 1, v0x5986361d9be0_0, C4<0>, C4<0>, C4<0>;
L_0x598636268670 .functor BUFZ 1, v0x5986361d9aa0_0, C4<0>, C4<0>, C4<0>;
L_0x5986362694c0 .functor OR 1, L_0x598636268020, L_0x598636268ed0, C4<0>, C4<0>;
L_0x598636269700 .functor OR 1, L_0x5986362694c0, v0x5986361d8e60_0, C4<0>, C4<0>;
L_0x5986362697c0 .functor AND 1, L_0x5986362690d0, L_0x598636269700, C4<1>, C4<1>;
L_0x598636269a20 .functor NOT 1, v0x5986361d9aa0_0, C4<0>, C4<0>, C4<0>;
L_0x598636269f20 .functor OR 1, L_0x598636268020, L_0x598636268ed0, C4<0>, C4<0>;
L_0x59863626a050 .functor OR 1, L_0x598636269f20, v0x5986361d8e60_0, C4<0>, C4<0>;
L_0x59863626a160 .functor AND 1, L_0x5986362690d0, L_0x59863626a050, C4<1>, C4<1>;
L_0x59863626a2f0 .functor AND 1, L_0x59863626a160, L_0x5986362d83d0, C4<1>, C4<1>;
L_0x59863626a3b0 .functor NOT 1, L_0x59863626a2f0, C4<0>, C4<0>, C4<0>;
L_0x59863626a500 .functor AND 1, L_0x5986362690d0, L_0x59863626a3b0, C4<1>, C4<1>;
L_0x59863626a5c0 .functor AND 1, L_0x59863626a500, L_0x5986362d83d0, C4<1>, C4<1>;
v0x5986361d6230_0 .net *"_ivl_1", 0 0, L_0x598636266890;  1 drivers
v0x5986361d62d0_0 .net *"_ivl_100", 0 0, L_0x5986362694c0;  1 drivers
v0x5986361d6370_0 .net *"_ivl_102", 0 0, L_0x598636269700;  1 drivers
v0x5986361d6410_0 .net *"_ivl_104", 0 0, L_0x5986362697c0;  1 drivers
v0x5986361d64b0_0 .net *"_ivl_106", 0 0, L_0x598636269660;  1 drivers
L_0x71dfbb7b7450 .functor BUFT 1, C4<0>, C4<0>, C4<0>, C4<0>;
v0x5986361d6550_0 .net/2u *"_ivl_107", 0 0, L_0x71dfbb7b7450;  1 drivers
v0x5986361d65f0_0 .net *"_ivl_109", 1 0, L_0x5986362698e0;  1 drivers
v0x5986361d6690_0 .net *"_ivl_111", 0 0, L_0x598636269a20;  1 drivers
v0x5986361d6730_0 .net *"_ivl_113", 1 0, L_0x598636269a90;  1 drivers
v0x5986361d67d0_0 .net *"_ivl_115", 1 0, L_0x598636268e30;  1 drivers
L_0x71dfbb7b7498 .functor BUFT 1, C4<00>, C4<0>, C4<0>, C4<0>;
v0x5986361d6870_0 .net/2u *"_ivl_117", 1 0, L_0x71dfbb7b7498;  1 drivers
v0x5986361d6910_0 .net/2u *"_ivl_12", 31 0, L_0x71dfbb7b70f0;  1 drivers
v0x5986361d69b0_0 .net *"_ivl_121", 0 0, L_0x598636269f20;  1 drivers
v0x5986361d6a50_0 .net *"_ivl_123", 0 0, L_0x59863626a050;  1 drivers
v0x5986361d6af0_0 .net *"_ivl_125", 0 0, L_0x59863626a160;  1 drivers
v0x5986361d6b90_0 .net *"_ivl_129", 0 0, L_0x59863626a3b0;  1 drivers
v0x5986361d6c30_0 .net *"_ivl_131", 0 0, L_0x59863626a500;  1 drivers
v0x5986361d6de0_0 .net *"_ivl_14", 31 0, L_0x598636266c40;  1 drivers
L_0x71dfbb7b7138 .functor BUFT 1, C4<0000000000000000000000000000000>, C4<0>, C4<0>, C4<0>;
v0x5986361d6e80_0 .net *"_ivl_17", 30 0, L_0x71dfbb7b7138;  1 drivers
v0x5986361d6f20_0 .net *"_ivl_18", 31 0, L_0x598636266de0;  1 drivers
L_0x71dfbb7b7180 .functor BUFT 1, C4<0000000000000000000000000000000>, C4<0>, C4<0>, C4<0>;
v0x5986361d6fc0_0 .net *"_ivl_21", 30 0, L_0x71dfbb7b7180;  1 drivers
v0x5986361d7060_0 .net *"_ivl_22", 31 0, L_0x598636266f00;  1 drivers
v0x5986361d7100_0 .net *"_ivl_24", 31 0, L_0x598636267010;  1 drivers
v0x5986361d71a0_0 .net *"_ivl_27", 0 0, L_0x598636267150;  1 drivers
v0x5986361d7240_0 .net *"_ivl_28", 31 0, L_0x598636267280;  1 drivers
L_0x71dfbb7b71c8 .functor BUFT 1, C4<0000000000000000000000000000000>, C4<0>, C4<0>, C4<0>;
v0x5986361d72e0_0 .net *"_ivl_31", 30 0, L_0x71dfbb7b71c8;  1 drivers
v0x5986361d7380_0 .net *"_ivl_32", 31 0, L_0x5986362673c0;  1 drivers
v0x5986361d7420_0 .net *"_ivl_34", 31 0, L_0x598636267480;  1 drivers
v0x5986361d74c0_0 .net/2u *"_ivl_38", 31 0, L_0x71dfbb7b7210;  1 drivers
v0x5986361d7560_0 .net *"_ivl_4", 31 0, L_0x5986362669a0;  1 drivers
v0x5986361d7600_0 .net *"_ivl_40", 31 0, L_0x598636267710;  1 drivers
L_0x71dfbb7b7258 .functor BUFT 1, C4<0000000000000000000000000000000>, C4<0>, C4<0>, C4<0>;
v0x5986361d76a0_0 .net *"_ivl_43", 30 0, L_0x71dfbb7b7258;  1 drivers
v0x5986361d7740_0 .net *"_ivl_44", 31 0, L_0x5986362678e0;  1 drivers
L_0x71dfbb7b72a0 .functor BUFT 1, C4<0000000000000000000000000000000>, C4<0>, C4<0>, C4<0>;
v0x5986361d79f0_0 .net *"_ivl_47", 30 0, L_0x71dfbb7b72a0;  1 drivers
v0x5986361d7a90_0 .net *"_ivl_48", 31 0, L_0x5986362679e0;  1 drivers
v0x5986361d7b30_0 .net *"_ivl_50", 31 0, L_0x598636267aa0;  1 drivers
v0x5986361d7bd0_0 .net *"_ivl_53", 0 0, L_0x598636267c00;  1 drivers
v0x5986361d7c70_0 .net *"_ivl_54", 31 0, L_0x598636267ca0;  1 drivers
L_0x71dfbb7b72e8 .functor BUFT 1, C4<0000000000000000000000000000000>, C4<0>, C4<0>, C4<0>;
v0x5986361d7d10_0 .net *"_ivl_57", 30 0, L_0x71dfbb7b72e8;  1 drivers
v0x5986361d7db0_0 .net *"_ivl_58", 31 0, L_0x598636267e50;  1 drivers
v0x5986361d7e50_0 .net *"_ivl_6", 4 0, L_0x598636266a40;  1 drivers
v0x5986361d7ef0_0 .net *"_ivl_60", 31 0, L_0x598636267f10;  1 drivers
v0x5986361d7f90_0 .net *"_ivl_64", 8 0, L_0x5986362681f0;  1 drivers
v0x5986361d8030_0 .net *"_ivl_67", 7 0, L_0x598636268390;  1 drivers
v0x5986361d80d0_0 .net *"_ivl_68", 8 0, L_0x598636268430;  1 drivers
v0x5986361d8170_0 .net *"_ivl_73", 7 0, L_0x5986362687b0;  1 drivers
v0x5986361d8210_0 .net/2u *"_ivl_76", 0 0, L_0x71dfbb7b7330;  1 drivers
v0x5986361d82b0_0 .net *"_ivl_78", 1 0, L_0x598636268a00;  1 drivers
v0x5986361d8350_0 .net *"_ivl_80", 10 0, L_0x598636268b60;  1 drivers
L_0x71dfbb7b7378 .functor BUFT 1, C4<00>, C4<0>, C4<0>, C4<0>;
v0x5986361d83f0_0 .net *"_ivl_83", 1 0, L_0x71dfbb7b7378;  1 drivers
L_0x71dfbb7b73c0 .functor BUFT 1, C4<10>, C4<0>, C4<0>, C4<0>;
v0x5986361d8490_0 .net/2u *"_ivl_84", 1 0, L_0x71dfbb7b73c0;  1 drivers
v0x5986361d8530_0 .net *"_ivl_86", 0 0, L_0x598636268cf0;  1 drivers
L_0x71dfbb7b70a8 .functor BUFT 1, C4<00>, C4<0>, C4<0>, C4<0>;
v0x5986361d85d0_0 .net *"_ivl_9", 1 0, L_0x71dfbb7b70a8;  1 drivers
v0x5986361d8670_0 .net/2u *"_ivl_98", 31 0, L_0x71dfbb7b7408;  1 drivers
v0x5986361d8710_0 .net "bht_predict_taken_w", 0 0, L_0x598636268ed0;  1 drivers
v0x5986361d87b0_0 .net "bht_rd_entry_w", 8 0, L_0x5986362688e0;  1 drivers
v0x5986361d8850 .array "bht_sat_q", 0 511, 1 0;
v0x5986361d88f0_0 .net "bht_wr_entry_w", 8 0, L_0x5986362686e0;  1 drivers
v0x5986361d8990_0 .var "btb_entry_r", 4 0;
v0x5986361d8a30_0 .var "btb_hit_r", 0 0;
v0x5986361d8ad0 .array "btb_is_call_q", 0 31, 0 0;
v0x5986361d8b70_0 .var "btb_is_call_r", 0 0;
v0x5986361d8c10_0 .net "btb_is_call_w", 0 0, v0x5986361d8b70_0;  1 drivers
v0x5986361d8cb0 .array "btb_is_jmp_q", 0 31, 0 0;
v0x5986361d8e60_0 .var "btb_is_jmp_r", 0 0;
v0x5986361d9310 .array "btb_is_ret_q", 0 31, 0 0;
v0x5986361d94c0_0 .var "btb_is_ret_r", 0 0;
v0x5986361d9560_0 .net "btb_is_ret_w", 0 0, v0x5986361d94c0_0;  1 drivers
v0x5986361d9600_0 .var "btb_miss_r", 0 0;
v0x5986361d96a0_0 .var "btb_next_pc_r", 31 0;
v0x5986361d9740 .array "btb_pc_q", 0 31, 31 0;
v0x5986361d98f0 .array "btb_target_q", 0 31, 31 0;
v0x5986361d9aa0_0 .var "btb_upper_r", 0 0;
v0x5986361d9b40_0 .net "btb_upper_w", 0 0, L_0x598636268670;  1 drivers
v0x5986361d9be0_0 .var "btb_valid_r", 0 0;
v0x5986361d9c80_0 .net "btb_valid_w", 0 0, L_0x5986362690d0;  1 drivers
v0x5986361d9d20_0 .net "btb_wr_alloc_w", 4 0, L_0x598636268fe0;  1 drivers
v0x5986361d9dc0_0 .var "btb_wr_entry_r", 4 0;
v0x5986361d9e60_0 .var "global_history_q", 8 0;
v0x5986361d9f00_0 .var "global_history_real_q", 8 0;
v0x5986361d9fa0_0 .net "gshare_rd_entry_w", 8 0, L_0x598636267d90;  1 drivers
v0x5986361da040_0 .net "gshare_wr_entry_w", 8 0, L_0x598636268320;  1 drivers
v0x5986361da0e0_0 .var/i "i0", 31 0;
v0x5986361da180_0 .var/i "i1", 31 0;
v0x5986361da220_0 .var/i "i2", 31 0;
v0x5986361da2c0_0 .var/i "i3", 31 0;
v0x5986361da360_0 .var/i "i4", 31 0;
v0x5986361da400_0 .var "pc_accept_q", 0 0;
v0x5986361da4a0_0 .net "pred_ntaken_w", 0 0, L_0x59863626a5c0;  1 drivers
v0x5986361da540_0 .net "pred_taken_w", 0 0, L_0x59863626a2f0;  1 drivers
v0x5986361da5e0_0 .net "ras_call_pred_w", 0 0, L_0x5986362675d0;  1 drivers
v0x5986361da680_0 .var "ras_index_q", 2 0;
v0x5986361da720_0 .var "ras_index_r", 2 0;
v0x5986361da7c0_0 .var "ras_index_real_q", 2 0;
v0x5986361da860_0 .var "ras_index_real_r", 2 0;
v0x5986361da900_0 .net "ras_pc_pred_w", 31 0, L_0x598636266b80;  1 drivers
v0x5986361da9a0_0 .net "ras_ret_pred_w", 0 0, L_0x598636268020;  1 drivers
v0x5986361daa40 .array "ras_stack_q", 0 7, 31 0;
v0x5986361daae0_0 .net "resume_from_stall_w", 0 0, L_0x598636266930;  1 drivers
v0x5986361d9740_0 .array/port v0x5986361d9740, 0;
v0x5986361d9740_1 .array/port v0x5986361d9740, 1;
v0x5986361d9740_2 .array/port v0x5986361d9740, 2;
E_0x598635a64be0/0 .event edge, v0x5986361dafe0_0, v0x5986361d9740_0, v0x5986361d9740_1, v0x5986361d9740_2;
v0x5986361d9740_3 .array/port v0x5986361d9740, 3;
v0x5986361d9740_4 .array/port v0x5986361d9740, 4;
v0x5986361d9740_5 .array/port v0x5986361d9740, 5;
v0x5986361d9740_6 .array/port v0x5986361d9740, 6;
E_0x598635a64be0/1 .event edge, v0x5986361d9740_3, v0x5986361d9740_4, v0x5986361d9740_5, v0x5986361d9740_6;
v0x5986361d9740_7 .array/port v0x5986361d9740, 7;
v0x5986361d9740_8 .array/port v0x5986361d9740, 8;
v0x5986361d9740_9 .array/port v0x5986361d9740, 9;
v0x5986361d9740_10 .array/port v0x5986361d9740, 10;
E_0x598635a64be0/2 .event edge, v0x5986361d9740_7, v0x5986361d9740_8, v0x5986361d9740_9, v0x5986361d9740_10;
v0x5986361d9740_11 .array/port v0x5986361d9740, 11;
v0x5986361d9740_12 .array/port v0x5986361d9740, 12;
v0x5986361d9740_13 .array/port v0x5986361d9740, 13;
v0x5986361d9740_14 .array/port v0x5986361d9740, 14;
E_0x598635a64be0/3 .event edge, v0x5986361d9740_11, v0x5986361d9740_12, v0x5986361d9740_13, v0x5986361d9740_14;
v0x5986361d9740_15 .array/port v0x5986361d9740, 15;
v0x5986361d9740_16 .array/port v0x5986361d9740, 16;
v0x5986361d9740_17 .array/port v0x5986361d9740, 17;
v0x5986361d9740_18 .array/port v0x5986361d9740, 18;
E_0x598635a64be0/4 .event edge, v0x5986361d9740_15, v0x5986361d9740_16, v0x5986361d9740_17, v0x5986361d9740_18;
v0x5986361d9740_19 .array/port v0x5986361d9740, 19;
v0x5986361d9740_20 .array/port v0x5986361d9740, 20;
v0x5986361d9740_21 .array/port v0x5986361d9740, 21;
v0x5986361d9740_22 .array/port v0x5986361d9740, 22;
E_0x598635a64be0/5 .event edge, v0x5986361d9740_19, v0x5986361d9740_20, v0x5986361d9740_21, v0x5986361d9740_22;
v0x5986361d9740_23 .array/port v0x5986361d9740, 23;
v0x5986361d9740_24 .array/port v0x5986361d9740, 24;
v0x5986361d9740_25 .array/port v0x5986361d9740, 25;
v0x5986361d9740_26 .array/port v0x5986361d9740, 26;
E_0x598635a64be0/6 .event edge, v0x5986361d9740_23, v0x5986361d9740_24, v0x5986361d9740_25, v0x5986361d9740_26;
v0x5986361d9740_27 .array/port v0x5986361d9740, 27;
v0x5986361d9740_28 .array/port v0x5986361d9740, 28;
v0x5986361d9740_29 .array/port v0x5986361d9740, 29;
v0x5986361d9740_30 .array/port v0x5986361d9740, 30;
E_0x598635a64be0/7 .event edge, v0x5986361d9740_27, v0x5986361d9740_28, v0x5986361d9740_29, v0x5986361d9740_30;
v0x5986361d9740_31 .array/port v0x5986361d9740, 31;
E_0x598635a64be0/8 .event edge, v0x5986361d9740_31, v0x5986361db080_0, v0x5986361d8a30_0;
E_0x598635a64be0 .event/or E_0x598635a64be0/0, E_0x598635a64be0/1, E_0x598635a64be0/2, E_0x598635a64be0/3, E_0x598635a64be0/4, E_0x598635a64be0/5, E_0x598635a64be0/6, E_0x598635a64be0/7, E_0x598635a64be0/8;
E_0x598635a6ea70/0 .event edge, v0x5986361d47f0_0, v0x5986361d9740_0, v0x5986361d9740_1, v0x5986361d9740_2;
E_0x598635a6ea70/1 .event edge, v0x5986361d9740_3, v0x5986361d9740_4, v0x5986361d9740_5, v0x5986361d9740_6;
E_0x598635a6ea70/2 .event edge, v0x5986361d9740_7, v0x5986361d9740_8, v0x5986361d9740_9, v0x5986361d9740_10;
E_0x598635a6ea70/3 .event edge, v0x5986361d9740_11, v0x5986361d9740_12, v0x5986361d9740_13, v0x5986361d9740_14;
E_0x598635a6ea70/4 .event edge, v0x5986361d9740_15, v0x5986361d9740_16, v0x5986361d9740_17, v0x5986361d9740_18;
E_0x598635a6ea70/5 .event edge, v0x5986361d9740_19, v0x5986361d9740_20, v0x5986361d9740_21, v0x5986361d9740_22;
E_0x598635a6ea70/6 .event edge, v0x5986361d9740_23, v0x5986361d9740_24, v0x5986361d9740_25, v0x5986361d9740_26;
E_0x598635a6ea70/7 .event edge, v0x5986361d9740_27, v0x5986361d9740_28, v0x5986361d9740_29, v0x5986361d9740_30;
v0x5986361d8ad0_0 .array/port v0x5986361d8ad0, 0;
v0x5986361d8ad0_1 .array/port v0x5986361d8ad0, 1;
v0x5986361d8ad0_2 .array/port v0x5986361d8ad0, 2;
E_0x598635a6ea70/8 .event edge, v0x5986361d9740_31, v0x5986361d8ad0_0, v0x5986361d8ad0_1, v0x5986361d8ad0_2;
v0x5986361d8ad0_3 .array/port v0x5986361d8ad0, 3;
v0x5986361d8ad0_4 .array/port v0x5986361d8ad0, 4;
v0x5986361d8ad0_5 .array/port v0x5986361d8ad0, 5;
v0x5986361d8ad0_6 .array/port v0x5986361d8ad0, 6;
E_0x598635a6ea70/9 .event edge, v0x5986361d8ad0_3, v0x5986361d8ad0_4, v0x5986361d8ad0_5, v0x5986361d8ad0_6;
v0x5986361d8ad0_7 .array/port v0x5986361d8ad0, 7;
v0x5986361d8ad0_8 .array/port v0x5986361d8ad0, 8;
v0x5986361d8ad0_9 .array/port v0x5986361d8ad0, 9;
v0x5986361d8ad0_10 .array/port v0x5986361d8ad0, 10;
E_0x598635a6ea70/10 .event edge, v0x5986361d8ad0_7, v0x5986361d8ad0_8, v0x5986361d8ad0_9, v0x5986361d8ad0_10;
v0x5986361d8ad0_11 .array/port v0x5986361d8ad0, 11;
v0x5986361d8ad0_12 .array/port v0x5986361d8ad0, 12;
v0x5986361d8ad0_13 .array/port v0x5986361d8ad0, 13;
v0x5986361d8ad0_14 .array/port v0x5986361d8ad0, 14;
E_0x598635a6ea70/11 .event edge, v0x5986361d8ad0_11, v0x5986361d8ad0_12, v0x5986361d8ad0_13, v0x5986361d8ad0_14;
v0x5986361d8ad0_15 .array/port v0x5986361d8ad0, 15;
v0x5986361d8ad0_16 .array/port v0x5986361d8ad0, 16;
v0x5986361d8ad0_17 .array/port v0x5986361d8ad0, 17;
v0x5986361d8ad0_18 .array/port v0x5986361d8ad0, 18;
E_0x598635a6ea70/12 .event edge, v0x5986361d8ad0_15, v0x5986361d8ad0_16, v0x5986361d8ad0_17, v0x5986361d8ad0_18;
v0x5986361d8ad0_19 .array/port v0x5986361d8ad0, 19;
v0x5986361d8ad0_20 .array/port v0x5986361d8ad0, 20;
v0x5986361d8ad0_21 .array/port v0x5986361d8ad0, 21;
v0x5986361d8ad0_22 .array/port v0x5986361d8ad0, 22;
E_0x598635a6ea70/13 .event edge, v0x5986361d8ad0_19, v0x5986361d8ad0_20, v0x5986361d8ad0_21, v0x5986361d8ad0_22;
v0x5986361d8ad0_23 .array/port v0x5986361d8ad0, 23;
v0x5986361d8ad0_24 .array/port v0x5986361d8ad0, 24;
v0x5986361d8ad0_25 .array/port v0x5986361d8ad0, 25;
v0x5986361d8ad0_26 .array/port v0x5986361d8ad0, 26;
E_0x598635a6ea70/14 .event edge, v0x5986361d8ad0_23, v0x5986361d8ad0_24, v0x5986361d8ad0_25, v0x5986361d8ad0_26;
v0x5986361d8ad0_27 .array/port v0x5986361d8ad0, 27;
v0x5986361d8ad0_28 .array/port v0x5986361d8ad0, 28;
v0x5986361d8ad0_29 .array/port v0x5986361d8ad0, 29;
v0x5986361d8ad0_30 .array/port v0x5986361d8ad0, 30;
E_0x598635a6ea70/15 .event edge, v0x5986361d8ad0_27, v0x5986361d8ad0_28, v0x5986361d8ad0_29, v0x5986361d8ad0_30;
v0x5986361d8ad0_31 .array/port v0x5986361d8ad0, 31;
v0x5986361d9310_0 .array/port v0x5986361d9310, 0;
v0x5986361d9310_1 .array/port v0x5986361d9310, 1;
v0x5986361d9310_2 .array/port v0x5986361d9310, 2;
E_0x598635a6ea70/16 .event edge, v0x5986361d8ad0_31, v0x5986361d9310_0, v0x5986361d9310_1, v0x5986361d9310_2;
v0x5986361d9310_3 .array/port v0x5986361d9310, 3;
v0x5986361d9310_4 .array/port v0x5986361d9310, 4;
v0x5986361d9310_5 .array/port v0x5986361d9310, 5;
v0x5986361d9310_6 .array/port v0x5986361d9310, 6;
E_0x598635a6ea70/17 .event edge, v0x5986361d9310_3, v0x5986361d9310_4, v0x5986361d9310_5, v0x5986361d9310_6;
v0x5986361d9310_7 .array/port v0x5986361d9310, 7;
v0x5986361d9310_8 .array/port v0x5986361d9310, 8;
v0x5986361d9310_9 .array/port v0x5986361d9310, 9;
v0x5986361d9310_10 .array/port v0x5986361d9310, 10;
E_0x598635a6ea70/18 .event edge, v0x5986361d9310_7, v0x5986361d9310_8, v0x5986361d9310_9, v0x5986361d9310_10;
v0x5986361d9310_11 .array/port v0x5986361d9310, 11;
v0x5986361d9310_12 .array/port v0x5986361d9310, 12;
v0x5986361d9310_13 .array/port v0x5986361d9310, 13;
v0x5986361d9310_14 .array/port v0x5986361d9310, 14;
E_0x598635a6ea70/19 .event edge, v0x5986361d9310_11, v0x5986361d9310_12, v0x5986361d9310_13, v0x5986361d9310_14;
v0x5986361d9310_15 .array/port v0x5986361d9310, 15;
v0x5986361d9310_16 .array/port v0x5986361d9310, 16;
v0x5986361d9310_17 .array/port v0x5986361d9310, 17;
v0x5986361d9310_18 .array/port v0x5986361d9310, 18;
E_0x598635a6ea70/20 .event edge, v0x5986361d9310_15, v0x5986361d9310_16, v0x5986361d9310_17, v0x5986361d9310_18;
v0x5986361d9310_19 .array/port v0x5986361d9310, 19;
v0x5986361d9310_20 .array/port v0x5986361d9310, 20;
v0x5986361d9310_21 .array/port v0x5986361d9310, 21;
v0x5986361d9310_22 .array/port v0x5986361d9310, 22;
E_0x598635a6ea70/21 .event edge, v0x5986361d9310_19, v0x5986361d9310_20, v0x5986361d9310_21, v0x5986361d9310_22;
v0x5986361d9310_23 .array/port v0x5986361d9310, 23;
v0x5986361d9310_24 .array/port v0x5986361d9310, 24;
v0x5986361d9310_25 .array/port v0x5986361d9310, 25;
v0x5986361d9310_26 .array/port v0x5986361d9310, 26;
E_0x598635a6ea70/22 .event edge, v0x5986361d9310_23, v0x5986361d9310_24, v0x5986361d9310_25, v0x5986361d9310_26;
v0x5986361d9310_27 .array/port v0x5986361d9310, 27;
v0x5986361d9310_28 .array/port v0x5986361d9310, 28;
v0x5986361d9310_29 .array/port v0x5986361d9310, 29;
v0x5986361d9310_30 .array/port v0x5986361d9310, 30;
E_0x598635a6ea70/23 .event edge, v0x5986361d9310_27, v0x5986361d9310_28, v0x5986361d9310_29, v0x5986361d9310_30;
v0x5986361d9310_31 .array/port v0x5986361d9310, 31;
v0x5986361d8cb0_0 .array/port v0x5986361d8cb0, 0;
v0x5986361d8cb0_1 .array/port v0x5986361d8cb0, 1;
v0x5986361d8cb0_2 .array/port v0x5986361d8cb0, 2;
E_0x598635a6ea70/24 .event edge, v0x5986361d9310_31, v0x5986361d8cb0_0, v0x5986361d8cb0_1, v0x5986361d8cb0_2;
v0x5986361d8cb0_3 .array/port v0x5986361d8cb0, 3;
v0x5986361d8cb0_4 .array/port v0x5986361d8cb0, 4;
v0x5986361d8cb0_5 .array/port v0x5986361d8cb0, 5;
v0x5986361d8cb0_6 .array/port v0x5986361d8cb0, 6;
E_0x598635a6ea70/25 .event edge, v0x5986361d8cb0_3, v0x5986361d8cb0_4, v0x5986361d8cb0_5, v0x5986361d8cb0_6;
v0x5986361d8cb0_7 .array/port v0x5986361d8cb0, 7;
v0x5986361d8cb0_8 .array/port v0x5986361d8cb0, 8;
v0x5986361d8cb0_9 .array/port v0x5986361d8cb0, 9;
v0x5986361d8cb0_10 .array/port v0x5986361d8cb0, 10;
E_0x598635a6ea70/26 .event edge, v0x5986361d8cb0_7, v0x5986361d8cb0_8, v0x5986361d8cb0_9, v0x5986361d8cb0_10;
v0x5986361d8cb0_11 .array/port v0x5986361d8cb0, 11;
v0x5986361d8cb0_12 .array/port v0x5986361d8cb0, 12;
v0x5986361d8cb0_13 .array/port v0x5986361d8cb0, 13;
v0x5986361d8cb0_14 .array/port v0x5986361d8cb0, 14;
E_0x598635a6ea70/27 .event edge, v0x5986361d8cb0_11, v0x5986361d8cb0_12, v0x5986361d8cb0_13, v0x5986361d8cb0_14;
v0x5986361d8cb0_15 .array/port v0x5986361d8cb0, 15;
v0x5986361d8cb0_16 .array/port v0x5986361d8cb0, 16;
v0x5986361d8cb0_17 .array/port v0x5986361d8cb0, 17;
v0x5986361d8cb0_18 .array/port v0x5986361d8cb0, 18;
E_0x598635a6ea70/28 .event edge, v0x5986361d8cb0_15, v0x5986361d8cb0_16, v0x5986361d8cb0_17, v0x5986361d8cb0_18;
v0x5986361d8cb0_19 .array/port v0x5986361d8cb0, 19;
v0x5986361d8cb0_20 .array/port v0x5986361d8cb0, 20;
v0x5986361d8cb0_21 .array/port v0x5986361d8cb0, 21;
v0x5986361d8cb0_22 .array/port v0x5986361d8cb0, 22;
E_0x598635a6ea70/29 .event edge, v0x5986361d8cb0_19, v0x5986361d8cb0_20, v0x5986361d8cb0_21, v0x5986361d8cb0_22;
v0x5986361d8cb0_23 .array/port v0x5986361d8cb0, 23;
v0x5986361d8cb0_24 .array/port v0x5986361d8cb0, 24;
v0x5986361d8cb0_25 .array/port v0x5986361d8cb0, 25;
v0x5986361d8cb0_26 .array/port v0x5986361d8cb0, 26;
E_0x598635a6ea70/30 .event edge, v0x5986361d8cb0_23, v0x5986361d8cb0_24, v0x5986361d8cb0_25, v0x5986361d8cb0_26;
v0x5986361d8cb0_27 .array/port v0x5986361d8cb0, 27;
v0x5986361d8cb0_28 .array/port v0x5986361d8cb0, 28;
v0x5986361d8cb0_29 .array/port v0x5986361d8cb0, 29;
v0x5986361d8cb0_30 .array/port v0x5986361d8cb0, 30;
E_0x598635a6ea70/31 .event edge, v0x5986361d8cb0_27, v0x5986361d8cb0_28, v0x5986361d8cb0_29, v0x5986361d8cb0_30;
v0x5986361d8cb0_31 .array/port v0x5986361d8cb0, 31;
v0x5986361d98f0_0 .array/port v0x5986361d98f0, 0;
v0x5986361d98f0_1 .array/port v0x5986361d98f0, 1;
v0x5986361d98f0_2 .array/port v0x5986361d98f0, 2;
E_0x598635a6ea70/32 .event edge, v0x5986361d8cb0_31, v0x5986361d98f0_0, v0x5986361d98f0_1, v0x5986361d98f0_2;
v0x5986361d98f0_3 .array/port v0x5986361d98f0, 3;
v0x5986361d98f0_4 .array/port v0x5986361d98f0, 4;
v0x5986361d98f0_5 .array/port v0x5986361d98f0, 5;
v0x5986361d98f0_6 .array/port v0x5986361d98f0, 6;
E_0x598635a6ea70/33 .event edge, v0x5986361d98f0_3, v0x5986361d98f0_4, v0x5986361d98f0_5, v0x5986361d98f0_6;
v0x5986361d98f0_7 .array/port v0x5986361d98f0, 7;
v0x5986361d98f0_8 .array/port v0x5986361d98f0, 8;
v0x5986361d98f0_9 .array/port v0x5986361d98f0, 9;
v0x5986361d98f0_10 .array/port v0x5986361d98f0, 10;
E_0x598635a6ea70/34 .event edge, v0x5986361d98f0_7, v0x5986361d98f0_8, v0x5986361d98f0_9, v0x5986361d98f0_10;
v0x5986361d98f0_11 .array/port v0x5986361d98f0, 11;
v0x5986361d98f0_12 .array/port v0x5986361d98f0, 12;
v0x5986361d98f0_13 .array/port v0x5986361d98f0, 13;
v0x5986361d98f0_14 .array/port v0x5986361d98f0, 14;
E_0x598635a6ea70/35 .event edge, v0x5986361d98f0_11, v0x5986361d98f0_12, v0x5986361d98f0_13, v0x5986361d98f0_14;
v0x5986361d98f0_15 .array/port v0x5986361d98f0, 15;
v0x5986361d98f0_16 .array/port v0x5986361d98f0, 16;
v0x5986361d98f0_17 .array/port v0x5986361d98f0, 17;
v0x5986361d98f0_18 .array/port v0x5986361d98f0, 18;
E_0x598635a6ea70/36 .event edge, v0x5986361d98f0_15, v0x5986361d98f0_16, v0x5986361d98f0_17, v0x5986361d98f0_18;
v0x5986361d98f0_19 .array/port v0x5986361d98f0, 19;
v0x5986361d98f0_20 .array/port v0x5986361d98f0, 20;
v0x5986361d98f0_21 .array/port v0x5986361d98f0, 21;
v0x5986361d98f0_22 .array/port v0x5986361d98f0, 22;
E_0x598635a6ea70/37 .event edge, v0x5986361d98f0_19, v0x5986361d98f0_20, v0x5986361d98f0_21, v0x5986361d98f0_22;
v0x5986361d98f0_23 .array/port v0x5986361d98f0, 23;
v0x5986361d98f0_24 .array/port v0x5986361d98f0, 24;
v0x5986361d98f0_25 .array/port v0x5986361d98f0, 25;
v0x5986361d98f0_26 .array/port v0x5986361d98f0, 26;
E_0x598635a6ea70/38 .event edge, v0x5986361d98f0_23, v0x5986361d98f0_24, v0x5986361d98f0_25, v0x5986361d98f0_26;
v0x5986361d98f0_27 .array/port v0x5986361d98f0, 27;
v0x5986361d98f0_28 .array/port v0x5986361d98f0, 28;
v0x5986361d98f0_29 .array/port v0x5986361d98f0, 29;
v0x5986361d98f0_30 .array/port v0x5986361d98f0, 30;
E_0x598635a6ea70/39 .event edge, v0x5986361d98f0_27, v0x5986361d98f0_28, v0x5986361d98f0_29, v0x5986361d98f0_30;
v0x5986361d98f0_31 .array/port v0x5986361d98f0, 31;
E_0x598635a6ea70/40 .event edge, v0x5986361d98f0_31, v0x5986361d6050_0;
E_0x598635a6ea70 .event/or E_0x598635a6ea70/0, E_0x598635a6ea70/1, E_0x598635a6ea70/2, E_0x598635a6ea70/3, E_0x598635a6ea70/4, E_0x598635a6ea70/5, E_0x598635a6ea70/6, E_0x598635a6ea70/7, E_0x598635a6ea70/8, E_0x598635a6ea70/9, E_0x598635a6ea70/10, E_0x598635a6ea70/11, E_0x598635a6ea70/12, E_0x598635a6ea70/13, E_0x598635a6ea70/14, E_0x598635a6ea70/15, E_0x598635a6ea70/16, E_0x598635a6ea70/17, E_0x598635a6ea70/18, E_0x598635a6ea70/19, E_0x598635a6ea70/20, E_0x598635a6ea70/21, E_0x598635a6ea70/22, E_0x598635a6ea70/23, E_0x598635a6ea70/24, E_0x598635a6ea70/25, E_0x598635a6ea70/26, E_0x598635a6ea70/27, E_0x598635a6ea70/28, E_0x598635a6ea70/29, E_0x598635a6ea70/30, E_0x598635a6ea70/31, E_0x598635a6ea70/32, E_0x598635a6ea70/33, E_0x598635a6ea70/34, E_0x598635a6ea70/35, E_0x598635a6ea70/36, E_0x598635a6ea70/37, E_0x598635a6ea70/38, E_0x598635a6ea70/39, E_0x598635a6ea70/40;
E_0x598635a21c40/0 .event edge, v0x5986361da680_0, v0x5986361dafe0_0, v0x5986361dac20_0, v0x5986361da7c0_0;
E_0x598635a21c40/1 .event edge, v0x5986361dae00_0, v0x5986361da5e0_0, v0x5986361d46b0_0, v0x5986361da9a0_0;
E_0x598635a21c40 .event/or E_0x598635a21c40/0, E_0x598635a21c40/1;
E_0x598635a21c80 .event edge, v0x5986361da7c0_0, v0x5986361dafe0_0, v0x5986361dac20_0, v0x5986361dae00_0;
L_0x598636266890 .reduce/nor v0x5986361da400_0;
L_0x5986362669a0 .array/port v0x5986361daa40, L_0x598636266a40;
L_0x598636266a40 .concat [ 3 2 0 0], v0x5986361da680_0, L_0x71dfbb7b70a8;
L_0x598636266c40 .concat [ 1 31 0 0], L_0x5986362690d0, L_0x71dfbb7b7138;
L_0x598636266de0 .concat [ 1 31 0 0], v0x5986361d8b70_0, L_0x71dfbb7b7180;
L_0x598636267150 .part L_0x598636266b80, 0, 1;
L_0x598636267280 .concat [ 1 31 0 0], L_0x598636267150, L_0x71dfbb7b71c8;
L_0x5986362675d0 .part L_0x598636267480, 0, 1;
L_0x598636267710 .concat [ 1 31 0 0], L_0x5986362690d0, L_0x71dfbb7b7258;
L_0x5986362678e0 .concat [ 1 31 0 0], v0x5986361d94c0_0, L_0x71dfbb7b72a0;
L_0x598636267c00 .part L_0x598636266b80, 0, 1;
L_0x598636267ca0 .concat [ 1 31 0 0], L_0x598636267c00, L_0x71dfbb7b72e8;
L_0x598636268020 .part L_0x598636267f10, 0, 1;
L_0x598636268430 .concat [ 1 8 0 0], L_0x598636268670, L_0x598636268390;
L_0x5986362688e0 .concat [ 1 8 0 0], L_0x598636268670, L_0x5986362687b0;
L_0x598636268a00 .array/port v0x5986361d8850, L_0x598636268b60;
L_0x598636268b60 .concat [ 9 2 0 0], L_0x5986362688e0, L_0x71dfbb7b7378;
L_0x598636268cf0 .cmp/ge 2, L_0x598636268a00, L_0x71dfbb7b73c0;
L_0x5986362698e0 .concat [ 1 1 0 0], L_0x71dfbb7b7450, v0x5986361d9aa0_0;
L_0x598636269a90 .concat [ 1 1 0 0], L_0x598636269a20, v0x5986361d9aa0_0;
L_0x598636268e30 .functor MUXZ 2, L_0x598636269a90, L_0x5986362698e0, L_0x598636269660, C4<>;
L_0x598636269cd0 .functor MUXZ 2, L_0x71dfbb7b7498, L_0x598636268e30, L_0x5986362697c0, C4<>;
S_0x5986361d5a90 .scope module, "u_lru" "biriscv_npc_lfsr" 15 362, 15 407 0, S_0x5986361d52c0;
 .timescale 0 0;
    .port_info 0 /INPUT 1 "clk_i";
    .port_info 1 /INPUT 1 "rst_i";
    .port_info 2 /INPUT 1 "hit_i";
    .port_info 3 /INPUT 5 "hit_entry_i";
    .port_info 4 /INPUT 1 "alloc_i";
    .port_info 5 /OUTPUT 5 "alloc_entry_o";
P_0x5986361d5c20 .param/l "ADDR_W" 0 15 413, +C4<00000000000000000000000000000101>;
P_0x5986361d5c60 .param/l "DEPTH" 0 15 412, +C4<00000000000000000000000000100000>;
P_0x5986361d5ca0 .param/l "INITIAL_VALUE" 0 15 414, C4<0000000000000001>;
P_0x5986361d5ce0 .param/l "TAP_VALUE" 0 15 415, C4<1011010000000000>;
v0x5986361d5dd0_0 .net "alloc_entry_o", 4 0, L_0x598636268fe0;  alias, 1 drivers
v0x5986361d5e70_0 .net "alloc_i", 0 0, v0x5986361d9600_0;  1 drivers
v0x5986361d5f10_0 .net "clk_i", 0 0, v0x5986362531c0_0;  alias, 1 drivers
v0x5986361d5fb0_0 .net "hit_entry_i", 4 0, v0x5986361d8990_0;  1 drivers
v0x5986361d6050_0 .net "hit_i", 0 0, v0x5986361d9be0_0;  1 drivers
v0x5986361d60f0_0 .var "lfsr_q", 15 0;
v0x5986361d6190_0 .net "rst_i", 0 0, v0x598636255910_0;  alias, 1 drivers
L_0x598636268fe0 .part v0x5986361d60f0_0, 0, 5;
S_0x5986361de5c0 .scope module, "u_issue" "biriscv_issue" 4 664, 16 26 0, S_0x598635d95d60;
 .timescale 0 0;
    .port_info 0 /INPUT 1 "clk_i";
    .port_info 1 /INPUT 1 "rst_i";
    .port_info 2 /INPUT 1 "fetch0_valid_i";
    .port_info 3 /INPUT 32 "fetch0_instr_i";
    .port_info 4 /INPUT 32 "fetch0_pc_i";
    .port_info 5 /INPUT 1 "fetch0_fault_fetch_i";
    .port_info 6 /INPUT 1 "fetch0_fault_page_i";
    .port_info 7 /INPUT 1 "fetch0_instr_exec_i";
    .port_info 8 /INPUT 1 "fetch0_instr_lsu_i";
    .port_info 9 /INPUT 1 "fetch0_instr_branch_i";
    .port_info 10 /INPUT 1 "fetch0_instr_mul_i";
    .port_info 11 /INPUT 1 "fetch0_instr_div_i";
    .port_info 12 /INPUT 1 "fetch0_instr_csr_i";
    .port_info 13 /INPUT 1 "fetch0_instr_rd_valid_i";
    .port_info 14 /INPUT 1 "fetch0_instr_invalid_i";
    .port_info 15 /INPUT 1 "fetch1_valid_i";
    .port_info 16 /INPUT 32 "fetch1_instr_i";
    .port_info 17 /INPUT 32 "fetch1_pc_i";
    .port_info 18 /INPUT 1 "fetch1_fault_fetch_i";
    .port_info 19 /INPUT 1 "fetch1_fault_page_i";
    .port_info 20 /INPUT 1 "fetch1_instr_exec_i";
    .port_info 21 /INPUT 1 "fetch1_instr_lsu_i";
    .port_info 22 /INPUT 1 "fetch1_instr_branch_i";
    .port_info 23 /INPUT 1 "fetch1_instr_mul_i";
    .port_info 24 /INPUT 1 "fetch1_instr_div_i";
    .port_info 25 /INPUT 1 "fetch1_instr_csr_i";
    .port_info 26 /INPUT 1 "fetch0_instr_mule_i";
    .port_info 27 /INPUT 1 "fetch1_instr_mule_i";
    .port_info 28 /INPUT 1 "fetch0_instr_cbm_i";
    .port_info 29 /INPUT 1 "fetch1_instr_cbm_i";
    .port_info 30 /INPUT 1 "fetch0_instr_mulp_i";
    .port_info 31 /INPUT 1 "fetch1_instr_mulp_i";
    .port_info 32 /INPUT 1 "fetch1_instr_rd_valid_i";
    .port_info 33 /INPUT 1 "fetch1_instr_invalid_i";
    .port_info 34 /INPUT 1 "branch_exec0_request_i";
    .port_info 35 /INPUT 1 "branch_exec0_is_taken_i";
    .port_info 36 /INPUT 1 "branch_exec0_is_not_taken_i";
    .port_info 37 /INPUT 32 "branch_exec0_source_i";
    .port_info 38 /INPUT 1 "branch_exec0_is_call_i";
    .port_info 39 /INPUT 1 "branch_exec0_is_ret_i";
    .port_info 40 /INPUT 1 "branch_exec0_is_jmp_i";
    .port_info 41 /INPUT 32 "branch_exec0_pc_i";
    .port_info 42 /INPUT 1 "branch_d_exec0_request_i";
    .port_info 43 /INPUT 32 "branch_d_exec0_pc_i";
    .port_info 44 /INPUT 2 "branch_d_exec0_priv_i";
    .port_info 45 /INPUT 1 "branch_exec1_request_i";
    .port_info 46 /INPUT 1 "branch_exec1_is_taken_i";
    .port_info 47 /INPUT 1 "branch_exec1_is_not_taken_i";
    .port_info 48 /INPUT 32 "branch_exec1_source_i";
    .port_info 49 /INPUT 1 "branch_exec1_is_call_i";
    .port_info 50 /INPUT 1 "branch_exec1_is_ret_i";
    .port_info 51 /INPUT 1 "branch_exec1_is_jmp_i";
    .port_info 52 /INPUT 32 "branch_exec1_pc_i";
    .port_info 53 /INPUT 1 "branch_d_exec1_request_i";
    .port_info 54 /INPUT 32 "branch_d_exec1_pc_i";
    .port_info 55 /INPUT 2 "branch_d_exec1_priv_i";
    .port_info 56 /INPUT 1 "branch_csr_request_i";
    .port_info 57 /INPUT 32 "branch_csr_pc_i";
    .port_info 58 /INPUT 2 "branch_csr_priv_i";
    .port_info 59 /INPUT 32 "writeback_exec0_value_i";
    .port_info 60 /INPUT 32 "writeback_exec1_value_i";
    .port_info 61 /INPUT 1 "writeback_mem_valid_i";
    .port_info 62 /INPUT 32 "writeback_mem_value_i";
    .port_info 63 /INPUT 6 "writeback_mem_exception_i";
    .port_info 64 /INPUT 32 "writeback_mul_value_i";
    .port_info 65 /INPUT 1 "writeback_div_valid_i";
    .port_info 66 /INPUT 32 "writeback_div_value_i";
    .port_info 67 /INPUT 1 "writeback_mule_valid_i";
    .port_info 68 /INPUT 32 "writeback_mule_value_i";
    .port_info 69 /INPUT 5 "writeback_mule_rd_idx_i";
    .port_info 70 /INPUT 1 "writeback_cbm_valid_i";
    .port_info 71 /INPUT 32 "writeback_cbm_value_i";
    .port_info 72 /INPUT 5 "writeback_cbm_rd_idx_i";
    .port_info 73 /INPUT 1 "writeback_mulp_valid_i";
    .port_info 74 /INPUT 32 "writeback_mulp_value_i";
    .port_info 75 /INPUT 5 "writeback_mulp_rd_idx_i";
    .port_info 76 /INPUT 32 "csr_result_e1_value_i";
    .port_info 77 /INPUT 1 "csr_result_e1_write_i";
    .port_info 78 /INPUT 32 "csr_result_e1_wdata_i";
    .port_info 79 /INPUT 6 "csr_result_e1_exception_i";
    .port_info 80 /INPUT 1 "lsu_stall_i";
    .port_info 81 /INPUT 1 "take_interrupt_i";
    .port_info 82 /OUTPUT 1 "fetch0_accept_o";
    .port_info 83 /OUTPUT 1 "fetch1_accept_o";
    .port_info 84 /OUTPUT 1 "branch_request_o";
    .port_info 85 /OUTPUT 32 "branch_pc_o";
    .port_info 86 /OUTPUT 2 "branch_priv_o";
    .port_info 87 /OUTPUT 1 "branch_info_request_o";
    .port_info 88 /OUTPUT 1 "branch_info_is_taken_o";
    .port_info 89 /OUTPUT 1 "branch_info_is_not_taken_o";
    .port_info 90 /OUTPUT 32 "branch_info_source_o";
    .port_info 91 /OUTPUT 1 "branch_info_is_call_o";
    .port_info 92 /OUTPUT 1 "branch_info_is_ret_o";
    .port_info 93 /OUTPUT 1 "branch_info_is_jmp_o";
    .port_info 94 /OUTPUT 32 "branch_info_pc_o";
    .port_info 95 /OUTPUT 1 "exec0_opcode_valid_o";
    .port_info 96 /OUTPUT 1 "exec1_opcode_valid_o";
    .port_info 97 /OUTPUT 1 "lsu_opcode_valid_o";
    .port_info 98 /OUTPUT 1 "csr_opcode_valid_o";
    .port_info 99 /OUTPUT 1 "mul_opcode_valid_o";
    .port_info 100 /OUTPUT 1 "div_opcode_valid_o";
    .port_info 101 /OUTPUT 1 "mule_opcode_valid_o";
    .port_info 102 /OUTPUT 32 "opcode0_opcode_o";
    .port_info 103 /OUTPUT 32 "opcode0_pc_o";
    .port_info 104 /OUTPUT 1 "opcode0_invalid_o";
    .port_info 105 /OUTPUT 5 "opcode0_rd_idx_o";
    .port_info 106 /OUTPUT 5 "opcode0_ra_idx_o";
    .port_info 107 /OUTPUT 5 "opcode0_rb_idx_o";
    .port_info 108 /OUTPUT 32 "opcode0_ra_operand_o";
    .port_info 109 /OUTPUT 32 "opcode0_rb_operand_o";
    .port_info 110 /OUTPUT 32 "opcode1_opcode_o";
    .port_info 111 /OUTPUT 32 "opcode1_pc_o";
    .port_info 112 /OUTPUT 1 "opcode1_invalid_o";
    .port_info 113 /OUTPUT 5 "opcode1_rd_idx_o";
    .port_info 114 /OUTPUT 5 "opcode1_ra_idx_o";
    .port_info 115 /OUTPUT 5 "opcode1_rb_idx_o";
    .port_info 116 /OUTPUT 32 "opcode1_ra_operand_o";
    .port_info 117 /OUTPUT 32 "opcode1_rb_operand_o";
    .port_info 118 /OUTPUT 32 "lsu_opcode_opcode_o";
    .port_info 119 /OUTPUT 32 "lsu_opcode_pc_o";
    .port_info 120 /OUTPUT 1 "lsu_opcode_invalid_o";
    .port_info 121 /OUTPUT 5 "lsu_opcode_rd_idx_o";
    .port_info 122 /OUTPUT 5 "lsu_opcode_ra_idx_o";
    .port_info 123 /OUTPUT 5 "lsu_opcode_rb_idx_o";
    .port_info 124 /OUTPUT 32 "lsu_opcode_ra_operand_o";
    .port_info 125 /OUTPUT 32 "lsu_opcode_rb_operand_o";
    .port_info 126 /OUTPUT 32 "mul_opcode_opcode_o";
    .port_info 127 /OUTPUT 32 "mul_opcode_pc_o";
    .port_info 128 /OUTPUT 1 "mul_opcode_invalid_o";
    .port_info 129 /OUTPUT 5 "mul_opcode_rd_idx_o";
    .port_info 130 /OUTPUT 5 "mul_opcode_ra_idx_o";
    .port_info 131 /OUTPUT 5 "mul_opcode_rb_idx_o";
    .port_info 132 /OUTPUT 32 "mul_opcode_ra_operand_o";
    .port_info 133 /OUTPUT 32 "mul_opcode_rb_operand_o";
    .port_info 134 /OUTPUT 32 "csr_opcode_opcode_o";
    .port_info 135 /OUTPUT 32 "mule_opcode_opcode_o";
    .port_info 136 /OUTPUT 32 "mule_opcode_pc_o";
    .port_info 137 /OUTPUT 1 "mule_opcode_invalid_o";
    .port_info 138 /OUTPUT 5 "mule_opcode_rd_idx_o";
    .port_info 139 /OUTPUT 5 "mule_opcode_ra_idx_o";
    .port_info 140 /OUTPUT 5 "mule_opcode_rb_idx_o";
    .port_info 141 /OUTPUT 32 "mule_opcode_ra_operand_o";
    .port_info 142 /OUTPUT 32 "mule_opcode_rb_operand_o";
    .port_info 143 /OUTPUT 1 "cbm_opcode_valid_o";
    .port_info 144 /OUTPUT 32 "cbm_opcode_opcode_o";
    .port_info 145 /OUTPUT 32 "cbm_opcode_pc_o";
    .port_info 146 /OUTPUT 1 "cbm_opcode_invalid_o";
    .port_info 147 /OUTPUT 5 "cbm_opcode_rd_idx_o";
    .port_info 148 /OUTPUT 5 "cbm_opcode_ra_idx_o";
    .port_info 149 /OUTPUT 5 "cbm_opcode_rb_idx_o";
    .port_info 150 /OUTPUT 32 "cbm_opcode_ra_operand_o";
    .port_info 151 /OUTPUT 32 "cbm_opcode_rb_operand_o";
    .port_info 152 /OUTPUT 1 "mulp_opcode_valid_o";
    .port_info 153 /OUTPUT 32 "mulp_opcode_opcode_o";
    .port_info 154 /OUTPUT 32 "mulp_opcode_pc_o";
    .port_info 155 /OUTPUT 1 "mulp_opcode_invalid_o";
    .port_info 156 /OUTPUT 5 "mulp_opcode_rd_idx_o";
    .port_info 157 /OUTPUT 5 "mulp_opcode_ra_idx_o";
    .port_info 158 /OUTPUT 5 "mulp_opcode_rb_idx_o";
    .port_info 159 /OUTPUT 32 "mulp_opcode_ra_operand_o";
    .port_info 160 /OUTPUT 32 "mulp_opcode_rb_operand_o";
    .port_info 161 /OUTPUT 32 "csr_opcode_pc_o";
    .port_info 162 /OUTPUT 1 "csr_opcode_invalid_o";
    .port_info 163 /OUTPUT 5 "csr_opcode_rd_idx_o";
    .port_info 164 /OUTPUT 5 "csr_opcode_ra_idx_o";
    .port_info 165 /OUTPUT 5 "csr_opcode_rb_idx_o";
    .port_info 166 /OUTPUT 32 "csr_opcode_ra_operand_o";
    .port_info 167 /OUTPUT 32 "csr_opcode_rb_operand_o";
    .port_info 168 /OUTPUT 1 "csr_writeback_write_o";
    .port_info 169 /OUTPUT 12 "csr_writeback_waddr_o";
    .port_info 170 /OUTPUT 32 "csr_writeback_wdata_o";
    .port_info 171 /OUTPUT 6 "csr_writeback_exception_o";
    .port_info 172 /OUTPUT 32 "csr_writeback_exception_pc_o";
    .port_info 173 /OUTPUT 32 "csr_writeback_exception_addr_o";
    .port_info 174 /OUTPUT 1 "exec0_hold_o";
    .port_info 175 /OUTPUT 1 "exec1_hold_o";
    .port_info 176 /OUTPUT 1 "mul_hold_o";
    .port_info 177 /OUTPUT 1 "interrupt_inhibit_o";
P_0x5986361de750 .param/l "SUPPORT_DUAL_ISSUE" 0 16 32, +C4<00000000000000000000000000000001>;
P_0x5986361de790 .param/l "SUPPORT_LOAD_BYPASS" 0 16 33, +C4<00000000000000000000000000000001>;
P_0x5986361de7d0 .param/l "SUPPORT_MULDIV" 0 16 31, +C4<00000000000000000000000000000001>;
P_0x5986361de810 .param/l "SUPPORT_MUL_BYPASS" 0 16 34, +C4<00000000000000000000000000000001>;
P_0x5986361de850 .param/l "SUPPORT_REGFILE_XILINX" 0 16 35, +C4<00000000000000000000000000000000>;
L_0x5986362f42f0 .functor OR 1, v0x598635fe4f60_0, v0x5986361fbad0_0, C4<0>, C4<0>;
L_0x5986362f4cb0 .functor BUFZ 1, L_0x5986362c72f0, C4<0>, C4<0>, C4<0>;
L_0x5986362f5600 .functor BUFZ 1, L_0x5986362cd000, C4<0>, C4<0>, C4<0>;
L_0x5986362f5670 .functor BUFZ 1, L_0x5986362cf530, C4<0>, C4<0>, C4<0>;
L_0x5986362f5730 .functor BUFZ 1, L_0x5986362d0600, C4<0>, C4<0>, C4<0>;
L_0x5986362f57f0 .functor BUFZ 1, L_0x5986362d1d30, C4<0>, C4<0>, C4<0>;
L_0x5986362f58b0 .functor BUFZ 1, L_0x5986362d24a0, C4<0>, C4<0>, C4<0>;
L_0x5986362f5920 .functor BUFZ 1, L_0x5986362d4dc0, C4<0>, C4<0>, C4<0>;
L_0x5986362f59e0 .functor BUFZ 1, L_0x5986362b9450, C4<0>, C4<0>, C4<0>;
L_0x5986362fa810 .functor BUFZ 1, L_0x598636304ef0, C4<0>, C4<0>, C4<0>;
L_0x5986362fa880 .functor BUFZ 1, L_0x598636304ef0, C4<0>, C4<0>, C4<0>;
L_0x5986362ff340 .functor BUFZ 1, L_0x598636304ef0, C4<0>, C4<0>, C4<0>;
L_0x5986362ff420 .functor OR 6, v0x5986361e3b90_0, v0x5986361eaab0_0, C4<000000>, C4<000000>;
L_0x5986362ffa00 .functor BUFZ 1, v0x5986361fbad0_0, C4<0>, C4<0>, C4<0>;
L_0x5986362ff3b0 .functor AND 1, L_0x5986362fb630, L_0x59863630fe40, C4<1>, C4<1>;
L_0x5986362ffa70 .functor AND 1, L_0x5986362f6710, L_0x59863630f3d0, C4<1>, C4<1>;
L_0x5986362ffb70 .functor OR 1, L_0x5986362ff3b0, L_0x5986362ffa70, C4<0>, C4<0>;
L_0x5986362ffc70 .functor AND 1, L_0x5986362fb630, L_0x59863630ff40, C4<1>, C4<1>;
L_0x5986362ffe10 .functor AND 1, L_0x5986362f6710, L_0x59863630f440, C4<1>, C4<1>;
L_0x5986362ffe80 .functor OR 1, L_0x5986362ffc70, L_0x5986362ffe10, C4<0>, C4<0>;
L_0x598636300030 .functor AND 1, L_0x5986362fb630, v0x598635fa9010_0, C4<1>, C4<1>;
L_0x5986363000a0 .functor AND 1, L_0x5986362f6710, v0x598636125660_0, C4<1>, C4<1>;
L_0x5986362fff80 .functor OR 1, L_0x598636300030, L_0x5986363000a0, C4<0>, C4<0>;
L_0x598636300260 .functor AND 1, L_0x5986362fb630, v0x598635fdf180_0, C4<1>, C4<1>;
L_0x598636300110 .functor AND 1, L_0x5986362f6710, v0x59863614bda0_0, C4<1>, C4<1>;
L_0x5986363003a0 .functor OR 1, L_0x598636300260, L_0x598636300110, C4<0>, C4<0>;
L_0x5986363002d0 .functor AND 1, L_0x5986362fb630, v0x598635fabc40_0, C4<1>, C4<1>;
L_0x598636300580 .functor AND 1, L_0x5986362f6710, v0x5986360c5520_0, C4<1>, C4<1>;
L_0x5986363004a0 .functor OR 1, L_0x5986363002d0, L_0x598636300580, C4<0>, C4<0>;
L_0x598636300510 .functor AND 1, L_0x5986362fb630, L_0x59863630fdd0, C4<1>, C4<1>;
L_0x5986363005f0 .functor AND 1, L_0x5986362fb630, L_0x59863630fdd0, C4<1>, C4<1>;
L_0x598636300660 .functor OR 1, L_0x5986362f8e00, L_0x5986362fdd80, C4<0>, C4<0>;
L_0x598636300770 .functor OR 1, L_0x5986362f5600, L_0x5986362f5730, C4<0>, C4<0>;
L_0x5986363007e0 .functor OR 1, L_0x598636300770, L_0x5986362f5670, C4<0>, C4<0>;
L_0x598636300bc0 .functor OR 1, L_0x5986363007e0, L_0x5986362f57f0, C4<0>, C4<0>;
L_0x71dfbb7c6b88 .functor BUFT 1, C4<1>, C4<0>, C4<0>, C4<0>;
L_0x598636300c30 .functor AND 1, L_0x71dfbb7c6b88, L_0x598636300bc0, C4<1>, C4<1>;
L_0x598636300aa0 .functor OR 1, L_0x5986362f4720, L_0x5986362f4810, C4<0>, C4<0>;
L_0x598636300e70 .functor OR 1, L_0x598636300aa0, L_0x5986362f4ad0, C4<0>, C4<0>;
L_0x598636300d40 .functor AND 1, L_0x598636300e70, L_0x5986362f5600, C4<1>, C4<1>;
L_0x598636300e00 .functor OR 1, L_0x5986362f4720, L_0x5986362f4810, C4<0>, C4<0>;
L_0x598636300ee0 .functor OR 1, L_0x598636300e00, L_0x5986362f4ad0, C4<0>, C4<0>;
L_0x598636301200 .functor AND 1, L_0x598636300ee0, L_0x5986362f5730, C4<1>, C4<1>;
L_0x5986363010b0 .functor OR 1, L_0x598636300d40, L_0x598636301200, C4<0>, C4<0>;
L_0x598636301170 .functor OR 1, L_0x5986362f4720, L_0x5986362f4ad0, C4<0>, C4<0>;
L_0x598636301300 .functor AND 1, L_0x598636301170, L_0x5986362f5670, C4<1>, C4<1>;
L_0x598636301660 .functor OR 1, L_0x5986363010b0, L_0x598636301300, C4<0>, C4<0>;
L_0x598636301850 .functor OR 1, L_0x5986362f4720, L_0x5986362f4810, C4<0>, C4<0>;
L_0x5986363018c0 .functor AND 1, L_0x598636301850, L_0x5986362f57f0, C4<1>, C4<1>;
L_0x5986363016d0 .functor OR 1, L_0x598636301660, L_0x5986363018c0, C4<0>, C4<0>;
L_0x598636301790 .functor AND 1, L_0x598636300c30, L_0x5986363016d0, C4<1>, C4<1>;
L_0x598636301d90 .functor NOT 1, v0x598636086b20_0, C4<0>, C4<0>, C4<0>;
L_0x598636301e00 .functor AND 1, L_0x598636301790, L_0x598636301d90, C4<1>, C4<1>;
L_0x5986363021e0 .functor NOT 1, v0x598636086b20_0, C4<0>, C4<0>, C4<0>;
L_0x598636302250 .functor AND 1, L_0x598636301bf0, L_0x5986363021e0, C4<1>, C4<1>;
L_0x5986363024d0 .functor BUFZ 1, v0x5986361fe520_0, C4<0>, C4<0>, C4<0>;
L_0x71dfbb7c6bd0 .functor BUFT 1, C4<1>, C4<0>, C4<0>, C4<0>;
L_0x598636302670 .functor AND 1, L_0x71dfbb7c6bd0, L_0x598636302540, C4<1>, C4<1>;
L_0x598636302310 .functor AND 1, L_0x71dfbb7c6bd0, v0x5986361fe520_0, C4<1>, C4<1>;
L_0x598636302410 .functor AND 1, v0x5986361fe520_0, L_0x5986362f4c10, C4<1>, C4<1>;
L_0x598636302910 .functor AND 1, L_0x71dfbb7c6bd0, L_0x598636302410, C4<1>, C4<1>;
L_0x598636302a10 .functor AND 1, v0x5986361fe520_0, L_0x5986362f4e60, C4<1>, C4<1>;
L_0x598636302c70 .functor AND 1, L_0x71dfbb7c6bd0, L_0x598636302a10, C4<1>, C4<1>;
L_0x598636302d70 .functor OR 1, v0x5986361f7300_0, L_0x5986362f4fd0, C4<0>, C4<0>;
L_0x598636302fe0 .functor BUFZ 1, v0x5986361fe8e0_0, C4<0>, C4<0>, C4<0>;
L_0x5986363030e0 .functor AND 1, v0x5986361fe8e0_0, v0x5986361fe7a0_0, C4<1>, C4<1>;
L_0x598636303360 .functor NOT 1, v0x598636086b20_0, C4<0>, C4<0>, C4<0>;
L_0x5986363033d0 .functor AND 1, L_0x5986363030e0, L_0x598636303360, C4<1>, C4<1>;
L_0x598636303660 .functor AND 1, v0x5986361fe520_0, v0x5986361fe3e0_0, C4<1>, C4<1>;
L_0x598636303830 .functor NOT 1, L_0x5986363033d0, C4<0>, C4<0>, C4<0>;
L_0x598636303b20 .functor AND 1, L_0x598636303660, L_0x598636303830, C4<1>, C4<1>;
L_0x598636303c30 .functor NOT 1, v0x598636086b20_0, C4<0>, C4<0>, C4<0>;
L_0x598636303ee0 .functor AND 1, L_0x598636303b20, L_0x598636303c30, C4<1>, C4<1>;
L_0x598636303ff0 .functor AND 1, v0x598636201990_0, v0x5986361fe3e0_0, C4<1>, C4<1>;
L_0x5986363042b0 .functor OR 1, L_0x598636303ff0, v0x598636201a30_0, C4<0>, C4<0>;
L_0x598636304370 .functor NOT 1, v0x598636086b20_0, C4<0>, C4<0>, C4<0>;
L_0x598636304640 .functor AND 1, L_0x5986363042b0, L_0x598636304370, C4<1>, C4<1>;
L_0x598636304750 .functor AND 1, v0x598636201a30_0, v0x5986361fe3e0_0, C4<1>, C4<1>;
L_0x598636304a80 .functor OR 1, L_0x598636304750, v0x5986361fe7a0_0, C4<0>, C4<0>;
L_0x598636304af0 .functor NOT 1, v0x598636086b20_0, C4<0>, C4<0>, C4<0>;
L_0x598636304de0 .functor AND 1, L_0x598636304a80, L_0x598636304af0, C4<1>, C4<1>;
L_0x598636304ef0 .functor OR 1, L_0x5986362f8c10, L_0x5986362fdb90, C4<0>, C4<0>;
L_0x5986363051f0 .functor AND 1, v0x59863623ef00_0, v0x5986361fc750_0, C4<1>, C4<1>;
L_0x598636305370 .functor OR 1, L_0x5986362f8e00, L_0x5986362fdd80, C4<0>, C4<0>;
L_0x598636305680 .functor NOT 1, L_0x598636305370, C4<0>, C4<0>, C4<0>;
L_0x598636305740 .functor AND 1, L_0x5986363051f0, L_0x598636305680, C4<1>, C4<1>;
L_0x598636305b00 .functor AND 1, v0x598635a29eb0_0, v0x5986361f6ae0_0, C4<1>, C4<1>;
L_0x598636305c80 .functor OR 1, L_0x5986362f8e00, L_0x5986362fdd80, C4<0>, C4<0>;
L_0x598636305fb0 .functor NOT 1, L_0x598636305c80, C4<0>, C4<0>, C4<0>;
L_0x598636306070 .functor AND 1, L_0x598636305b00, L_0x598636305fb0, C4<1>, C4<1>;
L_0x598636307ff0 .functor BUFZ 32, v0x5986361fe660_0, C4<00000000000000000000000000000000>, C4<00000000000000000000000000000000>, C4<00000000000000000000000000000000>;
L_0x5986363083b0 .functor BUFZ 5, L_0x5986362f4540, C4<00000>, C4<00000>, C4<00000>;
L_0x598636308420 .functor BUFZ 5, L_0x5986362f4400, C4<00000>, C4<00000>, C4<00000>;
L_0x598636308810 .functor BUFZ 5, L_0x5986362f44a0, C4<00000>, C4<00000>, C4<00000>;
L_0x598636308d80 .functor BUFZ 32, v0x5986361fea20_0, C4<00000000000000000000000000000000>, C4<00000000000000000000000000000000>, C4<00000000000000000000000000000000>;
L_0x598636309320 .functor BUFZ 5, L_0x5986362f54c0, C4<00000>, C4<00000>, C4<00000>;
L_0x5986363096b0 .functor BUFZ 5, L_0x5986362f51f0, C4<00000>, C4<00000>, C4<00000>;
L_0x598636309720 .functor BUFZ 5, L_0x5986362f52e0, C4<00000>, C4<00000>, C4<00000>;
L_0x59863630ac90 .functor BUFZ 32, L_0x598636307ff0, C4<00000000000000000000000000000000>, C4<00000000000000000000000000000000>, C4<00000000000000000000000000000000>;
L_0x59863630ad00 .functor BUFZ 32, v0x5986361fe5c0_0, C4<00000000000000000000000000000000>, C4<00000000000000000000000000000000>, C4<00000000000000000000000000000000>;
L_0x59863630b1d0 .functor BUFZ 5, L_0x5986363083b0, C4<00000>, C4<00000>, C4<00000>;
L_0x59863630b240 .functor BUFZ 5, L_0x598636308420, C4<00000>, C4<00000>, C4<00000>;
L_0x59863630b610 .functor BUFZ 5, L_0x598636308810, C4<00000>, C4<00000>, C4<00000>;
L_0x59863630b680 .functor BUFZ 32, v0x5986361fa630_0, C4<00000000000000000000000000000000>, C4<00000000000000000000000000000000>, C4<00000000000000000000000000000000>;
L_0x59863630bb70 .functor BUFZ 32, v0x5986361fa810_0, C4<00000000000000000000000000000000>, C4<00000000000000000000000000000000>, C4<00000000000000000000000000000000>;
L_0x59863630bcf0 .functor AND 1, v0x5986361fe520_0, L_0x5986362f50c0, C4<1>, C4<1>;
L_0x59863630c0e0 .functor AND 1, v0x5986361fe520_0, L_0x5986362f4d70, C4<1>, C4<1>;
L_0x59863630c150 .functor AND 1, L_0x71dfbb7c6bd0, L_0x59863630c0e0, C4<1>, C4<1>;
L_0x59863630c550 .functor BUFZ 32, L_0x598636307ff0, C4<00000000000000000000000000000000>, C4<00000000000000000000000000000000>, C4<00000000000000000000000000000000>;
L_0x59863630c5c0 .functor BUFZ 32, v0x5986361fe5c0_0, C4<00000000000000000000000000000000>, C4<00000000000000000000000000000000>, C4<00000000000000000000000000000000>;
L_0x59863630c9d0 .functor BUFZ 5, L_0x5986363083b0, C4<00000>, C4<00000>, C4<00000>;
L_0x59863630cb50 .functor BUFZ 5, L_0x598636308420, C4<00000>, C4<00000>, C4<00000>;
L_0x59863630d080 .functor BUFZ 5, L_0x598636308810, C4<00000>, C4<00000>, C4<00000>;
L_0x59863630d200 .functor BUFZ 32, v0x5986361fa630_0, C4<00000000000000000000000000000000>, C4<00000000000000000000000000000000>, C4<00000000000000000000000000000000>;
L_0x59863630d630 .functor BUFZ 32, v0x5986361fa810_0, C4<00000000000000000000000000000000>, C4<00000000000000000000000000000000>, C4<00000000000000000000000000000000>;
L_0x59863630d6a0 .functor AND 1, v0x5986361fe520_0, L_0x5986362f50c0, C4<1>, C4<1>;
L_0x59863630dae0 .functor BUFZ 32, L_0x598636307ff0, C4<00000000000000000000000000000000>, C4<00000000000000000000000000000000>, C4<00000000000000000000000000000000>;
L_0x59863630db50 .functor BUFZ 32, v0x5986361fe5c0_0, C4<00000000000000000000000000000000>, C4<00000000000000000000000000000000>, C4<00000000000000000000000000000000>;
L_0x59863630dfa0 .functor BUFZ 5, L_0x5986363083b0, C4<00000>, C4<00000>, C4<00000>;
L_0x59863630e010 .functor BUFZ 5, L_0x598636308420, C4<00000>, C4<00000>, C4<00000>;
L_0x59863630e470 .functor BUFZ 5, L_0x598636308810, C4<00000>, C4<00000>, C4<00000>;
L_0x59863630e4e0 .functor BUFZ 32, v0x5986361fa630_0, C4<00000000000000000000000000000000>, C4<00000000000000000000000000000000>, C4<00000000000000000000000000000000>;
L_0x598635bbd360 .functor BUFZ 32, v0x5986361fa810_0, C4<00000000000000000000000000000000>, C4<00000000000000000000000000000000>, C4<00000000000000000000000000000000>;
L_0x598635b538d0 .functor AND 1, v0x5986361fe520_0, L_0x5986362f50c0, C4<1>, C4<1>;
L_0x5986362f4f00 .functor NOT 1, v0x598636086b20_0, C4<0>, C4<0>, C4<0>;
L_0x59863630e960 .functor AND 1, v0x5986361fe520_0, L_0x5986362f4f00, C4<1>, C4<1>;
L_0x59863630edf0 .functor BUFZ 32, L_0x598636307ff0, C4<00000000000000000000000000000000>, C4<00000000000000000000000000000000>, C4<00000000000000000000000000000000>;
L_0x59863630ee60 .functor BUFZ 32, v0x5986361fe5c0_0, C4<00000000000000000000000000000000>, C4<00000000000000000000000000000000>, C4<00000000000000000000000000000000>;
L_0x59863630e9d0 .functor BUFZ 5, L_0x5986363083b0, C4<00000>, C4<00000>, C4<00000>;
L_0x59863630ea40 .functor BUFZ 5, L_0x598636308420, C4<00000>, C4<00000>, C4<00000>;
L_0x59863630eab0 .functor BUFZ 5, L_0x598636308810, C4<00000>, C4<00000>, C4<00000>;
L_0x59863630eb20 .functor BUFZ 32, v0x5986361fa630_0, C4<00000000000000000000000000000000>, C4<00000000000000000000000000000000>, C4<00000000000000000000000000000000>;
L_0x59863630eb90 .functor BUFZ 32, v0x5986361fa810_0, C4<00000000000000000000000000000000>, C4<00000000000000000000000000000000>, C4<00000000000000000000000000000000>;
L_0x59863630ec00 .functor AND 1, v0x5986361fe520_0, L_0x5986362f50c0, C4<1>, C4<1>;
v0x5986361f1f90_0 .net *"_ivl_111", 0 0, L_0x5986362ff490;  1 drivers
v0x5986361f2030_0 .net *"_ivl_115", 0 0, L_0x5986362ff740;  1 drivers
v0x5986361f20d0_0 .net *"_ivl_120", 0 0, L_0x5986362ff3b0;  1 drivers
v0x5986361f2170_0 .net *"_ivl_122", 0 0, L_0x5986362ffa70;  1 drivers
v0x5986361f2210_0 .net *"_ivl_126", 0 0, L_0x5986362ffc70;  1 drivers
v0x5986361f22b0_0 .net *"_ivl_128", 0 0, L_0x5986362ffe10;  1 drivers
v0x5986361f2350_0 .net *"_ivl_132", 0 0, L_0x598636300030;  1 drivers
v0x5986361f23f0_0 .net *"_ivl_134", 0 0, L_0x5986363000a0;  1 drivers
v0x5986361f2490_0 .net *"_ivl_138", 0 0, L_0x598636300260;  1 drivers
v0x5986361f2530_0 .net *"_ivl_140", 0 0, L_0x598636300110;  1 drivers
v0x5986361f25d0_0 .net *"_ivl_144", 0 0, L_0x5986363002d0;  1 drivers
v0x5986361f2670_0 .net *"_ivl_146", 0 0, L_0x598636300580;  1 drivers
v0x5986361f2710_0 .net *"_ivl_150", 0 0, L_0x598636300510;  1 drivers
v0x5986361f27b0_0 .net *"_ivl_154", 0 0, L_0x5986363005f0;  1 drivers
v0x5986361f2850_0 .net *"_ivl_160", 0 0, L_0x598636300770;  1 drivers
v0x5986361f28f0_0 .net *"_ivl_162", 0 0, L_0x5986363007e0;  1 drivers
v0x5986361f2990_0 .net *"_ivl_167", 0 0, L_0x598636300c30;  1 drivers
v0x5986361f2a30_0 .net *"_ivl_168", 0 0, L_0x598636300aa0;  1 drivers
v0x5986361f2ad0_0 .net *"_ivl_170", 0 0, L_0x598636300e70;  1 drivers
v0x5986361f2b70_0 .net *"_ivl_173", 0 0, L_0x598636300d40;  1 drivers
v0x5986361f2c10_0 .net *"_ivl_174", 0 0, L_0x598636300e00;  1 drivers
v0x5986361f2cb0_0 .net *"_ivl_176", 0 0, L_0x598636300ee0;  1 drivers
v0x5986361f2d50_0 .net *"_ivl_179", 0 0, L_0x598636301200;  1 drivers
v0x5986361f2df0_0 .net *"_ivl_181", 0 0, L_0x5986363010b0;  1 drivers
v0x5986361f2e90_0 .net *"_ivl_182", 0 0, L_0x598636301170;  1 drivers
v0x5986361f2f30_0 .net *"_ivl_185", 0 0, L_0x598636301300;  1 drivers
v0x5986361f2fd0_0 .net *"_ivl_187", 0 0, L_0x598636301660;  1 drivers
v0x5986361f3070_0 .net *"_ivl_188", 0 0, L_0x598636301850;  1 drivers
v0x5986361f3110_0 .net *"_ivl_191", 0 0, L_0x5986363018c0;  1 drivers
v0x5986361f31b0_0 .net *"_ivl_193", 0 0, L_0x5986363016d0;  1 drivers
v0x5986361f3250_0 .net *"_ivl_195", 0 0, L_0x598636301790;  1 drivers
v0x5986361f32f0_0 .net *"_ivl_196", 0 0, L_0x598636301d90;  1 drivers
v0x5986361f3390_0 .net *"_ivl_200", 0 0, L_0x598636301bf0;  1 drivers
v0x5986361f3430_0 .net *"_ivl_202", 0 0, L_0x5986363021e0;  1 drivers
v0x5986361f34d0_0 .net *"_ivl_208", 0 0, L_0x598636302540;  1 drivers
v0x5986361f3570_0 .net *"_ivl_214", 0 0, L_0x598636302410;  1 drivers
v0x5986361f3610_0 .net *"_ivl_218", 0 0, L_0x598636302a10;  1 drivers
v0x5986361f36b0_0 .net *"_ivl_226", 0 0, L_0x5986363030e0;  1 drivers
v0x5986361f3750_0 .net *"_ivl_228", 0 0, L_0x598636303360;  1 drivers
v0x5986361f37f0_0 .net *"_ivl_232", 0 0, L_0x598636303660;  1 drivers
v0x5986361f3890_0 .net *"_ivl_234", 0 0, L_0x598636303830;  1 drivers
v0x5986361f3930_0 .net *"_ivl_236", 0 0, L_0x598636303b20;  1 drivers
v0x5986361f39d0_0 .net *"_ivl_238", 0 0, L_0x598636303c30;  1 drivers
v0x5986361f3a70_0 .net *"_ivl_242", 0 0, L_0x598636303ff0;  1 drivers
v0x5986361f3b10_0 .net *"_ivl_244", 0 0, L_0x5986363042b0;  1 drivers
v0x5986361f3bb0_0 .net *"_ivl_246", 0 0, L_0x598636304370;  1 drivers
v0x5986361f3c50_0 .net *"_ivl_250", 0 0, L_0x598636304750;  1 drivers
v0x5986361f3cf0_0 .net *"_ivl_252", 0 0, L_0x598636304a80;  1 drivers
v0x5986361f3d90_0 .net *"_ivl_254", 0 0, L_0x598636304af0;  1 drivers
v0x5986361f3e30_0 .net *"_ivl_261", 0 0, L_0x5986363051f0;  1 drivers
v0x5986361f3ed0_0 .net *"_ivl_263", 0 0, L_0x598636305370;  1 drivers
v0x5986361f3f70_0 .net *"_ivl_264", 0 0, L_0x598636305680;  1 drivers
v0x5986361f4010_0 .net *"_ivl_269", 0 0, L_0x598636305b00;  1 drivers
v0x5986361f40b0_0 .net *"_ivl_271", 0 0, L_0x598636305c80;  1 drivers
v0x5986361f4150_0 .net *"_ivl_272", 0 0, L_0x598636305fb0;  1 drivers
v0x5986361f41f0_0 .net *"_ivl_364", 0 0, L_0x59863630c0e0;  1 drivers
v0x5986361f4290_0 .net *"_ivl_400", 0 0, L_0x5986362f4f00;  1 drivers
v0x5986361f4330_0 .net *"_ivl_63", 0 0, L_0x5986362f5a50;  1 drivers
L_0x71dfbb7c6c60 .functor BUFT 1, C4<010001>, C4<0>, C4<0>, C4<0>;
v0x5986361f43d0_0 .net/2u *"_ivl_64", 5 0, L_0x71dfbb7c6c60;  1 drivers
v0x5986361f4470_0 .net *"_ivl_67", 0 0, L_0x5986362f5420;  1 drivers
L_0x71dfbb7c6ca8 .functor BUFT 1, C4<011100>, C4<0>, C4<0>, C4<0>;
v0x5986361f4510_0 .net/2u *"_ivl_68", 5 0, L_0x71dfbb7c6ca8;  1 drivers
L_0x71dfbb7c6cf0 .functor BUFT 1, C4<000000>, C4<0>, C4<0>, C4<0>;
v0x5986361f45b0_0 .net/2u *"_ivl_70", 5 0, L_0x71dfbb7c6cf0;  1 drivers
v0x5986361f4650_0 .net *"_ivl_72", 5 0, L_0x5986362f5bf0;  1 drivers
v0x5986361f46f0_0 .net *"_ivl_83", 0 0, L_0x5986362fa8f0;  1 drivers
L_0x71dfbb7c6dc8 .functor BUFT 1, C4<010001>, C4<0>, C4<0>, C4<0>;
v0x5986361f4790_0 .net/2u *"_ivl_84", 5 0, L_0x71dfbb7c6dc8;  1 drivers
v0x5986361f4c40_0 .net *"_ivl_87", 0 0, L_0x5986362f5c90;  1 drivers
L_0x71dfbb7c6e10 .functor BUFT 1, C4<011100>, C4<0>, C4<0>, C4<0>;
v0x5986361f4ce0_0 .net/2u *"_ivl_88", 5 0, L_0x71dfbb7c6e10;  1 drivers
L_0x71dfbb7c6e58 .functor BUFT 1, C4<000000>, C4<0>, C4<0>, C4<0>;
v0x5986361f4d80_0 .net/2u *"_ivl_90", 5 0, L_0x71dfbb7c6e58;  1 drivers
v0x5986361f4e20_0 .net *"_ivl_92", 5 0, L_0x5986362faa60;  1 drivers
v0x5986361f4ec0_0 .net "branch_csr_pc_i", 31 0, v0x598635fe4250_0;  alias, 1 drivers
v0x5986361f4f60_0 .net "branch_csr_priv_i", 1 0, L_0x5986362eb550;  alias, 1 drivers
v0x5986361f5000_0 .net "branch_csr_request_i", 0 0, v0x598635fe4f60_0;  alias, 1 drivers
v0x5986361f50a0_0 .net "branch_d_exec0_pc_i", 31 0, v0x598635fc90d0_0;  alias, 1 drivers
v0x5986361f5140_0 .net "branch_d_exec0_priv_i", 1 0, L_0x71dfbb7c71b8;  alias, 1 drivers
v0x5986361f51e0_0 .net "branch_d_exec0_request_i", 0 0, L_0x59863630fab0;  alias, 1 drivers
v0x5986361f5280_0 .net "branch_d_exec1_pc_i", 31 0, v0x59863608b130_0;  alias, 1 drivers
v0x5986361f5320_0 .net "branch_d_exec1_priv_i", 1 0, L_0x71dfbb7c7200;  alias, 1 drivers
v0x5986361f53c0_0 .net "branch_d_exec1_request_i", 0 0, L_0x598636310640;  alias, 1 drivers
v0x5986361f5460_0 .net "branch_exec0_is_call_i", 0 0, v0x598636125660_0;  alias, 1 drivers
v0x5986361f5500_0 .net "branch_exec0_is_jmp_i", 0 0, v0x5986360c5520_0;  alias, 1 drivers
v0x5986361f55a0_0 .net "branch_exec0_is_not_taken_i", 0 0, L_0x59863630f440;  alias, 1 drivers
v0x5986361f5640_0 .net "branch_exec0_is_ret_i", 0 0, v0x59863614bda0_0;  alias, 1 drivers
v0x5986361f56e0_0 .net "branch_exec0_is_taken_i", 0 0, L_0x59863630f3d0;  alias, 1 drivers
v0x5986361f5780_0 .net "branch_exec0_pc_i", 31 0, v0x59863606f5f0_0;  alias, 1 drivers
v0x5986361f5820_0 .net "branch_exec0_request_i", 0 0, L_0x59863630ed80;  alias, 1 drivers
v0x5986361f58c0_0 .net "branch_exec0_source_i", 31 0, v0x598636070770_0;  alias, 1 drivers
v0x5986361f5960_0 .net "branch_exec1_is_call_i", 0 0, v0x598635fa9010_0;  alias, 1 drivers
v0x5986361f5a00_0 .net "branch_exec1_is_jmp_i", 0 0, v0x598635fabc40_0;  alias, 1 drivers
v0x5986361f5aa0_0 .net "branch_exec1_is_not_taken_i", 0 0, L_0x59863630ff40;  alias, 1 drivers
v0x5986361f5b40_0 .net "branch_exec1_is_ret_i", 0 0, v0x598635fdf180_0;  alias, 1 drivers
v0x5986361f5be0_0 .net "branch_exec1_is_taken_i", 0 0, L_0x59863630fe40;  alias, 1 drivers
v0x5986361f5c80_0 .net "branch_exec1_pc_i", 31 0, v0x598636127000_0;  alias, 1 drivers
v0x5986361f5d20_0 .net "branch_exec1_request_i", 0 0, L_0x59863630fdd0;  alias, 1 drivers
v0x5986361f5dc0_0 .net "branch_exec1_source_i", 31 0, v0x598636126f20_0;  alias, 1 drivers
v0x5986361f5e60_0 .net "branch_info_is_call_o", 0 0, L_0x5986362fff80;  alias, 1 drivers
v0x5986361f5f00_0 .net "branch_info_is_jmp_o", 0 0, L_0x5986363004a0;  alias, 1 drivers
v0x5986361f5fa0_0 .net "branch_info_is_not_taken_o", 0 0, L_0x5986362ffe80;  alias, 1 drivers
v0x5986361f6040_0 .net "branch_info_is_ret_o", 0 0, L_0x5986363003a0;  alias, 1 drivers
v0x5986361f60e0_0 .net "branch_info_is_taken_o", 0 0, L_0x5986362ffb70;  alias, 1 drivers
v0x5986361f6180_0 .net "branch_info_pc_o", 31 0, L_0x5986362ff7e0;  alias, 1 drivers
v0x5986361f6220_0 .net "branch_info_request_o", 0 0, L_0x5986362ffa00;  alias, 1 drivers
v0x5986361f62c0_0 .net "branch_info_source_o", 31 0, L_0x5986362ffd70;  alias, 1 drivers
v0x5986361f6360_0 .net "branch_pc_o", 31 0, L_0x5986362f3ee0;  alias, 1 drivers
v0x5986361f6400_0 .net "branch_priv_o", 1 0, L_0x5986362f4360;  alias, 1 drivers
v0x5986361f64a0_0 .net "branch_request_o", 0 0, L_0x5986362f42f0;  alias, 1 drivers
v0x5986361f6540_0 .net "cbm_opcode_invalid_o", 0 0, L_0x59863630d6a0;  alias, 1 drivers
v0x5986361f65e0_0 .net "cbm_opcode_opcode_o", 31 0, L_0x59863630c550;  alias, 1 drivers
v0x5986361f6680_0 .net "cbm_opcode_pc_o", 31 0, L_0x59863630c5c0;  alias, 1 drivers
v0x5986361f6720_0 .net "cbm_opcode_ra_idx_o", 4 0, L_0x59863630cb50;  alias, 1 drivers
v0x5986361f67c0_0 .net "cbm_opcode_ra_operand_o", 31 0, L_0x59863630d200;  alias, 1 drivers
v0x5986361f6860_0 .net "cbm_opcode_rb_idx_o", 4 0, L_0x59863630d080;  alias, 1 drivers
v0x5986361f6900_0 .net "cbm_opcode_rb_operand_o", 31 0, L_0x59863630d630;  alias, 1 drivers
v0x5986361f69a0_0 .net "cbm_opcode_rd_idx_o", 4 0, L_0x59863630c9d0;  alias, 1 drivers
v0x5986361f6a40_0 .net "cbm_opcode_valid_o", 0 0, L_0x59863630c150;  alias, 1 drivers
v0x5986361f6ae0_0 .var "cbm_pending_q", 0 0;
v0x5986361f6b80_0 .var "cbm_rd_q", 4 0;
v0x5986361f6c20_0 .net "cbm_writeback_safe_w", 0 0, L_0x598636306070;  1 drivers
v0x5986361f6cc0_0 .net "clk_i", 0 0, v0x5986362531c0_0;  alias, 1 drivers
v0x5986361f6d60_0 .net "csr_opcode_invalid_o", 0 0, L_0x59863630ec00;  alias, 1 drivers
v0x5986361f6e00_0 .net "csr_opcode_opcode_o", 31 0, L_0x59863630edf0;  alias, 1 drivers
v0x5986361f6ea0_0 .net "csr_opcode_pc_o", 31 0, L_0x59863630ee60;  alias, 1 drivers
v0x5986361f6f40_0 .net "csr_opcode_ra_idx_o", 4 0, L_0x59863630ea40;  alias, 1 drivers
v0x5986361f6fe0_0 .net "csr_opcode_ra_operand_o", 31 0, L_0x59863630eb20;  alias, 1 drivers
v0x5986361f7080_0 .net "csr_opcode_rb_idx_o", 4 0, L_0x59863630eab0;  alias, 1 drivers
v0x5986361f7120_0 .net "csr_opcode_rb_operand_o", 31 0, L_0x59863630eb90;  alias, 1 drivers
v0x5986361f71c0_0 .net "csr_opcode_rd_idx_o", 4 0, L_0x59863630e9d0;  alias, 1 drivers
v0x5986361f7260_0 .net "csr_opcode_valid_o", 0 0, L_0x59863630e960;  alias, 1 drivers
v0x5986361f7300_0 .var "csr_pending_q", 0 0;
v0x5986361f73a0_0 .net "csr_result_e1_exception_i", 5 0, L_0x5986362eb930;  alias, 1 drivers
v0x5986361f7c50_0 .net "csr_result_e1_value_i", 31 0, L_0x5986362eb7a0;  alias, 1 drivers
v0x5986361f7cf0_0 .net "csr_result_e1_wdata_i", 31 0, L_0x5986362ea600;  alias, 1 drivers
v0x5986361f7d90_0 .net "csr_result_e1_write_i", 0 0, L_0x5986362ea590;  alias, 1 drivers
v0x5986361f7e30_0 .net "csr_writeback_exception_addr_o", 31 0, L_0x5986362ff5c0;  alias, 1 drivers
v0x5986361f7ed0_0 .net "csr_writeback_exception_o", 5 0, L_0x5986362ff420;  alias, 1 drivers
v0x5986361f7f70_0 .net "csr_writeback_exception_pc_o", 31 0, L_0x5986362fab00;  alias, 1 drivers
v0x5986361f8010_0 .net "csr_writeback_waddr_o", 11 0, L_0x5986362fa700;  alias, 1 drivers
v0x5986361f80b0_0 .net "csr_writeback_wdata_o", 31 0, L_0x5986362fa7a0;  alias, 1 drivers
v0x5986361f8150_0 .net "csr_writeback_write_o", 0 0, v0x5986361e3000_0;  alias, 1 drivers
v0x5986361f81f0_0 .net "div_opcode_valid_o", 0 0, L_0x598636302310;  alias, 1 drivers
v0x5986361f8290_0 .var "div_pending_q", 0 0;
v0x5986361f8330_0 .net "dual_issue_ok_w", 0 0, L_0x598636301e00;  1 drivers
v0x5986361f83d0_0 .net "dual_issue_w", 0 0, L_0x5986363033d0;  1 drivers
v0x5986361f8470_0 .net "enable_dual_issue_w", 0 0, L_0x71dfbb7c6b88;  1 drivers
L_0x71dfbb7c6c18 .functor BUFT 1, C4<1>, C4<0>, C4<0>, C4<0>;
v0x5986361f8510_0 .net "enable_mul_bypass_w", 0 0, L_0x71dfbb7c6c18;  1 drivers
v0x5986361f85b0_0 .net "enable_muldiv_w", 0 0, L_0x71dfbb7c6bd0;  1 drivers
v0x5986361f8650_0 .net "exec0_hold_o", 0 0, L_0x5986362fa810;  alias, 1 drivers
v0x5986361f86f0_0 .net "exec0_opcode_valid_o", 0 0, L_0x5986363024d0;  alias, 1 drivers
v0x5986361f8790_0 .net "exec1_hold_o", 0 0, L_0x5986362ff340;  alias, 1 drivers
v0x5986361f8830_0 .net "exec1_opcode_valid_o", 0 0, L_0x598636302fe0;  alias, 1 drivers
v0x5986361f88d0_0 .net "fetch0_accept_o", 0 0, L_0x598636304640;  alias, 1 drivers
v0x5986361f8970_0 .net "fetch0_fault_fetch_i", 0 0, L_0x59863626ddd0;  alias, 1 drivers
v0x5986361f8a10_0 .net "fetch0_fault_page_i", 0 0, L_0x59863626dd00;  alias, 1 drivers
v0x5986361f8ab0_0 .net "fetch0_instr_branch_i", 0 0, L_0x59863629d690;  alias, 1 drivers
v0x5986361f8b50_0 .net "fetch0_instr_cbm_i", 0 0, L_0x5986362a0670;  alias, 1 drivers
v0x5986361f8bf0_0 .net "fetch0_instr_csr_i", 0 0, L_0x5986362a13e0;  alias, 1 drivers
v0x5986361f8c90_0 .net "fetch0_instr_div_i", 0 0, L_0x59863629d9b0;  alias, 1 drivers
v0x5986361f8d30_0 .net "fetch0_instr_exec_i", 0 0, L_0x598636299300;  alias, 1 drivers
v0x5986361f8dd0_0 .net "fetch0_instr_i", 31 0, L_0x59863626c920;  alias, 1 drivers
v0x5986361f8e70_0 .net "fetch0_instr_invalid_i", 0 0, L_0x598636285d60;  alias, 1 drivers
v0x5986361f8f10_0 .net "fetch0_instr_lsu_i", 0 0, L_0x59863629ba10;  alias, 1 drivers
v0x5986361f8fb0_0 .net "fetch0_instr_mul_i", 0 0, L_0x59863629de70;  alias, 1 drivers
v0x5986361f9050_0 .net "fetch0_instr_mule_i", 0 0, L_0x5986362a03b0;  alias, 1 drivers
v0x5986361f90f0_0 .net "fetch0_instr_mulp_i", 0 0, L_0x5986362a21a0;  alias, 1 drivers
v0x5986361f9190_0 .net "fetch0_instr_rd_valid_i", 0 0, L_0x5986362927c0;  alias, 1 drivers
v0x5986361f9230_0 .net "fetch0_pc_i", 31 0, L_0x59863626c310;  alias, 1 drivers
v0x5986361f92d0_0 .net "fetch0_valid_i", 0 0, L_0x59863626b400;  alias, 1 drivers
v0x5986361f9370_0 .net "fetch1_accept_o", 0 0, L_0x598636304de0;  alias, 1 drivers
v0x5986361f9410_0 .net "fetch1_fault_fetch_i", 0 0, L_0x59863626e070;  alias, 1 drivers
v0x5986361f94b0_0 .net "fetch1_fault_page_i", 0 0, L_0x59863626df00;  alias, 1 drivers
v0x5986361f9550_0 .net "fetch1_instr_branch_i", 0 0, L_0x5986362d0600;  alias, 1 drivers
v0x5986361f95f0_0 .net "fetch1_instr_cbm_i", 0 0, L_0x5986362d4050;  alias, 1 drivers
v0x5986361f9690_0 .net "fetch1_instr_csr_i", 0 0, L_0x5986362d4dc0;  alias, 1 drivers
v0x5986361f9730_0 .net "fetch1_instr_div_i", 0 0, L_0x5986362d24a0;  alias, 1 drivers
v0x5986361f97d0_0 .net "fetch1_instr_exec_i", 0 0, L_0x5986362cd000;  alias, 1 drivers
v0x5986361f9870_0 .net "fetch1_instr_i", 31 0, L_0x59863626cf40;  alias, 1 drivers
v0x5986361f9910_0 .net "fetch1_instr_invalid_i", 0 0, L_0x5986362b9450;  alias, 1 drivers
v0x5986361f99b0_0 .net "fetch1_instr_lsu_i", 0 0, L_0x5986362cf530;  alias, 1 drivers
v0x5986361f9a50_0 .net "fetch1_instr_mul_i", 0 0, L_0x5986362d1d30;  alias, 1 drivers
v0x5986361f9af0_0 .net "fetch1_instr_mule_i", 0 0, L_0x5986362d3d90;  alias, 1 drivers
v0x5986361f9b90_0 .net "fetch1_instr_mulp_i", 0 0, L_0x5986362d55e0;  alias, 1 drivers
v0x5986361f9c30_0 .net "fetch1_instr_rd_valid_i", 0 0, L_0x5986362c72f0;  alias, 1 drivers
v0x5986361f9cd0_0 .net "fetch1_pc_i", 31 0, L_0x59863626c7e0;  alias, 1 drivers
v0x5986361f9d70_0 .net "fetch1_valid_i", 0 0, L_0x59863626bb60;  alias, 1 drivers
v0x5986361f9e10_0 .net "interrupt_inhibit_o", 0 0, L_0x598636302d70;  alias, 1 drivers
v0x5986361f9eb0_0 .net "issue_a_branch_w", 0 0, L_0x5986362f4950;  1 drivers
v0x5986361f9f50_0 .net "issue_a_cbm_w", 0 0, L_0x5986362f4d70;  1 drivers
v0x5986361f9ff0_0 .net "issue_a_csr_w", 0 0, L_0x5986362f4fd0;  1 drivers
v0x5986361fa090_0 .net "issue_a_div_w", 0 0, L_0x5986362f4b70;  1 drivers
v0x5986361fa130_0 .net "issue_a_exec_w", 0 0, L_0x5986362f4720;  1 drivers
v0x5986361fa1d0_0 .net "issue_a_fault_w", 5 0, L_0x5986362f5da0;  1 drivers
v0x5986361fa270_0 .net "issue_a_invalid_w", 0 0, L_0x5986362f50c0;  1 drivers
v0x5986361fa310_0 .net "issue_a_lsu_w", 0 0, L_0x5986362f4810;  1 drivers
v0x5986361fa3b0_0 .net "issue_a_mul_w", 0 0, L_0x5986362f4ad0;  1 drivers
v0x5986361fa450_0 .net "issue_a_mule_w", 0 0, L_0x5986362f4c10;  1 drivers
v0x5986361fa4f0_0 .net "issue_a_mulp_w", 0 0, L_0x5986362f4e60;  1 drivers
v0x5986361fa590_0 .net "issue_a_ra_idx_w", 4 0, L_0x5986362f4400;  1 drivers
v0x5986361fa630_0 .var "issue_a_ra_value_r", 31 0;
v0x5986361fa6d0_0 .net "issue_a_ra_value_w", 31 0, L_0x598636307c40;  1 drivers
v0x5986361fa770_0 .net "issue_a_rb_idx_w", 4 0, L_0x5986362f44a0;  1 drivers
v0x5986361fa810_0 .var "issue_a_rb_value_r", 31 0;
v0x5986361fa8b0_0 .net "issue_a_rb_value_w", 31 0, L_0x598636307b40;  1 drivers
v0x5986361fa950_0 .net "issue_a_rd_idx_w", 4 0, L_0x5986362f4540;  1 drivers
v0x5986361fa9f0_0 .net "issue_a_sb_alloc_w", 0 0, L_0x5986362f4630;  1 drivers
v0x5986361faa90_0 .net "issue_b_branch_w", 0 0, L_0x5986362f5730;  1 drivers
v0x5986361fab30_0 .net "issue_b_csr_w", 0 0, L_0x5986362f5920;  1 drivers
v0x5986361fabd0_0 .net "issue_b_div_w", 0 0, L_0x5986362f58b0;  1 drivers
v0x5986361fac70_0 .net "issue_b_exec_w", 0 0, L_0x5986362f5600;  1 drivers
v0x5986361fad10_0 .net "issue_b_fault_w", 5 0, L_0x5986362fac30;  1 drivers
v0x5986361fadb0_0 .net "issue_b_invalid_w", 0 0, L_0x5986362f59e0;  1 drivers
v0x5986361fae50_0 .net "issue_b_lsu_w", 0 0, L_0x5986362f5670;  1 drivers
v0x5986361faef0_0 .net "issue_b_mul_w", 0 0, L_0x5986362f57f0;  1 drivers
v0x5986361faf90_0 .net "issue_b_ra_idx_w", 4 0, L_0x5986362f51f0;  1 drivers
v0x5986361fb030_0 .var "issue_b_ra_value_r", 31 0;
v0x5986361fb0d0_0 .net "issue_b_ra_value_w", 31 0, L_0x598636307bb0;  1 drivers
v0x5986361fb170_0 .net "issue_b_rb_idx_w", 4 0, L_0x5986362f52e0;  1 drivers
v0x5986361fb210_0 .var "issue_b_rb_value_r", 31 0;
v0x5986361fb2b0_0 .net "issue_b_rb_value_w", 31 0, L_0x598636307f30;  1 drivers
v0x5986361fb350_0 .net "issue_b_rd_idx_w", 4 0, L_0x5986362f54c0;  1 drivers
v0x5986361fb3f0_0 .net "issue_b_sb_alloc_w", 0 0, L_0x5986362f4cb0;  1 drivers
v0x5986361fb490_0 .net "lsu_opcode_invalid_o", 0 0, L_0x71dfbb7c7128;  alias, 1 drivers
v0x5986361fb530_0 .net "lsu_opcode_opcode_o", 31 0, L_0x598636307310;  alias, 1 drivers
v0x5986361fb5d0_0 .net "lsu_opcode_pc_o", 31 0, L_0x5986363067d0;  alias, 1 drivers
v0x5986361fb670_0 .net "lsu_opcode_ra_idx_o", 4 0, L_0x59863630a280;  alias, 1 drivers
v0x5986361fb710_0 .net "lsu_opcode_ra_operand_o", 31 0, L_0x59863630a090;  alias, 1 drivers
v0x5986361fb7b0_0 .net "lsu_opcode_rb_idx_o", 4 0, L_0x59863630a3b0;  alias, 1 drivers
v0x5986361fb850_0 .net "lsu_opcode_rb_operand_o", 31 0, L_0x59863630a5c0;  alias, 1 drivers
v0x5986361fb8f0_0 .net "lsu_opcode_rd_idx_o", 4 0, L_0x598636306870;  alias, 1 drivers
v0x5986361fb990_0 .net "lsu_opcode_valid_o", 0 0, L_0x598636302250;  alias, 1 drivers
v0x5986361fba30_0 .net "lsu_stall_i", 0 0, L_0x5986362e3020;  alias, 1 drivers
v0x5986361fbad0_0 .var "mispredicted_r", 0 0;
v0x5986361fbb70_0 .net "mul_hold_o", 0 0, L_0x5986362fa880;  alias, 1 drivers
v0x5986361fbc10_0 .net "mul_opcode_invalid_o", 0 0, L_0x71dfbb7c7170;  alias, 1 drivers
v0x5986361fbcb0_0 .net "mul_opcode_opcode_o", 31 0, L_0x59863630a450;  alias, 1 drivers
v0x5986361fbd50_0 .net "mul_opcode_pc_o", 31 0, L_0x59863630a4f0;  alias, 1 drivers
v0x5986361fbdf0_0 .net "mul_opcode_ra_idx_o", 4 0, L_0x59863630a890;  alias, 1 drivers
v0x5986361fbe90_0 .net "mul_opcode_ra_operand_o", 31 0, L_0x59863630a700;  alias, 1 drivers
v0x5986361fbf30_0 .net "mul_opcode_rb_idx_o", 4 0, L_0x59863630a660;  alias, 1 drivers
v0x5986361fbfd0_0 .net "mul_opcode_rb_operand_o", 31 0, L_0x59863630aae0;  alias, 1 drivers
v0x5986361fc070_0 .net "mul_opcode_rd_idx_o", 4 0, L_0x59863630a7f0;  alias, 1 drivers
v0x5986361fc110_0 .net "mul_opcode_valid_o", 0 0, L_0x598636302670;  alias, 1 drivers
v0x5986361fc1b0_0 .net "mule_opcode_invalid_o", 0 0, L_0x59863630bcf0;  alias, 1 drivers
v0x5986361fc250_0 .net "mule_opcode_opcode_o", 31 0, L_0x59863630ac90;  alias, 1 drivers
v0x5986361fc2f0_0 .net "mule_opcode_pc_o", 31 0, L_0x59863630ad00;  alias, 1 drivers
v0x5986361fc390_0 .net "mule_opcode_ra_idx_o", 4 0, L_0x59863630b240;  alias, 1 drivers
v0x5986361fc430_0 .net "mule_opcode_ra_operand_o", 31 0, L_0x59863630b680;  alias, 1 drivers
v0x5986361fc4d0_0 .net "mule_opcode_rb_idx_o", 4 0, L_0x59863630b610;  alias, 1 drivers
v0x5986361fc570_0 .net "mule_opcode_rb_operand_o", 31 0, L_0x59863630bb70;  alias, 1 drivers
v0x5986361fc610_0 .net "mule_opcode_rd_idx_o", 4 0, L_0x59863630b1d0;  alias, 1 drivers
v0x5986361fc6b0_0 .net "mule_opcode_valid_o", 0 0, L_0x598636302910;  alias, 1 drivers
v0x5986361fc750_0 .var "mule_pending_q", 0 0;
v0x5986361fc7f0_0 .var "mule_rd_q", 4 0;
v0x5986361fc890_0 .net "mule_writeback_safe_w", 0 0, L_0x598636305740;  1 drivers
v0x5986361fc930_0 .net "mulp_opcode_invalid_o", 0 0, L_0x598635b538d0;  alias, 1 drivers
v0x5986361fc9d0_0 .net "mulp_opcode_opcode_o", 31 0, L_0x59863630dae0;  alias, 1 drivers
v0x5986361fca70_0 .net "mulp_opcode_pc_o", 31 0, L_0x59863630db50;  alias, 1 drivers
v0x5986361fcb10_0 .net "mulp_opcode_ra_idx_o", 4 0, L_0x59863630e010;  alias, 1 drivers
v0x5986361fcbb0_0 .net "mulp_opcode_ra_operand_o", 31 0, L_0x59863630e4e0;  alias, 1 drivers
v0x5986361f7440_0 .net "mulp_opcode_rb_idx_o", 4 0, L_0x59863630e470;  alias, 1 drivers
v0x5986361f7520_0 .net "mulp_opcode_rb_operand_o", 31 0, L_0x598635bbd360;  alias, 1 drivers
v0x5986361f7600_0 .net "mulp_opcode_rd_idx_o", 4 0, L_0x59863630dfa0;  alias, 1 drivers
v0x5986361f76e0_0 .net "mulp_opcode_valid_o", 0 0, L_0x598636302c70;  alias, 1 drivers
v0x5986361f77a0_0 .var "mulp_pending_q", 0 0;
v0x5986361f7860_0 .var "mulp_rd_q", 4 0;
v0x5986361f7940_0 .net "opcode0_invalid_o", 0 0, L_0x71dfbb7c7098;  alias, 1 drivers
v0x5986361f79e0_0 .net "opcode0_opcode_o", 31 0, L_0x598636307ff0;  alias, 1 drivers
v0x5986361f7aa0_0 .net "opcode0_pc_o", 31 0, v0x5986361fe5c0_0;  alias, 1 drivers
v0x5986361f7b60_0 .net "opcode0_ra_idx_o", 4 0, L_0x598636308420;  alias, 1 drivers
v0x5986361fdc60_0 .net "opcode0_ra_operand_o", 31 0, v0x5986361fa630_0;  alias, 1 drivers
v0x5986361fdd00_0 .net "opcode0_rb_idx_o", 4 0, L_0x598636308810;  alias, 1 drivers
v0x5986361fdda0_0 .net "opcode0_rb_operand_o", 31 0, v0x5986361fa810_0;  alias, 1 drivers
v0x5986361fde40_0 .net "opcode0_rd_idx_o", 4 0, L_0x5986363083b0;  alias, 1 drivers
v0x5986361fdee0_0 .net "opcode1_invalid_o", 0 0, L_0x71dfbb7c70e0;  alias, 1 drivers
v0x5986361fdf80_0 .net "opcode1_opcode_o", 31 0, L_0x598636308d80;  alias, 1 drivers
v0x5986361fe020_0 .net "opcode1_pc_o", 31 0, v0x5986361fe980_0;  alias, 1 drivers
v0x5986361fe0c0_0 .net "opcode1_ra_idx_o", 4 0, L_0x5986363096b0;  alias, 1 drivers
v0x5986361fe160_0 .net "opcode1_ra_operand_o", 31 0, v0x5986361fb030_0;  alias, 1 drivers
v0x5986361fe200_0 .net "opcode1_rb_idx_o", 4 0, L_0x598636309720;  alias, 1 drivers
v0x5986361fe2a0_0 .net "opcode1_rb_operand_o", 31 0, v0x5986361fb210_0;  alias, 1 drivers
v0x5986361fe340_0 .net "opcode1_rd_idx_o", 4 0, L_0x598636309320;  alias, 1 drivers
v0x5986361fe3e0_0 .var "opcode_a_accept_r", 0 0;
v0x5986361fe480_0 .var "opcode_a_fault_r", 1 0;
v0x5986361fe520_0 .var "opcode_a_issue_r", 0 0;
v0x5986361fe5c0_0 .var "opcode_a_pc_r", 31 0;
v0x5986361fe660_0 .var "opcode_a_r", 31 0;
v0x5986361fe700_0 .var "opcode_a_valid_r", 0 0;
v0x5986361fe7a0_0 .var "opcode_b_accept_r", 0 0;
v0x5986361fe840_0 .var "opcode_b_fault_r", 1 0;
v0x5986361fe8e0_0 .var "opcode_b_issue_r", 0 0;
v0x5986361fe980_0 .var "opcode_b_pc_r", 31 0;
v0x5986361fea20_0 .var "opcode_b_r", 31 0;
v0x5986361feae0_0 .var "opcode_b_valid_r", 0 0;
v0x5986361feba0_0 .var "pc_x_q", 31 0;
v0x5986361fec80_0 .net "pipe0_branch_e1_w", 0 0, L_0x5986362f6710;  1 drivers
v0x5986361fed50_0 .net "pipe0_csr_wb_w", 0 0, L_0x5986362f8ff0;  1 drivers
v0x5986361fee20_0 .net "pipe0_exception_wb_w", 5 0, v0x5986361e3b90_0;  1 drivers
v0x5986361feef0_0 .net "pipe0_load_e1_w", 0 0, L_0x5986362f6220;  1 drivers
v0x5986361fefc0_0 .net "pipe0_load_e2_w", 0 0, L_0x5986362f7260;  1 drivers
v0x5986361ff090_0 .net "pipe0_mul_e1_w", 0 0, L_0x5986362f6620;  1 drivers
v0x5986361ff160_0 .net "pipe0_mul_e2_w", 0 0, L_0x5986362f7350;  1 drivers
v0x5986361ff230_0 .net "pipe0_opc_wb_w", 31 0, L_0x5986362fa050;  1 drivers
v0x5986361ff300_0 .net "pipe0_opcode_e1_w", 31 0, L_0x5986362f6c20;  1 drivers
v0x5986361ff3d0_0 .net "pipe0_operand_ra_e1_w", 31 0, L_0x5986362f6d30;  1 drivers
v0x5986361ff4a0_0 .net "pipe0_operand_rb_e1_w", 31 0, L_0x5986362f6df0;  1 drivers
v0x5986361ff570_0 .net "pipe0_pc_e1_w", 31 0, L_0x5986362f6b60;  1 drivers
v0x5986361ff640_0 .net "pipe0_pc_wb_w", 31 0, v0x5986361e66a0_0;  1 drivers
v0x5986361ff710_0 .net "pipe0_ra_val_wb_w", 31 0, L_0x5986362f9e50;  1 drivers
v0x5986361ff7e0_0 .net "pipe0_rb_val_wb_w", 31 0, L_0x5986362f9f10;  1 drivers
v0x5986361ff8b0_0 .net "pipe0_rd_e1_w", 4 0, L_0x5986362f6a50;  1 drivers
v0x5986361ff980_0 .net "pipe0_rd_e2_w", 4 0, L_0x5986362f7b70;  1 drivers
v0x5986361ffa50_0 .net "pipe0_rd_wb_after_mule_w", 4 0, L_0x598636306450;  1 drivers
v0x5986361ffaf0_0 .net "pipe0_rd_wb_muxed_w", 4 0, L_0x598636306730;  1 drivers
v0x5986361ffbc0_0 .net "pipe0_rd_wb_w", 4 0, L_0x5986362f95b0;  1 drivers
v0x5986361ffc90_0 .net "pipe0_result_e2_w", 31 0, L_0x5986362f7c80;  1 drivers
v0x5986361ffd60_0 .net "pipe0_result_wb_after_mule_w", 31 0, L_0x598636302110;  1 drivers
v0x5986361ffe00_0 .net "pipe0_result_wb_muxed_w", 31 0, L_0x598636306540;  1 drivers
v0x5986361ffed0_0 .net "pipe0_result_wb_w", 31 0, v0x5986361e6ba0_0;  1 drivers
v0x5986361fffa0_0 .net "pipe0_squash_e1_e2_w", 0 0, L_0x5986362f8e00;  1 drivers
v0x598636200040_0 .net "pipe0_stall_raw_w", 0 0, L_0x5986362f8c10;  1 drivers
v0x598636200110_0 .net "pipe0_store_e1_w", 0 0, L_0x5986362f6360;  1 drivers
v0x5986362001e0_0 .net "pipe0_valid_wb_w", 0 0, L_0x5986362f90f0;  1 drivers
v0x5986362002b0_0 .net "pipe1_branch_e1_w", 0 0, L_0x5986362fb630;  1 drivers
v0x598636200380_0 .net "pipe1_exception_wb_w", 5 0, v0x5986361eaab0_0;  1 drivers
v0x598636200450_0 .net "pipe1_load_e1_w", 0 0, L_0x5986362fb140;  1 drivers
v0x598636200520_0 .net "pipe1_load_e2_w", 0 0, L_0x5986362fc2f0;  1 drivers
v0x5986362005f0_0 .net "pipe1_mul_e1_w", 0 0, L_0x5986362fb540;  1 drivers
v0x5986362006c0_0 .net "pipe1_mul_e2_w", 0 0, L_0x5986362fc3e0;  1 drivers
v0x598636200790_0 .var "pipe1_mux_lsu_r", 0 0;
v0x598636200830_0 .var "pipe1_mux_mul_r", 0 0;
v0x5986362008d0_0 .net "pipe1_ok_w", 0 0, L_0x598636300bc0;  1 drivers
v0x598636200970_0 .net "pipe1_opc_wb_w", 31 0, L_0x5986362fe9d0;  1 drivers
v0x598636200a40_0 .net "pipe1_opcode_e1_w", 31 0, L_0x5986362fbcb0;  1 drivers
v0x598636200b10_0 .net "pipe1_operand_ra_e1_w", 31 0, L_0x5986362fbdc0;  1 drivers
v0x598636200be0_0 .net "pipe1_operand_rb_e1_w", 31 0, L_0x5986362fbe80;  1 drivers
v0x598636200cb0_0 .net "pipe1_pc_e1_w", 31 0, L_0x5986362fbbf0;  1 drivers
v0x598636200d80_0 .net "pipe1_pc_wb_w", 31 0, v0x5986361ed5c0_0;  1 drivers
v0x598636200e50_0 .net "pipe1_ra_val_wb_w", 31 0, L_0x5986362fed40;  1 drivers
v0x598636200f20_0 .net "pipe1_rb_val_wb_w", 31 0, L_0x5986362fee00;  1 drivers
v0x598636200ff0_0 .net "pipe1_rd_e1_w", 4 0, L_0x5986362fbae0;  1 drivers
v0x5986362010c0_0 .net "pipe1_rd_e2_w", 4 0, L_0x5986362fcc00;  1 drivers
v0x598636201190_0 .net "pipe1_rd_wb_w", 4 0, L_0x5986362fe5d0;  1 drivers
v0x598636201280_0 .net "pipe1_result_e2_w", 31 0, L_0x5986362fcd10;  1 drivers
v0x598636201320_0 .net "pipe1_result_wb_w", 31 0, v0x5986361edac0_0;  1 drivers
v0x598636201410_0 .net "pipe1_squash_e1_e2_w", 0 0, L_0x5986362fdd80;  1 drivers
v0x598636201500_0 .net "pipe1_stall_raw_w", 0 0, L_0x5986362fdb90;  1 drivers
v0x5986362015a0_0 .net "pipe1_store_e1_w", 0 0, L_0x5986362fb280;  1 drivers
v0x598636201640_0 .net "pipe1_valid_wb_w", 0 0, L_0x5986362fdfc0;  1 drivers
v0x598636201710_0 .var "priv_x_q", 1 0;
v0x5986362017b0_0 .net "rst_i", 0 0, v0x598636255910_0;  alias, 1 drivers
v0x598636201850_0 .var "scoreboard_r", 31 0;
v0x5986362018f0_0 .net "single_issue_w", 0 0, L_0x598636303ee0;  1 drivers
v0x598636201990_0 .var "slot0_valid_r", 0 0;
v0x598636201a30_0 .var "slot1_valid_r", 0 0;
v0x598636201ad0_0 .net "squash_w", 0 0, L_0x598636300660;  1 drivers
v0x598636201b70_0 .net "stall_w", 0 0, L_0x598636304ef0;  1 drivers
v0x598636201c60_0 .net "take_interrupt_i", 0 0, v0x598636086b20_0;  alias, 1 drivers
v0x598636201d00_0 .net "writeback_cbm_rd_idx_i", 4 0, v0x59863593f3a0_0;  alias, 1 drivers
v0x598636201dc0_0 .net "writeback_cbm_valid_i", 0 0, v0x598635a29eb0_0;  alias, 1 drivers
v0x598636201e60_0 .net "writeback_cbm_value_i", 31 0, v0x598635a17d10_0;  alias, 1 drivers
v0x598636201f00_0 .net "writeback_div_valid_i", 0 0, v0x59863600a9a0_0;  alias, 1 drivers
v0x598636201fa0_0 .net "writeback_div_value_i", 31 0, L_0x5986362f4280;  alias, 1 drivers
v0x598636202060_0 .net "writeback_exec0_value_i", 31 0, L_0x59863630f330;  alias, 1 drivers
v0x598636202170_0 .net "writeback_exec1_value_i", 31 0, L_0x59863630fca0;  alias, 1 drivers
v0x598636202280_0 .net "writeback_mem_exception_i", 5 0, L_0x5986362e75f0;  alias, 1 drivers
v0x598636202390_0 .net "writeback_mem_valid_i", 0 0, L_0x5986362e5690;  alias, 1 drivers
v0x598636202480_0 .net "writeback_mem_value_i", 31 0, L_0x5986362e59b0;  alias, 1 drivers
v0x598636202590_0 .net "writeback_mul_value_i", 31 0, L_0x5986362ed660;  alias, 1 drivers
v0x5986362026a0_0 .net "writeback_mule_rd_idx_i", 4 0, v0x59863623e980_0;  alias, 1 drivers
v0x598636202780_0 .net "writeback_mule_valid_i", 0 0, v0x59863623ef00_0;  alias, 1 drivers
v0x598636202820_0 .net "writeback_mule_value_i", 31 0, L_0x5986362ef170;  alias, 1 drivers
v0x5986362028e0_0 .net "writeback_mulp_rd_idx_i", 4 0, L_0x5986362f2090;  alias, 1 drivers
v0x5986362029c0_0 .net "writeback_mulp_valid_i", 0 0, L_0x5986362f1e90;  alias, 1 drivers
v0x598636202a60_0 .net "writeback_mulp_value_i", 31 0, L_0x5986362f1ff0;  alias, 1 drivers
E_0x5986359ccdd0/0 .event edge, v0x5986361f1950_0, v0x5986361f1bd0_0, v0x5986361e6880_0, v0x5986361f18b0_0;
E_0x5986359ccdd0/1 .event edge, v0x5986361e6b00_0, v0x5986361f1b30_0, v0x5986361ed7a0_0, v0x5986361eda20_0;
E_0x5986359ccdd0/2 .event edge, v0x5986361f6c20_0, v0x598635956180_0, v0x598635a17890_0, v0x5986361fc890_0;
E_0x5986359ccdd0/3 .event edge, v0x5986362026a0_0, v0x598635fc6fd0_0, v0x5986361e67e0_0, v0x5986361e6920_0;
E_0x5986359ccdd0/4 .event edge, v0x5986361ed700_0, v0x5986361ed840_0, v0x5986361e6740_0, v0x598635ffa440_0;
E_0x5986359ccdd0/5 .event edge, v0x5986361ed660_0, v0x598636126900_0;
E_0x5986359ccdd0 .event/or E_0x5986359ccdd0/0, E_0x5986359ccdd0/1, E_0x5986359ccdd0/2, E_0x5986359ccdd0/3, E_0x5986359ccdd0/4, E_0x5986359ccdd0/5;
E_0x598635a1c920/0 .event edge, v0x5986361f1810_0, v0x5986361f1a90_0, v0x5986361e6880_0, v0x5986361f1770_0;
E_0x598635a1c920/1 .event edge, v0x5986361e6b00_0, v0x5986361f19f0_0, v0x5986361ed7a0_0, v0x5986361eda20_0;
E_0x598635a1c920/2 .event edge, v0x5986361f6c20_0, v0x598635956180_0, v0x598635a17890_0, v0x5986361fc890_0;
E_0x598635a1c920/3 .event edge, v0x5986362026a0_0, v0x598635fc6fd0_0, v0x5986361e67e0_0, v0x5986361e6920_0;
E_0x598635a1c920/4 .event edge, v0x5986361ed700_0, v0x5986361ed840_0, v0x5986361e6740_0, v0x598635ffa440_0;
E_0x598635a1c920/5 .event edge, v0x5986361ed660_0, v0x598636126900_0;
E_0x598635a1c920 .event/or E_0x598635a1c920/0, E_0x598635a1c920/1, E_0x598635a1c920/2, E_0x598635a1c920/3, E_0x598635a1c920/4, E_0x598635a1c920/5;
E_0x598635963cc0/0 .event edge, v0x5986361fc750_0, v0x5986361fc7f0_0, v0x5986361f6ae0_0, v0x5986361f6b80_0;
E_0x598635963cc0/1 .event edge, v0x5986361f77a0_0, v0x5986361f7860_0, v0x5986361e48b0_0, v0x5986361e4c70_0;
E_0x598635963cc0/2 .event edge, v0x5986361e6740_0, v0x5986361eb7d0_0, v0x5986361ebb90_0, v0x5986361ed660_0;
E_0x598635963cc0/3 .event edge, v0x5986361e70a0_0, v0x5986361edfc0_0, v0x5986361e41d0_0, v0x5986361e3ff0_0;
E_0x598635963cc0/4 .event edge, v0x5986361e3f50_0, v0x5986361e4270_0, v0x5986361e3eb0_0, v0x5986361e4310_0;
E_0x598635963cc0/5 .event edge, v0x5986361fba30_0, v0x5986361e4770_0, v0x5986361f8290_0, v0x5986361f7300_0;
E_0x598635963cc0/6 .event edge, v0x5986361fe700_0, v0x5986361f1770_0, v0x598636201850_0, v0x5986361f19f0_0;
E_0x598635963cc0/7 .event edge, v0x5986361e4630_0, v0x5986361e3c30_0, v0x5986361e46d0_0, v0x5986361f8330_0;
E_0x598635963cc0/8 .event edge, v0x5986361feae0_0, v0x5986361f18b0_0, v0x5986361f1b30_0, v0x5986361eb550_0;
E_0x598635963cc0/9 .event edge, v0x5986361eb050_0, v0x5986361eb0f0_0, v0x5986361eab50_0, v0x5986361eb5f0_0;
E_0x598635963cc0 .event/or E_0x598635963cc0/0, E_0x598635963cc0/1, E_0x598635963cc0/2, E_0x598635963cc0/3, E_0x598635963cc0/4, E_0x598635963cc0/5, E_0x598635963cc0/6, E_0x598635963cc0/7, E_0x598635963cc0/8, E_0x598635963cc0/9;
E_0x598635963d00/0 .event edge, v0x598636201990_0, v0x5986361cc5c0_0, v0x5986361a8060_0, v0x5986361cee80_0;
E_0x598635963d00/1 .event edge, v0x5986361d0500_0, v0x5986361d0460_0, v0x5986361cc480_0, v0x5986361cef20_0;
E_0x598635963d00/2 .event edge, v0x5986361d0fa0_0, v0x5986361d0f00_0, v0x598636201a30_0;
E_0x598635963d00 .event/or E_0x598635963d00/0, E_0x598635963d00/1, E_0x598635963d00/2;
E_0x598635964440/0 .event edge, v0x598635fe4ea0_0, v0x598636201ad0_0, v0x5986361a81a0_0, v0x5986361cee80_0;
E_0x598635964440/1 .event edge, v0x5986361feba0_0, v0x5986361cc5c0_0, v0x5986361cef20_0;
E_0x598635964440 .event/or E_0x598635964440/0, E_0x598635964440/1;
L_0x5986362f3ee0 .functor MUXZ 32, v0x5986361feba0_0, v0x598635fe4250_0, v0x598635fe4f60_0, C4<>;
L_0x5986362f4360 .functor MUXZ 2, v0x598636201710_0, L_0x5986362eb550, v0x598635fe4f60_0, C4<>;
L_0x5986362f4400 .part v0x5986361fe660_0, 15, 5;
L_0x5986362f44a0 .part v0x5986361fe660_0, 20, 5;
L_0x5986362f4540 .part v0x5986361fe660_0, 7, 5;
L_0x5986362f4630 .functor MUXZ 1, L_0x5986362c72f0, L_0x5986362927c0, v0x598636201990_0, C4<>;
L_0x5986362f4720 .functor MUXZ 1, L_0x5986362cd000, L_0x598636299300, v0x598636201990_0, C4<>;
L_0x5986362f4810 .functor MUXZ 1, L_0x5986362cf530, L_0x59863629ba10, v0x598636201990_0, C4<>;
L_0x5986362f4950 .functor MUXZ 1, L_0x5986362d0600, L_0x59863629d690, v0x598636201990_0, C4<>;
L_0x5986362f4ad0 .functor MUXZ 1, L_0x5986362d1d30, L_0x59863629de70, v0x598636201990_0, C4<>;
L_0x5986362f4b70 .functor MUXZ 1, L_0x5986362d24a0, L_0x59863629d9b0, v0x598636201990_0, C4<>;
L_0x5986362f4c10 .functor MUXZ 1, L_0x5986362d3d90, L_0x5986362a03b0, v0x598636201990_0, C4<>;
L_0x5986362f4d70 .functor MUXZ 1, L_0x5986362d4050, L_0x5986362a0670, v0x598636201990_0, C4<>;
L_0x5986362f4e60 .functor MUXZ 1, L_0x5986362d55e0, L_0x5986362a21a0, v0x598636201990_0, C4<>;
L_0x5986362f4fd0 .functor MUXZ 1, L_0x5986362d4dc0, L_0x5986362a13e0, v0x598636201990_0, C4<>;
L_0x5986362f50c0 .functor MUXZ 1, L_0x5986362b9450, L_0x598636285d60, v0x598636201990_0, C4<>;
L_0x5986362f51f0 .part v0x5986361fea20_0, 15, 5;
L_0x5986362f52e0 .part v0x5986361fea20_0, 20, 5;
L_0x5986362f54c0 .part v0x5986361fea20_0, 7, 5;
L_0x5986362f5a50 .part v0x5986361fe480_0, 0, 1;
L_0x5986362f5420 .part v0x5986361fe480_0, 1, 1;
L_0x5986362f5bf0 .functor MUXZ 6, L_0x71dfbb7c6cf0, L_0x71dfbb7c6ca8, L_0x5986362f5420, C4<>;
L_0x5986362f5da0 .functor MUXZ 6, L_0x5986362f5bf0, L_0x71dfbb7c6c60, L_0x5986362f5a50, C4<>;
L_0x5986362fa8f0 .part v0x5986361fe840_0, 0, 1;
L_0x5986362f5c90 .part v0x5986361fe840_0, 1, 1;
L_0x5986362faa60 .functor MUXZ 6, L_0x71dfbb7c6e58, L_0x71dfbb7c6e10, L_0x5986362f5c90, C4<>;
L_0x5986362fac30 .functor MUXZ 6, L_0x5986362faa60, L_0x71dfbb7c6dc8, L_0x5986362fa8f0, C4<>;
L_0x5986362ff490 .reduce/or v0x5986361e3b90_0;
L_0x5986362fab00 .functor MUXZ 32, v0x5986361ed5c0_0, v0x5986361e66a0_0, L_0x5986362ff490, C4<>;
L_0x5986362ff740 .reduce/or v0x5986361e3b90_0;
L_0x5986362ff5c0 .functor MUXZ 32, v0x5986361edac0_0, v0x5986361e6ba0_0, L_0x5986362ff740, C4<>;
L_0x5986362ffd70 .functor MUXZ 32, v0x598636070770_0, v0x598636126f20_0, L_0x598636300510, C4<>;
L_0x5986362ff7e0 .functor MUXZ 32, v0x59863606f5f0_0, v0x598636127000_0, L_0x5986363005f0, C4<>;
L_0x598636301bf0 .functor MUXZ 1, v0x5986361fe520_0, v0x5986361fe8e0_0, v0x598636200790_0, C4<>;
L_0x598636302540 .functor MUXZ 1, v0x5986361fe520_0, v0x5986361fe8e0_0, v0x598636200830_0, C4<>;
L_0x598636306450 .functor MUXZ 5, L_0x5986362f95b0, v0x59863623e980_0, L_0x598636305740, C4<>;
L_0x598636302110 .functor MUXZ 32, v0x5986361e6ba0_0, L_0x5986362ef170, L_0x598636305740, C4<>;
L_0x598636306730 .functor MUXZ 5, L_0x598636306450, v0x59863593f3a0_0, L_0x598636306070, C4<>;
L_0x598636306540 .functor MUXZ 32, L_0x598636302110, v0x598635a17d10_0, L_0x598636306070, C4<>;
L_0x598636307310 .functor MUXZ 32, L_0x598636307ff0, L_0x598636308d80, v0x598636200790_0, C4<>;
L_0x5986363067d0 .functor MUXZ 32, v0x5986361fe5c0_0, v0x5986361fe980_0, v0x598636200790_0, C4<>;
L_0x598636306870 .functor MUXZ 5, L_0x5986363083b0, L_0x598636309320, v0x598636200790_0, C4<>;
L_0x59863630a280 .functor MUXZ 5, L_0x598636308420, L_0x5986363096b0, v0x598636200790_0, C4<>;
L_0x59863630a3b0 .functor MUXZ 5, L_0x598636308810, L_0x598636309720, v0x598636200790_0, C4<>;
L_0x59863630a090 .functor MUXZ 32, v0x5986361fa630_0, v0x5986361fb030_0, v0x598636200790_0, C4<>;
L_0x59863630a5c0 .functor MUXZ 32, v0x5986361fa810_0, v0x5986361fb210_0, v0x598636200790_0, C4<>;
L_0x59863630a450 .functor MUXZ 32, L_0x598636307ff0, L_0x598636308d80, v0x598636200830_0, C4<>;
L_0x59863630a4f0 .functor MUXZ 32, v0x5986361fe5c0_0, v0x5986361fe980_0, v0x598636200830_0, C4<>;
L_0x59863630a7f0 .functor MUXZ 5, L_0x5986363083b0, L_0x598636309320, v0x598636200830_0, C4<>;
L_0x59863630a890 .functor MUXZ 5, L_0x598636308420, L_0x5986363096b0, v0x598636200830_0, C4<>;
L_0x59863630a660 .functor MUXZ 5, L_0x598636308810, L_0x598636309720, v0x598636200830_0, C4<>;
L_0x59863630a700 .functor MUXZ 32, v0x5986361fa630_0, v0x5986361fb030_0, v0x598636200830_0, C4<>;
L_0x59863630aae0 .functor MUXZ 32, v0x5986361fa810_0, v0x5986361fb210_0, v0x598636200830_0, C4<>;
S_0x5986361e01d0 .scope module, "u_pipe0_ctrl" "biriscv_pipe_ctrl" 16 423, 17 25 0, S_0x5986361de5c0;
 .timescale 0 0;
    .port_info 0 /INPUT 1 "clk_i";
    .port_info 1 /INPUT 1 "rst_i";
    .port_info 2 /INPUT 1 "issue_valid_i";
    .port_info 3 /INPUT 1 "issue_accept_i";
    .port_info 4 /INPUT 1 "issue_stall_i";
    .port_info 5 /INPUT 1 "issue_lsu_i";
    .port_info 6 /INPUT 1 "issue_csr_i";
    .port_info 7 /INPUT 1 "issue_div_i";
    .port_info 8 /INPUT 1 "issue_mul_i";
    .port_info 9 /INPUT 1 "issue_mule_i";
    .port_info 10 /INPUT 1 "issue_cbm_i";
    .port_info 11 /INPUT 1 "issue_mulp_i";
    .port_info 12 /INPUT 1 "issue_branch_i";
    .port_info 13 /INPUT 1 "issue_rd_valid_i";
    .port_info 14 /INPUT 5 "issue_rd_i";
    .port_info 15 /INPUT 6 "issue_exception_i";
    .port_info 16 /INPUT 1 "take_interrupt_i";
    .port_info 17 /INPUT 1 "issue_branch_taken_i";
    .port_info 18 /INPUT 32 "issue_branch_target_i";
    .port_info 19 /INPUT 32 "issue_pc_i";
    .port_info 20 /INPUT 32 "issue_opcode_i";
    .port_info 21 /INPUT 32 "issue_operand_ra_i";
    .port_info 22 /INPUT 32 "issue_operand_rb_i";
    .port_info 23 /INPUT 32 "alu_result_e1_i";
    .port_info 24 /INPUT 32 "csr_result_value_e1_i";
    .port_info 25 /INPUT 1 "csr_result_write_e1_i";
    .port_info 26 /INPUT 32 "csr_result_wdata_e1_i";
    .port_info 27 /INPUT 6 "csr_result_exception_e1_i";
    .port_info 28 /OUTPUT 1 "load_e1_o";
    .port_info 29 /OUTPUT 1 "store_e1_o";
    .port_info 30 /OUTPUT 1 "mul_e1_o";
    .port_info 31 /OUTPUT 1 "branch_e1_o";
    .port_info 32 /OUTPUT 5 "rd_e1_o";
    .port_info 33 /OUTPUT 32 "pc_e1_o";
    .port_info 34 /OUTPUT 32 "opcode_e1_o";
    .port_info 35 /OUTPUT 32 "operand_ra_e1_o";
    .port_info 36 /OUTPUT 32 "operand_rb_e1_o";
    .port_info 37 /INPUT 1 "mem_complete_i";
    .port_info 38 /INPUT 32 "mem_result_e2_i";
    .port_info 39 /INPUT 6 "mem_exception_e2_i";
    .port_info 40 /INPUT 32 "mul_result_e2_i";
    .port_info 41 /OUTPUT 1 "load_e2_o";
    .port_info 42 /OUTPUT 1 "mul_e2_o";
    .port_info 43 /OUTPUT 5 "rd_e2_o";
    .port_info 44 /OUTPUT 32 "result_e2_o";
    .port_info 45 /INPUT 1 "div_complete_i";
    .port_info 46 /INPUT 32 "div_result_i";
    .port_info 47 /INPUT 1 "mule_complete_i";
    .port_info 48 /INPUT 32 "mule_result_i";
    .port_info 49 /INPUT 1 "cbm_complete_i";
    .port_info 50 /INPUT 32 "cbm_result_i";
    .port_info 51 /INPUT 1 "mulp_complete_i";
    .port_info 52 /INPUT 32 "mulp_result_i";
    .port_info 53 /OUTPUT 1 "valid_wb_o";
    .port_info 54 /OUTPUT 1 "csr_wb_o";
    .port_info 55 /OUTPUT 5 "rd_wb_o";
    .port_info 56 /OUTPUT 32 "result_wb_o";
    .port_info 57 /OUTPUT 32 "pc_wb_o";
    .port_info 58 /OUTPUT 32 "opcode_wb_o";
    .port_info 59 /OUTPUT 32 "operand_ra_wb_o";
    .port_info 60 /OUTPUT 32 "operand_rb_wb_o";
    .port_info 61 /OUTPUT 6 "exception_wb_o";
    .port_info 62 /OUTPUT 1 "csr_write_wb_o";
    .port_info 63 /OUTPUT 12 "csr_waddr_wb_o";
    .port_info 64 /OUTPUT 32 "csr_wdata_wb_o";
    .port_info 65 /OUTPUT 1 "stall_o";
    .port_info 66 /OUTPUT 1 "squash_e1_e2_o";
    .port_info 67 /INPUT 1 "squash_e1_e2_i";
    .port_info 68 /INPUT 1 "squash_wb_i";
P_0x598635fa77d0 .param/l "SUPPORT_LOAD_BYPASS" 0 17 30, +C4<00000000000000000000000000000001>;
P_0x598635fa7810 .param/l "SUPPORT_MUL_BYPASS" 0 17 31, +C4<00000000000000000000000000000001>;
L_0x5986362f6110 .functor AND 1, L_0x59863630fab0, L_0x5986362f6020, C4<1>, C4<1>;
L_0x5986362f6a50 .functor AND 5, L_0x5986362f68a0, L_0x5986362f6940, C4<11111>, C4<11111>;
L_0x5986362f6b60 .functor BUFZ 32, v0x5986361e5cb0_0, C4<00000000000000000000000000000000>, C4<00000000000000000000000000000000>, C4<00000000000000000000000000000000>;
L_0x5986362f6c20 .functor BUFZ 32, v0x5986361e5350_0, C4<00000000000000000000000000000000>, C4<00000000000000000000000000000000>, C4<00000000000000000000000000000000>;
L_0x5986362f6d30 .functor BUFZ 32, v0x5986361e5670_0, C4<00000000000000000000000000000000>, C4<00000000000000000000000000000000>, C4<00000000000000000000000000000000>;
L_0x5986362f6df0 .functor BUFZ 32, v0x5986361e5990_0, C4<00000000000000000000000000000000>, C4<00000000000000000000000000000000>, C4<00000000000000000000000000000000>;
L_0x5986362f6eb0 .functor NOT 1, L_0x598636304ef0, C4<0>, C4<0>, C4<0>;
L_0x5986362f6f20 .functor AND 1, v0x5986361e7280_0, L_0x5986362f6eb0, C4<1>, C4<1>;
L_0x5986362f69e0 .functor OR 1, L_0x5986362f7030, L_0x5986362f70d0, C4<0>, C4<0>;
L_0x5986362f7600 .functor AND 1, L_0x5986362f6f20, L_0x5986362f7560, C4<1>, C4<1>;
L_0x5986362f76c0 .functor NOT 1, L_0x5986362f8c10, C4<0>, C4<0>, C4<0>;
L_0x5986362f7730 .functor AND 1, L_0x5986362f7600, L_0x5986362f76c0, C4<1>, C4<1>;
L_0x5986362f7b70 .functor AND 5, L_0x5986362f78b0, L_0x5986362f7ad0, C4<11111>, C4<11111>;
L_0x5986362f7c80 .functor BUFZ 32, v0x5986361e6a60_0, C4<00000000000000000000000000000000>, C4<00000000000000000000000000000000>, C4<00000000000000000000000000000000>;
L_0x5986362f7840 .functor NOT 1, v0x59863600a9a0_0, C4<0>, C4<0>, C4<0>;
L_0x5986362f7e90 .functor AND 1, L_0x5986362f7d40, L_0x5986362f7840, C4<1>, C4<1>;
L_0x5986362f8030 .functor NOT 1, v0x598635a29eb0_0, C4<0>, C4<0>, C4<0>;
L_0x5986362f80a0 .functor AND 1, L_0x5986362f7a30, L_0x5986362f8030, C4<1>, C4<1>;
L_0x5986362f8250 .functor OR 1, L_0x5986362f7e90, L_0x5986362f80a0, C4<0>, C4<0>;
L_0x5986362f7de0 .functor NOT 1, L_0x5986362f1e90, C4<0>, C4<0>, C4<0>;
L_0x5986362f8680 .functor AND 1, L_0x5986362f8360, L_0x5986362f7de0, C4<1>, C4<1>;
L_0x5986362f8790 .functor OR 1, L_0x5986362f8250, L_0x5986362f8680, C4<0>, C4<0>;
L_0x5986362f8400 .functor OR 1, L_0x5986362f81b0, L_0x5986362f85d0, C4<0>, C4<0>;
L_0x5986362f8a80 .functor NOT 1, L_0x5986362e5690, C4<0>, C4<0>, C4<0>;
L_0x5986362f88a0 .functor AND 1, L_0x5986362f8400, L_0x5986362f8a80, C4<1>, C4<1>;
L_0x5986362f8c10 .functor OR 1, L_0x5986362f8790, L_0x5986362f88a0, C4<0>, C4<0>;
L_0x5986362f8e00 .functor OR 1, L_0x5986362f8af0, v0x5986361e6e20_0, C4<0>, C4<0>;
L_0x5986362f8960 .functor NOT 1, L_0x598636304ef0, C4<0>, C4<0>, C4<0>;
L_0x5986362f8d20 .functor AND 1, L_0x5986362f8e70, L_0x5986362f8960, C4<1>, C4<1>;
L_0x5986362f8d90 .functor NOT 1, L_0x598636304ef0, C4<0>, C4<0>, C4<0>;
L_0x5986362f90f0 .functor AND 1, v0x5986361e7460_0, L_0x5986362f8d90, C4<1>, C4<1>;
L_0x5986362f92f0 .functor NOT 1, L_0x598636304ef0, C4<0>, C4<0>, C4<0>;
L_0x5986362f8ff0 .functor AND 1, L_0x5986362f9200, L_0x5986362f92f0, C4<1>, C4<1>;
L_0x5986362f8f10 .functor AND 1, L_0x5986362f90f0, L_0x5986362f9510, C4<1>, C4<1>;
L_0x5986362f97c0 .functor NOT 1, L_0x5986362f8c10, C4<0>, C4<0>, C4<0>;
L_0x5986362f9830 .functor AND 1, L_0x5986362f8f10, L_0x5986362f97c0, C4<1>, C4<1>;
L_0x5986362f95b0 .functor AND 5, L_0x5986362f9a20, L_0x5986362f9ba0, C4<11111>, C4<11111>;
L_0x5986362fa050 .functor BUFZ 32, v0x5986361e5530_0, C4<00000000000000000000000000000000>, C4<00000000000000000000000000000000>, C4<00000000000000000000000000000000>;
L_0x5986362f9e50 .functor BUFZ 32, v0x5986361e5850_0, C4<00000000000000000000000000000000>, C4<00000000000000000000000000000000>, C4<00000000000000000000000000000000>;
L_0x5986362f9f10 .functor BUFZ 32, v0x5986361e5b70_0, C4<00000000000000000000000000000000>, C4<00000000000000000000000000000000>, C4<00000000000000000000000000000000>;
L_0x5986362fa7a0 .functor BUFZ 32, v0x5986361e2ec0_0, C4<00000000000000000000000000000000>, C4<00000000000000000000000000000000>, C4<00000000000000000000000000000000>;
v0x5986361e09e0_0 .net *"_ivl_1", 1 0, L_0x5986362f5f80;  1 drivers
v0x5986361e0a80_0 .net *"_ivl_107", 0 0, L_0x5986362f8e70;  1 drivers
v0x5986361e0b20_0 .net *"_ivl_108", 0 0, L_0x5986362f8960;  1 drivers
v0x5986361e0bc0_0 .net *"_ivl_112", 0 0, L_0x5986362f8d90;  1 drivers
v0x5986361e0c60_0 .net *"_ivl_117", 0 0, L_0x5986362f9200;  1 drivers
v0x5986361e0d00_0 .net *"_ivl_118", 0 0, L_0x5986362f92f0;  1 drivers
v0x5986361e0da0_0 .net *"_ivl_123", 0 0, L_0x5986362f9510;  1 drivers
v0x5986361e0e40_0 .net *"_ivl_125", 0 0, L_0x5986362f8f10;  1 drivers
v0x5986361e0ee0_0 .net *"_ivl_126", 0 0, L_0x5986362f97c0;  1 drivers
v0x5986361e0f80_0 .net *"_ivl_129", 0 0, L_0x5986362f9830;  1 drivers
v0x5986361e1020_0 .net *"_ivl_130", 4 0, L_0x5986362f9a20;  1 drivers
v0x5986361e10c0_0 .net *"_ivl_133", 4 0, L_0x5986362f9ba0;  1 drivers
L_0x71dfbb7c6d38 .functor BUFT 1, C4<00>, C4<0>, C4<0>, C4<0>;
v0x5986361e1160_0 .net/2u *"_ivl_2", 1 0, L_0x71dfbb7c6d38;  1 drivers
v0x5986361e1200_0 .net *"_ivl_23", 0 0, L_0x5986362f6800;  1 drivers
v0x5986361e12a0_0 .net *"_ivl_24", 4 0, L_0x5986362f68a0;  1 drivers
v0x5986361e1340_0 .net *"_ivl_27", 4 0, L_0x5986362f6940;  1 drivers
v0x5986361e13e0_0 .net *"_ivl_38", 0 0, L_0x5986362f6eb0;  1 drivers
v0x5986361e1480_0 .net *"_ivl_4", 0 0, L_0x5986362f6020;  1 drivers
v0x5986361e1520_0 .net *"_ivl_43", 0 0, L_0x5986362f7030;  1 drivers
v0x5986361e15c0_0 .net *"_ivl_45", 0 0, L_0x5986362f70d0;  1 drivers
v0x5986361e1660_0 .net *"_ivl_53", 0 0, L_0x5986362f7560;  1 drivers
v0x5986361e1700_0 .net *"_ivl_55", 0 0, L_0x5986362f7600;  1 drivers
v0x5986361e17a0_0 .net *"_ivl_56", 0 0, L_0x5986362f76c0;  1 drivers
v0x5986361e1840_0 .net *"_ivl_59", 0 0, L_0x5986362f7730;  1 drivers
v0x5986361e18e0_0 .net *"_ivl_60", 4 0, L_0x5986362f78b0;  1 drivers
v0x5986361e1980_0 .net *"_ivl_63", 4 0, L_0x5986362f7ad0;  1 drivers
v0x5986361e1a20_0 .net *"_ivl_69", 0 0, L_0x5986362f7d40;  1 drivers
v0x5986361e1ac0_0 .net *"_ivl_70", 0 0, L_0x5986362f7840;  1 drivers
v0x5986361e1b60_0 .net *"_ivl_73", 0 0, L_0x5986362f7e90;  1 drivers
v0x5986361e1c00_0 .net *"_ivl_75", 0 0, L_0x5986362f7a30;  1 drivers
v0x5986361e1ca0_0 .net *"_ivl_76", 0 0, L_0x5986362f8030;  1 drivers
v0x5986361e1d40_0 .net *"_ivl_79", 0 0, L_0x5986362f80a0;  1 drivers
v0x5986361e1de0_0 .net *"_ivl_81", 0 0, L_0x5986362f8250;  1 drivers
v0x5986361e1e80_0 .net *"_ivl_83", 0 0, L_0x5986362f8360;  1 drivers
v0x5986361e1f20_0 .net *"_ivl_84", 0 0, L_0x5986362f7de0;  1 drivers
v0x5986361e1fc0_0 .net *"_ivl_87", 0 0, L_0x5986362f8680;  1 drivers
v0x5986361e2060_0 .net *"_ivl_89", 0 0, L_0x5986362f8790;  1 drivers
v0x5986361e2100_0 .net *"_ivl_91", 0 0, L_0x5986362f81b0;  1 drivers
v0x5986361e21a0_0 .net *"_ivl_93", 0 0, L_0x5986362f85d0;  1 drivers
v0x5986361e2240_0 .net *"_ivl_94", 0 0, L_0x5986362f8400;  1 drivers
v0x5986361e22e0_0 .net *"_ivl_96", 0 0, L_0x5986362f8a80;  1 drivers
v0x5986361e2380_0 .net *"_ivl_98", 0 0, L_0x5986362f88a0;  1 drivers
v0x5986361e2420_0 .net "alu_e1_w", 0 0, L_0x5986362f6180;  1 drivers
v0x5986361e24c0_0 .net "alu_result_e1_i", 31 0, L_0x59863630f330;  alias, 1 drivers
v0x5986361e2560_0 .net "branch_e1_o", 0 0, L_0x5986362f6710;  alias, 1 drivers
v0x5986361e2600_0 .net "branch_misaligned_w", 0 0, L_0x5986362f6110;  1 drivers
v0x5986361e26a0_0 .net "cbm_complete_i", 0 0, v0x598635a29eb0_0;  alias, 1 drivers
v0x5986361e2740_0 .net "cbm_result_i", 31 0, v0x598635a17d10_0;  alias, 1 drivers
v0x5986361e27e0_0 .net "clk_i", 0 0, v0x5986362531c0_0;  alias, 1 drivers
v0x5986361e2880_0 .net "complete_wb_w", 0 0, L_0x5986362f8d20;  1 drivers
v0x5986361e2920_0 .net "csr_e1_w", 0 0, L_0x5986362f6450;  1 drivers
v0x5986361e29c0_0 .net "csr_result_exception_e1_i", 5 0, L_0x5986362eb930;  alias, 1 drivers
v0x5986361e2a60_0 .net "csr_result_value_e1_i", 31 0, L_0x5986362eb7a0;  alias, 1 drivers
v0x5986361e2b00_0 .net "csr_result_wdata_e1_i", 31 0, L_0x5986362ea600;  alias, 1 drivers
v0x5986361e2ba0_0 .net "csr_result_write_e1_i", 0 0, L_0x5986362ea590;  alias, 1 drivers
v0x5986361e2c40_0 .net "csr_waddr_wb_o", 11 0, L_0x5986362fa700;  alias, 1 drivers
v0x5986361e2ce0_0 .net "csr_wb_o", 0 0, L_0x5986362f8ff0;  alias, 1 drivers
v0x5986361e2d80_0 .var "csr_wdata_e2_q", 31 0;
v0x5986361e2e20_0 .net "csr_wdata_wb_o", 31 0, L_0x5986362fa7a0;  alias, 1 drivers
v0x5986361e2ec0_0 .var "csr_wdata_wb_q", 31 0;
v0x5986361e2f60_0 .var "csr_wr_e2_q", 0 0;
v0x5986361e3000_0 .var "csr_wr_wb_q", 0 0;
v0x5986361e30a0_0 .net "csr_write_wb_o", 0 0, v0x5986361e3000_0;  alias, 1 drivers
v0x5986361e3140_0 .var "ctrl_e1_q", 12 0;
v0x5986361e31e0_0 .var "ctrl_e2_q", 12 0;
v0x5986361e3690_0 .var "ctrl_wb_q", 12 0;
v0x5986361e3730_0 .net "div_complete_i", 0 0, v0x59863600a9a0_0;  alias, 1 drivers
v0x5986361e37d0_0 .net "div_e1_w", 0 0, L_0x5986362f6580;  1 drivers
v0x5986361e3870_0 .net "div_result_i", 31 0, L_0x5986362f4280;  alias, 1 drivers
v0x5986361e3910_0 .var "exception_e1_q", 5 0;
v0x5986361e39b0_0 .var "exception_e2_q", 5 0;
v0x5986361e3a50_0 .var "exception_e2_r", 5 0;
v0x5986361e3af0_0 .net "exception_wb_o", 5 0, v0x5986361e3b90_0;  alias, 1 drivers
v0x5986361e3b90_0 .var "exception_wb_q", 5 0;
v0x5986361e3c30_0 .net "issue_accept_i", 0 0, v0x5986361fe3e0_0;  1 drivers
v0x5986361e3cd0_0 .net "issue_branch_i", 0 0, L_0x5986362f4950;  alias, 1 drivers
v0x5986361e3d70_0 .net "issue_branch_taken_i", 0 0, L_0x59863630fab0;  alias, 1 drivers
v0x5986361e3e10_0 .net "issue_branch_target_i", 31 0, v0x598635fc90d0_0;  alias, 1 drivers
v0x5986361e3eb0_0 .net "issue_cbm_i", 0 0, L_0x5986362f4d70;  alias, 1 drivers
v0x5986361e3f50_0 .net "issue_csr_i", 0 0, L_0x5986362f4fd0;  alias, 1 drivers
v0x5986361e3ff0_0 .net "issue_div_i", 0 0, L_0x5986362f4b70;  alias, 1 drivers
v0x5986361e4090_0 .net "issue_exception_i", 5 0, L_0x5986362f5da0;  alias, 1 drivers
v0x5986361e4130_0 .net "issue_lsu_i", 0 0, L_0x5986362f4810;  alias, 1 drivers
v0x5986361e41d0_0 .net "issue_mul_i", 0 0, L_0x5986362f4ad0;  alias, 1 drivers
v0x5986361e4270_0 .net "issue_mule_i", 0 0, L_0x5986362f4c10;  alias, 1 drivers
v0x5986361e4310_0 .net "issue_mulp_i", 0 0, L_0x5986362f4e60;  alias, 1 drivers
v0x5986361e43b0_0 .net "issue_opcode_i", 31 0, L_0x598636307ff0;  alias, 1 drivers
v0x5986361e4450_0 .net "issue_operand_ra_i", 31 0, v0x5986361fa630_0;  alias, 1 drivers
v0x5986361e44f0_0 .net "issue_operand_rb_i", 31 0, v0x5986361fa810_0;  alias, 1 drivers
v0x5986361e4590_0 .net "issue_pc_i", 31 0, v0x5986361fe5c0_0;  alias, 1 drivers
v0x5986361e4630_0 .net "issue_rd_i", 4 0, L_0x5986362f4540;  alias, 1 drivers
v0x5986361e46d0_0 .net "issue_rd_valid_i", 0 0, L_0x5986362f4630;  alias, 1 drivers
v0x5986361e4770_0 .net "issue_stall_i", 0 0, L_0x598636304ef0;  alias, 1 drivers
v0x5986361e4810_0 .net "issue_valid_i", 0 0, v0x5986361fe520_0;  1 drivers
v0x5986361e48b0_0 .net "load_e1_o", 0 0, L_0x5986362f6220;  alias, 1 drivers
v0x5986361e4950_0 .net "load_e2_o", 0 0, L_0x5986362f7260;  alias, 1 drivers
v0x5986361e49f0_0 .net "load_store_e2_w", 0 0, L_0x5986362f69e0;  1 drivers
v0x5986361e4a90_0 .net "mem_complete_i", 0 0, L_0x5986362e5690;  alias, 1 drivers
v0x5986361e4b30_0 .net "mem_exception_e2_i", 5 0, L_0x5986362e75f0;  alias, 1 drivers
v0x5986361e4bd0_0 .net "mem_result_e2_i", 31 0, L_0x5986362e59b0;  alias, 1 drivers
v0x5986361e4c70_0 .net "mul_e1_o", 0 0, L_0x5986362f6620;  alias, 1 drivers
v0x5986361e4d10_0 .net "mul_e2_o", 0 0, L_0x5986362f7350;  alias, 1 drivers
v0x5986361e4db0_0 .net "mul_result_e2_i", 31 0, L_0x5986362ed660;  alias, 1 drivers
v0x5986361e4e50_0 .net "mule_complete_i", 0 0, v0x59863623ef00_0;  alias, 1 drivers
v0x5986361e4ef0_0 .net "mule_result_i", 31 0, L_0x5986362ef170;  alias, 1 drivers
v0x5986361e4f90_0 .net "mulp_complete_i", 0 0, L_0x5986362f1e90;  alias, 1 drivers
v0x5986361e5030_0 .net "mulp_result_i", 31 0, L_0x5986362f1ff0;  alias, 1 drivers
v0x5986361e50d0_0 .var "npc_e1_q", 31 0;
v0x5986361e5170_0 .var "npc_e2_q", 31 0;
v0x5986361e5210_0 .var "npc_wb_q", 31 0;
v0x5986361e52b0_0 .net "opcode_e1_o", 31 0, L_0x5986362f6c20;  alias, 1 drivers
v0x5986361e5350_0 .var "opcode_e1_q", 31 0;
v0x5986361e53f0_0 .var "opcode_e2_q", 31 0;
v0x5986361e5490_0 .net "opcode_wb_o", 31 0, L_0x5986362fa050;  alias, 1 drivers
v0x5986361e5530_0 .var "opcode_wb_q", 31 0;
v0x5986361e55d0_0 .net "operand_ra_e1_o", 31 0, L_0x5986362f6d30;  alias, 1 drivers
v0x5986361e5670_0 .var "operand_ra_e1_q", 31 0;
v0x5986361e5710_0 .var "operand_ra_e2_q", 31 0;
v0x5986361e57b0_0 .net "operand_ra_wb_o", 31 0, L_0x5986362f9e50;  alias, 1 drivers
v0x5986361e5850_0 .var "operand_ra_wb_q", 31 0;
v0x5986361e58f0_0 .net "operand_rb_e1_o", 31 0, L_0x5986362f6df0;  alias, 1 drivers
v0x5986361e5990_0 .var "operand_rb_e1_q", 31 0;
v0x5986361e5a30_0 .var "operand_rb_e2_q", 31 0;
v0x5986361e5ad0_0 .net "operand_rb_wb_o", 31 0, L_0x5986362f9f10;  alias, 1 drivers
v0x5986361e5b70_0 .var "operand_rb_wb_q", 31 0;
v0x5986361e5c10_0 .net "pc_e1_o", 31 0, L_0x5986362f6b60;  alias, 1 drivers
v0x5986361e5cb0_0 .var "pc_e1_q", 31 0;
v0x5986361e5d50_0 .var "pc_e2_q", 31 0;
v0x5986361e5df0_0 .net "pc_wb_o", 31 0, v0x5986361e66a0_0;  alias, 1 drivers
v0x5986361e66a0_0 .var "pc_wb_q", 31 0;
v0x5986361e6740_0 .net "rd_e1_o", 4 0, L_0x5986362f6a50;  alias, 1 drivers
v0x5986361e67e0_0 .net "rd_e2_o", 4 0, L_0x5986362f7b70;  alias, 1 drivers
v0x5986361e6880_0 .net "rd_wb_o", 4 0, L_0x5986362f95b0;  alias, 1 drivers
v0x5986361e6920_0 .net "result_e2_o", 31 0, L_0x5986362f7c80;  alias, 1 drivers
v0x5986361e69c0_0 .var "result_e2_q", 31 0;
v0x5986361e6a60_0 .var "result_e2_r", 31 0;
v0x5986361e6b00_0 .net "result_wb_o", 31 0, v0x5986361e6ba0_0;  alias, 1 drivers
v0x5986361e6ba0_0 .var "result_wb_q", 31 0;
v0x5986361e6c40_0 .net "rst_i", 0 0, v0x598636255910_0;  alias, 1 drivers
v0x5986361e6ce0_0 .net "squash_e1_e2_i", 0 0, L_0x5986362fdd80;  alias, 1 drivers
v0x5986361e6d80_0 .net "squash_e1_e2_o", 0 0, L_0x5986362f8e00;  alias, 1 drivers
v0x5986361e6e20_0 .var "squash_e1_e2_q", 0 0;
v0x5986361e6ec0_0 .net "squash_e1_e2_w", 0 0, L_0x5986362f8af0;  1 drivers
L_0x71dfbb7c6d80 .functor BUFT 1, C4<0>, C4<0>, C4<0>, C4<0>;
v0x5986361e6f60_0 .net "squash_wb_i", 0 0, L_0x71dfbb7c6d80;  1 drivers
v0x5986361e7000_0 .net "stall_o", 0 0, L_0x5986362f8c10;  alias, 1 drivers
v0x5986361e70a0_0 .net "store_e1_o", 0 0, L_0x5986362f6360;  alias, 1 drivers
v0x5986361e7140_0 .net "take_interrupt_i", 0 0, v0x598636086b20_0;  alias, 1 drivers
v0x5986361e71e0_0 .var "valid_e1_q", 0 0;
v0x5986361e7280_0 .var "valid_e2_q", 0 0;
v0x5986361e7320_0 .net "valid_e2_w", 0 0, L_0x5986362f6f20;  1 drivers
v0x5986361e73c0_0 .net "valid_wb_o", 0 0, L_0x5986362f90f0;  alias, 1 drivers
v0x5986361e7460_0 .var "valid_wb_q", 0 0;
E_0x598635962cc0/0 .event edge, v0x5986361e7280_0, v0x5986361e31e0_0, v0x5986361e4a90_0, v0x5986361e4b30_0;
E_0x598635962cc0/1 .event edge, v0x5986361e39b0_0;
E_0x598635962cc0 .event/or E_0x598635962cc0/0, E_0x598635962cc0/1;
E_0x598635962d00/0 .event edge, v0x5986361e69c0_0, v0x5986361e7320_0, v0x5986361e31e0_0, v0x5986361e4bd0_0;
E_0x598635962d00/1 .event edge, v0x5986361e4db0_0;
E_0x598635962d00 .event/or E_0x598635962d00/0, E_0x598635962d00/1;
L_0x5986362f5f80 .part v0x598635fc90d0_0, 0, 2;
L_0x5986362f6020 .cmp/ne 2, L_0x5986362f5f80, L_0x71dfbb7c6d38;
L_0x5986362f6180 .part v0x5986361e3140_0, 0, 1;
L_0x5986362f6220 .part v0x5986361e3140_0, 1, 1;
L_0x5986362f6360 .part v0x5986361e3140_0, 2, 1;
L_0x5986362f6450 .part v0x5986361e3140_0, 3, 1;
L_0x5986362f6580 .part v0x5986361e3140_0, 4, 1;
L_0x5986362f6620 .part v0x5986361e3140_0, 5, 1;
L_0x5986362f6710 .part v0x5986361e3140_0, 6, 1;
L_0x5986362f6800 .part v0x5986361e3140_0, 7, 1;
LS_0x5986362f68a0_0_0 .concat [ 1 1 1 1], L_0x5986362f6800, L_0x5986362f6800, L_0x5986362f6800, L_0x5986362f6800;
LS_0x5986362f68a0_0_4 .concat [ 1 0 0 0], L_0x5986362f6800;
L_0x5986362f68a0 .concat [ 4 1 0 0], LS_0x5986362f68a0_0_0, LS_0x5986362f68a0_0_4;
L_0x5986362f6940 .part v0x5986361e5350_0, 7, 5;
L_0x5986362f7030 .part v0x5986361e31e0_0, 1, 1;
L_0x5986362f70d0 .part v0x5986361e31e0_0, 2, 1;
L_0x5986362f7260 .part v0x5986361e31e0_0, 1, 1;
L_0x5986362f7350 .part v0x5986361e31e0_0, 5, 1;
L_0x5986362f7560 .part v0x5986361e31e0_0, 7, 1;
LS_0x5986362f78b0_0_0 .concat [ 1 1 1 1], L_0x5986362f7730, L_0x5986362f7730, L_0x5986362f7730, L_0x5986362f7730;
LS_0x5986362f78b0_0_4 .concat [ 1 0 0 0], L_0x5986362f7730;
L_0x5986362f78b0 .concat [ 4 1 0 0], LS_0x5986362f78b0_0_0, LS_0x5986362f78b0_0_4;
L_0x5986362f7ad0 .part v0x5986361e53f0_0, 7, 5;
L_0x5986362f7d40 .part v0x5986361e3140_0, 4, 1;
L_0x5986362f7a30 .part v0x5986361e3140_0, 11, 1;
L_0x5986362f8360 .part v0x5986361e3140_0, 12, 1;
L_0x5986362f81b0 .part v0x5986361e31e0_0, 1, 1;
L_0x5986362f85d0 .part v0x5986361e31e0_0, 2, 1;
L_0x5986362f8af0 .reduce/or v0x5986361e3a50_0;
L_0x5986362f8e70 .part v0x5986361e3690_0, 9, 1;
L_0x5986362f9200 .part v0x5986361e3690_0, 3, 1;
L_0x5986362f9510 .part v0x5986361e3690_0, 7, 1;
LS_0x5986362f9a20_0_0 .concat [ 1 1 1 1], L_0x5986362f9830, L_0x5986362f9830, L_0x5986362f9830, L_0x5986362f9830;
LS_0x5986362f9a20_0_4 .concat [ 1 0 0 0], L_0x5986362f9830;
L_0x5986362f9a20 .concat [ 4 1 0 0], LS_0x5986362f9a20_0_0, LS_0x5986362f9a20_0_4;
L_0x5986362f9ba0 .part v0x5986361e5530_0, 7, 5;
L_0x5986362fa700 .part v0x5986361e5530_0, 20, 12;
S_0x5986361e7500 .scope module, "u_pipe1_ctrl" "biriscv_pipe_ctrl" 16 554, 17 25 0, S_0x5986361de5c0;
 .timescale 0 0;
    .port_info 0 /INPUT 1 "clk_i";
    .port_info 1 /INPUT 1 "rst_i";
    .port_info 2 /INPUT 1 "issue_valid_i";
    .port_info 3 /INPUT 1 "issue_accept_i";
    .port_info 4 /INPUT 1 "issue_stall_i";
    .port_info 5 /INPUT 1 "issue_lsu_i";
    .port_info 6 /INPUT 1 "issue_csr_i";
    .port_info 7 /INPUT 1 "issue_div_i";
    .port_info 8 /INPUT 1 "issue_mul_i";
    .port_info 9 /INPUT 1 "issue_mule_i";
    .port_info 10 /INPUT 1 "issue_cbm_i";
    .port_info 11 /INPUT 1 "issue_mulp_i";
    .port_info 12 /INPUT 1 "issue_branch_i";
    .port_info 13 /INPUT 1 "issue_rd_valid_i";
    .port_info 14 /INPUT 5 "issue_rd_i";
    .port_info 15 /INPUT 6 "issue_exception_i";
    .port_info 16 /INPUT 1 "take_interrupt_i";
    .port_info 17 /INPUT 1 "issue_branch_taken_i";
    .port_info 18 /INPUT 32 "issue_branch_target_i";
    .port_info 19 /INPUT 32 "issue_pc_i";
    .port_info 20 /INPUT 32 "issue_opcode_i";
    .port_info 21 /INPUT 32 "issue_operand_ra_i";
    .port_info 22 /INPUT 32 "issue_operand_rb_i";
    .port_info 23 /INPUT 32 "alu_result_e1_i";
    .port_info 24 /INPUT 32 "csr_result_value_e1_i";
    .port_info 25 /INPUT 1 "csr_result_write_e1_i";
    .port_info 26 /INPUT 32 "csr_result_wdata_e1_i";
    .port_info 27 /INPUT 6 "csr_result_exception_e1_i";
    .port_info 28 /OUTPUT 1 "load_e1_o";
    .port_info 29 /OUTPUT 1 "store_e1_o";
    .port_info 30 /OUTPUT 1 "mul_e1_o";
    .port_info 31 /OUTPUT 1 "branch_e1_o";
    .port_info 32 /OUTPUT 5 "rd_e1_o";
    .port_info 33 /OUTPUT 32 "pc_e1_o";
    .port_info 34 /OUTPUT 32 "opcode_e1_o";
    .port_info 35 /OUTPUT 32 "operand_ra_e1_o";
    .port_info 36 /OUTPUT 32 "operand_rb_e1_o";
    .port_info 37 /INPUT 1 "mem_complete_i";
    .port_info 38 /INPUT 32 "mem_result_e2_i";
    .port_info 39 /INPUT 6 "mem_exception_e2_i";
    .port_info 40 /INPUT 32 "mul_result_e2_i";
    .port_info 41 /OUTPUT 1 "load_e2_o";
    .port_info 42 /OUTPUT 1 "mul_e2_o";
    .port_info 43 /OUTPUT 5 "rd_e2_o";
    .port_info 44 /OUTPUT 32 "result_e2_o";
    .port_info 45 /INPUT 1 "div_complete_i";
    .port_info 46 /INPUT 32 "div_result_i";
    .port_info 47 /INPUT 1 "mule_complete_i";
    .port_info 48 /INPUT 32 "mule_result_i";
    .port_info 49 /INPUT 1 "cbm_complete_i";
    .port_info 50 /INPUT 32 "cbm_result_i";
    .port_info 51 /INPUT 1 "mulp_complete_i";
    .port_info 52 /INPUT 32 "mulp_result_i";
    .port_info 53 /OUTPUT 1 "valid_wb_o";
    .port_info 54 /OUTPUT 1 "csr_wb_o";
    .port_info 55 /OUTPUT 5 "rd_wb_o";
    .port_info 56 /OUTPUT 32 "result_wb_o";
    .port_info 57 /OUTPUT 32 "pc_wb_o";
    .port_info 58 /OUTPUT 32 "opcode_wb_o";
    .port_info 59 /OUTPUT 32 "operand_ra_wb_o";
    .port_info 60 /OUTPUT 32 "operand_rb_wb_o";
    .port_info 61 /OUTPUT 6 "exception_wb_o";
    .port_info 62 /OUTPUT 1 "csr_write_wb_o";
    .port_info 63 /OUTPUT 12 "csr_waddr_wb_o";
    .port_info 64 /OUTPUT 32 "csr_wdata_wb_o";
    .port_info 65 /OUTPUT 1 "stall_o";
    .port_info 66 /OUTPUT 1 "squash_e1_e2_o";
    .port_info 67 /INPUT 1 "squash_e1_e2_i";
    .port_info 68 /INPUT 1 "squash_wb_i";
P_0x598636118f30 .param/l "SUPPORT_LOAD_BYPASS" 0 17 30, +C4<00000000000000000000000000000001>;
P_0x598636118f70 .param/l "SUPPORT_MUL_BYPASS" 0 17 31, +C4<00000000000000000000000000000001>;
L_0x5986362fafa0 .functor AND 1, L_0x598636310640, L_0x5986362faeb0, C4<1>, C4<1>;
L_0x5986362fbae0 .functor AND 5, L_0x5986362fb930, L_0x5986362fb9d0, C4<11111>, C4<11111>;
L_0x5986362fbbf0 .functor BUFZ 32, v0x5986361ecbd0_0, C4<00000000000000000000000000000000>, C4<00000000000000000000000000000000>, C4<00000000000000000000000000000000>;
L_0x5986362fbcb0 .functor BUFZ 32, v0x5986361ec270_0, C4<00000000000000000000000000000000>, C4<00000000000000000000000000000000>, C4<00000000000000000000000000000000>;
L_0x5986362fbdc0 .functor BUFZ 32, v0x5986361ec590_0, C4<00000000000000000000000000000000>, C4<00000000000000000000000000000000>, C4<00000000000000000000000000000000>;
L_0x5986362fbe80 .functor BUFZ 32, v0x5986361ec8b0_0, C4<00000000000000000000000000000000>, C4<00000000000000000000000000000000>, C4<00000000000000000000000000000000>;
L_0x5986362fbf40 .functor NOT 1, L_0x598636304ef0, C4<0>, C4<0>, C4<0>;
L_0x5986362fbfb0 .functor AND 1, v0x5986361ee1a0_0, L_0x5986362fbf40, C4<1>, C4<1>;
L_0x5986362fba70 .functor OR 1, L_0x5986362fc0c0, L_0x5986362fc160, C4<0>, C4<0>;
L_0x5986362fc690 .functor AND 1, L_0x5986362fbfb0, L_0x5986362fc5f0, C4<1>, C4<1>;
L_0x5986362fc750 .functor NOT 1, L_0x5986362fdb90, C4<0>, C4<0>, C4<0>;
L_0x5986362fc7c0 .functor AND 1, L_0x5986362fc690, L_0x5986362fc750, C4<1>, C4<1>;
L_0x5986362fcc00 .functor AND 5, L_0x5986362fc940, L_0x5986362fcb60, C4<11111>, C4<11111>;
L_0x5986362fcd10 .functor BUFZ 32, v0x5986361ed980_0, C4<00000000000000000000000000000000>, C4<00000000000000000000000000000000>, C4<00000000000000000000000000000000>;
L_0x5986362fc8d0 .functor NOT 1, v0x59863600a9a0_0, C4<0>, C4<0>, C4<0>;
L_0x5986362fcf20 .functor AND 1, L_0x5986362fcdd0, L_0x5986362fc8d0, C4<1>, C4<1>;
L_0x5986362fd0c0 .functor NOT 1, v0x598635a29eb0_0, C4<0>, C4<0>, C4<0>;
L_0x5986362fd130 .functor AND 1, L_0x5986362fcac0, L_0x5986362fd0c0, C4<1>, C4<1>;
L_0x5986362fd2e0 .functor OR 1, L_0x5986362fcf20, L_0x5986362fd130, C4<0>, C4<0>;
L_0x5986362fce70 .functor NOT 1, L_0x5986362f1e90, C4<0>, C4<0>, C4<0>;
L_0x5986362fd600 .functor AND 1, L_0x5986362fd3f0, L_0x5986362fce70, C4<1>, C4<1>;
L_0x5986362fd710 .functor OR 1, L_0x5986362fd2e0, L_0x5986362fd600, C4<0>, C4<0>;
L_0x5986362fd490 .functor OR 1, L_0x5986362fd240, L_0x5986362fd550, C4<0>, C4<0>;
L_0x5986362fda00 .functor NOT 1, L_0x5986362e5690, C4<0>, C4<0>, C4<0>;
L_0x5986362fd820 .functor AND 1, L_0x5986362fd490, L_0x5986362fda00, C4<1>, C4<1>;
L_0x5986362fdb90 .functor OR 1, L_0x5986362fd710, L_0x5986362fd820, C4<0>, C4<0>;
L_0x5986362fdd80 .functor OR 1, L_0x5986362fda70, v0x5986361edd40_0, C4<0>, C4<0>;
L_0x5986362fd8e0 .functor NOT 1, L_0x598636304ef0, C4<0>, C4<0>, C4<0>;
L_0x5986362fdca0 .functor AND 1, L_0x5986362fde40, L_0x5986362fd8e0, C4<1>, C4<1>;
L_0x5986362fe0b0 .functor NOT 1, L_0x598636304ef0, C4<0>, C4<0>, C4<0>;
L_0x5986362fdfc0 .functor AND 1, v0x5986361ee380_0, L_0x5986362fe0b0, C4<1>, C4<1>;
L_0x5986362fe360 .functor NOT 1, L_0x598636304ef0, C4<0>, C4<0>, C4<0>;
L_0x5986362fe120 .functor AND 1, L_0x5986362fe270, L_0x5986362fe360, C4<1>, C4<1>;
L_0x5986362fdee0 .functor AND 1, L_0x5986362fdfc0, L_0x5986362fe530, C4<1>, C4<1>;
L_0x5986362fe7e0 .functor NOT 1, L_0x5986362fdb90, C4<0>, C4<0>, C4<0>;
L_0x5986362fe850 .functor AND 1, L_0x5986362fdee0, L_0x5986362fe7e0, C4<1>, C4<1>;
L_0x5986362fe5d0 .functor AND 5, L_0x5986362fea40, L_0x5986362feb30, C4<11111>, C4<11111>;
L_0x5986362fe9d0 .functor BUFZ 32, v0x5986361ec450_0, C4<00000000000000000000000000000000>, C4<00000000000000000000000000000000>, C4<00000000000000000000000000000000>;
L_0x5986362fed40 .functor BUFZ 32, v0x5986361ec770_0, C4<00000000000000000000000000000000>, C4<00000000000000000000000000000000>, C4<00000000000000000000000000000000>;
L_0x5986362fee00 .functor BUFZ 32, v0x5986361eca90_0, C4<00000000000000000000000000000000>, C4<00000000000000000000000000000000>, C4<00000000000000000000000000000000>;
L_0x5986362fefe0 .functor BUFZ 1, v0x5986361ea330_0, C4<0>, C4<0>, C4<0>;
L_0x5986362ff2d0 .functor BUFZ 32, v0x5986361ea1f0_0, C4<00000000000000000000000000000000>, C4<00000000000000000000000000000000>, C4<00000000000000000000000000000000>;
v0x5986361e7d10_0 .net *"_ivl_1", 1 0, L_0x5986362fae10;  1 drivers
v0x5986361e7db0_0 .net *"_ivl_107", 0 0, L_0x5986362fde40;  1 drivers
v0x5986361e7e50_0 .net *"_ivl_108", 0 0, L_0x5986362fd8e0;  1 drivers
v0x5986361e7ef0_0 .net *"_ivl_112", 0 0, L_0x5986362fe0b0;  1 drivers
v0x5986361e7f90_0 .net *"_ivl_117", 0 0, L_0x5986362fe270;  1 drivers
v0x5986361e8030_0 .net *"_ivl_118", 0 0, L_0x5986362fe360;  1 drivers
v0x5986361e80d0_0 .net *"_ivl_123", 0 0, L_0x5986362fe530;  1 drivers
v0x5986361e8170_0 .net *"_ivl_125", 0 0, L_0x5986362fdee0;  1 drivers
v0x5986361e8210_0 .net *"_ivl_126", 0 0, L_0x5986362fe7e0;  1 drivers
v0x5986361e82b0_0 .net *"_ivl_129", 0 0, L_0x5986362fe850;  1 drivers
v0x5986361e8350_0 .net *"_ivl_130", 4 0, L_0x5986362fea40;  1 drivers
v0x5986361e83f0_0 .net *"_ivl_133", 4 0, L_0x5986362feb30;  1 drivers
L_0x71dfbb7c6ea0 .functor BUFT 1, C4<00>, C4<0>, C4<0>, C4<0>;
v0x5986361e8490_0 .net/2u *"_ivl_2", 1 0, L_0x71dfbb7c6ea0;  1 drivers
v0x5986361e8530_0 .net *"_ivl_23", 0 0, L_0x5986362fb720;  1 drivers
v0x5986361e85d0_0 .net *"_ivl_24", 4 0, L_0x5986362fb930;  1 drivers
v0x5986361e8670_0 .net *"_ivl_27", 4 0, L_0x5986362fb9d0;  1 drivers
v0x5986361e8710_0 .net *"_ivl_38", 0 0, L_0x5986362fbf40;  1 drivers
v0x5986361e87b0_0 .net *"_ivl_4", 0 0, L_0x5986362faeb0;  1 drivers
v0x5986361e8850_0 .net *"_ivl_43", 0 0, L_0x5986362fc0c0;  1 drivers
v0x5986361e88f0_0 .net *"_ivl_45", 0 0, L_0x5986362fc160;  1 drivers
v0x5986361e8990_0 .net *"_ivl_53", 0 0, L_0x5986362fc5f0;  1 drivers
v0x5986361e8a30_0 .net *"_ivl_55", 0 0, L_0x5986362fc690;  1 drivers
v0x5986361e8ad0_0 .net *"_ivl_56", 0 0, L_0x5986362fc750;  1 drivers
v0x5986361e8b70_0 .net *"_ivl_59", 0 0, L_0x5986362fc7c0;  1 drivers
v0x5986361e8c10_0 .net *"_ivl_60", 4 0, L_0x5986362fc940;  1 drivers
v0x5986361e8cb0_0 .net *"_ivl_63", 4 0, L_0x5986362fcb60;  1 drivers
v0x5986361e8d50_0 .net *"_ivl_69", 0 0, L_0x5986362fcdd0;  1 drivers
v0x5986361e8df0_0 .net *"_ivl_70", 0 0, L_0x5986362fc8d0;  1 drivers
v0x5986361e8e90_0 .net *"_ivl_73", 0 0, L_0x5986362fcf20;  1 drivers
v0x5986361e8f30_0 .net *"_ivl_75", 0 0, L_0x5986362fcac0;  1 drivers
v0x5986361e8fd0_0 .net *"_ivl_76", 0 0, L_0x5986362fd0c0;  1 drivers
v0x5986361e9070_0 .net *"_ivl_79", 0 0, L_0x5986362fd130;  1 drivers
v0x5986361e9110_0 .net *"_ivl_81", 0 0, L_0x5986362fd2e0;  1 drivers
v0x5986361e91b0_0 .net *"_ivl_83", 0 0, L_0x5986362fd3f0;  1 drivers
v0x5986361e9250_0 .net *"_ivl_84", 0 0, L_0x5986362fce70;  1 drivers
v0x5986361e92f0_0 .net *"_ivl_87", 0 0, L_0x5986362fd600;  1 drivers
v0x5986361e9390_0 .net *"_ivl_89", 0 0, L_0x5986362fd710;  1 drivers
v0x5986361e9430_0 .net *"_ivl_91", 0 0, L_0x5986362fd240;  1 drivers
v0x5986361e94d0_0 .net *"_ivl_93", 0 0, L_0x5986362fd550;  1 drivers
v0x5986361e9570_0 .net *"_ivl_94", 0 0, L_0x5986362fd490;  1 drivers
v0x5986361e9610_0 .net *"_ivl_96", 0 0, L_0x5986362fda00;  1 drivers
v0x5986361e96b0_0 .net *"_ivl_98", 0 0, L_0x5986362fd820;  1 drivers
v0x5986361e9750_0 .net "alu_e1_w", 0 0, L_0x5986362fb0a0;  1 drivers
v0x5986361e97f0_0 .net "alu_result_e1_i", 31 0, L_0x59863630fca0;  alias, 1 drivers
v0x5986361e9890_0 .net "branch_e1_o", 0 0, L_0x5986362fb630;  alias, 1 drivers
v0x5986361e9930_0 .net "branch_misaligned_w", 0 0, L_0x5986362fafa0;  1 drivers
v0x5986361e99d0_0 .net "cbm_complete_i", 0 0, v0x598635a29eb0_0;  alias, 1 drivers
v0x5986361e9a70_0 .net "cbm_result_i", 31 0, v0x598635a17d10_0;  alias, 1 drivers
v0x5986361e9b10_0 .net "clk_i", 0 0, v0x5986362531c0_0;  alias, 1 drivers
v0x5986361e9bb0_0 .net "complete_wb_w", 0 0, L_0x5986362fdca0;  1 drivers
v0x5986361e9c50_0 .net "csr_e1_w", 0 0, L_0x5986362fb370;  1 drivers
v0x5986361e9cf0_0 .net "csr_result_exception_e1_i", 5 0, L_0x5986362eb930;  alias, 1 drivers
v0x5986361e9d90_0 .net "csr_result_value_e1_i", 31 0, L_0x5986362eb7a0;  alias, 1 drivers
v0x5986361e9e30_0 .net "csr_result_wdata_e1_i", 31 0, L_0x5986362ea600;  alias, 1 drivers
v0x5986361e9ed0_0 .net "csr_result_write_e1_i", 0 0, L_0x5986362ea590;  alias, 1 drivers
v0x5986361e9f70_0 .net "csr_waddr_wb_o", 11 0, L_0x5986362ff230;  1 drivers
v0x5986361ea010_0 .net "csr_wb_o", 0 0, L_0x5986362fe120;  1 drivers
v0x5986361ea0b0_0 .var "csr_wdata_e2_q", 31 0;
v0x5986361ea150_0 .net "csr_wdata_wb_o", 31 0, L_0x5986362ff2d0;  1 drivers
v0x5986361ea1f0_0 .var "csr_wdata_wb_q", 31 0;
v0x5986361ea290_0 .var "csr_wr_e2_q", 0 0;
v0x5986361ea330_0 .var "csr_wr_wb_q", 0 0;
v0x5986361ea3d0_0 .net "csr_write_wb_o", 0 0, L_0x5986362fefe0;  1 drivers
v0x5986361ea470_0 .var "ctrl_e1_q", 12 0;
v0x5986361ea510_0 .var "ctrl_e2_q", 12 0;
v0x5986361ea5b0_0 .var "ctrl_wb_q", 12 0;
v0x5986361ea650_0 .net "div_complete_i", 0 0, v0x59863600a9a0_0;  alias, 1 drivers
v0x5986361ea6f0_0 .net "div_e1_w", 0 0, L_0x5986362fb4a0;  1 drivers
v0x5986361ea790_0 .net "div_result_i", 31 0, L_0x5986362f4280;  alias, 1 drivers
v0x5986361ea830_0 .var "exception_e1_q", 5 0;
v0x5986361ea8d0_0 .var "exception_e2_q", 5 0;
v0x5986361ea970_0 .var "exception_e2_r", 5 0;
v0x5986361eaa10_0 .net "exception_wb_o", 5 0, v0x5986361eaab0_0;  alias, 1 drivers
v0x5986361eaab0_0 .var "exception_wb_q", 5 0;
v0x5986361eab50_0 .net "issue_accept_i", 0 0, v0x5986361fe7a0_0;  1 drivers
v0x5986361eabf0_0 .net "issue_branch_i", 0 0, L_0x5986362f5730;  alias, 1 drivers
v0x5986361eac90_0 .net "issue_branch_taken_i", 0 0, L_0x598636310640;  alias, 1 drivers
v0x5986361ead30_0 .net "issue_branch_target_i", 31 0, v0x59863608b130_0;  alias, 1 drivers
L_0x71dfbb7c6fc0 .functor BUFT 1, C4<0>, C4<0>, C4<0>, C4<0>;
v0x5986361eadd0_0 .net "issue_cbm_i", 0 0, L_0x71dfbb7c6fc0;  1 drivers
L_0x71dfbb7c6ee8 .functor BUFT 1, C4<0>, C4<0>, C4<0>, C4<0>;
v0x5986361eae70_0 .net "issue_csr_i", 0 0, L_0x71dfbb7c6ee8;  1 drivers
L_0x71dfbb7c6f30 .functor BUFT 1, C4<0>, C4<0>, C4<0>, C4<0>;
v0x5986361eaf10_0 .net "issue_div_i", 0 0, L_0x71dfbb7c6f30;  1 drivers
v0x5986361eafb0_0 .net "issue_exception_i", 5 0, L_0x5986362fac30;  alias, 1 drivers
v0x5986361eb050_0 .net "issue_lsu_i", 0 0, L_0x5986362f5670;  alias, 1 drivers
v0x5986361eb0f0_0 .net "issue_mul_i", 0 0, L_0x5986362f57f0;  alias, 1 drivers
L_0x71dfbb7c6f78 .functor BUFT 1, C4<0>, C4<0>, C4<0>, C4<0>;
v0x5986361eb190_0 .net "issue_mule_i", 0 0, L_0x71dfbb7c6f78;  1 drivers
L_0x71dfbb7c7008 .functor BUFT 1, C4<0>, C4<0>, C4<0>, C4<0>;
v0x5986361eb230_0 .net "issue_mulp_i", 0 0, L_0x71dfbb7c7008;  1 drivers
v0x5986361eb2d0_0 .net "issue_opcode_i", 31 0, L_0x598636308d80;  alias, 1 drivers
v0x5986361eb370_0 .net "issue_operand_ra_i", 31 0, v0x5986361fb030_0;  alias, 1 drivers
v0x5986361eb410_0 .net "issue_operand_rb_i", 31 0, v0x5986361fb210_0;  alias, 1 drivers
v0x5986361eb4b0_0 .net "issue_pc_i", 31 0, v0x5986361fe980_0;  alias, 1 drivers
v0x5986361eb550_0 .net "issue_rd_i", 4 0, L_0x5986362f54c0;  alias, 1 drivers
v0x5986361eb5f0_0 .net "issue_rd_valid_i", 0 0, L_0x5986362f4cb0;  alias, 1 drivers
v0x5986361eb690_0 .net "issue_stall_i", 0 0, L_0x598636304ef0;  alias, 1 drivers
v0x5986361eb730_0 .net "issue_valid_i", 0 0, v0x5986361fe8e0_0;  1 drivers
v0x5986361eb7d0_0 .net "load_e1_o", 0 0, L_0x5986362fb140;  alias, 1 drivers
v0x5986361eb870_0 .net "load_e2_o", 0 0, L_0x5986362fc2f0;  alias, 1 drivers
v0x5986361eb910_0 .net "load_store_e2_w", 0 0, L_0x5986362fba70;  1 drivers
v0x5986361eb9b0_0 .net "mem_complete_i", 0 0, L_0x5986362e5690;  alias, 1 drivers
v0x5986361eba50_0 .net "mem_exception_e2_i", 5 0, L_0x5986362e75f0;  alias, 1 drivers
v0x5986361ebaf0_0 .net "mem_result_e2_i", 31 0, L_0x5986362e59b0;  alias, 1 drivers
v0x5986361ebb90_0 .net "mul_e1_o", 0 0, L_0x5986362fb540;  alias, 1 drivers
v0x5986361ebc30_0 .net "mul_e2_o", 0 0, L_0x5986362fc3e0;  alias, 1 drivers
v0x5986361ebcd0_0 .net "mul_result_e2_i", 31 0, L_0x5986362ed660;  alias, 1 drivers
v0x5986361ebd70_0 .net "mule_complete_i", 0 0, v0x59863623ef00_0;  alias, 1 drivers
v0x5986361ebe10_0 .net "mule_result_i", 31 0, L_0x5986362ef170;  alias, 1 drivers
v0x5986361ebeb0_0 .net "mulp_complete_i", 0 0, L_0x5986362f1e90;  alias, 1 drivers
v0x5986361ebf50_0 .net "mulp_result_i", 31 0, L_0x5986362f1ff0;  alias, 1 drivers
v0x5986361ebff0_0 .var "npc_e1_q", 31 0;
v0x5986361ec090_0 .var "npc_e2_q", 31 0;
v0x5986361ec130_0 .var "npc_wb_q", 31 0;
v0x5986361ec1d0_0 .net "opcode_e1_o", 31 0, L_0x5986362fbcb0;  alias, 1 drivers
v0x5986361ec270_0 .var "opcode_e1_q", 31 0;
v0x5986361ec310_0 .var "opcode_e2_q", 31 0;
v0x5986361ec3b0_0 .net "opcode_wb_o", 31 0, L_0x5986362fe9d0;  alias, 1 drivers
v0x5986361ec450_0 .var "opcode_wb_q", 31 0;
v0x5986361ec4f0_0 .net "operand_ra_e1_o", 31 0, L_0x5986362fbdc0;  alias, 1 drivers
v0x5986361ec590_0 .var "operand_ra_e1_q", 31 0;
v0x5986361ec630_0 .var "operand_ra_e2_q", 31 0;
v0x5986361ec6d0_0 .net "operand_ra_wb_o", 31 0, L_0x5986362fed40;  alias, 1 drivers
v0x5986361ec770_0 .var "operand_ra_wb_q", 31 0;
v0x5986361ec810_0 .net "operand_rb_e1_o", 31 0, L_0x5986362fbe80;  alias, 1 drivers
v0x5986361ec8b0_0 .var "operand_rb_e1_q", 31 0;
v0x5986361ec950_0 .var "operand_rb_e2_q", 31 0;
v0x5986361ec9f0_0 .net "operand_rb_wb_o", 31 0, L_0x5986362fee00;  alias, 1 drivers
v0x5986361eca90_0 .var "operand_rb_wb_q", 31 0;
v0x5986361ecb30_0 .net "pc_e1_o", 31 0, L_0x5986362fbbf0;  alias, 1 drivers
v0x5986361ecbd0_0 .var "pc_e1_q", 31 0;
v0x5986361ecc70_0 .var "pc_e2_q", 31 0;
v0x5986361ecd10_0 .net "pc_wb_o", 31 0, v0x5986361ed5c0_0;  alias, 1 drivers
v0x5986361ed5c0_0 .var "pc_wb_q", 31 0;
v0x5986361ed660_0 .net "rd_e1_o", 4 0, L_0x5986362fbae0;  alias, 1 drivers
v0x5986361ed700_0 .net "rd_e2_o", 4 0, L_0x5986362fcc00;  alias, 1 drivers
v0x5986361ed7a0_0 .net "rd_wb_o", 4 0, L_0x5986362fe5d0;  alias, 1 drivers
v0x5986361ed840_0 .net "result_e2_o", 31 0, L_0x5986362fcd10;  alias, 1 drivers
v0x5986361ed8e0_0 .var "result_e2_q", 31 0;
v0x5986361ed980_0 .var "result_e2_r", 31 0;
v0x5986361eda20_0 .net "result_wb_o", 31 0, v0x5986361edac0_0;  alias, 1 drivers
v0x5986361edac0_0 .var "result_wb_q", 31 0;
v0x5986361edb60_0 .net "rst_i", 0 0, v0x598636255910_0;  alias, 1 drivers
v0x5986361edc00_0 .net "squash_e1_e2_i", 0 0, L_0x5986362f8e00;  alias, 1 drivers
v0x5986361edca0_0 .net "squash_e1_e2_o", 0 0, L_0x5986362fdd80;  alias, 1 drivers
v0x5986361edd40_0 .var "squash_e1_e2_q", 0 0;
v0x5986361edde0_0 .net "squash_e1_e2_w", 0 0, L_0x5986362fda70;  1 drivers
v0x5986361ede80_0 .net "squash_wb_i", 0 0, L_0x5986362f8e00;  alias, 1 drivers
v0x5986361edf20_0 .net "stall_o", 0 0, L_0x5986362fdb90;  alias, 1 drivers
v0x5986361edfc0_0 .net "store_e1_o", 0 0, L_0x5986362fb280;  alias, 1 drivers
v0x5986361ee060_0 .net "take_interrupt_i", 0 0, v0x598636086b20_0;  alias, 1 drivers
v0x5986361ee100_0 .var "valid_e1_q", 0 0;
v0x5986361ee1a0_0 .var "valid_e2_q", 0 0;
v0x5986361ee240_0 .net "valid_e2_w", 0 0, L_0x5986362fbfb0;  1 drivers
v0x5986361ee2e0_0 .net "valid_wb_o", 0 0, L_0x5986362fdfc0;  alias, 1 drivers
v0x5986361ee380_0 .var "valid_wb_q", 0 0;
E_0x598635fdd2a0/0 .event edge, v0x5986361ee1a0_0, v0x5986361ea510_0, v0x5986361e4a90_0, v0x5986361e4b30_0;
E_0x598635fdd2a0/1 .event edge, v0x5986361ea8d0_0;
E_0x598635fdd2a0 .event/or E_0x598635fdd2a0/0, E_0x598635fdd2a0/1;
E_0x598635dae170/0 .event edge, v0x5986361ed8e0_0, v0x5986361ee240_0, v0x5986361ea510_0, v0x5986361e4bd0_0;
E_0x598635dae170/1 .event edge, v0x5986361e4db0_0;
E_0x598635dae170 .event/or E_0x598635dae170/0, E_0x598635dae170/1;
L_0x5986362fae10 .part v0x59863608b130_0, 0, 2;
L_0x5986362faeb0 .cmp/ne 2, L_0x5986362fae10, L_0x71dfbb7c6ea0;
L_0x5986362fb0a0 .part v0x5986361ea470_0, 0, 1;
L_0x5986362fb140 .part v0x5986361ea470_0, 1, 1;
L_0x5986362fb280 .part v0x5986361ea470_0, 2, 1;
L_0x5986362fb370 .part v0x5986361ea470_0, 3, 1;
L_0x5986362fb4a0 .part v0x5986361ea470_0, 4, 1;
L_0x5986362fb540 .part v0x5986361ea470_0, 5, 1;
L_0x5986362fb630 .part v0x5986361ea470_0, 6, 1;
L_0x5986362fb720 .part v0x5986361ea470_0, 7, 1;
LS_0x5986362fb930_0_0 .concat [ 1 1 1 1], L_0x5986362fb720, L_0x5986362fb720, L_0x5986362fb720, L_0x5986362fb720;
LS_0x5986362fb930_0_4 .concat [ 1 0 0 0], L_0x5986362fb720;
L_0x5986362fb930 .concat [ 4 1 0 0], LS_0x5986362fb930_0_0, LS_0x5986362fb930_0_4;
L_0x5986362fb9d0 .part v0x5986361ec270_0, 7, 5;
L_0x5986362fc0c0 .part v0x5986361ea510_0, 1, 1;
L_0x5986362fc160 .part v0x5986361ea510_0, 2, 1;
L_0x5986362fc2f0 .part v0x5986361ea510_0, 1, 1;
L_0x5986362fc3e0 .part v0x5986361ea510_0, 5, 1;
L_0x5986362fc5f0 .part v0x5986361ea510_0, 7, 1;
LS_0x5986362fc940_0_0 .concat [ 1 1 1 1], L_0x5986362fc7c0, L_0x5986362fc7c0, L_0x5986362fc7c0, L_0x5986362fc7c0;
LS_0x5986362fc940_0_4 .concat [ 1 0 0 0], L_0x5986362fc7c0;
L_0x5986362fc940 .concat [ 4 1 0 0], LS_0x5986362fc940_0_0, LS_0x5986362fc940_0_4;
L_0x5986362fcb60 .part v0x5986361ec310_0, 7, 5;
L_0x5986362fcdd0 .part v0x5986361ea470_0, 4, 1;
L_0x5986362fcac0 .part v0x5986361ea470_0, 11, 1;
L_0x5986362fd3f0 .part v0x5986361ea470_0, 12, 1;
L_0x5986362fd240 .part v0x5986361ea510_0, 1, 1;
L_0x5986362fd550 .part v0x5986361ea510_0, 2, 1;
L_0x5986362fda70 .reduce/or v0x5986361ea970_0;
L_0x5986362fde40 .part v0x5986361ea5b0_0, 9, 1;
L_0x5986362fe270 .part v0x5986361ea5b0_0, 3, 1;
L_0x5986362fe530 .part v0x5986361ea5b0_0, 7, 1;
LS_0x5986362fea40_0_0 .concat [ 1 1 1 1], L_0x5986362fe850, L_0x5986362fe850, L_0x5986362fe850, L_0x5986362fe850;
LS_0x5986362fea40_0_4 .concat [ 1 0 0 0], L_0x5986362fe850;
L_0x5986362fea40 .concat [ 4 1 0 0], LS_0x5986362fea40_0_0, LS_0x5986362fea40_0_4;
L_0x5986362feb30 .part v0x5986361ec450_0, 7, 5;
L_0x5986362ff230 .part v0x5986361ec450_0, 20, 12;
S_0x5986361ee650 .scope module, "u_regfile" "biriscv_regfile" 16 911, 18 25 0, S_0x5986361de5c0;
 .timescale 0 0;
    .port_info 0 /INPUT 1 "clk_i";
    .port_info 1 /INPUT 1 "rst_i";
    .port_info 2 /INPUT 5 "rd0_i";
    .port_info 3 /INPUT 5 "rd1_i";
    .port_info 4 /INPUT 32 "rd0_value_i";
    .port_info 5 /INPUT 32 "rd1_value_i";
    .port_info 6 /INPUT 5 "ra0_i";
    .port_info 7 /INPUT 5 "rb0_i";
    .port_info 8 /INPUT 5 "ra1_i";
    .port_info 9 /INPUT 5 "rb1_i";
    .port_info 10 /OUTPUT 32 "ra0_value_o";
    .port_info 11 /OUTPUT 32 "rb0_value_o";
    .port_info 12 /OUTPUT 32 "ra1_value_o";
    .port_info 13 /OUTPUT 32 "rb1_value_o";
P_0x598636088a10 .param/l "SUPPORT_DUAL_ISSUE" 0 18 31, +C4<00000000000000000000000000000001>;
P_0x598636088a50 .param/l "SUPPORT_REGFILE_XILINX" 0 18 30, +C4<00000000000000000000000000000000>;
v0x5986361f16d0_0 .net "clk_i", 0 0, v0x5986362531c0_0;  alias, 1 drivers
v0x5986361f1770_0 .net "ra0_i", 4 0, L_0x5986362f4400;  alias, 1 drivers
v0x5986361f1810_0 .net "ra0_value_o", 31 0, L_0x598636307c40;  alias, 1 drivers
v0x5986361f18b0_0 .net "ra1_i", 4 0, L_0x5986362f51f0;  alias, 1 drivers
v0x5986361f1950_0 .net "ra1_value_o", 31 0, L_0x598636307bb0;  alias, 1 drivers
v0x5986361f19f0_0 .net "rb0_i", 4 0, L_0x5986362f44a0;  alias, 1 drivers
v0x5986361f1a90_0 .net "rb0_value_o", 31 0, L_0x598636307b40;  alias, 1 drivers
v0x5986361f1b30_0 .net "rb1_i", 4 0, L_0x5986362f52e0;  alias, 1 drivers
v0x5986361f1bd0_0 .net "rb1_value_o", 31 0, L_0x598636307f30;  alias, 1 drivers
v0x5986361f1c70_0 .net "rd0_i", 4 0, L_0x598636306730;  alias, 1 drivers
v0x5986361f1d10_0 .net "rd0_value_i", 31 0, L_0x598636306540;  alias, 1 drivers
v0x5986361f1db0_0 .net "rd1_i", 4 0, L_0x5986362fe5d0;  alias, 1 drivers
v0x5986361f1e50_0 .net "rd1_value_i", 31 0, v0x5986361edac0_0;  alias, 1 drivers
v0x5986361f1ef0_0 .net "rst_i", 0 0, v0x598636255910_0;  alias, 1 drivers
S_0x5986361ee940 .scope generate, "REGFILE" "REGFILE" 18 161, 18 161 0, S_0x5986361ee650;
 .timescale 0 0;
L_0x598636306960 .functor BUFZ 32, v0x5986361ef5b0_0, C4<00000000000000000000000000000000>, C4<00000000000000000000000000000000>, C4<00000000000000000000000000000000>;
L_0x5986363069d0 .functor BUFZ 32, v0x5986361efc90_0, C4<00000000000000000000000000000000>, C4<00000000000000000000000000000000>, C4<00000000000000000000000000000000>;
L_0x598636306a40 .functor BUFZ 32, v0x5986361efe70_0, C4<00000000000000000000000000000000>, C4<00000000000000000000000000000000>, C4<00000000000000000000000000000000>;
L_0x598636306ab0 .functor BUFZ 32, v0x5986361eff10_0, C4<00000000000000000000000000000000>, C4<00000000000000000000000000000000>, C4<00000000000000000000000000000000>;
L_0x598636306b20 .functor BUFZ 32, v0x5986361effb0_0, C4<00000000000000000000000000000000>, C4<00000000000000000000000000000000>, C4<00000000000000000000000000000000>;
L_0x598636306b90 .functor BUFZ 32, v0x5986361f0050_0, C4<00000000000000000000000000000000>, C4<00000000000000000000000000000000>, C4<00000000000000000000000000000000>;
L_0x598636306c00 .functor BUFZ 32, v0x5986361f00f0_0, C4<00000000000000000000000000000000>, C4<00000000000000000000000000000000>, C4<00000000000000000000000000000000>;
L_0x598636306c70 .functor BUFZ 32, v0x5986361f0190_0, C4<00000000000000000000000000000000>, C4<00000000000000000000000000000000>, C4<00000000000000000000000000000000>;
L_0x598636306d30 .functor BUFZ 32, v0x5986361f0230_0, C4<00000000000000000000000000000000>, C4<00000000000000000000000000000000>, C4<00000000000000000000000000000000>;
L_0x598636306da0 .functor BUFZ 32, v0x5986361eef70_0, C4<00000000000000000000000000000000>, C4<00000000000000000000000000000000>, C4<00000000000000000000000000000000>;
L_0x598636306e60 .functor BUFZ 32, v0x5986361ef010_0, C4<00000000000000000000000000000000>, C4<00000000000000000000000000000000>, C4<00000000000000000000000000000000>;
L_0x598636306ed0 .functor BUFZ 32, v0x5986361ef0b0_0, C4<00000000000000000000000000000000>, C4<00000000000000000000000000000000>, C4<00000000000000000000000000000000>;
L_0x598636307000 .functor BUFZ 32, v0x5986361ef150_0, C4<00000000000000000000000000000000>, C4<00000000000000000000000000000000>, C4<00000000000000000000000000000000>;
L_0x5986363070c0 .functor BUFZ 32, v0x5986361ef1f0_0, C4<00000000000000000000000000000000>, C4<00000000000000000000000000000000>, C4<00000000000000000000000000000000>;
L_0x598636306f90 .functor BUFZ 32, v0x5986361ef290_0, C4<00000000000000000000000000000000>, C4<00000000000000000000000000000000>, C4<00000000000000000000000000000000>;
L_0x598636307130 .functor BUFZ 32, v0x5986361ef330_0, C4<00000000000000000000000000000000>, C4<00000000000000000000000000000000>, C4<00000000000000000000000000000000>;
L_0x598636307230 .functor BUFZ 32, v0x5986361ef3d0_0, C4<00000000000000000000000000000000>, C4<00000000000000000000000000000000>, C4<00000000000000000000000000000000>;
L_0x5986363072a0 .functor BUFZ 32, v0x5986361ef470_0, C4<00000000000000000000000000000000>, C4<00000000000000000000000000000000>, C4<00000000000000000000000000000000>;
L_0x5986363073b0 .functor BUFZ 32, v0x5986361ef510_0, C4<00000000000000000000000000000000>, C4<00000000000000000000000000000000>, C4<00000000000000000000000000000000>;
L_0x598636307420 .functor BUFZ 32, v0x5986361ef650_0, C4<00000000000000000000000000000000>, C4<00000000000000000000000000000000>, C4<00000000000000000000000000000000>;
L_0x598636307540 .functor BUFZ 32, v0x5986361ef6f0_0, C4<00000000000000000000000000000000>, C4<00000000000000000000000000000000>, C4<00000000000000000000000000000000>;
L_0x5986363075b0 .functor BUFZ 32, v0x5986361ef790_0, C4<00000000000000000000000000000000>, C4<00000000000000000000000000000000>, C4<00000000000000000000000000000000>;
L_0x598636307490 .functor BUFZ 32, v0x5986361ef830_0, C4<00000000000000000000000000000000>, C4<00000000000000000000000000000000>, C4<00000000000000000000000000000000>;
L_0x5986363076e0 .functor BUFZ 32, v0x5986361ef8d0_0, C4<00000000000000000000000000000000>, C4<00000000000000000000000000000000>, C4<00000000000000000000000000000000>;
L_0x598636307620 .functor BUFZ 32, v0x5986361ef970_0, C4<00000000000000000000000000000000>, C4<00000000000000000000000000000000>, C4<00000000000000000000000000000000>;
L_0x598636307820 .functor BUFZ 32, v0x5986361efa10_0, C4<00000000000000000000000000000000>, C4<00000000000000000000000000000000>, C4<00000000000000000000000000000000>;
L_0x598636307750 .functor BUFZ 32, v0x5986361efab0_0, C4<00000000000000000000000000000000>, C4<00000000000000000000000000000000>, C4<00000000000000000000000000000000>;
L_0x598636307970 .functor BUFZ 32, v0x5986361efb50_0, C4<00000000000000000000000000000000>, C4<00000000000000000000000000000000>, C4<00000000000000000000000000000000>;
L_0x598636307890 .functor BUFZ 32, v0x5986361efbf0_0, C4<00000000000000000000000000000000>, C4<00000000000000000000000000000000>, C4<00000000000000000000000000000000>;
L_0x598636307ad0 .functor BUFZ 32, v0x5986361efd30_0, C4<00000000000000000000000000000000>, C4<00000000000000000000000000000000>, C4<00000000000000000000000000000000>;
L_0x5986363079e0 .functor BUFZ 32, v0x5986361efdd0_0, C4<00000000000000000000000000000000>, C4<00000000000000000000000000000000>, C4<00000000000000000000000000000000>;
L_0x598636307c40 .functor BUFZ 32, v0x5986361eecf0_0, C4<00000000000000000000000000000000>, C4<00000000000000000000000000000000>, C4<00000000000000000000000000000000>;
L_0x598636307b40 .functor BUFZ 32, v0x5986361eee30_0, C4<00000000000000000000000000000000>, C4<00000000000000000000000000000000>, C4<00000000000000000000000000000000>;
L_0x598636307bb0 .functor BUFZ 32, v0x5986361eed90_0, C4<00000000000000000000000000000000>, C4<00000000000000000000000000000000>, C4<00000000000000000000000000000000>;
L_0x598636307f30 .functor BUFZ 32, v0x5986361eeed0_0, C4<00000000000000000000000000000000>, C4<00000000000000000000000000000000>, C4<00000000000000000000000000000000>;
v0x5986361eecf0_0 .var "ra0_value_r", 31 0;
v0x5986361eed90_0 .var "ra1_value_r", 31 0;
v0x5986361eee30_0 .var "rb0_value_r", 31 0;
v0x5986361eeed0_0 .var "rb1_value_r", 31 0;
v0x5986361eef70_0 .var "reg_r10_q", 31 0;
v0x5986361ef010_0 .var "reg_r11_q", 31 0;
v0x5986361ef0b0_0 .var "reg_r12_q", 31 0;
v0x5986361ef150_0 .var "reg_r13_q", 31 0;
v0x5986361ef1f0_0 .var "reg_r14_q", 31 0;
v0x5986361ef290_0 .var "reg_r15_q", 31 0;
v0x5986361ef330_0 .var "reg_r16_q", 31 0;
v0x5986361ef3d0_0 .var "reg_r17_q", 31 0;
v0x5986361ef470_0 .var "reg_r18_q", 31 0;
v0x5986361ef510_0 .var "reg_r19_q", 31 0;
v0x5986361ef5b0_0 .var "reg_r1_q", 31 0;
v0x5986361ef650_0 .var "reg_r20_q", 31 0;
v0x5986361ef6f0_0 .var "reg_r21_q", 31 0;
v0x5986361ef790_0 .var "reg_r22_q", 31 0;
v0x5986361ef830_0 .var "reg_r23_q", 31 0;
v0x5986361ef8d0_0 .var "reg_r24_q", 31 0;
v0x5986361ef970_0 .var "reg_r25_q", 31 0;
v0x5986361efa10_0 .var "reg_r26_q", 31 0;
v0x5986361efab0_0 .var "reg_r27_q", 31 0;
v0x5986361efb50_0 .var "reg_r28_q", 31 0;
v0x5986361efbf0_0 .var "reg_r29_q", 31 0;
v0x5986361efc90_0 .var "reg_r2_q", 31 0;
v0x5986361efd30_0 .var "reg_r30_q", 31 0;
v0x5986361efdd0_0 .var "reg_r31_q", 31 0;
v0x5986361efe70_0 .var "reg_r3_q", 31 0;
v0x5986361eff10_0 .var "reg_r4_q", 31 0;
v0x5986361effb0_0 .var "reg_r5_q", 31 0;
v0x5986361f0050_0 .var "reg_r6_q", 31 0;
v0x5986361f00f0_0 .var "reg_r7_q", 31 0;
v0x5986361f0190_0 .var "reg_r8_q", 31 0;
v0x5986361f0230_0 .var "reg_r9_q", 31 0;
L_0x71dfbb7c7050 .functor BUFT 1, C4<00000000000000000000000000000000>, C4<0>, C4<0>, C4<0>;
v0x5986361f02d0_0 .net "x0_zero_w", 31 0, L_0x71dfbb7c7050;  1 drivers
v0x5986361f0370_0 .net "x10_a0_w", 31 0, L_0x598636306da0;  1 drivers
v0x5986361f0410_0 .net "x11_a1_w", 31 0, L_0x598636306e60;  1 drivers
v0x5986361f04b0_0 .net "x12_a2_w", 31 0, L_0x598636306ed0;  1 drivers
v0x5986361f0550_0 .net "x13_a3_w", 31 0, L_0x598636307000;  1 drivers
v0x5986361f05f0_0 .net "x14_a4_w", 31 0, L_0x5986363070c0;  1 drivers
v0x5986361f0690_0 .net "x15_a5_w", 31 0, L_0x598636306f90;  1 drivers
v0x5986361f0730_0 .net "x16_a6_w", 31 0, L_0x598636307130;  1 drivers
v0x5986361f07d0_0 .net "x17_a7_w", 31 0, L_0x598636307230;  1 drivers
v0x5986361f0870_0 .net "x18_s2_w", 31 0, L_0x5986363072a0;  1 drivers
v0x5986361f0910_0 .net "x19_s3_w", 31 0, L_0x5986363073b0;  1 drivers
v0x5986361f09b0_0 .net "x1_ra_w", 31 0, L_0x598636306960;  1 drivers
v0x5986361f0a50_0 .net "x20_s4_w", 31 0, L_0x598636307420;  1 drivers
v0x5986361f0af0_0 .net "x21_s5_w", 31 0, L_0x598636307540;  1 drivers
v0x5986361f0b90_0 .net "x22_s6_w", 31 0, L_0x5986363075b0;  1 drivers
v0x5986361f0c30_0 .net "x23_s7_w", 31 0, L_0x598636307490;  1 drivers
v0x5986361f0cd0_0 .net "x24_s8_w", 31 0, L_0x5986363076e0;  1 drivers
v0x5986361f0d70_0 .net "x25_s9_w", 31 0, L_0x598636307620;  1 drivers
v0x5986361f0e10_0 .net "x26_s10_w", 31 0, L_0x598636307820;  1 drivers
v0x5986361f0eb0_0 .net "x27_s11_w", 31 0, L_0x598636307750;  1 drivers
v0x5986361f0f50_0 .net "x28_t3_w", 31 0, L_0x598636307970;  1 drivers
v0x5986361f0ff0_0 .net "x29_t4_w", 31 0, L_0x598636307890;  1 drivers
v0x5986361f1090_0 .net "x2_sp_w", 31 0, L_0x5986363069d0;  1 drivers
v0x5986361f1130_0 .net "x30_t5_w", 31 0, L_0x598636307ad0;  1 drivers
v0x5986361f11d0_0 .net "x31_t6_w", 31 0, L_0x5986363079e0;  1 drivers
v0x5986361f1270_0 .net "x3_gp_w", 31 0, L_0x598636306a40;  1 drivers
v0x5986361f1310_0 .net "x4_tp_w", 31 0, L_0x598636306ab0;  1 drivers
v0x5986361f13b0_0 .net "x5_t0_w", 31 0, L_0x598636306b20;  1 drivers
v0x5986361f1450_0 .net "x6_t1_w", 31 0, L_0x598636306b90;  1 drivers
v0x5986361f14f0_0 .net "x7_t2_w", 31 0, L_0x598636306c00;  1 drivers
v0x5986361f1590_0 .net "x8_s0_w", 31 0, L_0x598636306c70;  1 drivers
v0x5986361f1630_0 .net "x9_s1_w", 31 0, L_0x598636306d30;  1 drivers
E_0x59863593f780/0 .event edge, v0x5986361f18b0_0, v0x5986361ef5b0_0, v0x5986361efc90_0, v0x5986361efe70_0;
E_0x59863593f780/1 .event edge, v0x5986361eff10_0, v0x5986361effb0_0, v0x5986361f0050_0, v0x5986361f00f0_0;
E_0x59863593f780/2 .event edge, v0x5986361f0190_0, v0x5986361f0230_0, v0x5986361eef70_0, v0x5986361ef010_0;
E_0x59863593f780/3 .event edge, v0x5986361ef0b0_0, v0x5986361ef150_0, v0x5986361ef1f0_0, v0x5986361ef290_0;
E_0x59863593f780/4 .event edge, v0x5986361ef330_0, v0x5986361ef3d0_0, v0x5986361ef470_0, v0x5986361ef510_0;
E_0x59863593f780/5 .event edge, v0x5986361ef650_0, v0x5986361ef6f0_0, v0x5986361ef790_0, v0x5986361ef830_0;
E_0x59863593f780/6 .event edge, v0x5986361ef8d0_0, v0x5986361ef970_0, v0x5986361efa10_0, v0x5986361efab0_0;
E_0x59863593f780/7 .event edge, v0x5986361efb50_0, v0x5986361efbf0_0, v0x5986361efd30_0, v0x5986361efdd0_0;
E_0x59863593f780/8 .event edge, v0x5986361f1b30_0;
E_0x59863593f780 .event/or E_0x59863593f780/0, E_0x59863593f780/1, E_0x59863593f780/2, E_0x59863593f780/3, E_0x59863593f780/4, E_0x59863593f780/5, E_0x59863593f780/6, E_0x59863593f780/7, E_0x59863593f780/8;
E_0x598635990060/0 .event edge, v0x5986361f1770_0, v0x5986361ef5b0_0, v0x5986361efc90_0, v0x5986361efe70_0;
E_0x598635990060/1 .event edge, v0x5986361eff10_0, v0x5986361effb0_0, v0x5986361f0050_0, v0x5986361f00f0_0;
E_0x598635990060/2 .event edge, v0x5986361f0190_0, v0x5986361f0230_0, v0x5986361eef70_0, v0x5986361ef010_0;
E_0x598635990060/3 .event edge, v0x5986361ef0b0_0, v0x5986361ef150_0, v0x5986361ef1f0_0, v0x5986361ef290_0;
E_0x598635990060/4 .event edge, v0x5986361ef330_0, v0x5986361ef3d0_0, v0x5986361ef470_0, v0x5986361ef510_0;
E_0x598635990060/5 .event edge, v0x5986361ef650_0, v0x5986361ef6f0_0, v0x5986361ef790_0, v0x5986361ef830_0;
E_0x598635990060/6 .event edge, v0x5986361ef8d0_0, v0x5986361ef970_0, v0x5986361efa10_0, v0x5986361efab0_0;
E_0x598635990060/7 .event edge, v0x5986361efb50_0, v0x5986361efbf0_0, v0x5986361efd30_0, v0x5986361efdd0_0;
E_0x598635990060/8 .event edge, v0x5986361f19f0_0;
E_0x598635990060 .event/or E_0x598635990060/0, E_0x598635990060/1, E_0x598635990060/2, E_0x598635990060/3, E_0x598635990060/4, E_0x598635990060/5, E_0x598635990060/6, E_0x598635990060/7, E_0x598635990060/8;
E_0x59863594aa60 .event posedge, v0x598635b54090_0;
S_0x5986361de8a0 .scope module, "u_lsu" "biriscv_lsu" 4 462, 19 26 0, S_0x598635d95d60;
 .timescale 0 0;
    .port_info 0 /INPUT 1 "clk_i";
    .port_info 1 /INPUT 1 "rst_i";
    .port_info 2 /INPUT 1 "opcode_valid_i";
    .port_info 3 /INPUT 32 "opcode_opcode_i";
    .port_info 4 /INPUT 32 "opcode_pc_i";
    .port_info 5 /INPUT 1 "opcode_invalid_i";
    .port_info 6 /INPUT 5 "opcode_rd_idx_i";
    .port_info 7 /INPUT 5 "opcode_ra_idx_i";
    .port_info 8 /INPUT 5 "opcode_rb_idx_i";
    .port_info 9 /INPUT 32 "opcode_ra_operand_i";
    .port_info 10 /INPUT 32 "opcode_rb_operand_i";
    .port_info 11 /INPUT 32 "mem_data_rd_i";
    .port_info 12 /INPUT 1 "mem_accept_i";
    .port_info 13 /INPUT 1 "mem_ack_i";
    .port_info 14 /INPUT 1 "mem_error_i";
    .port_info 15 /INPUT 11 "mem_resp_tag_i";
    .port_info 16 /INPUT 1 "mem_load_fault_i";
    .port_info 17 /INPUT 1 "mem_store_fault_i";
    .port_info 18 /OUTPUT 32 "mem_addr_o";
    .port_info 19 /OUTPUT 32 "mem_data_wr_o";
    .port_info 20 /OUTPUT 1 "mem_rd_o";
    .port_info 21 /OUTPUT 4 "mem_wr_o";
    .port_info 22 /OUTPUT 1 "mem_cacheable_o";
    .port_info 23 /OUTPUT 11 "mem_req_tag_o";
    .port_info 24 /OUTPUT 1 "mem_invalidate_o";
    .port_info 25 /OUTPUT 1 "mem_writeback_o";
    .port_info 26 /OUTPUT 1 "mem_flush_o";
    .port_info 27 /OUTPUT 1 "writeback_valid_o";
    .port_info 28 /OUTPUT 32 "writeback_value_o";
    .port_info 29 /OUTPUT 6 "writeback_exception_o";
    .port_info 30 /OUTPUT 1 "stall_o";
P_0x5986361dea80 .param/l "MEM_CACHE_ADDR_MAX" 0 19 32, C4<10001111111111111111111111111111>;
P_0x5986361deac0 .param/l "MEM_CACHE_ADDR_MIN" 0 19 31, C4<10000000000000000000000000000000>;
L_0x5986362d9c20 .functor OR 1, L_0x5986362e16a0, L_0x5986362d96a0, C4<0>, C4<0>;
L_0x5986362d9d20 .functor OR 1, L_0x5986362d9c20, v0x598636212500_0, C4<0>, C4<0>;
L_0x5986362d9e20 .functor OR 1, L_0x5986362d9d20, v0x5986362117a0_0, C4<0>, C4<0>;
L_0x5986362d9f20 .functor OR 1, L_0x5986362d9e20, v0x598636211620_0, C4<0>, C4<0>;
L_0x5986362da020 .functor AND 1, L_0x5986362d9f20, L_0x5986362d9a60, C4<1>, C4<1>;
L_0x5986362da120 .functor NOT 1, L_0x5986362d97b0, C4<0>, C4<0>, C4<0>;
L_0x5986362da220 .functor AND 1, L_0x5986362d95a0, L_0x5986362da120, C4<1>, C4<1>;
L_0x5986362da320 .functor AND 1, L_0x5986362d95a0, L_0x5986362d97b0, C4<1>, C4<1>;
L_0x5986362da430 .functor AND 1, v0x598636212e60_0, L_0x5986362da390, C4<1>, C4<1>;
L_0x71dfbb7c3bb8 .functor BUFT 1, C4<00000000000000000111000001111111>, C4<0>, C4<0>, C4<0>;
L_0x5986362da4a0 .functor AND 32, L_0x598636307310, L_0x71dfbb7c3bb8, C4<11111111111111111111111111111111>, C4<11111111111111111111111111111111>;
L_0x71dfbb7c3c48 .functor BUFT 1, C4<00000000000000000111000001111111>, C4<0>, C4<0>, C4<0>;
L_0x5986362da5b0 .functor AND 32, L_0x598636307310, L_0x71dfbb7c3c48, C4<11111111111111111111111111111111>, C4<11111111111111111111111111111111>;
L_0x5986362da750 .functor OR 1, L_0x5986362da510, L_0x5986362da6b0, C4<0>, C4<0>;
L_0x71dfbb7c3cd8 .functor BUFT 1, C4<00000000000000000111000001111111>, C4<0>, C4<0>, C4<0>;
L_0x5986362da830 .functor AND 32, L_0x598636307310, L_0x71dfbb7c3cd8, C4<11111111111111111111111111111111>, C4<11111111111111111111111111111111>;
L_0x5986362da940 .functor OR 1, L_0x5986362da750, L_0x5986362da8a0, C4<0>, C4<0>;
L_0x71dfbb7c3d68 .functor BUFT 1, C4<00000000000000000111000001111111>, C4<0>, C4<0>, C4<0>;
L_0x5986362da7c0 .functor AND 32, L_0x598636307310, L_0x71dfbb7c3d68, C4<11111111111111111111111111111111>, C4<11111111111111111111111111111111>;
L_0x5986362daa50 .functor OR 1, L_0x5986362da940, L_0x5986362da9b0, C4<0>, C4<0>;
L_0x71dfbb7c3df8 .functor BUFT 1, C4<00000000000000000111000001111111>, C4<0>, C4<0>, C4<0>;
L_0x5986362dab50 .functor AND 32, L_0x598636307310, L_0x71dfbb7c3df8, C4<11111111111111111111111111111111>, C4<11111111111111111111111111111111>;
L_0x5986362dac60 .functor OR 1, L_0x5986362daa50, L_0x5986362dabc0, C4<0>, C4<0>;
L_0x71dfbb7c3e88 .functor BUFT 1, C4<00000000000000000111000001111111>, C4<0>, C4<0>, C4<0>;
L_0x5986362dad70 .functor AND 32, L_0x598636307310, L_0x71dfbb7c3e88, C4<11111111111111111111111111111111>, C4<11111111111111111111111111111111>;
L_0x5986362dafc0 .functor OR 1, L_0x5986362dac60, L_0x5986362dae30, C4<0>, C4<0>;
L_0x71dfbb7c3f18 .functor BUFT 1, C4<00000000000000000111000001111111>, C4<0>, C4<0>, C4<0>;
L_0x5986362db180 .functor AND 32, L_0x598636307310, L_0x71dfbb7c3f18, C4<11111111111111111111111111111111>, C4<11111111111111111111111111111111>;
L_0x71dfbb7c3fa8 .functor BUFT 1, C4<00000000000000000111000001111111>, C4<0>, C4<0>, C4<0>;
L_0x5986362db2e0 .functor AND 32, L_0x598636307310, L_0x71dfbb7c3fa8, C4<11111111111111111111111111111111>, C4<11111111111111111111111111111111>;
L_0x5986362db500 .functor OR 1, L_0x5986362dacd0, L_0x5986362db0d0, C4<0>, C4<0>;
L_0x71dfbb7c4038 .functor BUFT 1, C4<00000000000000000111000001111111>, C4<0>, C4<0>, C4<0>;
L_0x5986362db5c0 .functor AND 32, L_0x598636307310, L_0x71dfbb7c4038, C4<11111111111111111111111111111111>, C4<11111111111111111111111111111111>;
L_0x5986362db7f0 .functor OR 1, L_0x5986362db500, L_0x5986362db3a0, C4<0>, C4<0>;
L_0x71dfbb7c40c8 .functor BUFT 1, C4<00000000000000000111000001111111>, C4<0>, C4<0>, C4<0>;
L_0x5986362db900 .functor AND 32, L_0x598636307310, L_0x71dfbb7c40c8, C4<11111111111111111111111111111111>, C4<11111111111111111111111111111111>;
L_0x71dfbb7c4158 .functor BUFT 1, C4<00000000000000000111000001111111>, C4<0>, C4<0>, C4<0>;
L_0x5986362dbbb0 .functor AND 32, L_0x598636307310, L_0x71dfbb7c4158, C4<11111111111111111111111111111111>, C4<11111111111111111111111111111111>;
L_0x5986362dbdb0 .functor OR 1, L_0x5986362db680, L_0x5986362dbc70, C4<0>, C4<0>;
L_0x71dfbb7c41e8 .functor BUFT 1, C4<00000000000000000111000001111111>, C4<0>, C4<0>, C4<0>;
L_0x5986362db9c0 .functor AND 32, L_0x598636307310, L_0x71dfbb7c41e8, C4<11111111111111111111111111111111>, C4<11111111111111111111111111111111>;
L_0x5986362dbb40 .functor OR 1, L_0x5986362dbdb0, L_0x5986362dbfb0, C4<0>, C4<0>;
L_0x71dfbb7c4278 .functor BUFT 1, C4<00000000000000000111000001111111>, C4<0>, C4<0>, C4<0>;
L_0x5986362dc290 .functor AND 32, L_0x598636307310, L_0x71dfbb7c4278, C4<11111111111111111111111111111111>, C4<11111111111111111111111111111111>;
L_0x71dfbb7c4308 .functor BUFT 1, C4<00000000000000000111000001111111>, C4<0>, C4<0>, C4<0>;
L_0x5986362dc490 .functor AND 32, L_0x598636307310, L_0x71dfbb7c4308, C4<11111111111111111111111111111111>, C4<11111111111111111111111111111111>;
L_0x5986362dc830 .functor OR 1, L_0x5986362dc350, L_0x5986362dc660, C4<0>, C4<0>;
L_0x71dfbb7c4398 .functor BUFT 1, C4<00000000000000000111000001111111>, C4<0>, C4<0>, C4<0>;
L_0x5986362dc940 .functor AND 32, L_0x598636307310, L_0x71dfbb7c4398, C4<11111111111111111111111111111111>, C4<11111111111111111111111111111111>;
L_0x71dfbb7c4428 .functor BUFT 1, C4<00000000000000000111000001111111>, C4<0>, C4<0>, C4<0>;
L_0x5986362dcc60 .functor AND 32, L_0x598636307310, L_0x71dfbb7c4428, C4<11111111111111111111111111111111>, C4<11111111111111111111111111111111>;
L_0x5986362dcf00 .functor OR 1, L_0x5986362dcb20, L_0x5986362dcd20, C4<0>, C4<0>;
L_0x71dfbb7c44b8 .functor BUFT 1, C4<00000000000000000111000001111111>, C4<0>, C4<0>, C4<0>;
L_0x5986362dca00 .functor AND 32, L_0x598636307310, L_0x71dfbb7c44b8, C4<11111111111111111111111111111111>, C4<11111111111111111111111111111111>;
L_0x71dfbb7c4548 .functor BUFT 1, C4<00000000000000000111000001111111>, C4<0>, C4<0>, C4<0>;
L_0x5986362dd230 .functor AND 32, L_0x598636307310, L_0x71dfbb7c4548, C4<11111111111111111111111111111111>, C4<11111111111111111111111111111111>;
L_0x5986362dd620 .functor OR 1, L_0x5986362dd140, L_0x5986362dd430, C4<0>, C4<0>;
L_0x71dfbb7c45d8 .functor BUFT 1, C4<00000000000000000111000001111111>, C4<0>, C4<0>, C4<0>;
L_0x5986362dd730 .functor AND 32, L_0x598636307310, L_0x71dfbb7c45d8, C4<11111111111111111111111111111111>, C4<11111111111111111111111111111111>;
L_0x71dfbb7c4668 .functor BUFT 1, C4<00000000000000000111000001111111>, C4<0>, C4<0>, C4<0>;
L_0x5986362dd9e0 .functor AND 32, L_0x598636307310, L_0x71dfbb7c4668, C4<11111111111111111111111111111111>, C4<11111111111111111111111111111111>;
L_0x71dfbb7c46f8 .functor BUFT 1, C4<00000000000000000111000001111111>, C4<0>, C4<0>, C4<0>;
L_0x5986362dd570 .functor AND 32, L_0x598636307310, L_0x71dfbb7c46f8, C4<11111111111111111111111111111111>, C4<11111111111111111111111111111111>;
L_0x71dfbb7c4788 .functor BUFT 1, C4<00000000000000000111000001111111>, C4<0>, C4<0>, C4<0>;
L_0x5986362ddf90 .functor AND 32, L_0x598636307310, L_0x71dfbb7c4788, C4<11111111111111111111111111111111>, C4<11111111111111111111111111111111>;
L_0x71dfbb7c4818 .functor BUFT 1, C4<00000000000000000111000001111111>, C4<0>, C4<0>, C4<0>;
L_0x5986362ddbe0 .functor AND 32, L_0x598636307310, L_0x71dfbb7c4818, C4<11111111111111111111111111111111>, C4<11111111111111111111111111111111>;
L_0x5986362de510 .functor OR 1, L_0x5986362de050, L_0x5986362de3d0, C4<0>, C4<0>;
L_0x71dfbb7c48a8 .functor BUFT 1, C4<00000000000000000111000001111111>, C4<0>, C4<0>, C4<0>;
L_0x5986362de620 .functor AND 32, L_0x598636307310, L_0x71dfbb7c48a8, C4<11111111111111111111111111111111>, C4<11111111111111111111111111111111>;
L_0x5986362de190 .functor OR 1, L_0x5986362de510, L_0x5986362de860, C4<0>, C4<0>;
L_0x71dfbb7c4938 .functor BUFT 1, C4<00000000000000000111000001111111>, C4<0>, C4<0>, C4<0>;
L_0x5986362dead0 .functor AND 32, L_0x598636307310, L_0x71dfbb7c4938, C4<11111111111111111111111111111111>, C4<11111111111111111111111111111111>;
L_0x71dfbb7c49c8 .functor BUFT 1, C4<00000000000000000111000001111111>, C4<0>, C4<0>, C4<0>;
L_0x5986362dee60 .functor AND 32, L_0x598636307310, L_0x71dfbb7c49c8, C4<11111111111111111111111111111111>, C4<11111111111111111111111111111111>;
L_0x5986362de9a0 .functor OR 1, L_0x5986362ded20, L_0x5986362def20, C4<0>, C4<0>;
L_0x71dfbb7c4a58 .functor BUFT 1, C4<00000000000000000111000001111111>, C4<0>, C4<0>, C4<0>;
L_0x5986362df340 .functor AND 32, L_0x598636307310, L_0x71dfbb7c4a58, C4<11111111111111111111111111111111>, C4<11111111111111111111111111111111>;
L_0x5986362df540 .functor OR 1, L_0x5986362de9a0, L_0x5986362df400, C4<0>, C4<0>;
L_0x71dfbb7c4ae8 .functor BUFT 1, C4<00000000000000000111000001111111>, C4<0>, C4<0>, C4<0>;
L_0x5986362df800 .functor AND 32, L_0x598636307310, L_0x71dfbb7c4ae8, C4<11111111111111111111111111111111>, C4<11111111111111111111111111111111>;
L_0x5986362dfdf0 .functor AND 1, L_0x5986362df8c0, L_0x5986362dfba0, C4<1>, C4<1>;
L_0x71dfbb7c4bc0 .functor BUFT 1, C4<00000000000000000111000001111111>, C4<0>, C4<0>, C4<0>;
L_0x5986362e00c0 .functor AND 32, L_0x598636307310, L_0x71dfbb7c4bc0, C4<11111111111111111111111111111111>, C4<11111111111111111111111111111111>;
L_0x5986362e05c0 .functor AND 1, L_0x5986362e0180, L_0x5986362e0480, C4<1>, C4<1>;
L_0x71dfbb7c4c98 .functor BUFT 1, C4<00000000000000000111000001111111>, C4<0>, C4<0>, C4<0>;
L_0x5986362e08a0 .functor AND 32, L_0x598636307310, L_0x71dfbb7c4c98, C4<11111111111111111111111111111111>, C4<11111111111111111111111111111111>;
L_0x5986362e0e00 .functor AND 1, L_0x5986362e0960, L_0x5986362e0bd0, C4<1>, C4<1>;
L_0x5986362e1440 .functor NOT 1, L_0x5986362da430, C4<0>, C4<0>, C4<0>;
L_0x5986362e16a0 .functor AND 1, v0x598636211b60_0, L_0x5986362e1440, C4<1>, C4<1>;
L_0x5986362e1800 .functor NOT 4, L_0x5986362e1760, C4<0000>, C4<0000>, C4<0000>;
L_0x5986362e1a70 .functor AND 4, v0x598636212280_0, L_0x5986362e1800, C4<1111>, C4<1111>;
L_0x5986362e2240 .functor OR 1, v0x598636212500_0, v0x5986362117a0_0, C4<0>, C4<0>;
L_0x5986362e24e0 .functor OR 1, L_0x5986362e2240, v0x598636211620_0, C4<0>, C4<0>;
L_0x5986362e2550 .functor OR 1, L_0x5986362e24e0, L_0x5986362e16a0, C4<0>, C4<0>;
L_0x5986362e2a50 .functor OR 1, L_0x5986362e2550, L_0x5986362e2800, C4<0>, C4<0>;
L_0x5986362e2c00 .functor AND 1, L_0x5986362e2a50, L_0x5986362e2b60, C4<1>, C4<1>;
L_0x5986362e2f60 .functor OR 1, L_0x5986362e2c00, L_0x5986362da430, C4<0>, C4<0>;
L_0x5986362e3020 .functor OR 1, L_0x5986362e2f60, v0x598636211f60_0, C4<0>, C4<0>;
L_0x5986362e3d90 .functor OR 1, L_0x5986362e16a0, L_0x5986362e3cf0, C4<0>, C4<0>;
L_0x5986362e3e50 .functor OR 1, L_0x5986362e3d90, v0x598636212500_0, C4<0>, C4<0>;
L_0x5986362e4180 .functor OR 1, L_0x5986362e3e50, v0x5986362117a0_0, C4<0>, C4<0>;
L_0x5986362e4240 .functor OR 1, L_0x5986362e4180, v0x598636211620_0, C4<0>, C4<0>;
L_0x5986362e4580 .functor AND 1, L_0x5986362e4240, L_0x5986362d9a60, C4<1>, C4<1>;
L_0x5986362e4640 .functor NOT 1, L_0x5986362da430, C4<0>, C4<0>, C4<0>;
L_0x5986362e4940 .functor AND 1, v0x598636211f60_0, L_0x5986362e4640, C4<1>, C4<1>;
L_0x5986362e4a50 .functor OR 1, L_0x5986362e4580, L_0x5986362e4940, C4<0>, C4<0>;
L_0x5986362e4e00 .functor OR 1, L_0x5986362d95a0, v0x598636212020_0, C4<0>, C4<0>;
L_0x5986362e5690 .functor OR 1, L_0x5986362d95a0, v0x598636212020_0, C4<0>, C4<0>;
L_0x5986362e59b0 .functor BUFZ 32, v0x59863620cce0_0, C4<00000000000000000000000000000000>, C4<00000000000000000000000000000000>, C4<00000000000000000000000000000000>;
L_0x5986362e5a20 .functor AND 1, v0x598636212020_0, L_0x5986362e5450, C4<1>, C4<1>;
L_0x5986362e5da0 .functor NOT 1, L_0x5986362e5450, C4<0>, C4<0>, C4<0>;
L_0x5986362e5e10 .functor AND 1, v0x598636212020_0, L_0x5986362e5da0, C4<1>, C4<1>;
L_0x5986362e61e0 .functor AND 1, L_0x5986362d97b0, L_0x5986362e5450, C4<1>, C4<1>;
L_0x5986362e62e0 .functor NOT 1, L_0x5986362e5450, C4<0>, C4<0>, C4<0>;
L_0x5986362e6630 .functor AND 1, L_0x5986362d97b0, L_0x5986362e62e0, C4<1>, C4<1>;
L_0x5986362e66a0 .functor AND 1, L_0x5986362d97b0, L_0x71dfbb7c3b70, C4<1>, C4<1>;
L_0x5986362e6a00 .functor AND 1, L_0x5986362d97b0, L_0x71dfbb7c3b28, C4<1>, C4<1>;
v0x598636205ee0_0 .net *"_ivl_1", 0 0, L_0x5986362d96a0;  1 drivers
v0x598636205fc0_0 .net *"_ivl_100", 31 0, L_0x5986362db5c0;  1 drivers
L_0x71dfbb7c4080 .functor BUFT 1, C4<00000000000000000010000000000011>, C4<0>, C4<0>, C4<0>;
v0x5986362060a0_0 .net/2u *"_ivl_102", 31 0, L_0x71dfbb7c4080;  1 drivers
v0x598636206160_0 .net *"_ivl_104", 0 0, L_0x5986362db3a0;  1 drivers
v0x598636206220_0 .net/2u *"_ivl_108", 31 0, L_0x71dfbb7c40c8;  1 drivers
v0x598636206300_0 .net *"_ivl_110", 31 0, L_0x5986362db900;  1 drivers
L_0x71dfbb7c4110 .functor BUFT 1, C4<00000000000000000000000000100011>, C4<0>, C4<0>, C4<0>;
v0x5986362063e0_0 .net/2u *"_ivl_112", 31 0, L_0x71dfbb7c4110;  1 drivers
v0x5986362064c0_0 .net *"_ivl_114", 0 0, L_0x5986362db680;  1 drivers
v0x598636206580_0 .net/2u *"_ivl_116", 31 0, L_0x71dfbb7c4158;  1 drivers
v0x598636206660_0 .net *"_ivl_118", 31 0, L_0x5986362dbbb0;  1 drivers
v0x598636206740_0 .net *"_ivl_12", 0 0, L_0x5986362da120;  1 drivers
L_0x71dfbb7c41a0 .functor BUFT 1, C4<00000000000000000001000000100011>, C4<0>, C4<0>, C4<0>;
v0x598636206820_0 .net/2u *"_ivl_120", 31 0, L_0x71dfbb7c41a0;  1 drivers
v0x598636206900_0 .net *"_ivl_122", 0 0, L_0x5986362dbc70;  1 drivers
v0x5986362069c0_0 .net *"_ivl_125", 0 0, L_0x5986362dbdb0;  1 drivers
v0x598636206a80_0 .net/2u *"_ivl_126", 31 0, L_0x71dfbb7c41e8;  1 drivers
v0x598636206b60_0 .net *"_ivl_128", 31 0, L_0x5986362db9c0;  1 drivers
L_0x71dfbb7c4230 .functor BUFT 1, C4<00000000000000000010000000100011>, C4<0>, C4<0>, C4<0>;
v0x598636206c40_0 .net/2u *"_ivl_130", 31 0, L_0x71dfbb7c4230;  1 drivers
v0x598636206d20_0 .net *"_ivl_132", 0 0, L_0x5986362dbfb0;  1 drivers
v0x598636206de0_0 .net/2u *"_ivl_136", 31 0, L_0x71dfbb7c4278;  1 drivers
v0x598636206ec0_0 .net *"_ivl_138", 31 0, L_0x5986362dc290;  1 drivers
L_0x71dfbb7c42c0 .functor BUFT 1, C4<00000000000000000000000000000011>, C4<0>, C4<0>, C4<0>;
v0x598636206fa0_0 .net/2u *"_ivl_140", 31 0, L_0x71dfbb7c42c0;  1 drivers
v0x598636207080_0 .net *"_ivl_142", 0 0, L_0x5986362dc350;  1 drivers
v0x598636207140_0 .net/2u *"_ivl_144", 31 0, L_0x71dfbb7c4308;  1 drivers
v0x598636207220_0 .net *"_ivl_146", 31 0, L_0x5986362dc490;  1 drivers
L_0x71dfbb7c4350 .functor BUFT 1, C4<00000000000000000100000000000011>, C4<0>, C4<0>, C4<0>;
v0x598636207300_0 .net/2u *"_ivl_148", 31 0, L_0x71dfbb7c4350;  1 drivers
v0x5986362073e0_0 .net *"_ivl_150", 0 0, L_0x5986362dc660;  1 drivers
v0x5986362074a0_0 .net/2u *"_ivl_154", 31 0, L_0x71dfbb7c4398;  1 drivers
v0x598636207580_0 .net *"_ivl_156", 31 0, L_0x5986362dc940;  1 drivers
L_0x71dfbb7c43e0 .functor BUFT 1, C4<00000000000000000001000000000011>, C4<0>, C4<0>, C4<0>;
v0x598636207660_0 .net/2u *"_ivl_158", 31 0, L_0x71dfbb7c43e0;  1 drivers
v0x598636207740_0 .net *"_ivl_160", 0 0, L_0x5986362dcb20;  1 drivers
v0x598636207800_0 .net/2u *"_ivl_162", 31 0, L_0x71dfbb7c4428;  1 drivers
v0x5986362078e0_0 .net *"_ivl_164", 31 0, L_0x5986362dcc60;  1 drivers
L_0x71dfbb7c4470 .functor BUFT 1, C4<00000000000000000101000000000011>, C4<0>, C4<0>, C4<0>;
v0x5986362079c0_0 .net/2u *"_ivl_166", 31 0, L_0x71dfbb7c4470;  1 drivers
v0x598636207cb0_0 .net *"_ivl_168", 0 0, L_0x5986362dcd20;  1 drivers
v0x598636207d70_0 .net/2u *"_ivl_172", 31 0, L_0x71dfbb7c44b8;  1 drivers
v0x598636207e50_0 .net *"_ivl_174", 31 0, L_0x5986362dca00;  1 drivers
L_0x71dfbb7c4500 .functor BUFT 1, C4<00000000000000000010000000000011>, C4<0>, C4<0>, C4<0>;
v0x598636207f30_0 .net/2u *"_ivl_176", 31 0, L_0x71dfbb7c4500;  1 drivers
v0x598636208010_0 .net *"_ivl_178", 0 0, L_0x5986362dd140;  1 drivers
v0x5986362080d0_0 .net/2u *"_ivl_180", 31 0, L_0x71dfbb7c4548;  1 drivers
v0x5986362081b0_0 .net *"_ivl_182", 31 0, L_0x5986362dd230;  1 drivers
L_0x71dfbb7c4590 .functor BUFT 1, C4<00000000000000000110000000000011>, C4<0>, C4<0>, C4<0>;
v0x598636208290_0 .net/2u *"_ivl_184", 31 0, L_0x71dfbb7c4590;  1 drivers
v0x598636208370_0 .net *"_ivl_186", 0 0, L_0x5986362dd430;  1 drivers
v0x598636208430_0 .net *"_ivl_19", 0 0, L_0x5986362da390;  1 drivers
v0x5986362084f0_0 .net/2u *"_ivl_190", 31 0, L_0x71dfbb7c45d8;  1 drivers
v0x5986362085d0_0 .net *"_ivl_192", 31 0, L_0x5986362dd730;  1 drivers
L_0x71dfbb7c4620 .functor BUFT 1, C4<00000000000000000000000000100011>, C4<0>, C4<0>, C4<0>;
v0x5986362086b0_0 .net/2u *"_ivl_194", 31 0, L_0x71dfbb7c4620;  1 drivers
v0x598636208790_0 .net/2u *"_ivl_198", 31 0, L_0x71dfbb7c4668;  1 drivers
v0x598636208870_0 .net *"_ivl_200", 31 0, L_0x5986362dd9e0;  1 drivers
L_0x71dfbb7c46b0 .functor BUFT 1, C4<00000000000000000001000000100011>, C4<0>, C4<0>, C4<0>;
v0x598636208950_0 .net/2u *"_ivl_202", 31 0, L_0x71dfbb7c46b0;  1 drivers
v0x598636208a30_0 .net/2u *"_ivl_206", 31 0, L_0x71dfbb7c46f8;  1 drivers
v0x598636208b10_0 .net *"_ivl_208", 31 0, L_0x5986362dd570;  1 drivers
L_0x71dfbb7c4740 .functor BUFT 1, C4<00000000000000000010000000100011>, C4<0>, C4<0>, C4<0>;
v0x598636208bf0_0 .net/2u *"_ivl_210", 31 0, L_0x71dfbb7c4740;  1 drivers
v0x598636208cd0_0 .net/2u *"_ivl_214", 31 0, L_0x71dfbb7c4788;  1 drivers
v0x598636208db0_0 .net *"_ivl_216", 31 0, L_0x5986362ddf90;  1 drivers
L_0x71dfbb7c47d0 .functor BUFT 1, C4<00000000000000000010000000100011>, C4<0>, C4<0>, C4<0>;
v0x598636208e90_0 .net/2u *"_ivl_218", 31 0, L_0x71dfbb7c47d0;  1 drivers
v0x598636208f70_0 .net/2u *"_ivl_22", 31 0, L_0x71dfbb7c3bb8;  1 drivers
v0x598636209050_0 .net *"_ivl_220", 0 0, L_0x5986362de050;  1 drivers
v0x598636209110_0 .net/2u *"_ivl_222", 31 0, L_0x71dfbb7c4818;  1 drivers
v0x5986362091f0_0 .net *"_ivl_224", 31 0, L_0x5986362ddbe0;  1 drivers
L_0x71dfbb7c4860 .functor BUFT 1, C4<00000000000000000010000000000011>, C4<0>, C4<0>, C4<0>;
v0x5986362092d0_0 .net/2u *"_ivl_226", 31 0, L_0x71dfbb7c4860;  1 drivers
v0x5986362093b0_0 .net *"_ivl_228", 0 0, L_0x5986362de3d0;  1 drivers
v0x598636209470_0 .net *"_ivl_231", 0 0, L_0x5986362de510;  1 drivers
v0x598636209530_0 .net/2u *"_ivl_232", 31 0, L_0x71dfbb7c48a8;  1 drivers
v0x598636209610_0 .net *"_ivl_234", 31 0, L_0x5986362de620;  1 drivers
L_0x71dfbb7c48f0 .functor BUFT 1, C4<00000000000000000110000000000011>, C4<0>, C4<0>, C4<0>;
v0x5986362096f0_0 .net/2u *"_ivl_236", 31 0, L_0x71dfbb7c48f0;  1 drivers
v0x5986362097d0_0 .net *"_ivl_238", 0 0, L_0x5986362de860;  1 drivers
v0x598636209890_0 .net *"_ivl_24", 31 0, L_0x5986362da4a0;  1 drivers
v0x598636209970_0 .net/2u *"_ivl_242", 31 0, L_0x71dfbb7c4938;  1 drivers
v0x598636209a50_0 .net *"_ivl_244", 31 0, L_0x5986362dead0;  1 drivers
L_0x71dfbb7c4980 .functor BUFT 1, C4<00000000000000000001000000100011>, C4<0>, C4<0>, C4<0>;
v0x598636209b30_0 .net/2u *"_ivl_246", 31 0, L_0x71dfbb7c4980;  1 drivers
v0x598636209c10_0 .net *"_ivl_248", 0 0, L_0x5986362ded20;  1 drivers
v0x598636209cd0_0 .net/2u *"_ivl_250", 31 0, L_0x71dfbb7c49c8;  1 drivers
v0x598636209db0_0 .net *"_ivl_252", 31 0, L_0x5986362dee60;  1 drivers
L_0x71dfbb7c4a10 .functor BUFT 1, C4<00000000000000000001000000000011>, C4<0>, C4<0>, C4<0>;
v0x598636209e90_0 .net/2u *"_ivl_254", 31 0, L_0x71dfbb7c4a10;  1 drivers
v0x598636209f70_0 .net *"_ivl_256", 0 0, L_0x5986362def20;  1 drivers
v0x59863620a030_0 .net *"_ivl_259", 0 0, L_0x5986362de9a0;  1 drivers
L_0x71dfbb7c3c00 .functor BUFT 1, C4<00000000000000000000000000000011>, C4<0>, C4<0>, C4<0>;
v0x59863620a0f0_0 .net/2u *"_ivl_26", 31 0, L_0x71dfbb7c3c00;  1 drivers
v0x59863620a1d0_0 .net/2u *"_ivl_260", 31 0, L_0x71dfbb7c4a58;  1 drivers
v0x59863620a2b0_0 .net *"_ivl_262", 31 0, L_0x5986362df340;  1 drivers
L_0x71dfbb7c4aa0 .functor BUFT 1, C4<00000000000000000101000000000011>, C4<0>, C4<0>, C4<0>;
v0x59863620a390_0 .net/2u *"_ivl_264", 31 0, L_0x71dfbb7c4aa0;  1 drivers
v0x59863620a470_0 .net *"_ivl_266", 0 0, L_0x5986362df400;  1 drivers
v0x59863620a530_0 .net/2u *"_ivl_270", 31 0, L_0x71dfbb7c4ae8;  1 drivers
v0x59863620a610_0 .net *"_ivl_272", 31 0, L_0x5986362df800;  1 drivers
L_0x71dfbb7c4b30 .functor BUFT 1, C4<00000000000000000001000001110011>, C4<0>, C4<0>, C4<0>;
v0x59863620a6f0_0 .net/2u *"_ivl_274", 31 0, L_0x71dfbb7c4b30;  1 drivers
v0x59863620a7d0_0 .net *"_ivl_276", 0 0, L_0x5986362df8c0;  1 drivers
v0x59863620a890_0 .net *"_ivl_279", 11 0, L_0x5986362dfb00;  1 drivers
v0x59863620a970_0 .net *"_ivl_28", 0 0, L_0x5986362da510;  1 drivers
L_0x71dfbb7c4b78 .functor BUFT 1, C4<001110100000>, C4<0>, C4<0>, C4<0>;
v0x59863620aa30_0 .net/2u *"_ivl_280", 11 0, L_0x71dfbb7c4b78;  1 drivers
v0x59863620ab10_0 .net *"_ivl_282", 0 0, L_0x5986362dfba0;  1 drivers
v0x59863620abd0_0 .net/2u *"_ivl_286", 31 0, L_0x71dfbb7c4bc0;  1 drivers
v0x59863620acb0_0 .net *"_ivl_288", 31 0, L_0x5986362e00c0;  1 drivers
L_0x71dfbb7c4c08 .functor BUFT 1, C4<00000000000000000001000001110011>, C4<0>, C4<0>, C4<0>;
v0x59863620ad90_0 .net/2u *"_ivl_290", 31 0, L_0x71dfbb7c4c08;  1 drivers
v0x59863620ae70_0 .net *"_ivl_292", 0 0, L_0x5986362e0180;  1 drivers
v0x59863620af30_0 .net *"_ivl_295", 11 0, L_0x5986362e02c0;  1 drivers
L_0x71dfbb7c4c50 .functor BUFT 1, C4<001110100001>, C4<0>, C4<0>, C4<0>;
v0x59863620b010_0 .net/2u *"_ivl_296", 11 0, L_0x71dfbb7c4c50;  1 drivers
v0x59863620b0f0_0 .net *"_ivl_298", 0 0, L_0x5986362e0480;  1 drivers
v0x59863620b1b0_0 .net *"_ivl_3", 0 0, L_0x5986362d9c20;  1 drivers
v0x59863620b270_0 .net/2u *"_ivl_30", 31 0, L_0x71dfbb7c3c48;  1 drivers
v0x59863620b350_0 .net/2u *"_ivl_302", 31 0, L_0x71dfbb7c4c98;  1 drivers
v0x59863620b430_0 .net *"_ivl_304", 31 0, L_0x5986362e08a0;  1 drivers
L_0x71dfbb7c4ce0 .functor BUFT 1, C4<00000000000000000001000001110011>, C4<0>, C4<0>, C4<0>;
v0x59863620b510_0 .net/2u *"_ivl_306", 31 0, L_0x71dfbb7c4ce0;  1 drivers
v0x59863620b5f0_0 .net *"_ivl_308", 0 0, L_0x5986362e0960;  1 drivers
v0x59863620b6b0_0 .net *"_ivl_311", 11 0, L_0x5986362e0360;  1 drivers
L_0x71dfbb7c4d28 .functor BUFT 1, C4<001110100010>, C4<0>, C4<0>, C4<0>;
v0x59863620b790_0 .net/2u *"_ivl_312", 11 0, L_0x71dfbb7c4d28;  1 drivers
v0x59863620b870_0 .net *"_ivl_314", 0 0, L_0x5986362e0bd0;  1 drivers
v0x59863620b930_0 .net *"_ivl_319", 29 0, L_0x5986362e10f0;  1 drivers
v0x59863620ba10_0 .net *"_ivl_32", 31 0, L_0x5986362da5b0;  1 drivers
L_0x71dfbb7c4d70 .functor BUFT 1, C4<00>, C4<0>, C4<0>, C4<0>;
v0x59863620baf0_0 .net/2u *"_ivl_320", 1 0, L_0x71dfbb7c4d70;  1 drivers
v0x59863620bbd0_0 .net *"_ivl_326", 0 0, L_0x5986362e1440;  1 drivers
v0x59863620bcb0_0 .net *"_ivl_330", 3 0, L_0x5986362e1760;  1 drivers
v0x59863620bd90_0 .net *"_ivl_332", 3 0, L_0x5986362e1800;  1 drivers
L_0x71dfbb7c3c90 .functor BUFT 1, C4<00000000000000000001000000000011>, C4<0>, C4<0>, C4<0>;
v0x59863620be70_0 .net/2u *"_ivl_34", 31 0, L_0x71dfbb7c3c90;  1 drivers
v0x59863620bf50_0 .net *"_ivl_347", 0 0, L_0x5986362e2240;  1 drivers
v0x59863620c010_0 .net *"_ivl_349", 0 0, L_0x5986362e24e0;  1 drivers
v0x59863620c0d0_0 .net *"_ivl_351", 0 0, L_0x5986362e2550;  1 drivers
L_0x71dfbb7c4e00 .functor BUFT 1, C4<0000>, C4<0>, C4<0>, C4<0>;
v0x59863620c190_0 .net/2u *"_ivl_352", 3 0, L_0x71dfbb7c4e00;  1 drivers
v0x59863620c270_0 .net *"_ivl_354", 0 0, L_0x5986362e2800;  1 drivers
v0x59863620c330_0 .net *"_ivl_357", 0 0, L_0x5986362e2a50;  1 drivers
v0x59863620c3f0_0 .net *"_ivl_359", 0 0, L_0x5986362e2b60;  1 drivers
v0x59863620c4b0_0 .net *"_ivl_36", 0 0, L_0x5986362da6b0;  1 drivers
v0x59863620c570_0 .net *"_ivl_361", 0 0, L_0x5986362e2c00;  1 drivers
v0x59863620c630_0 .net *"_ivl_363", 0 0, L_0x5986362e2f60;  1 drivers
v0x59863620c6f0_0 .net *"_ivl_369", 0 0, L_0x5986362e3cf0;  1 drivers
v0x59863620c7b0_0 .net *"_ivl_371", 0 0, L_0x5986362e3d90;  1 drivers
v0x59863620c870_0 .net *"_ivl_373", 0 0, L_0x5986362e3e50;  1 drivers
v0x59863620c930_0 .net *"_ivl_375", 0 0, L_0x5986362e4180;  1 drivers
v0x59863620c9f0_0 .net *"_ivl_377", 0 0, L_0x5986362e4240;  1 drivers
v0x59863620cab0_0 .net *"_ivl_379", 0 0, L_0x5986362e4580;  1 drivers
v0x59863620cb70_0 .net *"_ivl_380", 0 0, L_0x5986362e4640;  1 drivers
v0x59863620d460_0 .net *"_ivl_383", 0 0, L_0x5986362e4940;  1 drivers
v0x59863620d520_0 .net *"_ivl_39", 0 0, L_0x5986362da750;  1 drivers
v0x59863620d5e0_0 .net/2u *"_ivl_40", 31 0, L_0x71dfbb7c3cd8;  1 drivers
v0x59863620d6c0_0 .net *"_ivl_400", 0 0, L_0x5986362e5da0;  1 drivers
v0x59863620d7a0_0 .net *"_ivl_406", 0 0, L_0x5986362e62e0;  1 drivers
L_0x71dfbb7c4fb0 .functor BUFT 1, C4<010100>, C4<0>, C4<0>, C4<0>;
v0x59863620d880_0 .net/2u *"_ivl_414", 5 0, L_0x71dfbb7c4fb0;  1 drivers
L_0x71dfbb7c4ff8 .functor BUFT 1, C4<010110>, C4<0>, C4<0>, C4<0>;
v0x59863620d960_0 .net/2u *"_ivl_416", 5 0, L_0x71dfbb7c4ff8;  1 drivers
L_0x71dfbb7c5040 .functor BUFT 1, C4<011101>, C4<0>, C4<0>, C4<0>;
v0x59863620da40_0 .net/2u *"_ivl_418", 5 0, L_0x71dfbb7c5040;  1 drivers
v0x59863620db20_0 .net *"_ivl_42", 31 0, L_0x5986362da830;  1 drivers
L_0x71dfbb7c5088 .functor BUFT 1, C4<011111>, C4<0>, C4<0>, C4<0>;
v0x59863620dc00_0 .net/2u *"_ivl_420", 5 0, L_0x71dfbb7c5088;  1 drivers
L_0x71dfbb7c50d0 .functor BUFT 1, C4<010101>, C4<0>, C4<0>, C4<0>;
v0x59863620dce0_0 .net/2u *"_ivl_422", 5 0, L_0x71dfbb7c50d0;  1 drivers
L_0x71dfbb7c5118 .functor BUFT 1, C4<010111>, C4<0>, C4<0>, C4<0>;
v0x59863620ddc0_0 .net/2u *"_ivl_424", 5 0, L_0x71dfbb7c5118;  1 drivers
L_0x71dfbb7c5160 .functor BUFT 1, C4<000000>, C4<0>, C4<0>, C4<0>;
v0x59863620dea0_0 .net/2u *"_ivl_426", 5 0, L_0x71dfbb7c5160;  1 drivers
v0x59863620df80_0 .net *"_ivl_428", 5 0, L_0x5986362e6b00;  1 drivers
v0x59863620e060_0 .net *"_ivl_430", 5 0, L_0x5986362e6c40;  1 drivers
v0x59863620e140_0 .net *"_ivl_432", 5 0, L_0x5986362e6f80;  1 drivers
v0x59863620e220_0 .net *"_ivl_434", 5 0, L_0x5986362e7110;  1 drivers
v0x59863620e300_0 .net *"_ivl_436", 5 0, L_0x5986362e7460;  1 drivers
L_0x71dfbb7c3d20 .functor BUFT 1, C4<00000000000000000010000000000011>, C4<0>, C4<0>, C4<0>;
v0x59863620e3e0_0 .net/2u *"_ivl_44", 31 0, L_0x71dfbb7c3d20;  1 drivers
v0x59863620e4c0_0 .net *"_ivl_46", 0 0, L_0x5986362da8a0;  1 drivers
v0x59863620e580_0 .net *"_ivl_49", 0 0, L_0x5986362da940;  1 drivers
v0x59863620e640_0 .net *"_ivl_5", 0 0, L_0x5986362d9d20;  1 drivers
v0x59863620e700_0 .net/2u *"_ivl_50", 31 0, L_0x71dfbb7c3d68;  1 drivers
v0x59863620e7e0_0 .net *"_ivl_52", 31 0, L_0x5986362da7c0;  1 drivers
L_0x71dfbb7c3db0 .functor BUFT 1, C4<00000000000000000100000000000011>, C4<0>, C4<0>, C4<0>;
v0x59863620e8c0_0 .net/2u *"_ivl_54", 31 0, L_0x71dfbb7c3db0;  1 drivers
v0x59863620e9a0_0 .net *"_ivl_56", 0 0, L_0x5986362da9b0;  1 drivers
v0x59863620ea60_0 .net *"_ivl_59", 0 0, L_0x5986362daa50;  1 drivers
v0x59863620eb20_0 .net/2u *"_ivl_60", 31 0, L_0x71dfbb7c3df8;  1 drivers
v0x59863620ec00_0 .net *"_ivl_62", 31 0, L_0x5986362dab50;  1 drivers
L_0x71dfbb7c3e40 .functor BUFT 1, C4<00000000000000000101000000000011>, C4<0>, C4<0>, C4<0>;
v0x59863620ece0_0 .net/2u *"_ivl_64", 31 0, L_0x71dfbb7c3e40;  1 drivers
v0x59863620edc0_0 .net *"_ivl_66", 0 0, L_0x5986362dabc0;  1 drivers
v0x59863620ee80_0 .net *"_ivl_69", 0 0, L_0x5986362dac60;  1 drivers
v0x59863620ef40_0 .net *"_ivl_7", 0 0, L_0x5986362d9e20;  1 drivers
v0x59863620f000_0 .net/2u *"_ivl_70", 31 0, L_0x71dfbb7c3e88;  1 drivers
v0x59863620f0e0_0 .net *"_ivl_72", 31 0, L_0x5986362dad70;  1 drivers
L_0x71dfbb7c3ed0 .functor BUFT 1, C4<00000000000000000110000000000011>, C4<0>, C4<0>, C4<0>;
v0x59863620f1c0_0 .net/2u *"_ivl_74", 31 0, L_0x71dfbb7c3ed0;  1 drivers
v0x59863620f2a0_0 .net *"_ivl_76", 0 0, L_0x5986362dae30;  1 drivers
v0x59863620f360_0 .net/2u *"_ivl_80", 31 0, L_0x71dfbb7c3f18;  1 drivers
v0x59863620f440_0 .net *"_ivl_82", 31 0, L_0x5986362db180;  1 drivers
L_0x71dfbb7c3f60 .functor BUFT 1, C4<00000000000000000000000000000011>, C4<0>, C4<0>, C4<0>;
v0x59863620f520_0 .net/2u *"_ivl_84", 31 0, L_0x71dfbb7c3f60;  1 drivers
v0x59863620f600_0 .net *"_ivl_86", 0 0, L_0x5986362dacd0;  1 drivers
v0x59863620f6c0_0 .net/2u *"_ivl_88", 31 0, L_0x71dfbb7c3fa8;  1 drivers
v0x59863620f7a0_0 .net *"_ivl_9", 0 0, L_0x5986362d9f20;  1 drivers
v0x59863620f860_0 .net *"_ivl_90", 31 0, L_0x5986362db2e0;  1 drivers
L_0x71dfbb7c3ff0 .functor BUFT 1, C4<00000000000000000001000000000011>, C4<0>, C4<0>, C4<0>;
v0x59863620f940_0 .net/2u *"_ivl_92", 31 0, L_0x71dfbb7c3ff0;  1 drivers
v0x59863620fa20_0 .net *"_ivl_94", 0 0, L_0x5986362db0d0;  1 drivers
v0x59863620fae0_0 .net *"_ivl_97", 0 0, L_0x5986362db500;  1 drivers
v0x59863620fba0_0 .net/2u *"_ivl_98", 31 0, L_0x71dfbb7c4038;  1 drivers
v0x59863620fc80_0 .var "addr_lsb_r", 1 0;
v0x59863620fd60_0 .net "clk_i", 0 0, v0x5986362531c0_0;  alias, 1 drivers
v0x59863620fe00_0 .net "complete_err_e2_w", 0 0, L_0x5986362da320;  1 drivers
v0x59863620fec0_0 .net "complete_ok_e2_w", 0 0, L_0x5986362da220;  1 drivers
v0x59863620ff80_0 .net "dcache_flush_w", 0 0, L_0x5986362dfdf0;  1 drivers
v0x598636210040_0 .net "dcache_invalidate_w", 0 0, L_0x5986362e0e00;  1 drivers
v0x598636210100_0 .net "dcache_writeback_w", 0 0, L_0x5986362e05c0;  1 drivers
v0x5986362101c0_0 .net "delay_lsu_e2_w", 0 0, L_0x5986362da430;  1 drivers
v0x598636210280_0 .net "fault_load_align_w", 0 0, L_0x5986362e5a20;  1 drivers
v0x598636210340_0 .net "fault_load_bus_w", 0 0, L_0x5986362e61e0;  1 drivers
v0x598636210400_0 .net "fault_load_page_w", 0 0, L_0x5986362e66a0;  1 drivers
v0x5986362104c0_0 .net "fault_store_align_w", 0 0, L_0x5986362e5e10;  1 drivers
v0x598636210580_0 .net "fault_store_bus_w", 0 0, L_0x5986362e6630;  1 drivers
v0x598636210640_0 .net "fault_store_page_w", 0 0, L_0x5986362e6a00;  1 drivers
v0x598636210700_0 .net "issue_lsu_e1_w", 0 0, L_0x5986362da020;  1 drivers
v0x5986362107c0_0 .var "load_byte_r", 0 0;
v0x598636210880_0 .var "load_half_r", 0 0;
v0x598636210940_0 .net "load_inst_w", 0 0, L_0x5986362dafc0;  1 drivers
v0x598636210a00_0 .net "load_signed_inst_w", 0 0, L_0x5986362db7f0;  1 drivers
v0x598636210ac0_0 .var "load_signed_r", 0 0;
v0x598636210b80_0 .net "mem_accept_i", 0 0, L_0x5986362d9a60;  alias, 1 drivers
v0x598636210c40_0 .net "mem_ack_i", 0 0, L_0x5986362d95a0;  alias, 1 drivers
v0x598636210d00_0 .net "mem_addr_o", 31 0, L_0x5986362e1190;  alias, 1 drivers
v0x598636210de0_0 .var "mem_addr_q", 31 0;
v0x598636210ec0_0 .var "mem_addr_r", 31 0;
v0x598636210fa0_0 .net "mem_cacheable_o", 0 0, v0x598636211060_0;  alias, 1 drivers
v0x598636211060_0 .var "mem_cacheable_q", 0 0;
v0x598636211120_0 .var "mem_data_r", 31 0;
v0x598636211200_0 .net "mem_data_rd_i", 31 0, L_0x5986362d9960;  alias, 1 drivers
v0x5986362112e0_0 .net "mem_data_wr_o", 31 0, v0x5986362113c0_0;  alias, 1 drivers
v0x5986362113c0_0 .var "mem_data_wr_q", 31 0;
v0x5986362114a0_0 .net "mem_error_i", 0 0, L_0x5986362d97b0;  alias, 1 drivers
v0x598636211560_0 .net "mem_flush_o", 0 0, v0x598636211620_0;  alias, 1 drivers
v0x598636211620_0 .var "mem_flush_q", 0 0;
v0x5986362116e0_0 .net "mem_invalidate_o", 0 0, v0x5986362117a0_0;  alias, 1 drivers
v0x5986362117a0_0 .var "mem_invalidate_q", 0 0;
v0x598636211860_0 .net "mem_load_fault_i", 0 0, L_0x71dfbb7c3b70;  alias, 1 drivers
v0x598636211920_0 .var "mem_load_q", 0 0;
v0x5986362119e0_0 .var "mem_ls_q", 0 0;
v0x598636211aa0_0 .net "mem_rd_o", 0 0, L_0x5986362e16a0;  alias, 1 drivers
v0x598636211b60_0 .var "mem_rd_q", 0 0;
v0x598636211c20_0 .var "mem_rd_r", 0 0;
v0x598636211ce0_0 .net "mem_req_tag_o", 10 0, L_0x71dfbb7c4db8;  alias, 1 drivers
v0x598636211dc0_0 .net "mem_resp_tag_i", 10 0, L_0x5986362d9740;  alias, 1 drivers
v0x598636211ea0_0 .net "mem_store_fault_i", 0 0, L_0x71dfbb7c3b28;  alias, 1 drivers
v0x598636211f60_0 .var "mem_unaligned_e1_q", 0 0;
v0x598636212020_0 .var "mem_unaligned_e2_q", 0 0;
v0x5986362120e0_0 .var "mem_unaligned_r", 0 0;
v0x5986362121a0_0 .net "mem_wr_o", 3 0, L_0x5986362e1a70;  alias, 1 drivers
v0x598636212280_0 .var "mem_wr_q", 3 0;
v0x598636212360_0 .var "mem_wr_r", 3 0;
v0x598636212440_0 .net "mem_writeback_o", 0 0, v0x598636212500_0;  alias, 1 drivers
v0x598636212500_0 .var "mem_writeback_q", 0 0;
v0x5986362125c0_0 .var "mem_xb_q", 0 0;
v0x598636212680_0 .var "mem_xh_q", 0 0;
v0x598636212740_0 .net "opcode_invalid_i", 0 0, L_0x71dfbb7c7128;  alias, 1 drivers
v0x5986362127e0_0 .net "opcode_opcode_i", 31 0, L_0x598636307310;  alias, 1 drivers
v0x5986362128b0_0 .net "opcode_pc_i", 31 0, L_0x5986363067d0;  alias, 1 drivers
v0x598636212980_0 .net "opcode_ra_idx_i", 4 0, L_0x59863630a280;  alias, 1 drivers
v0x598636212a50_0 .net "opcode_ra_operand_i", 31 0, L_0x59863630a090;  alias, 1 drivers
v0x598636212b20_0 .net "opcode_rb_idx_i", 4 0, L_0x59863630a3b0;  alias, 1 drivers
v0x598636212bf0_0 .net "opcode_rb_operand_i", 31 0, L_0x59863630a5c0;  alias, 1 drivers
v0x598636212cc0_0 .net "opcode_rd_idx_i", 4 0, L_0x598636306870;  alias, 1 drivers
v0x598636212d90_0 .net "opcode_valid_i", 0 0, L_0x598636302250;  alias, 1 drivers
v0x598636212e60_0 .var "pending_lsu_e2_q", 0 0;
v0x598636212f00_0 .net "req_lb_w", 0 0, L_0x5986362dc830;  1 drivers
v0x598636212fa0_0 .net "req_lh_w", 0 0, L_0x5986362dcf00;  1 drivers
v0x598636213060_0 .net "req_lw_w", 0 0, L_0x5986362dd620;  1 drivers
v0x598636213120_0 .net "req_sb_w", 0 0, L_0x5986362dce60;  1 drivers
v0x5986362131e0_0 .net "req_sh_lh_w", 0 0, L_0x5986362df540;  1 drivers
v0x5986362132a0_0 .net "req_sh_w", 0 0, L_0x5986362ddaa0;  1 drivers
v0x598636213360_0 .net "req_sw_lw_w", 0 0, L_0x5986362de190;  1 drivers
v0x598636213420_0 .net "req_sw_w", 0 0, L_0x5986362dde50;  1 drivers
v0x5986362134e0_0 .net "resp_addr_w", 31 0, L_0x5986362e4e70;  1 drivers
v0x5986362135c0_0 .net "resp_byte_w", 0 0, L_0x5986362e53b0;  1 drivers
v0x598636213680_0 .net "resp_half_w", 0 0, L_0x5986362e5180;  1 drivers
v0x598636213740_0 .net "resp_load_w", 0 0, L_0x5986362e5450;  1 drivers
v0x598636213800_0 .net "resp_signed_w", 0 0, L_0x5986362e50e0;  1 drivers
v0x5986362138c0_0 .net "rst_i", 0 0, v0x598636255910_0;  alias, 1 drivers
v0x598636213960_0 .net "stall_o", 0 0, L_0x5986362e3020;  alias, 1 drivers
v0x59863620cc40_0 .net "store_inst_w", 0 0, L_0x5986362dbb40;  1 drivers
v0x59863620cce0_0 .var "wb_result_r", 31 0;
v0x59863620cdc0_0 .net "writeback_exception_o", 5 0, L_0x5986362e75f0;  alias, 1 drivers
v0x59863620ce80_0 .net "writeback_valid_o", 0 0, L_0x5986362e5690;  alias, 1 drivers
v0x59863620cf20_0 .net "writeback_value_o", 31 0, L_0x5986362e59b0;  alias, 1 drivers
E_0x598636118b50/0 .event edge, v0x5986362134e0_0, v0x5986362135c0_0, v0x598636213680_0, v0x598636213800_0;
E_0x598636118b50/1 .event edge, v0x598636210c40_0, v0x5986362114a0_0, v0x598636212020_0, v0x598636213740_0;
E_0x598636118b50/2 .event edge, v0x5986362107c0_0, v0x59863620fc80_0, v0x598636211200_0, v0x598636210ac0_0;
E_0x598636118b50/3 .event edge, v0x59863620cce0_0, v0x598636210880_0;
E_0x598636118b50 .event/or E_0x598636118b50/0, E_0x598636118b50/1, E_0x598636118b50/2, E_0x598636118b50/3;
E_0x59863598fbd0/0 .event edge, v0x5986361fb990_0, v0x5986361fb530_0, v0x5986361fb710_0, v0x598636210940_0;
E_0x59863598fbd0/1 .event edge, v0x598636213360_0, v0x598636210ec0_0, v0x5986362131e0_0, v0x5986362120e0_0;
E_0x59863598fbd0/2 .event edge, v0x5986361fb850_0;
E_0x59863598fbd0 .event/or E_0x59863598fbd0/0, E_0x59863598fbd0/1, E_0x59863598fbd0/2;
L_0x5986362d96a0 .reduce/or L_0x5986362e1a70;
L_0x5986362da390 .reduce/nor L_0x5986362da220;
L_0x5986362da510 .cmp/eq 32, L_0x5986362da4a0, L_0x71dfbb7c3c00;
L_0x5986362da6b0 .cmp/eq 32, L_0x5986362da5b0, L_0x71dfbb7c3c90;
L_0x5986362da8a0 .cmp/eq 32, L_0x5986362da830, L_0x71dfbb7c3d20;
L_0x5986362da9b0 .cmp/eq 32, L_0x5986362da7c0, L_0x71dfbb7c3db0;
L_0x5986362dabc0 .cmp/eq 32, L_0x5986362dab50, L_0x71dfbb7c3e40;
L_0x5986362dae30 .cmp/eq 32, L_0x5986362dad70, L_0x71dfbb7c3ed0;
L_0x5986362dacd0 .cmp/eq 32, L_0x5986362db180, L_0x71dfbb7c3f60;
L_0x5986362db0d0 .cmp/eq 32, L_0x5986362db2e0, L_0x71dfbb7c3ff0;
L_0x5986362db3a0 .cmp/eq 32, L_0x5986362db5c0, L_0x71dfbb7c4080;
L_0x5986362db680 .cmp/eq 32, L_0x5986362db900, L_0x71dfbb7c4110;
L_0x5986362dbc70 .cmp/eq 32, L_0x5986362dbbb0, L_0x71dfbb7c41a0;
L_0x5986362dbfb0 .cmp/eq 32, L_0x5986362db9c0, L_0x71dfbb7c4230;
L_0x5986362dc350 .cmp/eq 32, L_0x5986362dc290, L_0x71dfbb7c42c0;
L_0x5986362dc660 .cmp/eq 32, L_0x5986362dc490, L_0x71dfbb7c4350;
L_0x5986362dcb20 .cmp/eq 32, L_0x5986362dc940, L_0x71dfbb7c43e0;
L_0x5986362dcd20 .cmp/eq 32, L_0x5986362dcc60, L_0x71dfbb7c4470;
L_0x5986362dd140 .cmp/eq 32, L_0x5986362dca00, L_0x71dfbb7c4500;
L_0x5986362dd430 .cmp/eq 32, L_0x5986362dd230, L_0x71dfbb7c4590;
L_0x5986362dce60 .cmp/eq 32, L_0x5986362dd730, L_0x71dfbb7c4620;
L_0x5986362ddaa0 .cmp/eq 32, L_0x5986362dd9e0, L_0x71dfbb7c46b0;
L_0x5986362dde50 .cmp/eq 32, L_0x5986362dd570, L_0x71dfbb7c4740;
L_0x5986362de050 .cmp/eq 32, L_0x5986362ddf90, L_0x71dfbb7c47d0;
L_0x5986362de3d0 .cmp/eq 32, L_0x5986362ddbe0, L_0x71dfbb7c4860;
L_0x5986362de860 .cmp/eq 32, L_0x5986362de620, L_0x71dfbb7c48f0;
L_0x5986362ded20 .cmp/eq 32, L_0x5986362dead0, L_0x71dfbb7c4980;
L_0x5986362def20 .cmp/eq 32, L_0x5986362dee60, L_0x71dfbb7c4a10;
L_0x5986362df400 .cmp/eq 32, L_0x5986362df340, L_0x71dfbb7c4aa0;
L_0x5986362df8c0 .cmp/eq 32, L_0x5986362df800, L_0x71dfbb7c4b30;
L_0x5986362dfb00 .part L_0x598636307310, 20, 12;
L_0x5986362dfba0 .cmp/eq 12, L_0x5986362dfb00, L_0x71dfbb7c4b78;
L_0x5986362e0180 .cmp/eq 32, L_0x5986362e00c0, L_0x71dfbb7c4c08;
L_0x5986362e02c0 .part L_0x598636307310, 20, 12;
L_0x5986362e0480 .cmp/eq 12, L_0x5986362e02c0, L_0x71dfbb7c4c50;
L_0x5986362e0960 .cmp/eq 32, L_0x5986362e08a0, L_0x71dfbb7c4ce0;
L_0x5986362e0360 .part L_0x598636307310, 20, 12;
L_0x5986362e0bd0 .cmp/eq 12, L_0x5986362e0360, L_0x71dfbb7c4d28;
L_0x5986362e10f0 .part v0x598636210de0_0, 2, 30;
L_0x5986362e1190 .concat [ 2 30 0 0], L_0x71dfbb7c4d70, L_0x5986362e10f0;
L_0x5986362e1760 .concat [ 1 1 1 1], L_0x5986362da430, L_0x5986362da430, L_0x5986362da430, L_0x5986362da430;
L_0x5986362e2800 .cmp/ne 4, L_0x5986362e1a70, L_0x71dfbb7c4e00;
L_0x5986362e2b60 .reduce/nor L_0x5986362d9a60;
LS_0x5986362e3a90_0_0 .concat [ 1 1 1 1], v0x598636211920_0, v0x5986362125c0_0, v0x598636212680_0, v0x5986362119e0_0;
LS_0x5986362e3a90_0_4 .concat [ 32 0 0 0], v0x598636210de0_0;
L_0x5986362e3a90 .concat [ 4 32 0 0], LS_0x5986362e3a90_0_0, LS_0x5986362e3a90_0_4;
L_0x5986362e3cf0 .reduce/or L_0x5986362e1a70;
L_0x5986362e4e70 .part L_0x5986362e39d0, 4, 32;
L_0x5986362e50e0 .part L_0x5986362e39d0, 3, 1;
L_0x5986362e5180 .part L_0x5986362e39d0, 2, 1;
L_0x5986362e53b0 .part L_0x5986362e39d0, 1, 1;
L_0x5986362e5450 .part L_0x5986362e39d0, 0, 1;
L_0x5986362e6b00 .functor MUXZ 6, L_0x71dfbb7c5160, L_0x71dfbb7c5118, L_0x5986362e6630, C4<>;
L_0x5986362e6c40 .functor MUXZ 6, L_0x5986362e6b00, L_0x71dfbb7c50d0, L_0x5986362e61e0, C4<>;
L_0x5986362e6f80 .functor MUXZ 6, L_0x5986362e6c40, L_0x71dfbb7c5088, L_0x5986362e6a00, C4<>;
L_0x5986362e7110 .functor MUXZ 6, L_0x5986362e6f80, L_0x71dfbb7c5040, L_0x5986362e66a0, C4<>;
L_0x5986362e7460 .functor MUXZ 6, L_0x5986362e7110, L_0x71dfbb7c4ff8, L_0x5986362e5e10, C4<>;
L_0x5986362e75f0 .functor MUXZ 6, L_0x5986362e7460, L_0x71dfbb7c4fb0, L_0x5986362e5a20, C4<>;
S_0x5986362046e0 .scope module, "u_lsu_request" "biriscv_lsu_fifo" 19 335, 19 422 0, S_0x5986361de8a0;
 .timescale 0 0;
    .port_info 0 /INPUT 1 "clk_i";
    .port_info 1 /INPUT 1 "rst_i";
    .port_info 2 /INPUT 36 "data_in_i";
    .port_info 3 /INPUT 1 "push_i";
    .port_info 4 /INPUT 1 "pop_i";
    .port_info 5 /OUTPUT 36 "data_out_o";
    .port_info 6 /OUTPUT 1 "accept_o";
    .port_info 7 /OUTPUT 1 "valid_o";
P_0x5986361dc020 .param/l "ADDR_W" 0 19 429, +C4<00000000000000000000000000000001>;
P_0x5986361dc060 .param/l "COUNT_W" 1 19 451, +C4<000000000000000000000000000000010>;
P_0x5986361dc0a0 .param/l "DEPTH" 0 19 428, +C4<00000000000000000000000000000010>;
P_0x5986361dc0e0 .param/l "WIDTH" 0 19 427, +C4<00000000000000000000000000100100>;
L_0x5986362e39d0 .functor BUFZ 36, L_0x5986362e37f0, C4<000000000000000000000000000000000000>, C4<000000000000000000000000000000000000>, C4<000000000000000000000000000000000000>;
v0x598636204960_0 .net *"_ivl_0", 31 0, L_0x5986362e3340;  1 drivers
L_0x71dfbb7c4ed8 .functor BUFT 1, C4<000000000000000000000000000000>, C4<0>, C4<0>, C4<0>;
v0x598636204a60_0 .net *"_ivl_11", 29 0, L_0x71dfbb7c4ed8;  1 drivers
L_0x71dfbb7c4f20 .functor BUFT 1, C4<00000000000000000000000000000010>, C4<0>, C4<0>, C4<0>;
v0x598636204b40_0 .net/2u *"_ivl_12", 31 0, L_0x71dfbb7c4f20;  1 drivers
v0x598636204c00_0 .net *"_ivl_16", 35 0, L_0x5986362e37f0;  1 drivers
v0x598636204ce0_0 .net *"_ivl_18", 2 0, L_0x5986362e3890;  1 drivers
L_0x71dfbb7c4f68 .functor BUFT 1, C4<00>, C4<0>, C4<0>, C4<0>;
v0x598636204e10_0 .net *"_ivl_21", 1 0, L_0x71dfbb7c4f68;  1 drivers
L_0x71dfbb7c4e48 .functor BUFT 1, C4<000000000000000000000000000000>, C4<0>, C4<0>, C4<0>;
v0x598636204ef0_0 .net *"_ivl_3", 29 0, L_0x71dfbb7c4e48;  1 drivers
L_0x71dfbb7c4e90 .functor BUFT 1, C4<00000000000000000000000000000000>, C4<0>, C4<0>, C4<0>;
v0x598636204fd0_0 .net/2u *"_ivl_4", 31 0, L_0x71dfbb7c4e90;  1 drivers
v0x5986362050b0_0 .net *"_ivl_8", 31 0, L_0x5986362e3570;  1 drivers
v0x598636205190_0 .net "accept_o", 0 0, L_0x5986362e36b0;  1 drivers
v0x598636205250_0 .net "clk_i", 0 0, v0x5986362531c0_0;  alias, 1 drivers
v0x5986362052f0_0 .var "count_q", 1 0;
v0x5986362053d0_0 .net "data_in_i", 35 0, L_0x5986362e3a90;  1 drivers
v0x5986362054b0_0 .net "data_out_o", 35 0, L_0x5986362e39d0;  1 drivers
v0x598636205590_0 .var/i "i", 31 0;
v0x598636205670_0 .net "pop_i", 0 0, L_0x5986362e4e00;  1 drivers
v0x598636205730_0 .net "push_i", 0 0, L_0x5986362e4a50;  1 drivers
v0x5986362057f0 .array "ram_q", 0 1, 35 0;
v0x5986362058b0_0 .var "rd_ptr_q", 0 0;
v0x598636205990_0 .net "rst_i", 0 0, v0x598636255910_0;  alias, 1 drivers
v0x598636205c40_0 .net "valid_o", 0 0, L_0x5986362e3430;  1 drivers
v0x598636205d00_0 .var "wr_ptr_q", 0 0;
L_0x5986362e3340 .concat [ 2 30 0 0], v0x5986362052f0_0, L_0x71dfbb7c4e48;
L_0x5986362e3430 .cmp/ne 32, L_0x5986362e3340, L_0x71dfbb7c4e90;
L_0x5986362e3570 .concat [ 2 30 0 0], v0x5986362052f0_0, L_0x71dfbb7c4ed8;
L_0x5986362e36b0 .cmp/ne 32, L_0x5986362e3570, L_0x71dfbb7c4f20;
L_0x5986362e37f0 .array/port v0x5986362057f0, L_0x5986362e3890;
L_0x5986362e3890 .concat [ 1 2 0 0], v0x5986362058b0_0, L_0x71dfbb7c4f68;
S_0x598636214ab0 .scope module, "u_mmu" "biriscv_mmu" 4 394, 20 26 0, S_0x598635d95d60;
 .timescale 0 0;
    .port_info 0 /INPUT 1 "clk_i";
    .port_info 1 /INPUT 1 "rst_i";
    .port_info 2 /INPUT 2 "priv_d_i";
    .port_info 3 /INPUT 1 "sum_i";
    .port_info 4 /INPUT 1 "mxr_i";
    .port_info 5 /INPUT 1 "flush_i";
    .port_info 6 /INPUT 32 "satp_i";
    .port_info 7 /INPUT 1 "fetch_in_rd_i";
    .port_info 8 /INPUT 1 "fetch_in_flush_i";
    .port_info 9 /INPUT 1 "fetch_in_invalidate_i";
    .port_info 10 /INPUT 32 "fetch_in_pc_i";
    .port_info 11 /INPUT 2 "fetch_in_priv_i";
    .port_info 12 /INPUT 1 "fetch_out_accept_i";
    .port_info 13 /INPUT 1 "fetch_out_valid_i";
    .port_info 14 /INPUT 1 "fetch_out_error_i";
    .port_info 15 /INPUT 64 "fetch_out_inst_i";
    .port_info 16 /INPUT 32 "lsu_in_addr_i";
    .port_info 17 /INPUT 32 "lsu_in_data_wr_i";
    .port_info 18 /INPUT 1 "lsu_in_rd_i";
    .port_info 19 /INPUT 4 "lsu_in_wr_i";
    .port_info 20 /INPUT 1 "lsu_in_cacheable_i";
    .port_info 21 /INPUT 11 "lsu_in_req_tag_i";
    .port_info 22 /INPUT 1 "lsu_in_invalidate_i";
    .port_info 23 /INPUT 1 "lsu_in_writeback_i";
    .port_info 24 /INPUT 1 "lsu_in_flush_i";
    .port_info 25 /INPUT 32 "lsu_out_data_rd_i";
    .port_info 26 /INPUT 1 "lsu_out_accept_i";
    .port_info 27 /INPUT 1 "lsu_out_ack_i";
    .port_info 28 /INPUT 1 "lsu_out_error_i";
    .port_info 29 /INPUT 11 "lsu_out_resp_tag_i";
    .port_info 30 /OUTPUT 1 "fetch_in_accept_o";
    .port_info 31 /OUTPUT 1 "fetch_in_valid_o";
    .port_info 32 /OUTPUT 1 "fetch_in_error_o";
    .port_info 33 /OUTPUT 64 "fetch_in_inst_o";
    .port_info 34 /OUTPUT 1 "fetch_out_rd_o";
    .port_info 35 /OUTPUT 1 "fetch_out_flush_o";
    .port_info 36 /OUTPUT 1 "fetch_out_invalidate_o";
    .port_info 37 /OUTPUT 32 "fetch_out_pc_o";
    .port_info 38 /OUTPUT 1 "fetch_in_fault_o";
    .port_info 39 /OUTPUT 32 "lsu_in_data_rd_o";
    .port_info 40 /OUTPUT 1 "lsu_in_accept_o";
    .port_info 41 /OUTPUT 1 "lsu_in_ack_o";
    .port_info 42 /OUTPUT 1 "lsu_in_error_o";
    .port_info 43 /OUTPUT 11 "lsu_in_resp_tag_o";
    .port_info 44 /OUTPUT 32 "lsu_out_addr_o";
    .port_info 45 /OUTPUT 32 "lsu_out_data_wr_o";
    .port_info 46 /OUTPUT 1 "lsu_out_rd_o";
    .port_info 47 /OUTPUT 4 "lsu_out_wr_o";
    .port_info 48 /OUTPUT 1 "lsu_out_cacheable_o";
    .port_info 49 /OUTPUT 11 "lsu_out_req_tag_o";
    .port_info 50 /OUTPUT 1 "lsu_out_invalidate_o";
    .port_info 51 /OUTPUT 1 "lsu_out_writeback_o";
    .port_info 52 /OUTPUT 1 "lsu_out_flush_o";
    .port_info 53 /OUTPUT 1 "lsu_in_load_fault_o";
    .port_info 54 /OUTPUT 1 "lsu_in_store_fault_o";
P_0x598636207a60 .param/l "MEM_CACHE_ADDR_MAX" 0 20 32, C4<10001111111111111111111111111111>;
P_0x598636207aa0 .param/l "MEM_CACHE_ADDR_MIN" 0 20 31, C4<10000000000000000000000000000000>;
P_0x598636207ae0 .param/l "STATE_IDLE" 1 20 110, +C4<00000000000000000000000000000000>;
P_0x598636207b20 .param/l "STATE_LEVEL_FIRST" 1 20 111, +C4<00000000000000000000000000000001>;
P_0x598636207b60 .param/l "STATE_LEVEL_SECOND" 1 20 112, +C4<00000000000000000000000000000010>;
P_0x598636207ba0 .param/l "STATE_UPDATE" 1 20 113, +C4<00000000000000000000000000000011>;
P_0x598636207be0 .param/l "STATE_W" 1 20 109, +C4<00000000000000000000000000000010>;
P_0x598636207c20 .param/l "SUPPORT_MMU" 0 20 33, +C4<00000000000000000000000000000000>;
v0x5986362157b0_0 .net "clk_i", 0 0, v0x5986362531c0_0;  alias, 1 drivers
v0x598636215870_0 .net "fetch_in_accept_o", 0 0, L_0x5986362d8840;  alias, 1 drivers
v0x598636215980_0 .net "fetch_in_error_o", 0 0, L_0x5986362d8a40;  alias, 1 drivers
v0x598636215a70_0 .net "fetch_in_fault_o", 0 0, L_0x71dfbb7c3ae0;  alias, 1 drivers
v0x598636215b60_0 .net "fetch_in_flush_i", 0 0, L_0x5986362d6fe0;  alias, 1 drivers
v0x598636215ca0_0 .net "fetch_in_inst_o", 63 0, L_0x5986362d8b40;  alias, 1 drivers
v0x598636215d90_0 .net "fetch_in_invalidate_i", 0 0, L_0x71dfbb7c3a50;  alias, 1 drivers
v0x598636215e80_0 .net "fetch_in_pc_i", 31 0, L_0x5986362d6e80;  alias, 1 drivers
v0x598636215f70_0 .net "fetch_in_priv_i", 1 0, L_0x5986362d6f70;  alias, 1 drivers
v0x598636216030_0 .net "fetch_in_rd_i", 0 0, L_0x5986362d6cd0;  alias, 1 drivers
v0x598636216120_0 .net "fetch_in_valid_o", 0 0, L_0x5986362d8940;  alias, 1 drivers
v0x598636216210_0 .net "fetch_out_accept_i", 0 0, L_0x71dfbb7c74d0;  alias, 1 drivers
v0x5986362162d0_0 .net "fetch_out_error_i", 0 0, L_0x71dfbb7c7518;  alias, 1 drivers
v0x598636216390_0 .net "fetch_out_flush_o", 0 0, L_0x5986362d8640;  alias, 1 drivers
v0x598636216450_0 .net "fetch_out_inst_i", 63 0, v0x59863624fc20_0;  alias, 1 drivers
v0x598636216530_0 .net "fetch_out_invalidate_o", 0 0, L_0x5986362d8740;  alias, 1 drivers
v0x5986362165f0_0 .net "fetch_out_pc_o", 31 0, L_0x5986362d8540;  alias, 1 drivers
v0x5986362166d0_0 .net "fetch_out_rd_o", 0 0, L_0x5986362d8440;  alias, 1 drivers
v0x598636216790_0 .net "fetch_out_valid_i", 0 0, v0x598636252660_0;  alias, 1 drivers
v0x598636216850_0 .net "flush_i", 0 0, L_0x5986362ec2f0;  alias, 1 drivers
v0x5986362168f0_0 .net "lsu_in_accept_o", 0 0, L_0x5986362d9a60;  alias, 1 drivers
v0x598636216990_0 .net "lsu_in_ack_o", 0 0, L_0x5986362d95a0;  alias, 1 drivers
v0x598636216a30_0 .net "lsu_in_addr_i", 31 0, L_0x5986362e1190;  alias, 1 drivers
v0x598636216ad0_0 .net "lsu_in_cacheable_i", 0 0, v0x598636211060_0;  alias, 1 drivers
v0x598636216b70_0 .net "lsu_in_data_rd_o", 31 0, L_0x5986362d9960;  alias, 1 drivers
v0x598636216c10_0 .net "lsu_in_data_wr_i", 31 0, v0x5986362113c0_0;  alias, 1 drivers
v0x598636216cb0_0 .net "lsu_in_error_o", 0 0, L_0x5986362d97b0;  alias, 1 drivers
v0x598636216d50_0 .net "lsu_in_flush_i", 0 0, v0x598636211620_0;  alias, 1 drivers
v0x598636216df0_0 .net "lsu_in_invalidate_i", 0 0, v0x5986362117a0_0;  alias, 1 drivers
v0x598636216e90_0 .net "lsu_in_load_fault_o", 0 0, L_0x71dfbb7c3b70;  alias, 1 drivers
v0x598636216f60_0 .net "lsu_in_rd_i", 0 0, L_0x5986362e16a0;  alias, 1 drivers
v0x598636217030_0 .net "lsu_in_req_tag_i", 10 0, L_0x71dfbb7c4db8;  alias, 1 drivers
v0x598636217100_0 .net "lsu_in_resp_tag_o", 10 0, L_0x5986362d9740;  alias, 1 drivers
v0x5986362173e0_0 .net "lsu_in_store_fault_o", 0 0, L_0x71dfbb7c3b28;  alias, 1 drivers
v0x5986362174b0_0 .net "lsu_in_wr_i", 3 0, L_0x5986362e1a70;  alias, 1 drivers
v0x598636217580_0 .net "lsu_in_writeback_i", 0 0, v0x598636212500_0;  alias, 1 drivers
v0x598636217650_0 .net "lsu_out_accept_i", 0 0, L_0x71dfbb7c75a8;  alias, 1 drivers
v0x5986362176f0_0 .net "lsu_out_ack_i", 0 0, v0x5986362511c0_0;  alias, 1 drivers
v0x598636217790_0 .net "lsu_out_addr_o", 31 0, L_0x5986362d8e10;  alias, 1 drivers
v0x598636217830_0 .net "lsu_out_cacheable_o", 0 0, L_0x5986362d9010;  alias, 1 drivers
v0x5986362178d0_0 .net "lsu_out_data_rd_i", 31 0, L_0x598636311120;  alias, 1 drivers
v0x598636217970_0 .net "lsu_out_data_wr_o", 31 0, L_0x5986362d8f10;  alias, 1 drivers
v0x598636217a10_0 .net "lsu_out_error_i", 0 0, L_0x71dfbb7c7560;  alias, 1 drivers
v0x598636217ab0_0 .net "lsu_out_flush_o", 0 0, L_0x5986362d94a0;  alias, 1 drivers
v0x598636217b50_0 .net "lsu_out_invalidate_o", 0 0, L_0x5986362d9080;  alias, 1 drivers
v0x598636237c10_0 .net "lsu_out_rd_o", 0 0, L_0x5986362d8bb0;  alias, 1 drivers
v0x598636237cd0_0 .net "lsu_out_req_tag_o", 10 0, L_0x5986362d9310;  alias, 1 drivers
v0x598636237db0_0 .net "lsu_out_resp_tag_i", 10 0, v0x598636251c10_0;  alias, 1 drivers
v0x598636237e90_0 .net "lsu_out_wr_o", 3 0, L_0x5986362d8cb0;  alias, 1 drivers
v0x598636237f70_0 .net "lsu_out_writeback_o", 0 0, L_0x5986362d9180;  alias, 1 drivers
v0x598636238030_0 .net "mxr_i", 0 0, L_0x5986362ec400;  alias, 1 drivers
v0x598636238100_0 .net "priv_d_i", 1 0, L_0x5986362ebfa0;  alias, 1 drivers
v0x5986362381d0_0 .net "rst_i", 0 0, v0x598636255910_0;  alias, 1 drivers
v0x598636238270_0 .net "satp_i", 31 0, L_0x5986362ebe50;  alias, 1 drivers
v0x598636238340_0 .net "sum_i", 0 0, L_0x5986362ec360;  alias, 1 drivers
S_0x598636215600 .scope generate, "genblk2" "genblk2" 20 119, 20 119 0, S_0x598636214ab0;
 .timescale 0 0;
L_0x5986362d8440 .functor BUFZ 1, L_0x5986362d6cd0, C4<0>, C4<0>, C4<0>;
L_0x5986362d8540 .functor BUFZ 32, L_0x5986362d6e80, C4<00000000000000000000000000000000>, C4<00000000000000000000000000000000>, C4<00000000000000000000000000000000>;
L_0x5986362d8640 .functor BUFZ 1, L_0x5986362d6fe0, C4<0>, C4<0>, C4<0>;
L_0x5986362d8740 .functor BUFZ 1, L_0x71dfbb7c3a50, C4<0>, C4<0>, C4<0>;
L_0x5986362d8840 .functor BUFZ 1, L_0x71dfbb7c74d0, C4<0>, C4<0>, C4<0>;
L_0x5986362d8940 .functor BUFZ 1, v0x598636252660_0, C4<0>, C4<0>, C4<0>;
L_0x5986362d8a40 .functor BUFZ 1, L_0x71dfbb7c7518, C4<0>, C4<0>, C4<0>;
L_0x5986362d8b40 .functor BUFZ 64, v0x59863624fc20_0, C4<0000000000000000000000000000000000000000000000000000000000000000>, C4<0000000000000000000000000000000000000000000000000000000000000000>, C4<0000000000000000000000000000000000000000000000000000000000000000>;
L_0x5986362d8bb0 .functor BUFZ 1, L_0x5986362e16a0, C4<0>, C4<0>, C4<0>;
L_0x5986362d8cb0 .functor BUFZ 4, L_0x5986362e1a70, C4<0000>, C4<0000>, C4<0000>;
L_0x5986362d8e10 .functor BUFZ 32, L_0x5986362e1190, C4<00000000000000000000000000000000>, C4<00000000000000000000000000000000>, C4<00000000000000000000000000000000>;
L_0x5986362d8f10 .functor BUFZ 32, v0x5986362113c0_0, C4<00000000000000000000000000000000>, C4<00000000000000000000000000000000>, C4<00000000000000000000000000000000>;
L_0x5986362d9080 .functor BUFZ 1, v0x5986362117a0_0, C4<0>, C4<0>, C4<0>;
L_0x5986362d9180 .functor BUFZ 1, v0x598636212500_0, C4<0>, C4<0>, C4<0>;
L_0x5986362d9010 .functor BUFZ 1, v0x598636211060_0, C4<0>, C4<0>, C4<0>;
L_0x5986362d9310 .functor BUFZ 11, L_0x71dfbb7c4db8, C4<00000000000>, C4<00000000000>, C4<00000000000>;
L_0x5986362d94a0 .functor BUFZ 1, v0x598636211620_0, C4<0>, C4<0>, C4<0>;
L_0x5986362d95a0 .functor BUFZ 1, v0x5986362511c0_0, C4<0>, C4<0>, C4<0>;
L_0x5986362d9740 .functor BUFZ 11, v0x598636251c10_0, C4<00000000000>, C4<00000000000>, C4<00000000000>;
L_0x5986362d97b0 .functor BUFZ 1, L_0x71dfbb7c7560, C4<0>, C4<0>, C4<0>;
L_0x5986362d9960 .functor BUFZ 32, L_0x598636311120, C4<00000000000000000000000000000000>, C4<00000000000000000000000000000000>, C4<00000000000000000000000000000000>;
L_0x5986362d9a60 .functor BUFZ 1, L_0x71dfbb7c75a8, C4<0>, C4<0>, C4<0>;
S_0x598636238aa0 .scope module, "u_mul" "biriscv_multiplier" 4 550, 21 26 0, S_0x598635d95d60;
 .timescale 0 0;
    .port_info 0 /INPUT 1 "clk_i";
    .port_info 1 /INPUT 1 "rst_i";
    .port_info 2 /INPUT 1 "opcode_valid_i";
    .port_info 3 /INPUT 32 "opcode_opcode_i";
    .port_info 4 /INPUT 32 "opcode_pc_i";
    .port_info 5 /INPUT 1 "opcode_invalid_i";
    .port_info 6 /INPUT 5 "opcode_rd_idx_i";
    .port_info 7 /INPUT 5 "opcode_ra_idx_i";
    .port_info 8 /INPUT 5 "opcode_rb_idx_i";
    .port_info 9 /INPUT 32 "opcode_ra_operand_i";
    .port_info 10 /INPUT 32 "opcode_rb_operand_i";
    .port_info 11 /INPUT 1 "hold_i";
    .port_info 12 /OUTPUT 32 "writeback_value_o";
P_0x598636238c80 .param/l "MULT_STAGES" 1 21 53, +C4<00000000000000000000000000000010>;
L_0x71dfbb7c5bc8 .functor BUFT 1, C4<11111110000000000111000001111111>, C4<0>, C4<0>, C4<0>;
L_0x5986362ec040 .functor AND 32, L_0x59863630a450, L_0x71dfbb7c5bc8, C4<11111111111111111111111111111111>, C4<11111111111111111111111111111111>;
L_0x71dfbb7c5c58 .functor BUFT 1, C4<11111110000000000111000001111111>, C4<0>, C4<0>, C4<0>;
L_0x5986362ec620 .functor AND 32, L_0x59863630a450, L_0x71dfbb7c5c58, C4<11111111111111111111111111111111>, C4<11111111111111111111111111111111>;
L_0x5986362ec860 .functor OR 1, L_0x5986362ec580, L_0x5986362ec720, C4<0>, C4<0>;
L_0x71dfbb7c5ce8 .functor BUFT 1, C4<11111110000000000111000001111111>, C4<0>, C4<0>, C4<0>;
L_0x5986362ec970 .functor AND 32, L_0x59863630a450, L_0x71dfbb7c5ce8, C4<11111111111111111111111111111111>, C4<11111111111111111111111111111111>;
L_0x5986362ecb70 .functor OR 1, L_0x5986362ec860, L_0x5986362eca30, C4<0>, C4<0>;
L_0x71dfbb7c5d78 .functor BUFT 1, C4<11111110000000000111000001111111>, C4<0>, C4<0>, C4<0>;
L_0x5986362ecc80 .functor AND 32, L_0x59863630a450, L_0x71dfbb7c5d78, C4<11111111111111111111111111111111>, C4<11111111111111111111111111111111>;
L_0x5986362ece80 .functor OR 1, L_0x5986362ecb70, L_0x5986362ecd40, C4<0>, C4<0>;
L_0x5986362ed660 .functor BUFZ 32, v0x59863623b470_0, C4<00000000000000000000000000000000>, C4<00000000000000000000000000000000>, C4<00000000000000000000000000000000>;
v0x598636238f90_0 .net/2u *"_ivl_0", 31 0, L_0x71dfbb7c5bc8;  1 drivers
v0x598636239090_0 .net *"_ivl_10", 31 0, L_0x5986362ec620;  1 drivers
L_0x71dfbb7c5ca0 .functor BUFT 1, C4<00000010000000000001000000110011>, C4<0>, C4<0>, C4<0>;
v0x598636239170_0 .net/2u *"_ivl_12", 31 0, L_0x71dfbb7c5ca0;  1 drivers
v0x598636239260_0 .net *"_ivl_14", 0 0, L_0x5986362ec720;  1 drivers
v0x598636239320_0 .net *"_ivl_17", 0 0, L_0x5986362ec860;  1 drivers
v0x598636239430_0 .net/2u *"_ivl_18", 31 0, L_0x71dfbb7c5ce8;  1 drivers
v0x598636239510_0 .net *"_ivl_2", 31 0, L_0x5986362ec040;  1 drivers
v0x5986362395f0_0 .net *"_ivl_20", 31 0, L_0x5986362ec970;  1 drivers
L_0x71dfbb7c5d30 .functor BUFT 1, C4<00000010000000000010000000110011>, C4<0>, C4<0>, C4<0>;
v0x5986362396d0_0 .net/2u *"_ivl_22", 31 0, L_0x71dfbb7c5d30;  1 drivers
v0x5986362397b0_0 .net *"_ivl_24", 0 0, L_0x5986362eca30;  1 drivers
v0x598636239870_0 .net *"_ivl_27", 0 0, L_0x5986362ecb70;  1 drivers
v0x598636239930_0 .net/2u *"_ivl_28", 31 0, L_0x71dfbb7c5d78;  1 drivers
v0x598636239a10_0 .net *"_ivl_30", 31 0, L_0x5986362ecc80;  1 drivers
L_0x71dfbb7c5dc0 .functor BUFT 1, C4<00000010000000000011000000110011>, C4<0>, C4<0>, C4<0>;
v0x598636239af0_0 .net/2u *"_ivl_32", 31 0, L_0x71dfbb7c5dc0;  1 drivers
v0x598636239bd0_0 .net *"_ivl_34", 0 0, L_0x5986362ecd40;  1 drivers
v0x598636239c90_0 .net *"_ivl_39", 0 0, L_0x5986362ecf90;  1 drivers
L_0x71dfbb7c5c10 .functor BUFT 1, C4<00000010000000000000000000110011>, C4<0>, C4<0>, C4<0>;
v0x598636239d70_0 .net/2u *"_ivl_4", 31 0, L_0x71dfbb7c5c10;  1 drivers
v0x598636239e50_0 .net *"_ivl_40", 31 0, L_0x5986362ed030;  1 drivers
v0x598636239f30_0 .net *"_ivl_42", 64 0, L_0x5986362ed1b0;  1 drivers
v0x59863623a010_0 .net *"_ivl_45", 0 0, L_0x5986362ed2a0;  1 drivers
v0x59863623a0f0_0 .net *"_ivl_46", 31 0, L_0x5986362ed390;  1 drivers
v0x59863623a1d0_0 .net *"_ivl_48", 64 0, L_0x5986362ed480;  1 drivers
v0x59863623a2b0_0 .net *"_ivl_6", 0 0, L_0x5986362ec580;  1 drivers
v0x59863623a370_0 .net/2u *"_ivl_8", 31 0, L_0x71dfbb7c5c58;  1 drivers
v0x59863623a450_0 .net "clk_i", 0 0, v0x5986362531c0_0;  alias, 1 drivers
v0x59863623a4f0_0 .net "hold_i", 0 0, L_0x5986362fa880;  alias, 1 drivers
v0x59863623a590_0 .var "mulhi_sel_e1_q", 0 0;
v0x59863623a630_0 .net "mult_inst_w", 0 0, L_0x5986362ece80;  1 drivers
v0x59863623a6f0_0 .net "mult_result_w", 64 0, L_0x5986362ed570;  1 drivers
v0x59863623a7d0_0 .net "opcode_invalid_i", 0 0, L_0x71dfbb7c7170;  alias, 1 drivers
v0x59863623a8a0_0 .net "opcode_opcode_i", 31 0, L_0x59863630a450;  alias, 1 drivers
v0x59863623a970_0 .net "opcode_pc_i", 31 0, L_0x59863630a4f0;  alias, 1 drivers
v0x59863623aa40_0 .net "opcode_ra_idx_i", 4 0, L_0x59863630a890;  alias, 1 drivers
v0x59863623ad20_0 .net "opcode_ra_operand_i", 31 0, L_0x59863630a700;  alias, 1 drivers
v0x59863623adf0_0 .net "opcode_rb_idx_i", 4 0, L_0x59863630a660;  alias, 1 drivers
v0x59863623aec0_0 .net "opcode_rb_operand_i", 31 0, L_0x59863630aae0;  alias, 1 drivers
v0x59863623af90_0 .net "opcode_rd_idx_i", 4 0, L_0x59863630a7f0;  alias, 1 drivers
v0x59863623b060_0 .net "opcode_valid_i", 0 0, L_0x598636302670;  alias, 1 drivers
v0x59863623b130_0 .var "operand_a_e1_q", 32 0;
v0x59863623b1d0_0 .var "operand_a_r", 32 0;
v0x59863623b2b0_0 .var "operand_b_e1_q", 32 0;
v0x59863623b390_0 .var "operand_b_r", 32 0;
v0x59863623b470_0 .var "result_e2_q", 31 0;
v0x59863623b550_0 .var "result_e3_q", 31 0;
v0x59863623b630_0 .var "result_r", 31 0;
v0x59863623b710_0 .net "rst_i", 0 0, v0x598636255910_0;  alias, 1 drivers
v0x59863623b7b0_0 .net "writeback_value_o", 31 0, L_0x5986362ed660;  alias, 1 drivers
E_0x5986358ae3f0 .event edge, v0x59863623a590_0, v0x59863623a6f0_0;
E_0x598636238ed0 .event edge, v0x5986361fbcb0_0, v0x5986361fbfd0_0;
E_0x598636238f30 .event edge, v0x5986361fbcb0_0, v0x5986361fbe90_0;
L_0x5986362ec580 .cmp/eq 32, L_0x5986362ec040, L_0x71dfbb7c5c10;
L_0x5986362ec720 .cmp/eq 32, L_0x5986362ec620, L_0x71dfbb7c5ca0;
L_0x5986362eca30 .cmp/eq 32, L_0x5986362ec970, L_0x71dfbb7c5d30;
L_0x5986362ecd40 .cmp/eq 32, L_0x5986362ecc80, L_0x71dfbb7c5dc0;
L_0x5986362ecf90 .part v0x59863623b130_0, 32, 1;
LS_0x5986362ed030_0_0 .concat [ 1 1 1 1], L_0x5986362ecf90, L_0x5986362ecf90, L_0x5986362ecf90, L_0x5986362ecf90;
LS_0x5986362ed030_0_4 .concat [ 1 1 1 1], L_0x5986362ecf90, L_0x5986362ecf90, L_0x5986362ecf90, L_0x5986362ecf90;
LS_0x5986362ed030_0_8 .concat [ 1 1 1 1], L_0x5986362ecf90, L_0x5986362ecf90, L_0x5986362ecf90, L_0x5986362ecf90;
LS_0x5986362ed030_0_12 .concat [ 1 1 1 1], L_0x5986362ecf90, L_0x5986362ecf90, L_0x5986362ecf90, L_0x5986362ecf90;
LS_0x5986362ed030_0_16 .concat [ 1 1 1 1], L_0x5986362ecf90, L_0x5986362ecf90, L_0x5986362ecf90, L_0x5986362ecf90;
LS_0x5986362ed030_0_20 .concat [ 1 1 1 1], L_0x5986362ecf90, L_0x5986362ecf90, L_0x5986362ecf90, L_0x5986362ecf90;
LS_0x5986362ed030_0_24 .concat [ 1 1 1 1], L_0x5986362ecf90, L_0x5986362ecf90, L_0x5986362ecf90, L_0x5986362ecf90;
LS_0x5986362ed030_0_28 .concat [ 1 1 1 1], L_0x5986362ecf90, L_0x5986362ecf90, L_0x5986362ecf90, L_0x5986362ecf90;
LS_0x5986362ed030_1_0 .concat [ 4 4 4 4], LS_0x5986362ed030_0_0, LS_0x5986362ed030_0_4, LS_0x5986362ed030_0_8, LS_0x5986362ed030_0_12;
LS_0x5986362ed030_1_4 .concat [ 4 4 4 4], LS_0x5986362ed030_0_16, LS_0x5986362ed030_0_20, LS_0x5986362ed030_0_24, LS_0x5986362ed030_0_28;
L_0x5986362ed030 .concat [ 16 16 0 0], LS_0x5986362ed030_1_0, LS_0x5986362ed030_1_4;
L_0x5986362ed1b0 .concat [ 33 32 0 0], v0x59863623b130_0, L_0x5986362ed030;
L_0x5986362ed2a0 .part v0x59863623b2b0_0, 32, 1;
LS_0x5986362ed390_0_0 .concat [ 1 1 1 1], L_0x5986362ed2a0, L_0x5986362ed2a0, L_0x5986362ed2a0, L_0x5986362ed2a0;
LS_0x5986362ed390_0_4 .concat [ 1 1 1 1], L_0x5986362ed2a0, L_0x5986362ed2a0, L_0x5986362ed2a0, L_0x5986362ed2a0;
LS_0x5986362ed390_0_8 .concat [ 1 1 1 1], L_0x5986362ed2a0, L_0x5986362ed2a0, L_0x5986362ed2a0, L_0x5986362ed2a0;
LS_0x5986362ed390_0_12 .concat [ 1 1 1 1], L_0x5986362ed2a0, L_0x5986362ed2a0, L_0x5986362ed2a0, L_0x5986362ed2a0;
LS_0x5986362ed390_0_16 .concat [ 1 1 1 1], L_0x5986362ed2a0, L_0x5986362ed2a0, L_0x5986362ed2a0, L_0x5986362ed2a0;
LS_0x5986362ed390_0_20 .concat [ 1 1 1 1], L_0x5986362ed2a0, L_0x5986362ed2a0, L_0x5986362ed2a0, L_0x5986362ed2a0;
LS_0x5986362ed390_0_24 .concat [ 1 1 1 1], L_0x5986362ed2a0, L_0x5986362ed2a0, L_0x5986362ed2a0, L_0x5986362ed2a0;
LS_0x5986362ed390_0_28 .concat [ 1 1 1 1], L_0x5986362ed2a0, L_0x5986362ed2a0, L_0x5986362ed2a0, L_0x5986362ed2a0;
LS_0x5986362ed390_1_0 .concat [ 4 4 4 4], LS_0x5986362ed390_0_0, LS_0x5986362ed390_0_4, LS_0x5986362ed390_0_8, LS_0x5986362ed390_0_12;
LS_0x5986362ed390_1_4 .concat [ 4 4 4 4], LS_0x5986362ed390_0_16, LS_0x5986362ed390_0_20, LS_0x5986362ed390_0_24, LS_0x5986362ed390_0_28;
L_0x5986362ed390 .concat [ 16 16 0 0], LS_0x5986362ed390_1_0, LS_0x5986362ed390_1_4;
L_0x5986362ed480 .concat [ 33 32 0 0], v0x59863623b2b0_0, L_0x5986362ed390;
L_0x5986362ed570 .arith/mult 65, L_0x5986362ed1b0, L_0x5986362ed480;
S_0x59863623ba10 .scope module, "u_mule" "biriscv_multiplier_efficient" 4 571, 22 1 0, S_0x598635d95d60;
 .timescale 0 0;
    .port_info 0 /INPUT 1 "clk_i";
    .port_info 1 /INPUT 1 "rst_i";
    .port_info 2 /INPUT 1 "opcode_valid_i";
    .port_info 3 /INPUT 32 "opcode_opcode_i";
    .port_info 4 /INPUT 32 "opcode_pc_i";
    .port_info 5 /INPUT 1 "opcode_invalid_i";
    .port_info 6 /INPUT 5 "opcode_rd_idx_i";
    .port_info 7 /INPUT 5 "opcode_ra_idx_i";
    .port_info 8 /INPUT 5 "opcode_rb_idx_i";
    .port_info 9 /INPUT 32 "opcode_ra_operand_i";
    .port_info 10 /INPUT 32 "opcode_rb_operand_i";
    .port_info 11 /OUTPUT 1 "writeback_valid_o";
    .port_info 12 /OUTPUT 32 "writeback_value_o";
    .port_info 13 /OUTPUT 5 "writeback_rd_idx_o";
P_0x59863623bba0 .param/l "MULE_STATE_CALC0" 1 22 31, C4<001>;
P_0x59863623bbe0 .param/l "MULE_STATE_CALC1" 1 22 32, C4<010>;
P_0x59863623bc20 .param/l "MULE_STATE_CALC2" 1 22 33, C4<011>;
P_0x59863623bc60 .param/l "MULE_STATE_DONE" 1 22 34, C4<100>;
P_0x59863623bca0 .param/l "MULE_STATE_IDLE" 1 22 30, C4<000>;
P_0x59863623bce0 .param/l "MULE_STATE_ZERO_DONE" 1 22 35, C4<101>;
L_0x5986362edd60 .functor OR 1, L_0x5986362eda40, L_0x5986362edb30, C4<0>, C4<0>;
L_0x5986362ede70 .functor OR 1, L_0x5986362edd60, L_0x5986362edc70, C4<0>, C4<0>;
L_0x5986362ef170 .functor BUFZ 32, L_0x5986362eed00, C4<00000000000000000000000000000000>, C4<00000000000000000000000000000000>, C4<00000000000000000000000000000000>;
v0x59863623c150_0 .net *"_ivl_0", 31 0, L_0x5986362ed720;  1 drivers
L_0x71dfbb7c5e98 .functor BUFT 1, C4<001>, C4<0>, C4<0>, C4<0>;
v0x59863623c230_0 .net/2u *"_ivl_10", 2 0, L_0x71dfbb7c5e98;  1 drivers
L_0x71dfbb7c5ee0 .functor BUFT 1, C4<010>, C4<0>, C4<0>, C4<0>;
v0x59863623c310_0 .net/2u *"_ivl_14", 2 0, L_0x71dfbb7c5ee0;  1 drivers
L_0x71dfbb7c5f28 .functor BUFT 1, C4<011>, C4<0>, C4<0>, C4<0>;
v0x59863623c400_0 .net/2u *"_ivl_18", 2 0, L_0x71dfbb7c5f28;  1 drivers
v0x59863623c4e0_0 .net *"_ivl_23", 0 0, L_0x5986362edd60;  1 drivers
v0x59863623c5f0_0 .net *"_ivl_27", 15 0, L_0x5986362edf80;  1 drivers
v0x59863623c6d0_0 .net *"_ivl_29", 15 0, L_0x5986362ee020;  1 drivers
L_0x71dfbb7c5e08 .functor BUFT 1, C4<0000000000000000>, C4<0>, C4<0>, C4<0>;
v0x59863623c7b0_0 .net *"_ivl_3", 15 0, L_0x71dfbb7c5e08;  1 drivers
L_0x71dfbb7c5f70 .functor BUFT 1, C4<0000000000000000>, C4<0>, C4<0>, C4<0>;
v0x59863623c890_0 .net/2u *"_ivl_30", 15 0, L_0x71dfbb7c5f70;  1 drivers
v0x59863623c970_0 .net *"_ivl_32", 15 0, L_0x5986362ee160;  1 drivers
v0x59863623ca50_0 .net *"_ivl_37", 15 0, L_0x5986362ee430;  1 drivers
v0x59863623cb30_0 .net *"_ivl_39", 15 0, L_0x5986362ee4d0;  1 drivers
v0x59863623cc10_0 .net *"_ivl_4", 31 0, L_0x5986362ed810;  1 drivers
L_0x71dfbb7c5fb8 .functor BUFT 1, C4<0000000000000000>, C4<0>, C4<0>, C4<0>;
v0x59863623ccf0_0 .net/2u *"_ivl_40", 15 0, L_0x71dfbb7c5fb8;  1 drivers
v0x59863623cdd0_0 .net *"_ivl_42", 15 0, L_0x5986362ee630;  1 drivers
v0x59863623ceb0_0 .net *"_ivl_46", 31 0, L_0x5986362ee9a0;  1 drivers
v0x59863623cf90_0 .net *"_ivl_48", 15 0, L_0x5986362ee900;  1 drivers
L_0x71dfbb7c6000 .functor BUFT 1, C4<0000000000000000>, C4<0>, C4<0>, C4<0>;
v0x59863623d070_0 .net *"_ivl_50", 15 0, L_0x71dfbb7c6000;  1 drivers
v0x59863623d150_0 .net *"_ivl_52", 31 0, L_0x5986362eeb70;  1 drivers
v0x59863623d230_0 .net *"_ivl_54", 31 0, L_0x5986362eeda0;  1 drivers
v0x59863623d310_0 .net *"_ivl_56", 15 0, L_0x5986362eec60;  1 drivers
L_0x71dfbb7c6048 .functor BUFT 1, C4<0000000000000000>, C4<0>, C4<0>, C4<0>;
v0x59863623d3f0_0 .net *"_ivl_58", 15 0, L_0x71dfbb7c6048;  1 drivers
v0x59863623d4d0_0 .net *"_ivl_60", 31 0, L_0x5986362eeee0;  1 drivers
L_0x71dfbb7c6090 .functor BUFT 1, C4<00000000000000000000000000000000>, C4<0>, C4<0>, C4<0>;
v0x59863623d5b0_0 .net/2u *"_ivl_62", 31 0, L_0x71dfbb7c6090;  1 drivers
L_0x71dfbb7c5e50 .functor BUFT 1, C4<0000000000000000>, C4<0>, C4<0>, C4<0>;
v0x59863623d690_0 .net *"_ivl_7", 15 0, L_0x71dfbb7c5e50;  1 drivers
v0x59863623d770_0 .var "a_q", 31 0;
v0x59863623d850_0 .var "b_q", 31 0;
v0x59863623d930_0 .net "clk_i", 0 0, v0x5986362531c0_0;  alias, 1 drivers
v0x59863623d9d0_0 .net "mult_a_in_w", 15 0, L_0x5986362ee2f0;  1 drivers
v0x59863623dab0_0 .net "mult_active_w", 0 0, L_0x5986362ede70;  1 drivers
v0x59863623db70_0 .net "mult_b_in_w", 15 0, L_0x5986362ee770;  1 drivers
v0x59863623dc50_0 .net "mult_out_w", 31 0, L_0x5986362ed900;  1 drivers
v0x59863623dd30_0 .net "opcode_invalid_i", 0 0, L_0x59863630bcf0;  alias, 1 drivers
v0x59863623dfe0_0 .net "opcode_opcode_i", 31 0, L_0x59863630ac90;  alias, 1 drivers
v0x59863623e0b0_0 .net "opcode_pc_i", 31 0, L_0x59863630ad00;  alias, 1 drivers
v0x59863623e180_0 .net "opcode_ra_idx_i", 4 0, L_0x59863630b240;  alias, 1 drivers
v0x59863623e250_0 .net "opcode_ra_operand_i", 31 0, L_0x59863630b680;  alias, 1 drivers
v0x59863623e320_0 .net "opcode_rb_idx_i", 4 0, L_0x59863630b610;  alias, 1 drivers
v0x59863623e3f0_0 .net "opcode_rb_operand_i", 31 0, L_0x59863630bb70;  alias, 1 drivers
v0x59863623e4c0_0 .net "opcode_rd_idx_i", 4 0, L_0x59863630b1d0;  alias, 1 drivers
v0x59863623e590_0 .net "opcode_valid_i", 0 0, L_0x598636302910;  alias, 1 drivers
v0x59863623e660_0 .var "p0_q", 31 0;
v0x59863623e700_0 .var "p1_q", 31 0;
v0x59863623e7e0_0 .var "p2_q", 31 0;
v0x59863623e8c0_0 .var "partials_valid_q", 0 0;
v0x59863623e980_0 .var "rd_idx_q", 4 0;
v0x59863623ea60_0 .net "result_w", 31 0, L_0x5986362eed00;  1 drivers
v0x59863623eb40_0 .net "rst_i", 0 0, v0x598636255910_0;  alias, 1 drivers
v0x59863623ebe0_0 .net "state_calc0_w", 0 0, L_0x5986362eda40;  1 drivers
v0x59863623eca0_0 .net "state_calc1_w", 0 0, L_0x5986362edb30;  1 drivers
v0x59863623ed60_0 .net "state_calc2_w", 0 0, L_0x5986362edc70;  1 drivers
v0x59863623ee20_0 .var "state_q", 2 0;
v0x59863623ef00_0 .var "valid_r", 0 0;
v0x59863623efc0_0 .net "writeback_rd_idx_o", 4 0, v0x59863623e980_0;  alias, 1 drivers
v0x59863623f0b0_0 .net "writeback_valid_o", 0 0, v0x59863623ef00_0;  alias, 1 drivers
v0x59863623f150_0 .net "writeback_value_o", 31 0, L_0x5986362ef170;  alias, 1 drivers
L_0x5986362ed720 .concat [ 16 16 0 0], L_0x5986362ee2f0, L_0x71dfbb7c5e08;
L_0x5986362ed810 .concat [ 16 16 0 0], L_0x5986362ee770, L_0x71dfbb7c5e50;
L_0x5986362ed900 .arith/mult 32, L_0x5986362ed720, L_0x5986362ed810;
L_0x5986362eda40 .cmp/eq 3, v0x59863623ee20_0, L_0x71dfbb7c5e98;
L_0x5986362edb30 .cmp/eq 3, v0x59863623ee20_0, L_0x71dfbb7c5ee0;
L_0x5986362edc70 .cmp/eq 3, v0x59863623ee20_0, L_0x71dfbb7c5f28;
L_0x5986362edf80 .part v0x59863623d770_0, 16, 16;
L_0x5986362ee020 .part v0x59863623d770_0, 0, 16;
L_0x5986362ee160 .functor MUXZ 16, L_0x71dfbb7c5f70, L_0x5986362ee020, L_0x5986362ede70, C4<>;
L_0x5986362ee2f0 .functor MUXZ 16, L_0x5986362ee160, L_0x5986362edf80, L_0x5986362edc70, C4<>;
L_0x5986362ee430 .part v0x59863623d850_0, 16, 16;
L_0x5986362ee4d0 .part v0x59863623d850_0, 0, 16;
L_0x5986362ee630 .functor MUXZ 16, L_0x71dfbb7c5fb8, L_0x5986362ee4d0, L_0x5986362ede70, C4<>;
L_0x5986362ee770 .functor MUXZ 16, L_0x5986362ee630, L_0x5986362ee430, L_0x5986362edb30, C4<>;
L_0x5986362ee900 .part v0x59863623e700_0, 0, 16;
L_0x5986362ee9a0 .concat [ 16 16 0 0], L_0x71dfbb7c6000, L_0x5986362ee900;
L_0x5986362eeb70 .arith/sum 32, v0x59863623e660_0, L_0x5986362ee9a0;
L_0x5986362eec60 .part v0x59863623e7e0_0, 0, 16;
L_0x5986362eeda0 .concat [ 16 16 0 0], L_0x71dfbb7c6048, L_0x5986362eec60;
L_0x5986362eeee0 .arith/sum 32, L_0x5986362eeb70, L_0x5986362eeda0;
L_0x5986362eed00 .functor MUXZ 32, L_0x71dfbb7c6090, L_0x5986362eeee0, v0x59863623e8c0_0, C4<>;
S_0x59863623f3b0 .scope module, "u_mulp" "biriscv_multiplier_pipelined" 4 613, 23 36 0, S_0x598635d95d60;
 .timescale 0 0;
    .port_info 0 /INPUT 1 "clk_i";
    .port_info 1 /INPUT 1 "rst_i";
    .port_info 2 /INPUT 1 "opcode_valid_i";
    .port_info 3 /INPUT 32 "opcode_opcode_i";
    .port_info 4 /INPUT 32 "opcode_pc_i";
    .port_info 5 /INPUT 1 "opcode_invalid_i";
    .port_info 6 /INPUT 5 "opcode_rd_idx_i";
    .port_info 7 /INPUT 5 "opcode_ra_idx_i";
    .port_info 8 /INPUT 5 "opcode_rb_idx_i";
    .port_info 9 /INPUT 32 "opcode_ra_operand_i";
    .port_info 10 /INPUT 32 "opcode_rb_operand_i";
    .port_info 11 /OUTPUT 1 "writeback_valid_o";
    .port_info 12 /OUTPUT 32 "writeback_value_o";
    .port_info 13 /OUTPUT 5 "writeback_rd_idx_o";
P_0x598636214c90 .param/l "MULT_STAGES" 0 23 38, +C4<00000000000000000000000000000110>;
P_0x598636214cd0 .param/l "PIPE_DEPTH" 1 23 138, +C4<000000000000000000000000000000101>;
L_0x71dfbb7c63a8 .functor BUFT 1, C4<11111110000000000111000001111111>, C4<0>, C4<0>, C4<0>;
L_0x5986362f11e0 .functor AND 32, L_0x59863630dae0, L_0x71dfbb7c63a8, C4<11111111111111111111111111111111>, C4<11111111111111111111111111111111>;
v0x59863623f830_0 .net/2u *"_ivl_0", 31 0, L_0x71dfbb7c63a8;  1 drivers
L_0x71dfbb7c6480 .functor BUFT 1, C4<0>, C4<0>, C4<0>, C4<0>;
v0x59863623f930_0 .net/2u *"_ivl_12", 0 0, L_0x71dfbb7c6480;  1 drivers
v0x59863623fa10_0 .net *"_ivl_17", 0 0, L_0x5986362f16d0;  1 drivers
v0x59863623fb00_0 .net *"_ivl_18", 32 0, L_0x5986362f1770;  1 drivers
v0x59863623fbe0_0 .net *"_ivl_2", 31 0, L_0x5986362f11e0;  1 drivers
v0x59863623fd10_0 .net *"_ivl_20", 65 0, L_0x5986362f18f0;  1 drivers
v0x59863623fdf0_0 .net *"_ivl_23", 0 0, L_0x5986362f19e0;  1 drivers
v0x59863623fed0_0 .net *"_ivl_24", 32 0, L_0x5986362f1a80;  1 drivers
v0x59863623ffb0_0 .net *"_ivl_26", 65 0, L_0x5986362f1bc0;  1 drivers
L_0x71dfbb7c63f0 .functor BUFT 1, C4<00000010000000000001000000001011>, C4<0>, C4<0>, C4<0>;
v0x598636240090_0 .net/2u *"_ivl_4", 31 0, L_0x71dfbb7c63f0;  1 drivers
L_0x71dfbb7c6438 .functor BUFT 1, C4<0>, C4<0>, C4<0>, C4<0>;
v0x598636240170_0 .net/2u *"_ivl_8", 0 0, L_0x71dfbb7c6438;  1 drivers
v0x598636240250_0 .net "clk_i", 0 0, v0x5986362531c0_0;  alias, 1 drivers
v0x5986362402f0_0 .net "mult_full_w", 65 0, L_0x5986362f1cb0;  1 drivers
v0x5986362403d0_0 .net "mult_inst_w", 0 0, L_0x5986362f12e0;  1 drivers
v0x598636240490_0 .net "mult_result_w", 31 0, L_0x5986362f1df0;  1 drivers
v0x598636240570_0 .net "opcode_invalid_i", 0 0, L_0x598635b538d0;  alias, 1 drivers
v0x598636240610_0 .net "opcode_opcode_i", 31 0, L_0x59863630dae0;  alias, 1 drivers
v0x5986362406e0_0 .net "opcode_pc_i", 31 0, L_0x59863630db50;  alias, 1 drivers
v0x5986362407b0_0 .net "opcode_ra_idx_i", 4 0, L_0x59863630e010;  alias, 1 drivers
v0x598636240880_0 .net "opcode_ra_operand_i", 31 0, L_0x59863630e4e0;  alias, 1 drivers
v0x598636240950_0 .net "opcode_rb_idx_i", 4 0, L_0x59863630e470;  alias, 1 drivers
v0x598636240a20_0 .net "opcode_rb_operand_i", 31 0, L_0x598635bbd360;  alias, 1 drivers
v0x598636240af0_0 .net "opcode_rd_idx_i", 4 0, L_0x59863630dfa0;  alias, 1 drivers
v0x598636240bc0_0 .net "opcode_valid_i", 0 0, L_0x598636302c70;  alias, 1 drivers
v0x598636240c90_0 .net "operand_a_w", 32 0, L_0x5986362f1470;  1 drivers
v0x598636240d30_0 .net "operand_b_w", 32 0, L_0x5986362f15a0;  1 drivers
v0x598636240e10_0 .var "pipe0_a_q", 32 0;
v0x598636240ef0_0 .var "pipe0_b_q", 32 0;
v0x598636240fd0_0 .var "pipe0_rd_idx_q", 4 0;
v0x5986362410b0_0 .var "pipe0_valid_q", 0 0;
v0x598636241170_0 .var "rd_idx_sr", 24 0;
v0x598636241250_0 .var "result_sr", 159 0;
v0x598636241330_0 .net "rst_i", 0 0, v0x598636255910_0;  alias, 1 drivers
v0x5986362415e0_0 .var "valid_sr", 4 0;
v0x5986362416c0_0 .net "writeback_rd_idx_o", 4 0, L_0x5986362f2090;  alias, 1 drivers
v0x5986362417b0_0 .net "writeback_valid_o", 0 0, L_0x5986362f1e90;  alias, 1 drivers
v0x598636241850_0 .net "writeback_value_o", 31 0, L_0x5986362f1ff0;  alias, 1 drivers
L_0x5986362f12e0 .cmp/eq 32, L_0x5986362f11e0, L_0x71dfbb7c63f0;
L_0x5986362f1470 .concat [ 32 1 0 0], L_0x59863630e4e0, L_0x71dfbb7c6438;
L_0x5986362f15a0 .concat [ 32 1 0 0], L_0x598635bbd360, L_0x71dfbb7c6480;
L_0x5986362f16d0 .part v0x598636240e10_0, 32, 1;
LS_0x5986362f1770_0_0 .concat [ 1 1 1 1], L_0x5986362f16d0, L_0x5986362f16d0, L_0x5986362f16d0, L_0x5986362f16d0;
LS_0x5986362f1770_0_4 .concat [ 1 1 1 1], L_0x5986362f16d0, L_0x5986362f16d0, L_0x5986362f16d0, L_0x5986362f16d0;
LS_0x5986362f1770_0_8 .concat [ 1 1 1 1], L_0x5986362f16d0, L_0x5986362f16d0, L_0x5986362f16d0, L_0x5986362f16d0;
LS_0x5986362f1770_0_12 .concat [ 1 1 1 1], L_0x5986362f16d0, L_0x5986362f16d0, L_0x5986362f16d0, L_0x5986362f16d0;
LS_0x5986362f1770_0_16 .concat [ 1 1 1 1], L_0x5986362f16d0, L_0x5986362f16d0, L_0x5986362f16d0, L_0x5986362f16d0;
LS_0x5986362f1770_0_20 .concat [ 1 1 1 1], L_0x5986362f16d0, L_0x5986362f16d0, L_0x5986362f16d0, L_0x5986362f16d0;
LS_0x5986362f1770_0_24 .concat [ 1 1 1 1], L_0x5986362f16d0, L_0x5986362f16d0, L_0x5986362f16d0, L_0x5986362f16d0;
LS_0x5986362f1770_0_28 .concat [ 1 1 1 1], L_0x5986362f16d0, L_0x5986362f16d0, L_0x5986362f16d0, L_0x5986362f16d0;
LS_0x5986362f1770_0_32 .concat [ 1 0 0 0], L_0x5986362f16d0;
LS_0x5986362f1770_1_0 .concat [ 4 4 4 4], LS_0x5986362f1770_0_0, LS_0x5986362f1770_0_4, LS_0x5986362f1770_0_8, LS_0x5986362f1770_0_12;
LS_0x5986362f1770_1_4 .concat [ 4 4 4 4], LS_0x5986362f1770_0_16, LS_0x5986362f1770_0_20, LS_0x5986362f1770_0_24, LS_0x5986362f1770_0_28;
LS_0x5986362f1770_1_8 .concat [ 1 0 0 0], LS_0x5986362f1770_0_32;
L_0x5986362f1770 .concat [ 16 16 1 0], LS_0x5986362f1770_1_0, LS_0x5986362f1770_1_4, LS_0x5986362f1770_1_8;
L_0x5986362f18f0 .concat [ 33 33 0 0], v0x598636240e10_0, L_0x5986362f1770;
L_0x5986362f19e0 .part v0x598636240ef0_0, 32, 1;
LS_0x5986362f1a80_0_0 .concat [ 1 1 1 1], L_0x5986362f19e0, L_0x5986362f19e0, L_0x5986362f19e0, L_0x5986362f19e0;
LS_0x5986362f1a80_0_4 .concat [ 1 1 1 1], L_0x5986362f19e0, L_0x5986362f19e0, L_0x5986362f19e0, L_0x5986362f19e0;
LS_0x5986362f1a80_0_8 .concat [ 1 1 1 1], L_0x5986362f19e0, L_0x5986362f19e0, L_0x5986362f19e0, L_0x5986362f19e0;
LS_0x5986362f1a80_0_12 .concat [ 1 1 1 1], L_0x5986362f19e0, L_0x5986362f19e0, L_0x5986362f19e0, L_0x5986362f19e0;
LS_0x5986362f1a80_0_16 .concat [ 1 1 1 1], L_0x5986362f19e0, L_0x5986362f19e0, L_0x5986362f19e0, L_0x5986362f19e0;
LS_0x5986362f1a80_0_20 .concat [ 1 1 1 1], L_0x5986362f19e0, L_0x5986362f19e0, L_0x5986362f19e0, L_0x5986362f19e0;
LS_0x5986362f1a80_0_24 .concat [ 1 1 1 1], L_0x5986362f19e0, L_0x5986362f19e0, L_0x5986362f19e0, L_0x5986362f19e0;
LS_0x5986362f1a80_0_28 .concat [ 1 1 1 1], L_0x5986362f19e0, L_0x5986362f19e0, L_0x5986362f19e0, L_0x5986362f19e0;
LS_0x5986362f1a80_0_32 .concat [ 1 0 0 0], L_0x5986362f19e0;
LS_0x5986362f1a80_1_0 .concat [ 4 4 4 4], LS_0x5986362f1a80_0_0, LS_0x5986362f1a80_0_4, LS_0x5986362f1a80_0_8, LS_0x5986362f1a80_0_12;
LS_0x5986362f1a80_1_4 .concat [ 4 4 4 4], LS_0x5986362f1a80_0_16, LS_0x5986362f1a80_0_20, LS_0x5986362f1a80_0_24, LS_0x5986362f1a80_0_28;
LS_0x5986362f1a80_1_8 .concat [ 1 0 0 0], LS_0x5986362f1a80_0_32;
L_0x5986362f1a80 .concat [ 16 16 1 0], LS_0x5986362f1a80_1_0, LS_0x5986362f1a80_1_4, LS_0x5986362f1a80_1_8;
L_0x5986362f1bc0 .concat [ 33 33 0 0], v0x598636240ef0_0, L_0x5986362f1a80;
L_0x5986362f1cb0 .arith/mult 66, L_0x5986362f18f0, L_0x5986362f1bc0;
L_0x5986362f1df0 .part L_0x5986362f1cb0, 0, 32;
L_0x5986362f1e90 .part v0x5986362415e0_0, 0, 1;
L_0x5986362f1ff0 .part v0x598636241250_0, 0, 32;
L_0x5986362f2090 .part v0x598636241170_0, 0, 5;
S_0x59863624ee90 .scope module, "u_mem" "tcm_mem" 3 245, 24 2 0, S_0x5986360699e0;
 .timescale 0 0;
    .port_info 0 /INPUT 1 "clk_i";
    .port_info 1 /INPUT 1 "rst_i";
    .port_info 2 /INPUT 1 "mem_i_rd_i";
    .port_info 3 /INPUT 1 "mem_i_flush_i";
    .port_info 4 /INPUT 1 "mem_i_invalidate_i";
    .port_info 5 /INPUT 32 "mem_i_pc_i";
    .port_info 6 /INPUT 32 "mem_d_addr_i";
    .port_info 7 /INPUT 32 "mem_d_data_wr_i";
    .port_info 8 /INPUT 1 "mem_d_rd_i";
    .port_info 9 /INPUT 4 "mem_d_wr_i";
    .port_info 10 /INPUT 1 "mem_d_cacheable_i";
    .port_info 11 /INPUT 11 "mem_d_req_tag_i";
    .port_info 12 /INPUT 1 "mem_d_invalidate_i";
    .port_info 13 /INPUT 1 "mem_d_writeback_i";
    .port_info 14 /INPUT 1 "mem_d_flush_i";
    .port_info 15 /OUTPUT 1 "mem_i_accept_o";
    .port_info 16 /OUTPUT 1 "mem_i_valid_o";
    .port_info 17 /OUTPUT 1 "mem_i_error_o";
    .port_info 18 /OUTPUT 64 "mem_i_inst_o";
    .port_info 19 /OUTPUT 32 "mem_d_data_rd_o";
    .port_info 20 /OUTPUT 1 "mem_d_accept_o";
    .port_info 21 /OUTPUT 1 "mem_d_ack_o";
    .port_info 22 /OUTPUT 1 "mem_d_error_o";
    .port_info 23 /OUTPUT 11 "mem_d_resp_tag_o";
L_0x71dfbb7c73b0 .functor BUFT 1, C4<00000000000000000000000000000000>, C4<0>, C4<0>, C4<0>;
v0x5986362505d0_0 .net/2u *"_ivl_10", 31 0, L_0x71dfbb7c73b0;  1 drivers
v0x5986362506d0_0 .net *"_ivl_12", 63 0, L_0x5986363109e0;  1 drivers
L_0x71dfbb7c73f8 .functor BUFT 1, C4<00000000000000000000000000000000>, C4<0>, C4<0>, C4<0>;
v0x5986362507b0_0 .net/2u *"_ivl_14", 31 0, L_0x71dfbb7c73f8;  1 drivers
v0x598636250870_0 .net *"_ivl_16", 63 0, L_0x598636310a80;  1 drivers
L_0x71dfbb7c7440 .functor BUFT 1, C4<0000>, C4<0>, C4<0>, C4<0>;
v0x598636250950_0 .net/2u *"_ivl_20", 3 0, L_0x71dfbb7c7440;  1 drivers
v0x598636250a30_0 .net *"_ivl_22", 7 0, L_0x598636310bc0;  1 drivers
L_0x71dfbb7c7488 .functor BUFT 1, C4<0000>, C4<0>, C4<0>, C4<0>;
v0x598636250b10_0 .net/2u *"_ivl_24", 3 0, L_0x71dfbb7c7488;  1 drivers
v0x598636250bf0_0 .net *"_ivl_26", 7 0, L_0x598636310c60;  1 drivers
v0x598636250cd0_0 .net *"_ivl_41", 31 0, L_0x598636310ef0;  1 drivers
v0x598636250e40_0 .net *"_ivl_43", 31 0, L_0x598636310ff0;  1 drivers
v0x598636250f20_0 .net "clk_i", 0 0, v0x5986362531c0_0;  alias, 1 drivers
v0x598636250fc0_0 .net "data_r_w", 63 0, v0x59863624fd00_0;  1 drivers
v0x598636251080_0 .net "mem_d_accept_o", 0 0, L_0x71dfbb7c75a8;  alias, 1 drivers
v0x598636251120_0 .net "mem_d_ack_o", 0 0, v0x5986362511c0_0;  alias, 1 drivers
v0x5986362511c0_0 .var "mem_d_ack_q", 0 0;
v0x598636251260_0 .net "mem_d_addr_i", 31 0, L_0x5986362d8e10;  alias, 1 drivers
v0x598636251320_0 .net "mem_d_cacheable_i", 0 0, L_0x5986362d9010;  alias, 1 drivers
v0x598636251410_0 .net "mem_d_data_rd_o", 31 0, L_0x598636311120;  alias, 1 drivers
v0x598636251520_0 .net "mem_d_data_wr_i", 31 0, L_0x5986362d8f10;  alias, 1 drivers
v0x598636251630_0 .net "mem_d_error_o", 0 0, L_0x71dfbb7c7560;  alias, 1 drivers
v0x598636251720_0 .net "mem_d_flush_i", 0 0, L_0x5986362d94a0;  alias, 1 drivers
v0x598636251810_0 .net "mem_d_invalidate_i", 0 0, L_0x5986362d9080;  alias, 1 drivers
v0x598636251900_0 .net "mem_d_rd_i", 0 0, L_0x5986362d8bb0;  alias, 1 drivers
v0x5986362519f0_0 .net "mem_d_req_tag_i", 10 0, L_0x5986362d9310;  alias, 1 drivers
v0x598636251b00_0 .net "mem_d_resp_tag_o", 10 0, v0x598636251c10_0;  alias, 1 drivers
v0x598636251c10_0 .var "mem_d_tag_q", 10 0;
v0x598636251cf0_0 .net "mem_d_wr_i", 3 0, L_0x5986362d8cb0;  alias, 1 drivers
v0x598636251e00_0 .net "mem_d_writeback_i", 0 0, L_0x5986362d9180;  alias, 1 drivers
v0x598636251ef0_0 .net "mem_i_accept_o", 0 0, L_0x71dfbb7c74d0;  alias, 1 drivers
v0x598636251fe0_0 .net "mem_i_error_o", 0 0, L_0x71dfbb7c7518;  alias, 1 drivers
v0x5986362520d0_0 .net "mem_i_flush_i", 0 0, L_0x5986362d8640;  alias, 1 drivers
v0x5986362521c0_0 .net "mem_i_inst_o", 63 0, v0x59863624fc20_0;  alias, 1 drivers
v0x598636252280_0 .net "mem_i_invalidate_i", 0 0, L_0x5986362d8740;  alias, 1 drivers
v0x598636252370_0 .net "mem_i_pc_i", 31 0, L_0x5986362d8540;  alias, 1 drivers
v0x598636252480_0 .net "mem_i_rd_i", 0 0, L_0x5986362d8440;  alias, 1 drivers
v0x598636252570_0 .net "mem_i_valid_o", 0 0, v0x598636252660_0;  alias, 1 drivers
v0x598636252660_0 .var "mem_i_valid_q", 0 0;
v0x598636252720_0 .var "muxed_hi_q", 0 0;
v0x5986362527e0_0 .net "muxed_hi_w", 0 0, L_0x598636310720;  1 drivers
v0x5986362528a0_0 .net "rst_i", 0 0, v0x598636255910_0;  alias, 1 drivers
L_0x598636310720 .part L_0x5986362d8e10, 2, 1;
L_0x5986363108a0 .part L_0x5986362d8540, 3, 14;
L_0x598636310940 .part L_0x5986362d8e10, 3, 14;
L_0x5986363109e0 .concat [ 32 32 0 0], L_0x71dfbb7c73b0, L_0x5986362d8f10;
L_0x598636310a80 .concat [ 32 32 0 0], L_0x5986362d8f10, L_0x71dfbb7c73f8;
L_0x598636310b20 .functor MUXZ 64, L_0x598636310a80, L_0x5986363109e0, L_0x598636310720, C4<>;
L_0x598636310bc0 .concat [ 4 4 0 0], L_0x71dfbb7c7440, L_0x5986362d8cb0;
L_0x598636310c60 .concat [ 4 4 0 0], L_0x5986362d8cb0, L_0x71dfbb7c7488;
L_0x598636310d00 .functor MUXZ 8, L_0x598636310c60, L_0x598636310bc0, L_0x598636310720, C4<>;
L_0x598636310ef0 .part v0x59863624fd00_0, 32, 32;
L_0x598636310ff0 .part v0x59863624fd00_0, 0, 32;
L_0x598636311120 .functor MUXZ 32, L_0x598636310ff0, L_0x598636310ef0, v0x598636252720_0, C4<>;
S_0x59863624f270 .scope module, "u_ram" "tcm_mem_ram" 24 40, 25 2 0, S_0x59863624ee90;
 .timescale 0 0;
    .port_info 0 /INPUT 1 "clk0_i";
    .port_info 1 /INPUT 1 "rst0_i";
    .port_info 2 /INPUT 14 "addr0_i";
    .port_info 3 /INPUT 64 "data0_i";
    .port_info 4 /INPUT 8 "wr0_i";
    .port_info 5 /INPUT 1 "clk1_i";
    .port_info 6 /INPUT 1 "rst1_i";
    .port_info 7 /INPUT 14 "addr1_i";
    .port_info 8 /INPUT 64 "data1_i";
    .port_info 9 /INPUT 8 "wr1_i";
    .port_info 10 /OUTPUT 64 "data0_o";
    .port_info 11 /OUTPUT 64 "data1_o";
v0x59863624f530_0 .net "addr0_i", 13 0, L_0x5986363108a0;  1 drivers
v0x59863624f5d0_0 .net "addr1_i", 13 0, L_0x598636310940;  1 drivers
v0x59863624f670_0 .net "clk0_i", 0 0, v0x5986362531c0_0;  alias, 1 drivers
v0x59863624f710_0 .net "clk1_i", 0 0, v0x5986362531c0_0;  alias, 1 drivers
L_0x71dfbb7c7320 .functor BUFT 1, C4<0000000000000000000000000000000000000000000000000000000000000000>, C4<0>, C4<0>, C4<0>;
v0x59863624f7b0_0 .net "data0_i", 63 0, L_0x71dfbb7c7320;  1 drivers
v0x59863624f850_0 .net "data0_o", 63 0, v0x59863624fc20_0;  alias, 1 drivers
v0x59863624f910_0 .net "data1_i", 63 0, L_0x598636310b20;  1 drivers
v0x59863624f9f0_0 .net "data1_o", 63 0, v0x59863624fd00_0;  alias, 1 drivers
v0x59863624fad0 .array "ram", 0 16383, 63 0;
v0x59863624fc20_0 .var "ram_read0_q", 63 0;
v0x59863624fd00_0 .var "ram_read1_q", 63 0;
v0x59863624fde0_0 .net "rst0_i", 0 0, v0x598636255910_0;  alias, 1 drivers
v0x59863624fe80_0 .net "rst1_i", 0 0, v0x598636255910_0;  alias, 1 drivers
L_0x71dfbb7c7368 .functor BUFT 1, C4<00000000>, C4<0>, C4<0>, C4<0>;
v0x59863624ff20_0 .net "wr0_i", 7 0, L_0x71dfbb7c7368;  1 drivers
v0x598636250000_0 .net "wr1_i", 7 0, L_0x598636310d00;  1 drivers
S_0x598636250260 .scope task, "write" "write" 24 115, 24 115 0, S_0x59863624ee90;
 .timescale 0 0;
v0x598636250410_0 .var "addr", 31 0;
v0x5986362504f0_0 .var "data", 7 0;
TD_tb_mulp.u_mem.write ;
    %load/vec4 v0x598636250410_0;
    %parti/s 3, 0, 2;
    %dup/vec4;
    %pushi/vec4 0, 0, 3;
    %cmp/u;
    %jmp/1 T_6.14, 6;
    %dup/vec4;
    %pushi/vec4 1, 0, 3;
    %cmp/u;
    %jmp/1 T_6.15, 6;
    %dup/vec4;
    %pushi/vec4 2, 0, 3;
    %cmp/u;
    %jmp/1 T_6.16, 6;
    %dup/vec4;
    %pushi/vec4 3, 0, 3;
    %cmp/u;
    %jmp/1 T_6.17, 6;
    %dup/vec4;
    %pushi/vec4 4, 0, 3;
    %cmp/u;
    %jmp/1 T_6.18, 6;
    %dup/vec4;
    %pushi/vec4 5, 0, 3;
    %cmp/u;
    %jmp/1 T_6.19, 6;
    %dup/vec4;
    %pushi/vec4 6, 0, 3;
    %cmp/u;
    %jmp/1 T_6.20, 6;
    %dup/vec4;
    %pushi/vec4 7, 0, 3;
    %cmp/u;
    %jmp/1 T_6.21, 6;
    %jmp T_6.22;
T_6.14 ;
    %load/vec4 v0x5986362504f0_0;
    %load/vec4 v0x598636250410_0;
    %pushi/vec4 8, 0, 32;
    %div;
    %ix/vec4 4;
    %flag_mov 8, 4;
    %ix/load 5, 0, 0;
    %flag_set/imm 4, 0;
    %flag_or 4, 8;
    %store/vec4a v0x59863624fad0, 4, 5;
    %jmp T_6.22;
T_6.15 ;
    %load/vec4 v0x5986362504f0_0;
    %load/vec4 v0x598636250410_0;
    %pushi/vec4 8, 0, 32;
    %div;
    %ix/vec4 4;
    %flag_mov 8, 4;
    %ix/load 5, 8, 0;
    %flag_set/imm 4, 0;
    %flag_or 4, 8;
    %store/vec4a v0x59863624fad0, 4, 5;
    %jmp T_6.22;
T_6.16 ;
    %load/vec4 v0x5986362504f0_0;
    %load/vec4 v0x598636250410_0;
    %pushi/vec4 8, 0, 32;
    %div;
    %ix/vec4 4;
    %flag_mov 8, 4;
    %ix/load 5, 16, 0;
    %flag_set/imm 4, 0;
    %flag_or 4, 8;
    %store/vec4a v0x59863624fad0, 4, 5;
    %jmp T_6.22;
T_6.17 ;
    %load/vec4 v0x5986362504f0_0;
    %load/vec4 v0x598636250410_0;
    %pushi/vec4 8, 0, 32;
    %div;
    %ix/vec4 4;
    %flag_mov 8, 4;
    %ix/load 5, 24, 0;
    %flag_set/imm 4, 0;
    %flag_or 4, 8;
    %store/vec4a v0x59863624fad0, 4, 5;
    %jmp T_6.22;
T_6.18 ;
    %load/vec4 v0x5986362504f0_0;
    %load/vec4 v0x598636250410_0;
    %pushi/vec4 8, 0, 32;
    %div;
    %ix/vec4 4;
    %flag_mov 8, 4;
    %ix/load 5, 32, 0;
    %flag_set/imm 4, 0;
    %flag_or 4, 8;
    %store/vec4a v0x59863624fad0, 4, 5;
    %jmp T_6.22;
T_6.19 ;
    %load/vec4 v0x5986362504f0_0;
    %load/vec4 v0x598636250410_0;
    %pushi/vec4 8, 0, 32;
    %div;
    %ix/vec4 4;
    %flag_mov 8, 4;
    %ix/load 5, 40, 0;
    %flag_set/imm 4, 0;
    %flag_or 4, 8;
    %store/vec4a v0x59863624fad0, 4, 5;
    %jmp T_6.22;
T_6.20 ;
    %load/vec4 v0x5986362504f0_0;
    %load/vec4 v0x598636250410_0;
    %pushi/vec4 8, 0, 32;
    %div;
    %ix/vec4 4;
    %flag_mov 8, 4;
    %ix/load 5, 48, 0;
    %flag_set/imm 4, 0;
    %flag_or 4, 8;
    %store/vec4a v0x59863624fad0, 4, 5;
    %jmp T_6.22;
T_6.21 ;
    %load/vec4 v0x5986362504f0_0;
    %load/vec4 v0x598636250410_0;
    %pushi/vec4 8, 0, 32;
    %div;
    %ix/vec4 4;
    %flag_mov 8, 4;
    %ix/load 5, 56, 0;
    %flag_set/imm 4, 0;
    %flag_or 4, 8;
    %store/vec4a v0x59863624fad0, 4, 5;
    %jmp T_6.22;
T_6.22 ;
    %pop/vec4 1;
    %end;
    .scope S_0x5986361d5a90;
T_7 ;
    %wait E_0x5986358e7f10;
    %load/vec4 v0x5986361d6190_0;
    %flag_set/vec4 8;
    %jmp/0xz  T_7.0, 8;
    %pushi/vec4 1, 0, 16;
    %assign/vec4 v0x5986361d60f0_0, 0;
    %jmp T_7.1;
T_7.0 ;
    %load/vec4 v0x5986361d5e70_0;
    %flag_set/vec4 8;
    %jmp/0xz  T_7.2, 8;
    %load/vec4 v0x5986361d60f0_0;
    %parti/s 1, 0, 2;
    %flag_set/vec4 8;
    %jmp/0xz  T_7.4, 8;
    %pushi/vec4 0, 0, 1;
    %load/vec4 v0x5986361d60f0_0;
    %parti/s 15, 1, 2;
    %concat/vec4; draw_concat_vec4
    %pushi/vec4 46080, 0, 16;
    %xor;
    %assign/vec4 v0x5986361d60f0_0, 0;
    %jmp T_7.5;
T_7.4 ;
    %pushi/vec4 0, 0, 1;
    %load/vec4 v0x5986361d60f0_0;
    %parti/s 15, 1, 2;
    %concat/vec4; draw_concat_vec4
    %assign/vec4 v0x5986361d60f0_0, 0;
T_7.5 ;
T_7.2 ;
T_7.1 ;
    %jmp T_7;
    .thread T_7;
    .scope S_0x5986361d52c0;
T_8 ;
    %wait E_0x598635a21c80;
    %load/vec4 v0x5986361da7c0_0;
    %store/vec4 v0x5986361da860_0, 0, 3;
    %load/vec4 v0x5986361dafe0_0;
    %load/vec4 v0x5986361dac20_0;
    %and;
    %flag_set/vec4 8;
    %jmp/0xz  T_8.0, 8;
    %load/vec4 v0x5986361da7c0_0;
    %addi 1, 0, 3;
    %store/vec4 v0x5986361da860_0, 0, 3;
    %jmp T_8.1;
T_8.0 ;
    %load/vec4 v0x5986361dafe0_0;
    %load/vec4 v0x5986361dae00_0;
    %and;
    %flag_set/vec4 8;
    %jmp/0xz  T_8.2, 8;
    %load/vec4 v0x5986361da7c0_0;
    %subi 1, 0, 3;
    %store/vec4 v0x5986361da860_0, 0, 3;
T_8.2 ;
T_8.1 ;
    %jmp T_8;
    .thread T_8, $push;
    .scope S_0x5986361d52c0;
T_9 ;
    %wait E_0x5986358e7f10;
    %load/vec4 v0x5986361db4e0_0;
    %flag_set/vec4 8;
    %jmp/0xz  T_9.0, 8;
    %pushi/vec4 0, 0, 3;
    %assign/vec4 v0x5986361da7c0_0, 0;
    %jmp T_9.1;
T_9.0 ;
    %load/vec4 v0x5986361da860_0;
    %assign/vec4 v0x5986361da7c0_0, 0;
T_9.1 ;
    %jmp T_9;
    .thread T_9;
    .scope S_0x5986361d52c0;
T_10 ;
    %wait E_0x5986358e7f10;
    %load/vec4 v0x5986361db4e0_0;
    %flag_set/vec4 8;
    %jmp/0xz  T_10.0, 8;
    %pushi/vec4 1, 0, 1;
    %assign/vec4 v0x5986361da400_0, 0;
    %jmp T_10.1;
T_10.0 ;
    %load/vec4 v0x5986361db3a0_0;
    %assign/vec4 v0x5986361da400_0, 0;
T_10.1 ;
    %jmp T_10;
    .thread T_10;
    .scope S_0x5986361d52c0;
T_11 ;
    %wait E_0x598635a21c40;
    %load/vec4 v0x5986361da680_0;
    %store/vec4 v0x5986361da720_0, 0, 3;
    %load/vec4 v0x5986361dafe0_0;
    %load/vec4 v0x5986361dac20_0;
    %and;
    %flag_set/vec4 8;
    %jmp/0xz  T_11.0, 8;
    %load/vec4 v0x5986361da7c0_0;
    %addi 1, 0, 3;
    %store/vec4 v0x5986361da720_0, 0, 3;
    %jmp T_11.1;
T_11.0 ;
    %load/vec4 v0x5986361dafe0_0;
    %load/vec4 v0x5986361dae00_0;
    %and;
    %flag_set/vec4 8;
    %jmp/0xz  T_11.2, 8;
    %load/vec4 v0x5986361da7c0_0;
    %subi 1, 0, 3;
    %store/vec4 v0x5986361da720_0, 0, 3;
    %jmp T_11.3;
T_11.2 ;
    %load/vec4 v0x5986361da5e0_0;
    %load/vec4 v0x5986361db3a0_0;
    %and;
    %flag_set/vec4 8;
    %jmp/0xz  T_11.4, 8;
    %load/vec4 v0x5986361da680_0;
    %addi 1, 0, 3;
    %store/vec4 v0x5986361da720_0, 0, 3;
    %jmp T_11.5;
T_11.4 ;
    %load/vec4 v0x5986361da9a0_0;
    %load/vec4 v0x5986361db3a0_0;
    %and;
    %flag_set/vec4 8;
    %jmp/0xz  T_11.6, 8;
    %load/vec4 v0x5986361da680_0;
    %subi 1, 0, 3;
    %store/vec4 v0x5986361da720_0, 0, 3;
T_11.6 ;
T_11.5 ;
T_11.3 ;
T_11.1 ;
    %jmp T_11;
    .thread T_11, $push;
    .scope S_0x5986361d52c0;
T_12 ;
    %wait E_0x5986358e7f10;
    %load/vec4 v0x5986361db4e0_0;
    %flag_set/vec4 8;
    %jmp/0xz  T_12.0, 8;
    %pushi/vec4 0, 0, 32;
    %store/vec4 v0x5986361da2c0_0, 0, 32;
T_12.2 ;
    %load/vec4 v0x5986361da2c0_0;
    %cmpi/s 8, 0, 32;
    %jmp/0xz T_12.3, 5;
    %pushi/vec4 1, 0, 32;
    %ix/getv/s 3, v0x5986361da2c0_0;
    %ix/load 4, 0, 0; Constant delay
    %assign/vec4/a/d v0x5986361daa40, 0, 4;
    %load/vec4 v0x5986361da2c0_0;
    %addi 1, 0, 32;
    %store/vec4 v0x5986361da2c0_0, 0, 32;
    %jmp T_12.2;
T_12.3 ;
    %pushi/vec4 0, 0, 3;
    %assign/vec4 v0x5986361da680_0, 0;
    %jmp T_12.1;
T_12.0 ;
    %load/vec4 v0x5986361dafe0_0;
    %load/vec4 v0x5986361dac20_0;
    %and;
    %flag_set/vec4 8;
    %jmp/0xz  T_12.4, 8;
    %load/vec4 v0x5986361db080_0;
    %addi 4, 0, 32;
    %load/vec4 v0x5986361da720_0;
    %pad/u 5;
    %ix/vec4 3;
    %ix/load 4, 0, 0; Constant delay
    %assign/vec4/a/d v0x5986361daa40, 0, 4;
    %load/vec4 v0x5986361da720_0;
    %assign/vec4 v0x5986361da680_0, 0;
    %jmp T_12.5;
T_12.4 ;
    %load/vec4 v0x5986361da5e0_0;
    %load/vec4 v0x5986361db3a0_0;
    %and;
    %flag_set/vec4 8;
    %jmp/0xz  T_12.6, 8;
    %load/vec4 v0x5986361d9b40_0;
    %flag_set/vec4 8;
    %jmp/0 T_12.8, 8;
    %load/vec4 v0x5986361db440_0;
    %pushi/vec4 4, 0, 32;
    %or;
    %jmp/1 T_12.9, 8;
T_12.8 ; End of true expr.
    %load/vec4 v0x5986361db440_0;
    %jmp/0 T_12.9, 8;
 ; End of false expr.
    %blend;
T_12.9;
    %addi 4, 0, 32;
    %load/vec4 v0x5986361da720_0;
    %pad/u 5;
    %ix/vec4 3;
    %ix/load 4, 0, 0; Constant delay
    %assign/vec4/a/d v0x5986361daa40, 0, 4;
    %load/vec4 v0x5986361da720_0;
    %assign/vec4 v0x5986361da680_0, 0;
    %jmp T_12.7;
T_12.6 ;
    %load/vec4 v0x5986361da9a0_0;
    %load/vec4 v0x5986361db3a0_0;
    %and;
    %flag_set/vec4 8;
    %load/vec4 v0x5986361dafe0_0;
    %load/vec4 v0x5986361dae00_0;
    %and;
    %flag_set/vec4 9;
    %flag_or 9, 8;
    %jmp/0xz  T_12.10, 9;
    %load/vec4 v0x5986361da720_0;
    %assign/vec4 v0x5986361da680_0, 0;
T_12.10 ;
T_12.7 ;
T_12.5 ;
T_12.1 ;
    %jmp T_12;
    .thread T_12;
    .scope S_0x5986361d52c0;
T_13 ;
    %wait E_0x5986358e7f10;
    %load/vec4 v0x5986361db4e0_0;
    %flag_set/vec4 8;
    %jmp/0xz  T_13.0, 8;
    %pushi/vec4 0, 0, 9;
    %assign/vec4 v0x5986361d9f00_0, 0;
    %jmp T_13.1;
T_13.0 ;
    %load/vec4 v0x5986361daea0_0;
    %flag_set/vec4 8;
    %load/vec4 v0x5986361dad60_0;
    %flag_set/vec4 9;
    %flag_or 9, 8;
    %jmp/0xz  T_13.2, 9;
    %load/vec4 v0x5986361d9f00_0;
    %parti/s 8, 0, 2;
    %load/vec4 v0x5986361daea0_0;
    %concat/vec4; draw_concat_vec4
    %assign/vec4 v0x5986361d9f00_0, 0;
T_13.2 ;
T_13.1 ;
    %jmp T_13;
    .thread T_13;
    .scope S_0x5986361d52c0;
T_14 ;
    %wait E_0x5986358e7f10;
    %load/vec4 v0x5986361db4e0_0;
    %flag_set/vec4 8;
    %jmp/0xz  T_14.0, 8;
    %pushi/vec4 0, 0, 9;
    %assign/vec4 v0x5986361d9e60_0, 0;
    %jmp T_14.1;
T_14.0 ;
    %load/vec4 v0x5986361dafe0_0;
    %flag_set/vec4 8;
    %jmp/0xz  T_14.2, 8;
    %load/vec4 v0x5986361d9f00_0;
    %parti/s 8, 0, 2;
    %load/vec4 v0x5986361daea0_0;
    %concat/vec4; draw_concat_vec4
    %assign/vec4 v0x5986361d9e60_0, 0;
    %jmp T_14.3;
T_14.2 ;
    %load/vec4 v0x5986361da540_0;
    %flag_set/vec4 8;
    %load/vec4 v0x5986361da4a0_0;
    %flag_set/vec4 9;
    %flag_or 9, 8;
    %jmp/0xz  T_14.4, 9;
    %load/vec4 v0x5986361d9e60_0;
    %parti/s 8, 0, 2;
    %load/vec4 v0x5986361da540_0;
    %concat/vec4; draw_concat_vec4
    %assign/vec4 v0x5986361d9e60_0, 0;
T_14.4 ;
T_14.3 ;
T_14.1 ;
    %jmp T_14;
    .thread T_14;
    .scope S_0x5986361d52c0;
T_15 ;
    %wait E_0x5986358e7f10;
    %load/vec4 v0x5986361db4e0_0;
    %flag_set/vec4 8;
    %jmp/0xz  T_15.0, 8;
    %pushi/vec4 0, 0, 32;
    %store/vec4 v0x5986361da360_0, 0, 32;
T_15.2 ;
    %load/vec4 v0x5986361da360_0;
    %cmpi/s 512, 0, 32;
    %jmp/0xz T_15.3, 5;
    %pushi/vec4 3, 0, 2;
    %ix/getv/s 3, v0x5986361da360_0;
    %ix/load 4, 0, 0; Constant delay
    %assign/vec4/a/d v0x5986361d8850, 0, 4;
    %load/vec4 v0x5986361da360_0;
    %addi 1, 0, 32;
    %store/vec4 v0x5986361da360_0, 0, 32;
    %jmp T_15.2;
T_15.3 ;
    %jmp T_15.1;
T_15.0 ;
    %load/vec4 v0x5986361daea0_0;
    %load/vec4 v0x5986361d88f0_0;
    %pad/u 11;
    %ix/vec4 4;
    %load/vec4a v0x5986361d8850, 4;
    %cmpi/u 3, 0, 2;
    %flag_get/vec4 5;
    %and;
    %flag_set/vec4 8;
    %jmp/0xz  T_15.4, 8;
    %load/vec4 v0x5986361d88f0_0;
    %pad/u 11;
    %ix/vec4 4;
    %load/vec4a v0x5986361d8850, 4;
    %addi 1, 0, 2;
    %load/vec4 v0x5986361d88f0_0;
    %pad/u 11;
    %ix/vec4 3;
    %ix/load 4, 0, 0; Constant delay
    %assign/vec4/a/d v0x5986361d8850, 0, 4;
    %jmp T_15.5;
T_15.4 ;
    %load/vec4 v0x5986361dad60_0;
    %pushi/vec4 0, 0, 2;
    %load/vec4 v0x5986361d88f0_0;
    %pad/u 11;
    %ix/vec4 4;
    %load/vec4a v0x5986361d8850, 4;
    %cmp/u;
    %flag_get/vec4 5;
    %and;
    %flag_set/vec4 8;
    %jmp/0xz  T_15.6, 8;
    %load/vec4 v0x5986361d88f0_0;
    %pad/u 11;
    %ix/vec4 4;
    %load/vec4a v0x5986361d8850, 4;
    %subi 1, 0, 2;
    %load/vec4 v0x5986361d88f0_0;
    %pad/u 11;
    %ix/vec4 3;
    %ix/load 4, 0, 0; Constant delay
    %assign/vec4/a/d v0x5986361d8850, 0, 4;
T_15.6 ;
T_15.5 ;
T_15.1 ;
    %jmp T_15;
    .thread T_15;
    .scope S_0x5986361d52c0;
T_16 ;
    %wait E_0x598635a6ea70;
    %pushi/vec4 0, 0, 1;
    %store/vec4 v0x5986361d9be0_0, 0, 1;
    %pushi/vec4 0, 0, 1;
    %store/vec4 v0x5986361d9aa0_0, 0, 1;
    %pushi/vec4 0, 0, 1;
    %store/vec4 v0x5986361d8b70_0, 0, 1;
    %pushi/vec4 0, 0, 1;
    %store/vec4 v0x5986361d94c0_0, 0, 1;
    %pushi/vec4 0, 0, 1;
    %store/vec4 v0x5986361d8e60_0, 0, 1;
    %load/vec4 v0x5986361db440_0;
    %parti/s 29, 3, 3;
    %concati/vec4 0, 0, 3;
    %addi 8, 0, 32;
    %store/vec4 v0x5986361d96a0_0, 0, 32;
    %pushi/vec4 0, 0, 5;
    %store/vec4 v0x5986361d8990_0, 0, 5;
    %pushi/vec4 0, 0, 32;
    %store/vec4 v0x5986361da0e0_0, 0, 32;
T_16.0 ;
    %load/vec4 v0x5986361da0e0_0;
    %cmpi/s 32, 0, 32;
    %jmp/0xz T_16.1, 5;
    %ix/getv/s 4, v0x5986361da0e0_0;
    %load/vec4a v0x5986361d9740, 4;
    %load/vec4 v0x5986361db440_0;
    %cmp/e;
    %jmp/0xz  T_16.2, 4;
    %pushi/vec4 1, 0, 1;
    %store/vec4 v0x5986361d9be0_0, 0, 1;
    %load/vec4 v0x5986361db440_0;
    %parti/s 1, 2, 3;
    %store/vec4 v0x5986361d9aa0_0, 0, 1;
    %ix/getv/s 4, v0x5986361da0e0_0;
    %load/vec4a v0x5986361d8ad0, 4;
    %store/vec4 v0x5986361d8b70_0, 0, 1;
    %ix/getv/s 4, v0x5986361da0e0_0;
    %load/vec4a v0x5986361d9310, 4;
    %store/vec4 v0x5986361d94c0_0, 0, 1;
    %ix/getv/s 4, v0x5986361da0e0_0;
    %load/vec4a v0x5986361d8cb0, 4;
    %store/vec4 v0x5986361d8e60_0, 0, 1;
    %ix/getv/s 4, v0x5986361da0e0_0;
    %load/vec4a v0x5986361d98f0, 4;
    %store/vec4 v0x5986361d96a0_0, 0, 32;
    %load/vec4 v0x5986361da0e0_0;
    %pad/s 5;
    %store/vec4 v0x5986361d8990_0, 0, 5;
T_16.2 ;
    %load/vec4 v0x5986361da0e0_0;
    %addi 1, 0, 32;
    %store/vec4 v0x5986361da0e0_0, 0, 32;
    %jmp T_16.0;
T_16.1 ;
    %load/vec4 v0x5986361d9be0_0;
    %inv;
    %load/vec4 v0x5986361db440_0;
    %parti/s 1, 2, 3;
    %inv;
    %and;
    %flag_set/vec4 8;
    %jmp/0xz  T_16.4, 8;
    %pushi/vec4 0, 0, 32;
    %store/vec4 v0x5986361da0e0_0, 0, 32;
T_16.6 ;
    %load/vec4 v0x5986361da0e0_0;
    %cmpi/s 32, 0, 32;
    %jmp/0xz T_16.7, 5;
    %ix/getv/s 4, v0x5986361da0e0_0;
    %load/vec4a v0x5986361d9740, 4;
    %load/vec4 v0x5986361db440_0;
    %pushi/vec4 4, 0, 32;
    %or;
    %cmp/e;
    %jmp/0xz  T_16.8, 4;
    %pushi/vec4 1, 0, 1;
    %store/vec4 v0x5986361d9be0_0, 0, 1;
    %pushi/vec4 1, 0, 1;
    %store/vec4 v0x5986361d9aa0_0, 0, 1;
    %ix/getv/s 4, v0x5986361da0e0_0;
    %load/vec4a v0x5986361d8ad0, 4;
    %store/vec4 v0x5986361d8b70_0, 0, 1;
    %ix/getv/s 4, v0x5986361da0e0_0;
    %load/vec4a v0x5986361d9310, 4;
    %store/vec4 v0x5986361d94c0_0, 0, 1;
    %ix/getv/s 4, v0x5986361da0e0_0;
    %load/vec4a v0x5986361d8cb0, 4;
    %store/vec4 v0x5986361d8e60_0, 0, 1;
    %ix/getv/s 4, v0x5986361da0e0_0;
    %load/vec4a v0x5986361d98f0, 4;
    %store/vec4 v0x5986361d96a0_0, 0, 32;
    %load/vec4 v0x5986361da0e0_0;
    %pad/s 5;
    %store/vec4 v0x5986361d8990_0, 0, 5;
T_16.8 ;
    %load/vec4 v0x5986361da0e0_0;
    %addi 1, 0, 32;
    %store/vec4 v0x5986361da0e0_0, 0, 32;
    %jmp T_16.6;
T_16.7 ;
T_16.4 ;
    %jmp T_16;
    .thread T_16, $push;
    .scope S_0x5986361d52c0;
T_17 ;
    %wait E_0x598635a64be0;
    %pushi/vec4 0, 0, 5;
    %store/vec4 v0x5986361d9dc0_0, 0, 5;
    %pushi/vec4 0, 0, 1;
    %store/vec4 v0x5986361d8a30_0, 0, 1;
    %pushi/vec4 0, 0, 1;
    %store/vec4 v0x5986361d9600_0, 0, 1;
    %load/vec4 v0x5986361dafe0_0;
    %flag_set/vec4 8;
    %jmp/0xz  T_17.0, 8;
    %pushi/vec4 0, 0, 32;
    %store/vec4 v0x5986361da180_0, 0, 32;
T_17.2 ;
    %load/vec4 v0x5986361da180_0;
    %cmpi/s 32, 0, 32;
    %jmp/0xz T_17.3, 5;
    %ix/getv/s 4, v0x5986361da180_0;
    %load/vec4a v0x5986361d9740, 4;
    %load/vec4 v0x5986361db080_0;
    %cmp/e;
    %jmp/0xz  T_17.4, 4;
    %pushi/vec4 1, 0, 1;
    %store/vec4 v0x5986361d8a30_0, 0, 1;
    %load/vec4 v0x5986361da180_0;
    %pad/s 5;
    %store/vec4 v0x5986361d9dc0_0, 0, 5;
T_17.4 ;
    %load/vec4 v0x5986361da180_0;
    %addi 1, 0, 32;
    %store/vec4 v0x5986361da180_0, 0, 32;
    %jmp T_17.2;
T_17.3 ;
    %load/vec4 v0x5986361d8a30_0;
    %inv;
    %store/vec4 v0x5986361d9600_0, 0, 1;
T_17.0 ;
    %jmp T_17;
    .thread T_17, $push;
    .scope S_0x5986361d52c0;
T_18 ;
    %wait E_0x5986358e7f10;
    %load/vec4 v0x5986361db4e0_0;
    %flag_set/vec4 8;
    %jmp/0xz  T_18.0, 8;
    %pushi/vec4 0, 0, 32;
    %store/vec4 v0x5986361da220_0, 0, 32;
T_18.2 ;
    %load/vec4 v0x5986361da220_0;
    %cmpi/s 32, 0, 32;
    %jmp/0xz T_18.3, 5;
    %pushi/vec4 0, 0, 32;
    %ix/getv/s 3, v0x5986361da220_0;
    %ix/load 4, 0, 0; Constant delay
    %assign/vec4/a/d v0x5986361d9740, 0, 4;
    %pushi/vec4 0, 0, 32;
    %ix/getv/s 3, v0x5986361da220_0;
    %ix/load 4, 0, 0; Constant delay
    %assign/vec4/a/d v0x5986361d98f0, 0, 4;
    %pushi/vec4 0, 0, 1;
    %ix/getv/s 3, v0x5986361da220_0;
    %ix/load 4, 0, 0; Constant delay
    %assign/vec4/a/d v0x5986361d8ad0, 0, 4;
    %pushi/vec4 0, 0, 1;
    %ix/getv/s 3, v0x5986361da220_0;
    %ix/load 4, 0, 0; Constant delay
    %assign/vec4/a/d v0x5986361d9310, 0, 4;
    %pushi/vec4 0, 0, 1;
    %ix/getv/s 3, v0x5986361da220_0;
    %ix/load 4, 0, 0; Constant delay
    %assign/vec4/a/d v0x5986361d8cb0, 0, 4;
    %load/vec4 v0x5986361da220_0;
    %addi 1, 0, 32;
    %store/vec4 v0x5986361da220_0, 0, 32;
    %jmp T_18.2;
T_18.3 ;
    %jmp T_18.1;
T_18.0 ;
    %load/vec4 v0x5986361d8a30_0;
    %flag_set/vec4 8;
    %jmp/0xz  T_18.4, 8;
    %load/vec4 v0x5986361db080_0;
    %load/vec4 v0x5986361d9dc0_0;
    %pad/u 7;
    %ix/vec4 3;
    %ix/load 4, 0, 0; Constant delay
    %assign/vec4/a/d v0x5986361d9740, 0, 4;
    %load/vec4 v0x5986361daea0_0;
    %flag_set/vec4 8;
    %jmp/0xz  T_18.6, 8;
    %load/vec4 v0x5986361daf40_0;
    %load/vec4 v0x5986361d9dc0_0;
    %pad/u 7;
    %ix/vec4 3;
    %ix/load 4, 0, 0; Constant delay
    %assign/vec4/a/d v0x5986361d98f0, 0, 4;
T_18.6 ;
    %load/vec4 v0x5986361dac20_0;
    %load/vec4 v0x5986361d9dc0_0;
    %pad/u 7;
    %ix/vec4 3;
    %ix/load 4, 0, 0; Constant delay
    %assign/vec4/a/d v0x5986361d8ad0, 0, 4;
    %load/vec4 v0x5986361dae00_0;
    %load/vec4 v0x5986361d9dc0_0;
    %pad/u 7;
    %ix/vec4 3;
    %ix/load 4, 0, 0; Constant delay
    %assign/vec4/a/d v0x5986361d9310, 0, 4;
    %load/vec4 v0x5986361dacc0_0;
    %load/vec4 v0x5986361d9dc0_0;
    %pad/u 7;
    %ix/vec4 3;
    %ix/load 4, 0, 0; Constant delay
    %assign/vec4/a/d v0x5986361d8cb0, 0, 4;
    %jmp T_18.5;
T_18.4 ;
    %load/vec4 v0x5986361d9600_0;
    %flag_set/vec4 8;
    %jmp/0xz  T_18.8, 8;
    %load/vec4 v0x5986361db080_0;
    %load/vec4 v0x5986361d9d20_0;
    %pad/u 7;
    %ix/vec4 3;
    %ix/load 4, 0, 0; Constant delay
    %assign/vec4/a/d v0x5986361d9740, 0, 4;
    %load/vec4 v0x5986361daf40_0;
    %load/vec4 v0x5986361d9d20_0;
    %pad/u 7;
    %ix/vec4 3;
    %ix/load 4, 0, 0; Constant delay
    %assign/vec4/a/d v0x5986361d98f0, 0, 4;
    %load/vec4 v0x5986361dac20_0;
    %load/vec4 v0x5986361d9d20_0;
    %pad/u 7;
    %ix/vec4 3;
    %ix/load 4, 0, 0; Constant delay
    %assign/vec4/a/d v0x5986361d8ad0, 0, 4;
    %load/vec4 v0x5986361dae00_0;
    %load/vec4 v0x5986361d9d20_0;
    %pad/u 7;
    %ix/vec4 3;
    %ix/load 4, 0, 0; Constant delay
    %assign/vec4/a/d v0x5986361d9310, 0, 4;
    %load/vec4 v0x5986361dacc0_0;
    %load/vec4 v0x5986361d9d20_0;
    %pad/u 7;
    %ix/vec4 3;
    %ix/load 4, 0, 0; Constant delay
    %assign/vec4/a/d v0x5986361d8cb0, 0, 4;
T_18.8 ;
T_18.5 ;
T_18.1 ;
    %jmp T_18;
    .thread T_18;
    .scope S_0x598635d94ee0;
T_19 ;
    %wait E_0x5986358e7f10;
    %load/vec4 v0x5986361cf740_0;
    %flag_set/vec4 8;
    %jmp/0xz  T_19.0, 8;
    %pushi/vec4 0, 0, 2;
    %assign/vec4 v0x5986361ce700_0, 0;
    %pushi/vec4 0, 0, 1;
    %assign/vec4 v0x5986361cf6a0_0, 0;
    %pushi/vec4 0, 0, 1;
    %assign/vec4 v0x5986361cfa60_0, 0;
    %pushi/vec4 0, 0, 32;
    %store/vec4 v0x5986361cea20_0, 0, 32;
T_19.2 ;
    %load/vec4 v0x5986361cea20_0;
    %cmpi/s 2, 0, 32;
    %jmp/0xz T_19.3, 5;
    %pushi/vec4 0, 0, 64;
    %ix/getv/s 3, v0x5986361cea20_0;
    %ix/load 4, 0, 0; Constant delay
    %assign/vec4/a/d v0x5986361cf600, 0, 4;
    %pushi/vec4 0, 0, 32;
    %ix/getv/s 3, v0x5986361cea20_0;
    %ix/load 4, 0, 0; Constant delay
    %assign/vec4/a/d v0x5986361cf060, 0, 4;
    %pushi/vec4 0, 0, 2;
    %ix/getv/s 3, v0x5986361cea20_0;
    %ix/load 4, 0, 0; Constant delay
    %assign/vec4/a/d v0x5986361cec00, 0, 4;
    %pushi/vec4 0, 0, 2;
    %ix/getv/s 3, v0x5986361cea20_0;
    %ix/load 4, 0, 0; Constant delay
    %assign/vec4/a/d v0x5986361cede0, 0, 4;
    %pushi/vec4 0, 0, 1;
    %ix/getv/s 3, v0x5986361cea20_0;
    %ix/load 4, 0, 0; Constant delay
    %assign/vec4/a/d v0x5986361cf880, 0, 4;
    %pushi/vec4 0, 0, 1;
    %ix/getv/s 3, v0x5986361cea20_0;
    %ix/load 4, 0, 0; Constant delay
    %assign/vec4/a/d v0x5986361cf9c0, 0, 4;
    %load/vec4 v0x5986361cea20_0;
    %addi 1, 0, 32;
    %store/vec4 v0x5986361cea20_0, 0, 32;
    %jmp T_19.2;
T_19.3 ;
    %jmp T_19.1;
T_19.0 ;
    %load/vec4 v0x5986361ce980_0;
    %flag_set/vec4 8;
    %jmp/0xz  T_19.4, 8;
    %pushi/vec4 0, 0, 2;
    %assign/vec4 v0x5986361ce700_0, 0;
    %pushi/vec4 0, 0, 1;
    %assign/vec4 v0x5986361cf6a0_0, 0;
    %pushi/vec4 0, 0, 1;
    %assign/vec4 v0x5986361cfa60_0, 0;
    %pushi/vec4 0, 0, 32;
    %store/vec4 v0x5986361cea20_0, 0, 32;
T_19.6 ;
    %load/vec4 v0x5986361cea20_0;
    %cmpi/s 2, 0, 32;
    %jmp/0xz T_19.7, 5;
    %pushi/vec4 0, 0, 2;
    %ix/getv/s 3, v0x5986361cea20_0;
    %ix/load 4, 0, 0; Constant delay
    %assign/vec4/a/d v0x5986361cec00, 0, 4;
    %pushi/vec4 0, 0, 2;
    %ix/getv/s 3, v0x5986361cea20_0;
    %ix/load 4, 0, 0; Constant delay
    %assign/vec4/a/d v0x5986361cede0, 0, 4;
    %load/vec4 v0x5986361cea20_0;
    %addi 1, 0, 32;
    %store/vec4 v0x5986361cea20_0, 0, 32;
    %jmp T_19.6;
T_19.7 ;
    %jmp T_19.5;
T_19.4 ;
    %load/vec4 v0x5986361cf560_0;
    %flag_set/vec4 8;
    %jmp/0xz  T_19.8, 8;
    %load/vec4 v0x5986361ce8e0_0;
    %load/vec4 v0x5986361cfa60_0;
    %pad/u 3;
    %ix/vec4 3;
    %ix/load 4, 0, 0; Constant delay
    %assign/vec4/a/d v0x5986361cf600, 0, 4;
    %load/vec4 v0x5986361cefc0_0;
    %load/vec4 v0x5986361cfa60_0;
    %pad/u 3;
    %ix/vec4 3;
    %ix/load 4, 0, 0; Constant delay
    %assign/vec4/a/d v0x5986361cf060, 0, 4;
    %load/vec4 v0x5986361ceac0_0;
    %load/vec4 v0x5986361cfa60_0;
    %pad/u 3;
    %ix/vec4 3;
    %ix/load 4, 0, 0; Constant delay
    %assign/vec4/a/d v0x5986361cec00, 0, 4;
    %load/vec4 v0x5986361ceca0_0;
    %load/vec4 v0x5986361cfa60_0;
    %pad/u 3;
    %ix/vec4 3;
    %ix/load 4, 0, 0; Constant delay
    %assign/vec4/a/d v0x5986361cede0, 0, 4;
    %pushi/vec4 1, 0, 1;
    %load/vec4 v0x5986361cfa60_0;
    %pad/u 3;
    %ix/vec4 3;
    %ix/load 4, 0, 0; Constant delay
    %assign/vec4/a/d v0x5986361cf880, 0, 4;
    %load/vec4 v0x5986361cf420_0;
    %parti/s 1, 0, 2;
    %inv;
    %load/vec4 v0x5986361cfa60_0;
    %pad/u 3;
    %ix/vec4 3;
    %ix/load 4, 0, 0; Constant delay
    %assign/vec4/a/d v0x5986361cf9c0, 0, 4;
    %load/vec4 v0x5986361cfa60_0;
    %pad/u 2;
    %addi 1, 0, 2;
    %pad/u 1;
    %assign/vec4 v0x5986361cfa60_0, 0;
T_19.8 ;
    %load/vec4 v0x5986361cf240_0;
    %flag_set/vec4 8;
    %jmp/0xz  T_19.10, 8;
    %pushi/vec4 0, 0, 1;
    %load/vec4 v0x5986361cf6a0_0;
    %pad/u 3;
    %ix/vec4 3;
    %ix/load 4, 0, 0; Constant delay
    %assign/vec4/a/d v0x5986361cf880, 0, 4;
T_19.10 ;
    %load/vec4 v0x5986361cf2e0_0;
    %flag_set/vec4 8;
    %jmp/0xz  T_19.12, 8;
    %pushi/vec4 0, 0, 1;
    %load/vec4 v0x5986361cf6a0_0;
    %pad/u 3;
    %ix/vec4 3;
    %ix/load 4, 0, 0; Constant delay
    %assign/vec4/a/d v0x5986361cf9c0, 0, 4;
T_19.12 ;
    %load/vec4 v0x5986361cf380_0;
    %flag_set/vec4 8;
    %jmp/0xz  T_19.14, 8;
    %load/vec4 v0x5986361cf6a0_0;
    %pad/u 2;
    %addi 1, 0, 2;
    %pad/u 1;
    %assign/vec4 v0x5986361cf6a0_0, 0;
T_19.14 ;
    %load/vec4 v0x5986361cf560_0;
    %load/vec4 v0x5986361cf380_0;
    %inv;
    %and;
    %flag_set/vec4 8;
    %jmp/0xz  T_19.16, 8;
    %load/vec4 v0x5986361ce700_0;
    %addi 1, 0, 2;
    %assign/vec4 v0x5986361ce700_0, 0;
    %jmp T_19.17;
T_19.16 ;
    %load/vec4 v0x5986361cf560_0;
    %inv;
    %load/vec4 v0x5986361cf380_0;
    %and;
    %flag_set/vec4 8;
    %jmp/0xz  T_19.18, 8;
    %load/vec4 v0x5986361ce700_0;
    %subi 1, 0, 2;
    %assign/vec4 v0x5986361ce700_0, 0;
T_19.18 ;
T_19.17 ;
T_19.5 ;
T_19.1 ;
    %jmp T_19;
    .thread T_19;
    .scope S_0x5986361d1c30;
T_20 ;
    %wait E_0x5986358e7f10;
    %load/vec4 v0x5986361d49d0_0;
    %flag_set/vec4 8;
    %jmp/0xz  T_20.0, 8;
    %pushi/vec4 0, 0, 1;
    %assign/vec4 v0x5986361d30d0_0, 0;
    %pushi/vec4 0, 0, 32;
    %assign/vec4 v0x5986361d2e50_0, 0;
    %jmp T_20.1;
T_20.0 ;
    %load/vec4 v0x5986361d3170_0;
    %load/vec4 v0x5986361d3cb0_0;
    %load/vec4 v0x5986361d2d10_0;
    %nor/r;
    %or;
    %and;
    %flag_set/vec4 8;
    %jmp/0xz  T_20.2, 8;
    %load/vec4 v0x5986361d3210_0;
    %assign/vec4 v0x5986361d30d0_0, 0;
    %load/vec4 v0x5986361d2ef0_0;
    %assign/vec4 v0x5986361d2e50_0, 0;
    %jmp T_20.3;
T_20.2 ;
    %load/vec4 v0x5986361d3cb0_0;
    %inv;
    %flag_set/vec4 8;
    %jmp/0xz  T_20.4, 8;
    %pushi/vec4 0, 0, 1;
    %assign/vec4 v0x5986361d30d0_0, 0;
    %pushi/vec4 0, 0, 32;
    %assign/vec4 v0x5986361d2e50_0, 0;
T_20.4 ;
T_20.3 ;
T_20.1 ;
    %jmp T_20;
    .thread T_20;
    .scope S_0x598635d95290;
T_21 ;
    %wait E_0x5986358e7f10;
    %load/vec4 v0x5986361d49d0_0;
    %flag_set/vec4 8;
    %jmp/0xz  T_21.0, 8;
    %pushi/vec4 0, 0, 1;
    %assign/vec4 v0x5986361d2d10_0, 0;
    %jmp T_21.1;
T_21.0 ;
    %pushi/vec4 0, 0, 1;
    %load/vec4 v0x5986361d3210_0;
    %and;
    %load/vec4 v0x5986361d4c50_0;
    %inv;
    %and;
    %flag_set/vec4 8;
    %jmp/0xz  T_21.2, 8;
    %pushi/vec4 1, 0, 1;
    %assign/vec4 v0x5986361d2d10_0, 0;
    %jmp T_21.3;
T_21.2 ;
    %pushi/vec4 1, 0, 1;
    %load/vec4 v0x5986361d3210_0;
    %and;
    %flag_set/vec4 8;
    %jmp/0xz  T_21.4, 8;
    %pushi/vec4 1, 0, 1;
    %assign/vec4 v0x5986361d2d10_0, 0;
T_21.4 ;
T_21.3 ;
T_21.1 ;
    %jmp T_21;
    .thread T_21;
    .scope S_0x598635d95290;
T_22 ;
    %wait E_0x5986358e7f10;
    %load/vec4 v0x5986361d49d0_0;
    %flag_set/vec4 8;
    %jmp/0xz  T_22.0, 8;
    %pushi/vec4 0, 0, 1;
    %assign/vec4 v0x5986361d4bb0_0, 0;
    %jmp T_22.1;
T_22.0 ;
    %load/vec4 v0x5986361d4c50_0;
    %assign/vec4 v0x5986361d4bb0_0, 0;
T_22.1 ;
    %jmp T_22;
    .thread T_22;
    .scope S_0x598635d95290;
T_23 ;
    %wait E_0x5986358e7f10;
    %load/vec4 v0x5986361d49d0_0;
    %flag_set/vec4 8;
    %jmp/0xz  T_23.0, 8;
    %pushi/vec4 0, 0, 1;
    %assign/vec4 v0x5986361d3df0_0, 0;
    %jmp T_23.1;
T_23.0 ;
    %load/vec4 v0x5986361d4430_0;
    %load/vec4 v0x5986361d3c10_0;
    %and;
    %flag_set/vec4 8;
    %jmp/0xz  T_23.2, 8;
    %pushi/vec4 1, 0, 1;
    %assign/vec4 v0x5986361d3df0_0, 0;
    %jmp T_23.3;
T_23.2 ;
    %load/vec4 v0x5986361d44d0_0;
    %flag_set/vec4 8;
    %jmp/0xz  T_23.4, 8;
    %pushi/vec4 0, 0, 1;
    %assign/vec4 v0x5986361d3df0_0, 0;
T_23.4 ;
T_23.3 ;
T_23.1 ;
    %jmp T_23;
    .thread T_23;
    .scope S_0x598635d95290;
T_24 ;
    %wait E_0x5986358e7f10;
    %load/vec4 v0x5986361d49d0_0;
    %flag_set/vec4 8;
    %jmp/0xz  T_24.0, 8;
    %pushi/vec4 0, 0, 1;
    %assign/vec4 v0x5986361d4070_0, 0;
    %jmp T_24.1;
T_24.0 ;
    %load/vec4 v0x5986361d3fd0_0;
    %load/vec4 v0x5986361d3c10_0;
    %nor/r;
    %and;
    %flag_set/vec4 8;
    %jmp/0xz  T_24.2, 8;
    %pushi/vec4 1, 0, 1;
    %assign/vec4 v0x5986361d4070_0, 0;
    %jmp T_24.3;
T_24.2 ;
    %pushi/vec4 0, 0, 1;
    %assign/vec4 v0x5986361d4070_0, 0;
T_24.3 ;
T_24.1 ;
    %jmp T_24;
    .thread T_24;
    .scope S_0x598635d95290;
T_25 ;
    %wait E_0x5986358e7f10;
    %load/vec4 v0x5986361d49d0_0;
    %flag_set/vec4 8;
    %jmp/0xz  T_25.0, 8;
    %pushi/vec4 0, 0, 32;
    %assign/vec4 v0x5986361d4890_0, 0;
    %jmp T_25.1;
T_25.0 ;
    %pushi/vec4 0, 0, 1;
    %load/vec4 v0x5986361d3210_0;
    %and;
    %load/vec4 v0x5986361d4c50_0;
    %inv;
    %and;
    %flag_set/vec4 8;
    %jmp/0xz  T_25.2, 8;
    %load/vec4 v0x5986361d2ef0_0;
    %assign/vec4 v0x5986361d4890_0, 0;
    %jmp T_25.3;
T_25.2 ;
    %pushi/vec4 1, 0, 1;
    %load/vec4 v0x5986361d4c50_0;
    %load/vec4 v0x5986361d2d10_0;
    %nor/r;
    %or;
    %load/vec4 v0x5986361d4bb0_0;
    %or;
    %and;
    %load/vec4 v0x5986361d3210_0;
    %and;
    %flag_set/vec4 8;
    %jmp/0xz  T_25.4, 8;
    %load/vec4 v0x5986361d2ef0_0;
    %assign/vec4 v0x5986361d4890_0, 0;
    %jmp T_25.5;
T_25.4 ;
    %load/vec4 v0x5986361d4c50_0;
    %nor/r;
    %flag_set/vec4 8;
    %jmp/0xz  T_25.6, 8;
    %load/vec4 v0x5986361d4570_0;
    %assign/vec4 v0x5986361d4890_0, 0;
T_25.6 ;
T_25.5 ;
T_25.3 ;
T_25.1 ;
    %jmp T_25;
    .thread T_25;
    .scope S_0x598635d95290;
T_26 ;
    %wait E_0x5986358e7f10;
    %load/vec4 v0x5986361d49d0_0;
    %flag_set/vec4 8;
    %jmp/0xz  T_26.0, 8;
    %pushi/vec4 0, 0, 32;
    %assign/vec4 v0x5986361d4750_0, 0;
    %jmp T_26.1;
T_26.0 ;
    %load/vec4 v0x5986361d4430_0;
    %load/vec4 v0x5986361d3c10_0;
    %and;
    %flag_set/vec4 8;
    %jmp/0xz  T_26.2, 8;
    %load/vec4 v0x5986361d4250_0;
    %assign/vec4 v0x5986361d4750_0, 0;
T_26.2 ;
T_26.1 ;
    %jmp T_26;
    .thread T_26;
    .scope S_0x598635d95290;
T_27 ;
    %wait E_0x5986358e7f10;
    %load/vec4 v0x5986361d49d0_0;
    %flag_set/vec4 8;
    %jmp/0xz  T_27.0, 8;
    %pushi/vec4 0, 0, 2;
    %assign/vec4 v0x5986361d4930_0, 0;
    %jmp T_27.1;
T_27.0 ;
    %load/vec4 v0x5986361d4430_0;
    %load/vec4 v0x5986361d3c10_0;
    %and;
    %flag_set/vec4 8;
    %jmp/0xz  T_27.2, 8;
    %load/vec4 v0x5986361d4610_0;
    %assign/vec4 v0x5986361d4930_0, 0;
    %jmp T_27.3;
T_27.2 ;
    %load/vec4 v0x5986361d44d0_0;
    %flag_set/vec4 8;
    %jmp/0xz  T_27.4, 8;
    %pushi/vec4 0, 0, 2;
    %assign/vec4 v0x5986361d4930_0, 0;
T_27.4 ;
T_27.3 ;
T_27.1 ;
    %jmp T_27;
    .thread T_27;
    .scope S_0x598635d95290;
T_28 ;
    %wait E_0x5986358e7f10;
    %load/vec4 v0x5986361d49d0_0;
    %flag_set/vec4 8;
    %jmp/0xz  T_28.0, 8;
    %pushi/vec4 0, 0, 100;
    %assign/vec4 v0x5986361d4a70_0, 0;
    %pushi/vec4 0, 0, 1;
    %assign/vec4 v0x5986361d4b10_0, 0;
    %jmp T_28.1;
T_28.0 ;
    %load/vec4 v0x5986361d3b70_0;
    %load/vec4 v0x5986361d3460_0;
    %nor/r;
    %and;
    %flag_set/vec4 8;
    %jmp/0xz  T_28.2, 8;
    %pushi/vec4 1, 0, 1;
    %assign/vec4 v0x5986361d4b10_0, 0;
    %load/vec4 v0x5986361d35a0_0;
    %load/vec4 v0x5986361d3500_0;
    %concat/vec4; draw_concat_vec4
    %load/vec4 v0x5986361d3a30_0;
    %concat/vec4; draw_concat_vec4
    %load/vec4 v0x5986361d3990_0;
    %concat/vec4; draw_concat_vec4
    %load/vec4 v0x5986361d3640_0;
    %concat/vec4; draw_concat_vec4
    %assign/vec4 v0x5986361d4a70_0, 0;
    %jmp T_28.3;
T_28.2 ;
    %pushi/vec4 0, 0, 1;
    %assign/vec4 v0x5986361d4b10_0, 0;
    %pushi/vec4 0, 0, 100;
    %assign/vec4 v0x5986361d4a70_0, 0;
T_28.3 ;
T_28.1 ;
    %jmp T_28;
    .thread T_28;
    .scope S_0x5986362046e0;
T_29 ;
    %wait E_0x5986358e7f10;
    %load/vec4 v0x598636205990_0;
    %flag_set/vec4 8;
    %jmp/0xz  T_29.0, 8;
    %pushi/vec4 0, 0, 2;
    %assign/vec4 v0x5986362052f0_0, 0;
    %pushi/vec4 0, 0, 1;
    %assign/vec4 v0x5986362058b0_0, 0;
    %pushi/vec4 0, 0, 1;
    %assign/vec4 v0x598636205d00_0, 0;
    %pushi/vec4 0, 0, 32;
    %store/vec4 v0x598636205590_0, 0, 32;
T_29.2 ;
    %load/vec4 v0x598636205590_0;
    %cmpi/s 2, 0, 32;
    %jmp/0xz T_29.3, 5;
    %pushi/vec4 0, 0, 36;
    %ix/getv/s 3, v0x598636205590_0;
    %ix/load 4, 0, 0; Constant delay
    %assign/vec4/a/d v0x5986362057f0, 0, 4;
    %load/vec4 v0x598636205590_0;
    %addi 1, 0, 32;
    %store/vec4 v0x598636205590_0, 0, 32;
    %jmp T_29.2;
T_29.3 ;
    %jmp T_29.1;
T_29.0 ;
    %load/vec4 v0x598636205730_0;
    %load/vec4 v0x598636205190_0;
    %and;
    %flag_set/vec4 8;
    %jmp/0xz  T_29.4, 8;
    %load/vec4 v0x5986362053d0_0;
    %load/vec4 v0x598636205d00_0;
    %pad/u 3;
    %ix/vec4 3;
    %ix/load 4, 0, 0; Constant delay
    %assign/vec4/a/d v0x5986362057f0, 0, 4;
    %load/vec4 v0x598636205d00_0;
    %pad/u 2;
    %addi 1, 0, 2;
    %pad/u 1;
    %assign/vec4 v0x598636205d00_0, 0;
T_29.4 ;
    %load/vec4 v0x598636205670_0;
    %load/vec4 v0x598636205c40_0;
    %and;
    %flag_set/vec4 8;
    %jmp/0xz  T_29.6, 8;
    %load/vec4 v0x5986362058b0_0;
    %pad/u 2;
    %addi 1, 0, 2;
    %pad/u 1;
    %assign/vec4 v0x5986362058b0_0, 0;
T_29.6 ;
    %load/vec4 v0x598636205730_0;
    %load/vec4 v0x598636205190_0;
    %and;
    %load/vec4 v0x598636205670_0;
    %load/vec4 v0x598636205c40_0;
    %and;
    %inv;
    %and;
    %flag_set/vec4 8;
    %jmp/0xz  T_29.8, 8;
    %load/vec4 v0x5986362052f0_0;
    %addi 1, 0, 2;
    %assign/vec4 v0x5986362052f0_0, 0;
    %jmp T_29.9;
T_29.8 ;
    %load/vec4 v0x598636205730_0;
    %load/vec4 v0x598636205190_0;
    %and;
    %inv;
    %load/vec4 v0x598636205670_0;
    %load/vec4 v0x598636205c40_0;
    %and;
    %and;
    %flag_set/vec4 8;
    %jmp/0xz  T_29.10, 8;
    %load/vec4 v0x5986362052f0_0;
    %subi 1, 0, 2;
    %assign/vec4 v0x5986362052f0_0, 0;
T_29.10 ;
T_29.9 ;
T_29.1 ;
    %jmp T_29;
    .thread T_29;
    .scope S_0x5986361de8a0;
T_30 ;
    %wait E_0x5986358e7f10;
    %load/vec4 v0x5986362138c0_0;
    %flag_set/vec4 8;
    %jmp/0xz  T_30.0, 8;
    %pushi/vec4 0, 0, 1;
    %assign/vec4 v0x598636212e60_0, 0;
    %jmp T_30.1;
T_30.0 ;
    %load/vec4 v0x598636210700_0;
    %flag_set/vec4 8;
    %jmp/0xz  T_30.2, 8;
    %pushi/vec4 1, 0, 1;
    %assign/vec4 v0x598636212e60_0, 0;
    %jmp T_30.3;
T_30.2 ;
    %load/vec4 v0x59863620fec0_0;
    %flag_set/vec4 8;
    %load/vec4 v0x59863620fe00_0;
    %flag_set/vec4 9;
    %flag_or 9, 8;
    %jmp/0xz  T_30.4, 9;
    %pushi/vec4 0, 0, 1;
    %assign/vec4 v0x598636212e60_0, 0;
T_30.4 ;
T_30.3 ;
T_30.1 ;
    %jmp T_30;
    .thread T_30;
    .scope S_0x5986361de8a0;
T_31 ;
    %wait E_0x5986358e7f10;
    %load/vec4 v0x5986362138c0_0;
    %flag_set/vec4 8;
    %jmp/0xz  T_31.0, 8;
    %pushi/vec4 0, 0, 1;
    %assign/vec4 v0x598636212020_0, 0;
    %jmp T_31.1;
T_31.0 ;
    %load/vec4 v0x598636211f60_0;
    %load/vec4 v0x5986362101c0_0;
    %inv;
    %and;
    %assign/vec4 v0x598636212020_0, 0;
T_31.1 ;
    %jmp T_31;
    .thread T_31;
    .scope S_0x5986361de8a0;
T_32 ;
    %wait E_0x59863598fbd0;
    %pushi/vec4 0, 0, 32;
    %store/vec4 v0x598636210ec0_0, 0, 32;
    %pushi/vec4 0, 0, 32;
    %store/vec4 v0x598636211120_0, 0, 32;
    %pushi/vec4 0, 0, 1;
    %store/vec4 v0x5986362120e0_0, 0, 1;
    %pushi/vec4 0, 0, 4;
    %store/vec4 v0x598636212360_0, 0, 4;
    %pushi/vec4 0, 0, 1;
    %store/vec4 v0x598636211c20_0, 0, 1;
    %load/vec4 v0x598636212d90_0;
    %load/vec4 v0x5986362127e0_0;
    %pushi/vec4 28799, 0, 32;
    %and;
    %pushi/vec4 4211, 0, 32;
    %cmp/e;
    %flag_get/vec4 4;
    %and;
    %flag_set/vec4 8;
    %jmp/0xz  T_32.0, 8;
    %load/vec4 v0x598636212a50_0;
    %store/vec4 v0x598636210ec0_0, 0, 32;
    %jmp T_32.1;
T_32.0 ;
    %load/vec4 v0x598636212d90_0;
    %load/vec4 v0x598636210940_0;
    %and;
    %flag_set/vec4 8;
    %jmp/0xz  T_32.2, 8;
    %load/vec4 v0x598636212a50_0;
    %load/vec4 v0x5986362127e0_0;
    %parti/s 1, 31, 6;
    %replicate 20;
    %load/vec4 v0x5986362127e0_0;
    %parti/s 12, 20, 6;
    %concat/vec4; draw_concat_vec4
    %add;
    %store/vec4 v0x598636210ec0_0, 0, 32;
    %jmp T_32.3;
T_32.2 ;
    %load/vec4 v0x598636212a50_0;
    %load/vec4 v0x5986362127e0_0;
    %parti/s 1, 31, 6;
    %replicate 20;
    %load/vec4 v0x5986362127e0_0;
    %parti/s 7, 25, 6;
    %concat/vec4; draw_concat_vec4
    %load/vec4 v0x5986362127e0_0;
    %parti/s 5, 7, 4;
    %concat/vec4; draw_concat_vec4
    %add;
    %store/vec4 v0x598636210ec0_0, 0, 32;
T_32.3 ;
T_32.1 ;
    %load/vec4 v0x598636212d90_0;
    %load/vec4 v0x598636213360_0;
    %and;
    %flag_set/vec4 8;
    %jmp/0xz  T_32.4, 8;
    %load/vec4 v0x598636210ec0_0;
    %parti/s 2, 0, 2;
    %pushi/vec4 0, 0, 2;
    %cmp/ne;
    %flag_get/vec4 4;
    %store/vec4 v0x5986362120e0_0, 0, 1;
    %jmp T_32.5;
T_32.4 ;
    %load/vec4 v0x598636212d90_0;
    %load/vec4 v0x5986362131e0_0;
    %and;
    %flag_set/vec4 8;
    %jmp/0xz  T_32.6, 8;
    %load/vec4 v0x598636210ec0_0;
    %parti/s 1, 0, 2;
    %store/vec4 v0x5986362120e0_0, 0, 1;
T_32.6 ;
T_32.5 ;
    %load/vec4 v0x598636212d90_0;
    %load/vec4 v0x598636210940_0;
    %and;
    %load/vec4 v0x5986362120e0_0;
    %nor/r;
    %and;
    %store/vec4 v0x598636211c20_0, 0, 1;
    %load/vec4 v0x598636212d90_0;
    %load/vec4 v0x5986362127e0_0;
    %pushi/vec4 28799, 0, 32;
    %and;
    %pushi/vec4 8227, 0, 32;
    %cmp/e;
    %flag_get/vec4 4;
    %and;
    %load/vec4 v0x5986362120e0_0;
    %nor/r;
    %and;
    %flag_set/vec4 8;
    %jmp/0xz  T_32.8, 8;
    %load/vec4 v0x598636212bf0_0;
    %store/vec4 v0x598636211120_0, 0, 32;
    %pushi/vec4 15, 0, 4;
    %store/vec4 v0x598636212360_0, 0, 4;
    %jmp T_32.9;
T_32.8 ;
    %load/vec4 v0x598636212d90_0;
    %load/vec4 v0x5986362127e0_0;
    %pushi/vec4 28799, 0, 32;
    %and;
    %pushi/vec4 4131, 0, 32;
    %cmp/e;
    %flag_get/vec4 4;
    %and;
    %load/vec4 v0x5986362120e0_0;
    %nor/r;
    %and;
    %flag_set/vec4 8;
    %jmp/0xz  T_32.10, 8;
    %load/vec4 v0x598636210ec0_0;
    %parti/s 2, 0, 2;
    %dup/vec4;
    %pushi/vec4 2, 0, 2;
    %cmp/u;
    %jmp/1 T_32.12, 6;
    %pushi/vec4 0, 0, 16;
    %load/vec4 v0x598636212bf0_0;
    %parti/s 16, 0, 2;
    %concat/vec4; draw_concat_vec4
    %store/vec4 v0x598636211120_0, 0, 32;
    %pushi/vec4 3, 0, 4;
    %store/vec4 v0x598636212360_0, 0, 4;
    %jmp T_32.14;
T_32.12 ;
    %load/vec4 v0x598636212bf0_0;
    %parti/s 16, 0, 2;
    %concati/vec4 0, 0, 16;
    %store/vec4 v0x598636211120_0, 0, 32;
    %pushi/vec4 12, 0, 4;
    %store/vec4 v0x598636212360_0, 0, 4;
    %jmp T_32.14;
T_32.14 ;
    %pop/vec4 1;
    %jmp T_32.11;
T_32.10 ;
    %load/vec4 v0x598636212d90_0;
    %load/vec4 v0x5986362127e0_0;
    %pushi/vec4 28799, 0, 32;
    %and;
    %pushi/vec4 35, 0, 32;
    %cmp/e;
    %flag_get/vec4 4;
    %and;
    %flag_set/vec4 8;
    %jmp/0xz  T_32.15, 8;
    %load/vec4 v0x598636210ec0_0;
    %parti/s 2, 0, 2;
    %dup/vec4;
    %pushi/vec4 3, 0, 2;
    %cmp/u;
    %jmp/1 T_32.17, 6;
    %dup/vec4;
    %pushi/vec4 2, 0, 2;
    %cmp/u;
    %jmp/1 T_32.18, 6;
    %dup/vec4;
    %pushi/vec4 1, 0, 2;
    %cmp/u;
    %jmp/1 T_32.19, 6;
    %dup/vec4;
    %pushi/vec4 0, 0, 2;
    %cmp/u;
    %jmp/1 T_32.20, 6;
    %jmp T_32.22;
T_32.17 ;
    %load/vec4 v0x598636212bf0_0;
    %parti/s 8, 0, 2;
    %concati/vec4 0, 0, 24;
    %store/vec4 v0x598636211120_0, 0, 32;
    %pushi/vec4 8, 0, 4;
    %store/vec4 v0x598636212360_0, 0, 4;
    %jmp T_32.22;
T_32.18 ;
    %pushi/vec4 0, 0, 8;
    %load/vec4 v0x598636212bf0_0;
    %parti/s 8, 0, 2;
    %concat/vec4; draw_concat_vec4
    %concati/vec4 0, 0, 16;
    %store/vec4 v0x598636211120_0, 0, 32;
    %pushi/vec4 4, 0, 4;
    %store/vec4 v0x598636212360_0, 0, 4;
    %jmp T_32.22;
T_32.19 ;
    %pushi/vec4 0, 0, 16;
    %load/vec4 v0x598636212bf0_0;
    %parti/s 8, 0, 2;
    %concat/vec4; draw_concat_vec4
    %concati/vec4 0, 0, 8;
    %store/vec4 v0x598636211120_0, 0, 32;
    %pushi/vec4 2, 0, 4;
    %store/vec4 v0x598636212360_0, 0, 4;
    %jmp T_32.22;
T_32.20 ;
    %pushi/vec4 0, 0, 24;
    %load/vec4 v0x598636212bf0_0;
    %parti/s 8, 0, 2;
    %concat/vec4; draw_concat_vec4
    %store/vec4 v0x598636211120_0, 0, 32;
    %pushi/vec4 1, 0, 4;
    %store/vec4 v0x598636212360_0, 0, 4;
    %jmp T_32.22;
T_32.22 ;
    %pop/vec4 1;
    %jmp T_32.16;
T_32.15 ;
    %pushi/vec4 0, 0, 4;
    %store/vec4 v0x598636212360_0, 0, 4;
T_32.16 ;
T_32.11 ;
T_32.9 ;
    %jmp T_32;
    .thread T_32, $push;
    .scope S_0x5986361de8a0;
T_33 ;
    %wait E_0x5986358e7f10;
    %load/vec4 v0x5986362138c0_0;
    %flag_set/vec4 8;
    %jmp/0xz  T_33.0, 8;
    %pushi/vec4 0, 0, 32;
    %assign/vec4 v0x598636210de0_0, 0;
    %pushi/vec4 0, 0, 32;
    %assign/vec4 v0x5986362113c0_0, 0;
    %pushi/vec4 0, 0, 1;
    %assign/vec4 v0x598636211b60_0, 0;
    %pushi/vec4 0, 0, 4;
    %assign/vec4 v0x598636212280_0, 0;
    %pushi/vec4 0, 0, 1;
    %assign/vec4 v0x598636211060_0, 0;
    %pushi/vec4 0, 0, 1;
    %assign/vec4 v0x5986362117a0_0, 0;
    %pushi/vec4 0, 0, 1;
    %assign/vec4 v0x598636212500_0, 0;
    %pushi/vec4 0, 0, 1;
    %assign/vec4 v0x598636211620_0, 0;
    %pushi/vec4 0, 0, 1;
    %assign/vec4 v0x598636211f60_0, 0;
    %pushi/vec4 0, 0, 1;
    %assign/vec4 v0x598636211920_0, 0;
    %pushi/vec4 0, 0, 1;
    %assign/vec4 v0x5986362125c0_0, 0;
    %pushi/vec4 0, 0, 1;
    %assign/vec4 v0x598636212680_0, 0;
    %pushi/vec4 0, 0, 1;
    %assign/vec4 v0x5986362119e0_0, 0;
    %jmp T_33.1;
T_33.0 ;
    %load/vec4 v0x59863620fe00_0;
    %flag_set/vec4 8;
    %load/vec4 v0x598636212020_0;
    %flag_set/vec4 9;
    %flag_or 9, 8;
    %jmp/0xz  T_33.2, 9;
    %pushi/vec4 0, 0, 32;
    %assign/vec4 v0x598636210de0_0, 0;
    %pushi/vec4 0, 0, 32;
    %assign/vec4 v0x5986362113c0_0, 0;
    %pushi/vec4 0, 0, 1;
    %assign/vec4 v0x598636211b60_0, 0;
    %pushi/vec4 0, 0, 4;
    %assign/vec4 v0x598636212280_0, 0;
    %pushi/vec4 0, 0, 1;
    %assign/vec4 v0x598636211060_0, 0;
    %pushi/vec4 0, 0, 1;
    %assign/vec4 v0x5986362117a0_0, 0;
    %pushi/vec4 0, 0, 1;
    %assign/vec4 v0x598636212500_0, 0;
    %pushi/vec4 0, 0, 1;
    %assign/vec4 v0x598636211620_0, 0;
    %pushi/vec4 0, 0, 1;
    %assign/vec4 v0x598636211f60_0, 0;
    %pushi/vec4 0, 0, 1;
    %assign/vec4 v0x598636211920_0, 0;
    %pushi/vec4 0, 0, 1;
    %assign/vec4 v0x5986362125c0_0, 0;
    %pushi/vec4 0, 0, 1;
    %assign/vec4 v0x598636212680_0, 0;
    %pushi/vec4 0, 0, 1;
    %assign/vec4 v0x5986362119e0_0, 0;
    %jmp T_33.3;
T_33.2 ;
    %load/vec4 v0x598636211b60_0;
    %load/vec4 v0x598636212280_0;
    %or/r;
    %or;
    %load/vec4 v0x598636211f60_0;
    %or;
    %load/vec4 v0x5986362101c0_0;
    %and;
    %flag_set/vec4 8;
    %jmp/0xz  T_33.4, 8;
    %jmp T_33.5;
T_33.4 ;
    %load/vec4 v0x598636212440_0;
    %load/vec4 v0x5986362116e0_0;
    %or;
    %load/vec4 v0x598636211560_0;
    %or;
    %load/vec4 v0x598636211aa0_0;
    %or;
    %load/vec4 v0x5986362121a0_0;
    %pushi/vec4 0, 0, 4;
    %cmp/ne;
    %flag_get/vec4 4;
    %or;
    %load/vec4 v0x598636210b80_0;
    %nor/r;
    %and;
    %nor/r;
    %flag_set/vec4 8;
    %jmp/0xz  T_33.6, 8;
    %pushi/vec4 0, 0, 32;
    %assign/vec4 v0x598636210de0_0, 0;
    %load/vec4 v0x598636211120_0;
    %assign/vec4 v0x5986362113c0_0, 0;
    %load/vec4 v0x598636211c20_0;
    %assign/vec4 v0x598636211b60_0, 0;
    %load/vec4 v0x598636212360_0;
    %assign/vec4 v0x598636212280_0, 0;
    %pushi/vec4 0, 0, 1;
    %assign/vec4 v0x598636211060_0, 0;
    %pushi/vec4 0, 0, 1;
    %assign/vec4 v0x5986362117a0_0, 0;
    %pushi/vec4 0, 0, 1;
    %assign/vec4 v0x598636212500_0, 0;
    %pushi/vec4 0, 0, 1;
    %assign/vec4 v0x598636211620_0, 0;
    %load/vec4 v0x5986362120e0_0;
    %assign/vec4 v0x598636211f60_0, 0;
    %load/vec4 v0x598636212d90_0;
    %load/vec4 v0x598636210940_0;
    %and;
    %assign/vec4 v0x598636211920_0, 0;
    %load/vec4 v0x598636212f00_0;
    %load/vec4 v0x598636213120_0;
    %or;
    %assign/vec4 v0x5986362125c0_0, 0;
    %load/vec4 v0x598636212fa0_0;
    %load/vec4 v0x5986362132a0_0;
    %or;
    %assign/vec4 v0x598636212680_0, 0;
    %load/vec4 v0x598636210a00_0;
    %assign/vec4 v0x5986362119e0_0, 0;
    %pushi/vec4 2147483648, 0, 32;
    %load/vec4 v0x598636210ec0_0;
    %cmp/u;
    %flag_get/vec4 4;
    %flag_get/vec4 5;
    %or;
    %load/vec4 v0x598636210ec0_0;
    %cmpi/u 2415919103, 0, 32;
    %flag_get/vec4 4;
    %flag_get/vec4 5;
    %or;
    %and;
    %load/vec4 v0x598636212d90_0;
    %load/vec4 v0x598636210040_0;
    %load/vec4 v0x598636210100_0;
    %or;
    %load/vec4 v0x59863620ff80_0;
    %or;
    %and;
    %or;
    %assign/vec4 v0x598636211060_0, 0;
    %load/vec4 v0x598636212d90_0;
    %load/vec4 v0x598636210040_0;
    %and;
    %assign/vec4 v0x5986362117a0_0, 0;
    %load/vec4 v0x598636212d90_0;
    %load/vec4 v0x598636210100_0;
    %and;
    %assign/vec4 v0x598636212500_0, 0;
    %load/vec4 v0x598636212d90_0;
    %load/vec4 v0x59863620ff80_0;
    %and;
    %assign/vec4 v0x598636211620_0, 0;
    %load/vec4 v0x598636210ec0_0;
    %assign/vec4 v0x598636210de0_0, 0;
T_33.6 ;
T_33.5 ;
T_33.3 ;
T_33.1 ;
    %jmp T_33;
    .thread T_33;
    .scope S_0x5986361de8a0;
T_34 ;
    %wait E_0x598636118b50;
    %pushi/vec4 0, 0, 32;
    %store/vec4 v0x59863620cce0_0, 0, 32;
    %load/vec4 v0x5986362134e0_0;
    %parti/s 2, 0, 2;
    %store/vec4 v0x59863620fc80_0, 0, 2;
    %load/vec4 v0x5986362135c0_0;
    %store/vec4 v0x5986362107c0_0, 0, 1;
    %load/vec4 v0x598636213680_0;
    %store/vec4 v0x598636210880_0, 0, 1;
    %load/vec4 v0x598636213800_0;
    %store/vec4 v0x598636210ac0_0, 0, 1;
    %load/vec4 v0x598636210c40_0;
    %load/vec4 v0x5986362114a0_0;
    %and;
    %flag_set/vec4 8;
    %load/vec4 v0x598636212020_0;
    %flag_set/vec4 9;
    %flag_or 9, 8;
    %jmp/0xz  T_34.0, 9;
    %load/vec4 v0x5986362134e0_0;
    %store/vec4 v0x59863620cce0_0, 0, 32;
    %jmp T_34.1;
T_34.0 ;
    %load/vec4 v0x598636210c40_0;
    %load/vec4 v0x598636213740_0;
    %and;
    %flag_set/vec4 8;
    %jmp/0xz  T_34.2, 8;
    %load/vec4 v0x5986362107c0_0;
    %flag_set/vec4 8;
    %jmp/0xz  T_34.4, 8;
    %load/vec4 v0x59863620fc80_0;
    %dup/vec4;
    %pushi/vec4 3, 0, 2;
    %cmp/u;
    %jmp/1 T_34.6, 6;
    %dup/vec4;
    %pushi/vec4 2, 0, 2;
    %cmp/u;
    %jmp/1 T_34.7, 6;
    %dup/vec4;
    %pushi/vec4 1, 0, 2;
    %cmp/u;
    %jmp/1 T_34.8, 6;
    %dup/vec4;
    %pushi/vec4 0, 0, 2;
    %cmp/u;
    %jmp/1 T_34.9, 6;
    %jmp T_34.10;
T_34.6 ;
    %pushi/vec4 0, 0, 24;
    %load/vec4 v0x598636211200_0;
    %parti/s 8, 24, 6;
    %concat/vec4; draw_concat_vec4
    %store/vec4 v0x59863620cce0_0, 0, 32;
    %jmp T_34.10;
T_34.7 ;
    %pushi/vec4 0, 0, 24;
    %load/vec4 v0x598636211200_0;
    %parti/s 8, 16, 6;
    %concat/vec4; draw_concat_vec4
    %store/vec4 v0x59863620cce0_0, 0, 32;
    %jmp T_34.10;
T_34.8 ;
    %pushi/vec4 0, 0, 24;
    %load/vec4 v0x598636211200_0;
    %parti/s 8, 8, 5;
    %concat/vec4; draw_concat_vec4
    %store/vec4 v0x59863620cce0_0, 0, 32;
    %jmp T_34.10;
T_34.9 ;
    %pushi/vec4 0, 0, 24;
    %load/vec4 v0x598636211200_0;
    %parti/s 8, 0, 2;
    %concat/vec4; draw_concat_vec4
    %store/vec4 v0x59863620cce0_0, 0, 32;
    %jmp T_34.10;
T_34.10 ;
    %pop/vec4 1;
    %load/vec4 v0x598636210ac0_0;
    %load/vec4 v0x59863620cce0_0;
    %parti/s 1, 7, 4;
    %and;
    %flag_set/vec4 8;
    %jmp/0xz  T_34.11, 8;
    %pushi/vec4 16777215, 0, 24;
    %load/vec4 v0x59863620cce0_0;
    %parti/s 8, 0, 2;
    %concat/vec4; draw_concat_vec4
    %store/vec4 v0x59863620cce0_0, 0, 32;
T_34.11 ;
    %jmp T_34.5;
T_34.4 ;
    %load/vec4 v0x598636210880_0;
    %flag_set/vec4 8;
    %jmp/0xz  T_34.13, 8;
    %load/vec4 v0x59863620fc80_0;
    %parti/s 1, 1, 2;
    %flag_set/vec4 8;
    %jmp/0xz  T_34.15, 8;
    %pushi/vec4 0, 0, 16;
    %load/vec4 v0x598636211200_0;
    %parti/s 16, 16, 6;
    %concat/vec4; draw_concat_vec4
    %store/vec4 v0x59863620cce0_0, 0, 32;
    %jmp T_34.16;
T_34.15 ;
    %pushi/vec4 0, 0, 16;
    %load/vec4 v0x598636211200_0;
    %parti/s 16, 0, 2;
    %concat/vec4; draw_concat_vec4
    %store/vec4 v0x59863620cce0_0, 0, 32;
T_34.16 ;
    %load/vec4 v0x598636210ac0_0;
    %load/vec4 v0x59863620cce0_0;
    %parti/s 1, 15, 5;
    %and;
    %flag_set/vec4 8;
    %jmp/0xz  T_34.17, 8;
    %pushi/vec4 65535, 0, 16;
    %load/vec4 v0x59863620cce0_0;
    %parti/s 16, 0, 2;
    %concat/vec4; draw_concat_vec4
    %store/vec4 v0x59863620cce0_0, 0, 32;
T_34.17 ;
    %jmp T_34.14;
T_34.13 ;
    %load/vec4 v0x598636211200_0;
    %store/vec4 v0x59863620cce0_0, 0, 32;
T_34.14 ;
T_34.5 ;
T_34.2 ;
T_34.1 ;
    %jmp T_34;
    .thread T_34, $push;
    .scope S_0x59863604e720;
T_35 ;
    %wait E_0x598635b7f760;
    %load/vec4 v0x598636052c30_0;
    %load/vec4 v0x5986359b8ed0_0;
    %and;
    %store/vec4 v0x598636080d50_0, 0, 32;
    %load/vec4 v0x5986360e0930_0;
    %parti/s 1, 3, 3;
    %flag_set/vec4 8;
    %jmp/0 T_35.0, 8;
    %load/vec4 v0x598636080d50_0;
    %jmp/1 T_35.1, 8;
T_35.0 ; End of true expr.
    %pushi/vec4 0, 0, 32;
    %jmp/0 T_35.1, 8;
 ; End of false expr.
    %blend;
T_35.1;
    %store/vec4 v0x598636081ef0_0, 0, 32;
    %pushi/vec4 3, 0, 2;
    %store/vec4 v0x5986361591a0_0, 0, 2;
    %jmp T_35;
    .thread T_35, $push;
    .scope S_0x59863604e720;
T_36 ;
    %wait E_0x5986358e7f10;
    %load/vec4 v0x598635db0c00_0;
    %flag_set/vec4 8;
    %jmp/0xz  T_36.0, 8;
    %pushi/vec4 3, 0, 2;
    %assign/vec4 v0x59863615f300_0, 0;
    %jmp T_36.1;
T_36.0 ;
    %load/vec4 v0x598636081ef0_0;
    %or/r;
    %flag_set/vec4 8;
    %jmp/0xz  T_36.2, 8;
    %load/vec4 v0x5986361591a0_0;
    %assign/vec4 v0x59863615f300_0, 0;
T_36.2 ;
T_36.1 ;
    %jmp T_36;
    .thread T_36;
    .scope S_0x59863604e720;
T_37 ;
    %wait E_0x5986358e7f10;
    %load/vec4 v0x598635db0c00_0;
    %flag_set/vec4 8;
    %jmp/0xz  T_37.0, 8;
    %pushi/vec4 0, 0, 1;
    %assign/vec4 v0x598635f98a20_0, 0;
    %jmp T_37.1;
T_37.0 ;
    %load/vec4 v0x598635dbf5b0_0;
    %load/vec4 v0x598635dbef10_0;
    %pushi/vec4 836, 0, 12;
    %cmp/e;
    %flag_get/vec4 4;
    %and;
    %flag_set/vec4 8;
    %load/vec4 v0x598635dbf5b0_0;
    %load/vec4 v0x598635dbef10_0;
    %pushi/vec4 324, 0, 12;
    %cmp/e;
    %flag_get/vec4 4;
    %and;
    %flag_set/vec4 9;
    %flag_or 9, 8;
    %jmp/0xz  T_37.2, 9;
    %pushi/vec4 1, 0, 1;
    %assign/vec4 v0x598635f98a20_0, 0;
    %jmp T_37.3;
T_37.2 ;
    %load/vec4 v0x59863612ceb0_0;
    %cmpi/e 836, 0, 12;
    %flag_mov 8, 4;
    %load/vec4 v0x59863612ceb0_0;
    %cmpi/e 324, 0, 12;
    %flag_or 4, 8;
    %flag_mov 8, 4;
    %load/vec4 v0x598636038680_0;
    %or/r;
    %flag_set/vec4 9;
    %flag_or 9, 8;
    %jmp/0xz  T_37.4, 9;
    %pushi/vec4 0, 0, 1;
    %assign/vec4 v0x598635f98a20_0, 0;
T_37.4 ;
T_37.3 ;
T_37.1 ;
    %jmp T_37;
    .thread T_37;
    .scope S_0x59863604e720;
T_38 ;
    %wait E_0x5986358d2cb0;
    %pushi/vec4 0, 0, 32;
    %store/vec4 v0x598635dbe870_0, 0, 32;
    %load/vec4 v0x598635dbef10_0;
    %dup/vec4;
    %pushi/vec4 832, 0, 12;
    %cmp/u;
    %jmp/1 T_38.0, 6;
    %dup/vec4;
    %pushi/vec4 833, 0, 12;
    %cmp/u;
    %jmp/1 T_38.1, 6;
    %dup/vec4;
    %pushi/vec4 773, 0, 12;
    %cmp/u;
    %jmp/1 T_38.2, 6;
    %dup/vec4;
    %pushi/vec4 834, 0, 12;
    %cmp/u;
    %jmp/1 T_38.3, 6;
    %dup/vec4;
    %pushi/vec4 835, 0, 12;
    %cmp/u;
    %jmp/1 T_38.4, 6;
    %dup/vec4;
    %pushi/vec4 768, 0, 12;
    %cmp/u;
    %jmp/1 T_38.5, 6;
    %dup/vec4;
    %pushi/vec4 836, 0, 12;
    %cmp/u;
    %jmp/1 T_38.6, 6;
    %dup/vec4;
    %pushi/vec4 772, 0, 12;
    %cmp/u;
    %jmp/1 T_38.7, 6;
    %dup/vec4;
    %pushi/vec4 3072, 0, 12;
    %cmp/u;
    %jmp/1 T_38.8, 6;
    %dup/vec4;
    %pushi/vec4 3073, 0, 12;
    %cmp/u;
    %jmp/1 T_38.9, 6;
    %dup/vec4;
    %pushi/vec4 3201, 0, 12;
    %cmp/u;
    %jmp/1 T_38.10, 6;
    %dup/vec4;
    %pushi/vec4 3860, 0, 12;
    %cmp/u;
    %jmp/1 T_38.11, 6;
    %dup/vec4;
    %pushi/vec4 769, 0, 12;
    %cmp/u;
    %jmp/1 T_38.12, 6;
    %dup/vec4;
    %pushi/vec4 770, 0, 12;
    %cmp/u;
    %jmp/1 T_38.13, 6;
    %dup/vec4;
    %pushi/vec4 771, 0, 12;
    %cmp/u;
    %jmp/1 T_38.14, 6;
    %dup/vec4;
    %pushi/vec4 1984, 0, 12;
    %cmp/u;
    %jmp/1 T_38.15, 6;
    %dup/vec4;
    %pushi/vec4 256, 0, 12;
    %cmp/u;
    %jmp/1 T_38.16, 6;
    %dup/vec4;
    %pushi/vec4 324, 0, 12;
    %cmp/u;
    %jmp/1 T_38.17, 6;
    %dup/vec4;
    %pushi/vec4 260, 0, 12;
    %cmp/u;
    %jmp/1 T_38.18, 6;
    %dup/vec4;
    %pushi/vec4 321, 0, 12;
    %cmp/u;
    %jmp/1 T_38.19, 6;
    %dup/vec4;
    %pushi/vec4 261, 0, 12;
    %cmp/u;
    %jmp/1 T_38.20, 6;
    %dup/vec4;
    %pushi/vec4 322, 0, 12;
    %cmp/u;
    %jmp/1 T_38.21, 6;
    %dup/vec4;
    %pushi/vec4 323, 0, 12;
    %cmp/u;
    %jmp/1 T_38.22, 6;
    %dup/vec4;
    %pushi/vec4 384, 0, 12;
    %cmp/u;
    %jmp/1 T_38.23, 6;
    %dup/vec4;
    %pushi/vec4 320, 0, 12;
    %cmp/u;
    %jmp/1 T_38.24, 6;
    %pushi/vec4 0, 0, 32;
    %store/vec4 v0x598635dbe870_0, 0, 32;
    %jmp T_38.26;
T_38.0 ;
    %load/vec4 v0x598635d916b0_0;
    %pushi/vec4 4294967295, 0, 32;
    %and;
    %store/vec4 v0x598635dbe870_0, 0, 32;
    %jmp T_38.26;
T_38.1 ;
    %load/vec4 v0x598635a90d90_0;
    %pushi/vec4 4294967295, 0, 32;
    %and;
    %store/vec4 v0x598635dbe870_0, 0, 32;
    %jmp T_38.26;
T_38.2 ;
    %load/vec4 v0x59863616ac00_0;
    %pushi/vec4 4294967295, 0, 32;
    %and;
    %store/vec4 v0x598635dbe870_0, 0, 32;
    %jmp T_38.26;
T_38.3 ;
    %load/vec4 v0x5986359a9830_0;
    %pushi/vec4 2147483663, 0, 32;
    %and;
    %store/vec4 v0x598635dbe870_0, 0, 32;
    %jmp T_38.26;
T_38.4 ;
    %load/vec4 v0x5986361402f0_0;
    %pushi/vec4 4294967295, 0, 32;
    %and;
    %store/vec4 v0x598635dbe870_0, 0, 32;
    %jmp T_38.26;
T_38.5 ;
    %load/vec4 v0x5986360e0930_0;
    %pushi/vec4 4294967295, 0, 32;
    %and;
    %store/vec4 v0x598635dbe870_0, 0, 32;
    %jmp T_38.26;
T_38.6 ;
    %load/vec4 v0x598636052c30_0;
    %pushi/vec4 2730, 0, 32;
    %and;
    %store/vec4 v0x598635dbe870_0, 0, 32;
    %jmp T_38.26;
T_38.7 ;
    %load/vec4 v0x5986359b8ed0_0;
    %pushi/vec4 2730, 0, 32;
    %and;
    %store/vec4 v0x598635dbe870_0, 0, 32;
    %jmp T_38.26;
T_38.8 ;
    %load/vec4 v0x598635b80a60_0;
    %store/vec4 v0x598635dbe870_0, 0, 32;
    %jmp T_38.26;
T_38.9 ;
    %load/vec4 v0x598635b80a60_0;
    %store/vec4 v0x598635dbe870_0, 0, 32;
    %jmp T_38.26;
T_38.10 ;
    %load/vec4 v0x598635b7f220_0;
    %store/vec4 v0x598635dbe870_0, 0, 32;
    %jmp T_38.26;
T_38.11 ;
    %load/vec4 v0x598635c2f6e0_0;
    %store/vec4 v0x598635dbe870_0, 0, 32;
    %jmp T_38.26;
T_38.12 ;
    %load/vec4 v0x59863617a620_0;
    %store/vec4 v0x598635dbe870_0, 0, 32;
    %jmp T_38.26;
T_38.13 ;
    %pushi/vec4 0, 0, 32;
    %store/vec4 v0x598635dbe870_0, 0, 32;
    %jmp T_38.26;
T_38.14 ;
    %pushi/vec4 0, 0, 32;
    %store/vec4 v0x598635dbe870_0, 0, 32;
    %jmp T_38.26;
T_38.15 ;
    %load/vec4 v0x59863602db40_0;
    %store/vec4 v0x598635dbe870_0, 0, 32;
    %jmp T_38.26;
T_38.16 ;
    %pushi/vec4 0, 0, 32;
    %store/vec4 v0x598635dbe870_0, 0, 32;
    %jmp T_38.26;
T_38.17 ;
    %pushi/vec4 0, 0, 32;
    %store/vec4 v0x598635dbe870_0, 0, 32;
    %jmp T_38.26;
T_38.18 ;
    %pushi/vec4 0, 0, 32;
    %store/vec4 v0x598635dbe870_0, 0, 32;
    %jmp T_38.26;
T_38.19 ;
    %pushi/vec4 0, 0, 32;
    %store/vec4 v0x598635dbe870_0, 0, 32;
    %jmp T_38.26;
T_38.20 ;
    %pushi/vec4 0, 0, 32;
    %store/vec4 v0x598635dbe870_0, 0, 32;
    %jmp T_38.26;
T_38.21 ;
    %pushi/vec4 0, 0, 32;
    %store/vec4 v0x598635dbe870_0, 0, 32;
    %jmp T_38.26;
T_38.22 ;
    %pushi/vec4 0, 0, 32;
    %store/vec4 v0x598635dbe870_0, 0, 32;
    %jmp T_38.26;
T_38.23 ;
    %pushi/vec4 0, 0, 32;
    %store/vec4 v0x598635dbe870_0, 0, 32;
    %jmp T_38.26;
T_38.24 ;
    %pushi/vec4 0, 0, 32;
    %store/vec4 v0x598635dbe870_0, 0, 32;
    %jmp T_38.26;
T_38.26 ;
    %pop/vec4 1;
    %jmp T_38;
    .thread T_38, $push;
    .scope S_0x59863604e720;
T_39 ;
    %wait E_0x5986358e9800;
    %load/vec4 v0x59863618f550_0;
    %store/vec4 v0x598636052b30_0, 0, 32;
    %load/vec4 v0x598635a90d90_0;
    %store/vec4 v0x598635a17570_0, 0, 32;
    %load/vec4 v0x5986360e0930_0;
    %store/vec4 v0x5986361187a0_0, 0, 32;
    %load/vec4 v0x5986359a9830_0;
    %store/vec4 v0x598635ba6c60_0, 0, 32;
    %load/vec4 v0x5986361402f0_0;
    %store/vec4 v0x598636149d50_0, 0, 32;
    %load/vec4 v0x59863616ac00_0;
    %store/vec4 v0x59863616aea0_0, 0, 32;
    %load/vec4 v0x598636052c30_0;
    %store/vec4 v0x598635f98920_0, 0, 32;
    %load/vec4 v0x5986359b8ed0_0;
    %store/vec4 v0x59863618e860_0, 0, 32;
    %load/vec4 v0x598636195240_0;
    %store/vec4 v0x59863618e370_0, 0, 2;
    %load/vec4 v0x598635d916b0_0;
    %store/vec4 v0x598635bc0e30_0, 0, 32;
    %load/vec4 v0x598635b80a60_0;
    %addi 1, 0, 32;
    %store/vec4 v0x598635b53ef0_0, 0, 32;
    %load/vec4 v0x59863602db40_0;
    %store/vec4 v0x59863613feb0_0, 0, 32;
    %load/vec4 v0x59863605adc0_0;
    %store/vec4 v0x59863600b320_0, 0, 1;
    %load/vec4 v0x598635b53bd0_0;
    %store/vec4 v0x598635ab21a0_0, 0, 32;
    %load/vec4 v0x598635a17250_0;
    %store/vec4 v0x5986359e67b0_0, 0, 32;
    %load/vec4 v0x598636082f80_0;
    %store/vec4 v0x5986360e0730_0, 0, 32;
    %load/vec4 v0x59863618ba70_0;
    %store/vec4 v0x598636180bf0_0, 0, 32;
    %load/vec4 v0x598635da0ec0_0;
    %store/vec4 v0x598635dbeb80_0, 0, 32;
    %load/vec4 v0x598636065140_0;
    %store/vec4 v0x598635cc8d80_0, 0, 32;
    %load/vec4 v0x598635f96050_0;
    %store/vec4 v0x598635da0870_0, 0, 32;
    %load/vec4 v0x598635fe4820_0;
    %store/vec4 v0x598635fa8490_0, 0, 32;
    %load/vec4 v0x598636038680_0;
    %pushi/vec4 48, 0, 6;
    %and;
    %cmpi/e 32, 0, 6;
    %jmp/0xz  T_39.0, 4;
    %load/vec4 v0x59863615f300_0;
    %cmpi/e 3, 0, 2;
    %jmp/0xz  T_39.2, 4;
    %load/vec4 v0x5986361187a0_0;
    %parti/s 1, 3, 3;
    %ix/load 4, 7, 0;
    %flag_set/imm 4, 0;
    %store/vec4 v0x5986361187a0_0, 4, 1;
    %load/vec4 v0x598636195240_0;
    %ix/load 4, 11, 0;
    %flag_set/imm 4, 0;
    %store/vec4 v0x5986361187a0_0, 4, 2;
    %pushi/vec4 0, 0, 1;
    %ix/load 4, 3, 0;
    %flag_set/imm 4, 0;
    %store/vec4 v0x5986361187a0_0, 4, 1;
    %pushi/vec4 3, 0, 2;
    %store/vec4 v0x59863618e370_0, 0, 2;
    %load/vec4 v0x598636038120_0;
    %store/vec4 v0x598635a17570_0, 0, 32;
    %pushi/vec4 0, 0, 32;
    %store/vec4 v0x598636149d50_0, 0, 32;
    %load/vec4 v0x598636082520_0;
    %parti/s 1, 3, 3;
    %flag_set/vec4 8;
    %jmp/0xz  T_39.4, 8;
    %pushi/vec4 2147483651, 0, 32;
    %store/vec4 v0x598635ba6c60_0, 0, 32;
    %jmp T_39.5;
T_39.4 ;
    %load/vec4 v0x598636082520_0;
    %parti/s 1, 7, 4;
    %flag_set/vec4 8;
    %jmp/0xz  T_39.6, 8;
    %pushi/vec4 2147483655, 0, 32;
    %store/vec4 v0x598635ba6c60_0, 0, 32;
    %jmp T_39.7;
T_39.6 ;
    %load/vec4 v0x598636082520_0;
    %parti/s 1, 11, 5;
    %flag_set/vec4 8;
    %jmp/0xz  T_39.8, 8;
    %pushi/vec4 2147483659, 0, 32;
    %store/vec4 v0x598635ba6c60_0, 0, 32;
T_39.8 ;
T_39.7 ;
T_39.5 ;
    %jmp T_39.3;
T_39.2 ;
    %load/vec4 v0x5986361187a0_0;
    %parti/s 1, 1, 2;
    %ix/load 4, 5, 0;
    %flag_set/imm 4, 0;
    %store/vec4 v0x5986361187a0_0, 4, 1;
    %load/vec4 v0x598636195240_0;
    %pushi/vec4 1, 0, 2;
    %cmp/e;
    %flag_get/vec4 4;
    %ix/load 4, 8, 0;
    %flag_set/imm 4, 0;
    %store/vec4 v0x5986361187a0_0, 4, 1;
    %pushi/vec4 0, 0, 1;
    %ix/load 4, 1, 0;
    %flag_set/imm 4, 0;
    %store/vec4 v0x5986361187a0_0, 4, 1;
    %pushi/vec4 1, 0, 2;
    %store/vec4 v0x59863618e370_0, 0, 2;
    %load/vec4 v0x598636038120_0;
    %store/vec4 v0x5986360e0730_0, 0, 32;
    %pushi/vec4 0, 0, 32;
    %store/vec4 v0x598635cc8d80_0, 0, 32;
    %load/vec4 v0x598636082520_0;
    %parti/s 1, 1, 2;
    %flag_set/vec4 8;
    %jmp/0xz  T_39.10, 8;
    %pushi/vec4 2147483649, 0, 32;
    %store/vec4 v0x598635dbeb80_0, 0, 32;
    %jmp T_39.11;
T_39.10 ;
    %load/vec4 v0x598636082520_0;
    %parti/s 1, 5, 4;
    %flag_set/vec4 8;
    %jmp/0xz  T_39.12, 8;
    %pushi/vec4 2147483653, 0, 32;
    %store/vec4 v0x598635dbeb80_0, 0, 32;
    %jmp T_39.13;
T_39.12 ;
    %load/vec4 v0x598636082520_0;
    %parti/s 1, 9, 5;
    %flag_set/vec4 8;
    %jmp/0xz  T_39.14, 8;
    %pushi/vec4 2147483657, 0, 32;
    %store/vec4 v0x598635dbeb80_0, 0, 32;
T_39.14 ;
T_39.13 ;
T_39.11 ;
T_39.3 ;
    %jmp T_39.1;
T_39.0 ;
    %pushi/vec4 48, 0, 6;
    %load/vec4 v0x598636038680_0;
    %cmp/u;
    %flag_get/vec4 4;
    %flag_get/vec4 5;
    %or;
    %load/vec4 v0x598636038680_0;
    %cmpi/u 51, 0, 6;
    %flag_get/vec4 4;
    %flag_get/vec4 5;
    %or;
    %and;
    %flag_set/vec4 8;
    %jmp/0xz  T_39.16, 8;
    %load/vec4 v0x598636038680_0;
    %parti/s 2, 0, 2;
    %cmpi/e 3, 0, 2;
    %jmp/0xz  T_39.18, 4;
    %load/vec4 v0x5986361187a0_0;
    %parti/s 2, 11, 5;
    %store/vec4 v0x59863618e370_0, 0, 2;
    %load/vec4 v0x5986361187a0_0;
    %parti/s 1, 7, 4;
    %ix/load 4, 3, 0;
    %flag_set/imm 4, 0;
    %store/vec4 v0x5986361187a0_0, 4, 1;
    %pushi/vec4 1, 0, 1;
    %ix/load 4, 7, 0;
    %flag_set/imm 4, 0;
    %store/vec4 v0x5986361187a0_0, 4, 1;
    %pushi/vec4 0, 0, 2;
    %ix/load 4, 11, 0;
    %flag_set/imm 4, 0;
    %store/vec4 v0x5986361187a0_0, 4, 2;
    %jmp T_39.19;
T_39.18 ;
    %load/vec4 v0x5986361187a0_0;
    %parti/s 1, 8, 5;
    %flag_set/vec4 8;
    %jmp/0 T_39.20, 8;
    %pushi/vec4 1, 0, 2;
    %jmp/1 T_39.21, 8;
T_39.20 ; End of true expr.
    %pushi/vec4 0, 0, 2;
    %jmp/0 T_39.21, 8;
 ; End of false expr.
    %blend;
T_39.21;
    %store/vec4 v0x59863618e370_0, 0, 2;
    %load/vec4 v0x5986361187a0_0;
    %parti/s 1, 5, 4;
    %ix/load 4, 1, 0;
    %flag_set/imm 4, 0;
    %store/vec4 v0x5986361187a0_0, 4, 1;
    %pushi/vec4 1, 0, 1;
    %ix/load 4, 5, 0;
    %flag_set/imm 4, 0;
    %store/vec4 v0x5986361187a0_0, 4, 1;
    %pushi/vec4 0, 0, 1;
    %ix/load 4, 8, 0;
    %flag_set/imm 4, 0;
    %store/vec4 v0x5986361187a0_0, 4, 1;
T_39.19 ;
    %jmp T_39.17;
T_39.16 ;
    %load/vec4 v0x598636180780_0;
    %load/vec4 v0x598636037b30_0;
    %and;
    %flag_set/vec4 8;
    %jmp/0xz  T_39.22, 8;
    %load/vec4 v0x5986361187a0_0;
    %parti/s 1, 1, 2;
    %ix/load 4, 5, 0;
    %flag_set/imm 4, 0;
    %store/vec4 v0x5986361187a0_0, 4, 1;
    %load/vec4 v0x598636195240_0;
    %pushi/vec4 1, 0, 2;
    %cmp/e;
    %flag_get/vec4 4;
    %ix/load 4, 8, 0;
    %flag_set/imm 4, 0;
    %store/vec4 v0x5986361187a0_0, 4, 1;
    %pushi/vec4 0, 0, 1;
    %ix/load 4, 1, 0;
    %flag_set/imm 4, 0;
    %store/vec4 v0x5986361187a0_0, 4, 1;
    %pushi/vec4 1, 0, 2;
    %store/vec4 v0x59863618e370_0, 0, 2;
    %load/vec4 v0x598636038120_0;
    %store/vec4 v0x5986360e0730_0, 0, 32;
    %load/vec4 v0x598636038680_0;
    %dup/vec4;
    %pushi/vec4 16, 0, 6;
    %cmp/u;
    %jmp/1 T_39.24, 6;
    %dup/vec4;
    %pushi/vec4 17, 0, 6;
    %cmp/u;
    %jmp/1 T_39.25, 6;
    %dup/vec4;
    %pushi/vec4 28, 0, 6;
    %cmp/u;
    %jmp/1 T_39.26, 6;
    %dup/vec4;
    %pushi/vec4 18, 0, 6;
    %cmp/u;
    %jmp/1 T_39.27, 6;
    %dup/vec4;
    %pushi/vec4 20, 0, 6;
    %cmp/u;
    %jmp/1 T_39.28, 6;
    %dup/vec4;
    %pushi/vec4 21, 0, 6;
    %cmp/u;
    %jmp/1 T_39.29, 6;
    %dup/vec4;
    %pushi/vec4 22, 0, 6;
    %cmp/u;
    %jmp/1 T_39.30, 6;
    %dup/vec4;
    %pushi/vec4 23, 0, 6;
    %cmp/u;
    %jmp/1 T_39.31, 6;
    %dup/vec4;
    %pushi/vec4 29, 0, 6;
    %cmp/u;
    %jmp/1 T_39.32, 6;
    %dup/vec4;
    %pushi/vec4 31, 0, 6;
    %cmp/u;
    %jmp/1 T_39.33, 6;
    %pushi/vec4 0, 0, 32;
    %store/vec4 v0x598635cc8d80_0, 0, 32;
    %jmp T_39.35;
T_39.24 ;
    %load/vec4 v0x598636038120_0;
    %store/vec4 v0x598635cc8d80_0, 0, 32;
    %jmp T_39.35;
T_39.25 ;
    %load/vec4 v0x598636038120_0;
    %store/vec4 v0x598635cc8d80_0, 0, 32;
    %jmp T_39.35;
T_39.26 ;
    %load/vec4 v0x598636038120_0;
    %store/vec4 v0x598635cc8d80_0, 0, 32;
    %jmp T_39.35;
T_39.27 ;
    %load/vec4 v0x5986360c9a20_0;
    %store/vec4 v0x598635cc8d80_0, 0, 32;
    %jmp T_39.35;
T_39.28 ;
    %load/vec4 v0x5986360c9a20_0;
    %store/vec4 v0x598635cc8d80_0, 0, 32;
    %jmp T_39.35;
T_39.29 ;
    %load/vec4 v0x5986360c9a20_0;
    %store/vec4 v0x598635cc8d80_0, 0, 32;
    %jmp T_39.35;
T_39.30 ;
    %load/vec4 v0x5986360c9a20_0;
    %store/vec4 v0x598635cc8d80_0, 0, 32;
    %jmp T_39.35;
T_39.31 ;
    %load/vec4 v0x5986360c9a20_0;
    %store/vec4 v0x598635cc8d80_0, 0, 32;
    %jmp T_39.35;
T_39.32 ;
    %load/vec4 v0x5986360c9a20_0;
    %store/vec4 v0x598635cc8d80_0, 0, 32;
    %jmp T_39.35;
T_39.33 ;
    %load/vec4 v0x5986360c9a20_0;
    %store/vec4 v0x598635cc8d80_0, 0, 32;
    %jmp T_39.35;
T_39.35 ;
    %pop/vec4 1;
    %pushi/vec4 0, 0, 28;
    %load/vec4 v0x598636038680_0;
    %parti/s 4, 0, 2;
    %concat/vec4; draw_concat_vec4
    %store/vec4 v0x598635dbeb80_0, 0, 32;
    %jmp T_39.23;
T_39.22 ;
    %load/vec4 v0x598636180780_0;
    %flag_set/vec4 8;
    %jmp/0xz  T_39.36, 8;
    %load/vec4 v0x5986361187a0_0;
    %parti/s 1, 3, 3;
    %ix/load 4, 7, 0;
    %flag_set/imm 4, 0;
    %store/vec4 v0x5986361187a0_0, 4, 1;
    %load/vec4 v0x598636195240_0;
    %ix/load 4, 11, 0;
    %flag_set/imm 4, 0;
    %store/vec4 v0x5986361187a0_0, 4, 2;
    %pushi/vec4 0, 0, 1;
    %ix/load 4, 3, 0;
    %flag_set/imm 4, 0;
    %store/vec4 v0x5986361187a0_0, 4, 1;
    %pushi/vec4 3, 0, 2;
    %store/vec4 v0x59863618e370_0, 0, 2;
    %load/vec4 v0x598636038120_0;
    %store/vec4 v0x598635a17570_0, 0, 32;
    %load/vec4 v0x598636038680_0;
    %dup/vec4;
    %pushi/vec4 16, 0, 6;
    %cmp/u;
    %jmp/1 T_39.38, 6;
    %dup/vec4;
    %pushi/vec4 17, 0, 6;
    %cmp/u;
    %jmp/1 T_39.39, 6;
    %dup/vec4;
    %pushi/vec4 28, 0, 6;
    %cmp/u;
    %jmp/1 T_39.40, 6;
    %dup/vec4;
    %pushi/vec4 18, 0, 6;
    %cmp/u;
    %jmp/1 T_39.41, 6;
    %dup/vec4;
    %pushi/vec4 20, 0, 6;
    %cmp/u;
    %jmp/1 T_39.42, 6;
    %dup/vec4;
    %pushi/vec4 21, 0, 6;
    %cmp/u;
    %jmp/1 T_39.43, 6;
    %dup/vec4;
    %pushi/vec4 22, 0, 6;
    %cmp/u;
    %jmp/1 T_39.44, 6;
    %dup/vec4;
    %pushi/vec4 23, 0, 6;
    %cmp/u;
    %jmp/1 T_39.45, 6;
    %dup/vec4;
    %pushi/vec4 29, 0, 6;
    %cmp/u;
    %jmp/1 T_39.46, 6;
    %dup/vec4;
    %pushi/vec4 31, 0, 6;
    %cmp/u;
    %jmp/1 T_39.47, 6;
    %pushi/vec4 0, 0, 32;
    %store/vec4 v0x598636149d50_0, 0, 32;
    %jmp T_39.49;
T_39.38 ;
    %load/vec4 v0x598636038120_0;
    %store/vec4 v0x598636149d50_0, 0, 32;
    %jmp T_39.49;
T_39.39 ;
    %load/vec4 v0x598636038120_0;
    %store/vec4 v0x598636149d50_0, 0, 32;
    %jmp T_39.49;
T_39.40 ;
    %load/vec4 v0x598636038120_0;
    %store/vec4 v0x598636149d50_0, 0, 32;
    %jmp T_39.49;
T_39.41 ;
    %load/vec4 v0x5986360c9a20_0;
    %store/vec4 v0x598636149d50_0, 0, 32;
    %jmp T_39.49;
T_39.42 ;
    %load/vec4 v0x5986360c9a20_0;
    %store/vec4 v0x598636149d50_0, 0, 32;
    %jmp T_39.49;
T_39.43 ;
    %load/vec4 v0x5986360c9a20_0;
    %store/vec4 v0x598636149d50_0, 0, 32;
    %jmp T_39.49;
T_39.44 ;
    %load/vec4 v0x5986360c9a20_0;
    %store/vec4 v0x598636149d50_0, 0, 32;
    %jmp T_39.49;
T_39.45 ;
    %load/vec4 v0x5986360c9a20_0;
    %store/vec4 v0x598636149d50_0, 0, 32;
    %jmp T_39.49;
T_39.46 ;
    %load/vec4 v0x5986360c9a20_0;
    %store/vec4 v0x598636149d50_0, 0, 32;
    %jmp T_39.49;
T_39.47 ;
    %load/vec4 v0x5986360c9a20_0;
    %store/vec4 v0x598636149d50_0, 0, 32;
    %jmp T_39.49;
T_39.49 ;
    %pop/vec4 1;
    %pushi/vec4 0, 0, 28;
    %load/vec4 v0x598636038680_0;
    %parti/s 4, 0, 2;
    %concat/vec4; draw_concat_vec4
    %store/vec4 v0x598635ba6c60_0, 0, 32;
    %jmp T_39.37;
T_39.36 ;
    %load/vec4 v0x59863612ceb0_0;
    %dup/vec4;
    %pushi/vec4 832, 0, 12;
    %cmp/u;
    %jmp/1 T_39.50, 6;
    %dup/vec4;
    %pushi/vec4 833, 0, 12;
    %cmp/u;
    %jmp/1 T_39.51, 6;
    %dup/vec4;
    %pushi/vec4 773, 0, 12;
    %cmp/u;
    %jmp/1 T_39.52, 6;
    %dup/vec4;
    %pushi/vec4 834, 0, 12;
    %cmp/u;
    %jmp/1 T_39.53, 6;
    %dup/vec4;
    %pushi/vec4 835, 0, 12;
    %cmp/u;
    %jmp/1 T_39.54, 6;
    %dup/vec4;
    %pushi/vec4 768, 0, 12;
    %cmp/u;
    %jmp/1 T_39.55, 6;
    %dup/vec4;
    %pushi/vec4 836, 0, 12;
    %cmp/u;
    %jmp/1 T_39.56, 6;
    %dup/vec4;
    %pushi/vec4 772, 0, 12;
    %cmp/u;
    %jmp/1 T_39.57, 6;
    %dup/vec4;
    %pushi/vec4 770, 0, 12;
    %cmp/u;
    %jmp/1 T_39.58, 6;
    %dup/vec4;
    %pushi/vec4 771, 0, 12;
    %cmp/u;
    %jmp/1 T_39.59, 6;
    %dup/vec4;
    %pushi/vec4 1984, 0, 12;
    %cmp/u;
    %jmp/1 T_39.60, 6;
    %dup/vec4;
    %pushi/vec4 321, 0, 12;
    %cmp/u;
    %jmp/1 T_39.61, 6;
    %dup/vec4;
    %pushi/vec4 261, 0, 12;
    %cmp/u;
    %jmp/1 T_39.62, 6;
    %dup/vec4;
    %pushi/vec4 322, 0, 12;
    %cmp/u;
    %jmp/1 T_39.63, 6;
    %dup/vec4;
    %pushi/vec4 323, 0, 12;
    %cmp/u;
    %jmp/1 T_39.64, 6;
    %dup/vec4;
    %pushi/vec4 384, 0, 12;
    %cmp/u;
    %jmp/1 T_39.65, 6;
    %dup/vec4;
    %pushi/vec4 320, 0, 12;
    %cmp/u;
    %jmp/1 T_39.66, 6;
    %dup/vec4;
    %pushi/vec4 256, 0, 12;
    %cmp/u;
    %jmp/1 T_39.67, 6;
    %dup/vec4;
    %pushi/vec4 324, 0, 12;
    %cmp/u;
    %jmp/1 T_39.68, 6;
    %dup/vec4;
    %pushi/vec4 260, 0, 12;
    %cmp/u;
    %jmp/1 T_39.69, 6;
    %jmp T_39.71;
T_39.50 ;
    %load/vec4 v0x5986358f6860_0;
    %pushi/vec4 4294967295, 0, 32;
    %and;
    %store/vec4 v0x598635bc0e30_0, 0, 32;
    %jmp T_39.71;
T_39.51 ;
    %load/vec4 v0x5986358f6860_0;
    %pushi/vec4 4294967295, 0, 32;
    %and;
    %store/vec4 v0x598635a17570_0, 0, 32;
    %jmp T_39.71;
T_39.52 ;
    %load/vec4 v0x5986358f6860_0;
    %pushi/vec4 4294967295, 0, 32;
    %and;
    %store/vec4 v0x59863616aea0_0, 0, 32;
    %jmp T_39.71;
T_39.53 ;
    %load/vec4 v0x5986358f6860_0;
    %pushi/vec4 2147483663, 0, 32;
    %and;
    %store/vec4 v0x598635ba6c60_0, 0, 32;
    %jmp T_39.71;
T_39.54 ;
    %load/vec4 v0x5986358f6860_0;
    %pushi/vec4 4294967295, 0, 32;
    %and;
    %store/vec4 v0x598636149d50_0, 0, 32;
    %jmp T_39.71;
T_39.55 ;
    %load/vec4 v0x5986358f6860_0;
    %pushi/vec4 4294967295, 0, 32;
    %and;
    %store/vec4 v0x5986361187a0_0, 0, 32;
    %jmp T_39.71;
T_39.56 ;
    %load/vec4 v0x5986358f6860_0;
    %pushi/vec4 2730, 0, 32;
    %and;
    %store/vec4 v0x598635f98920_0, 0, 32;
    %jmp T_39.71;
T_39.57 ;
    %load/vec4 v0x5986358f6860_0;
    %pushi/vec4 2730, 0, 32;
    %and;
    %store/vec4 v0x59863618e860_0, 0, 32;
    %jmp T_39.71;
T_39.58 ;
    %load/vec4 v0x5986358f6860_0;
    %pushi/vec4 65535, 0, 32;
    %and;
    %store/vec4 v0x598635ab21a0_0, 0, 32;
    %jmp T_39.71;
T_39.59 ;
    %load/vec4 v0x5986358f6860_0;
    %pushi/vec4 65535, 0, 32;
    %and;
    %store/vec4 v0x5986359e67b0_0, 0, 32;
    %jmp T_39.71;
T_39.60 ;
    %load/vec4 v0x5986358f6860_0;
    %pushi/vec4 4294967295, 0, 32;
    %and;
    %store/vec4 v0x59863613feb0_0, 0, 32;
    %pushi/vec4 1, 0, 1;
    %store/vec4 v0x59863600b320_0, 0, 1;
    %jmp T_39.71;
T_39.61 ;
    %load/vec4 v0x5986358f6860_0;
    %pushi/vec4 4294967295, 0, 32;
    %and;
    %store/vec4 v0x5986360e0730_0, 0, 32;
    %jmp T_39.71;
T_39.62 ;
    %load/vec4 v0x5986358f6860_0;
    %pushi/vec4 4294967295, 0, 32;
    %and;
    %store/vec4 v0x598636180bf0_0, 0, 32;
    %jmp T_39.71;
T_39.63 ;
    %load/vec4 v0x5986358f6860_0;
    %pushi/vec4 2147483663, 0, 32;
    %and;
    %store/vec4 v0x598635dbeb80_0, 0, 32;
    %jmp T_39.71;
T_39.64 ;
    %load/vec4 v0x5986358f6860_0;
    %pushi/vec4 4294967295, 0, 32;
    %and;
    %store/vec4 v0x598635cc8d80_0, 0, 32;
    %jmp T_39.71;
T_39.65 ;
    %load/vec4 v0x5986358f6860_0;
    %pushi/vec4 4294967295, 0, 32;
    %and;
    %store/vec4 v0x598635da0870_0, 0, 32;
    %jmp T_39.71;
T_39.66 ;
    %load/vec4 v0x5986358f6860_0;
    %pushi/vec4 4294967295, 0, 32;
    %and;
    %store/vec4 v0x598635fa8490_0, 0, 32;
    %jmp T_39.71;
T_39.67 ;
    %load/vec4 v0x5986361187a0_0;
    %pushi/vec4 4294704844, 0, 32;
    %and;
    %load/vec4 v0x5986358f6860_0;
    %pushi/vec4 262451, 0, 32;
    %and;
    %or;
    %store/vec4 v0x5986361187a0_0, 0, 32;
    %jmp T_39.71;
T_39.68 ;
    %load/vec4 v0x598635f98920_0;
    %pushi/vec4 4294966749, 0, 32;
    %and;
    %load/vec4 v0x5986358f6860_0;
    %pushi/vec4 546, 0, 32;
    %and;
    %or;
    %store/vec4 v0x598635f98920_0, 0, 32;
    %jmp T_39.71;
T_39.69 ;
    %load/vec4 v0x59863618e860_0;
    %pushi/vec4 4294966749, 0, 32;
    %and;
    %load/vec4 v0x5986358f6860_0;
    %pushi/vec4 546, 0, 32;
    %and;
    %or;
    %store/vec4 v0x59863618e860_0, 0, 32;
    %jmp T_39.71;
T_39.71 ;
    %pop/vec4 1;
T_39.37 ;
T_39.23 ;
T_39.17 ;
T_39.1 ;
    %load/vec4 v0x5986360374c0_0;
    %load/vec4 v0x598635a17250_0;
    %parti/s 1, 11, 5;
    %and;
    %flag_set/vec4 8;
    %jmp/0xz  T_39.72, 8;
    %pushi/vec4 1, 0, 1;
    %ix/load 4, 9, 0;
    %flag_set/imm 4, 0;
    %store/vec4 v0x598636052b30_0, 4, 1;
T_39.72 ;
    %load/vec4 v0x5986360374c0_0;
    %load/vec4 v0x598635a17250_0;
    %parti/s 1, 11, 5;
    %inv;
    %and;
    %flag_set/vec4 8;
    %jmp/0xz  T_39.74, 8;
    %pushi/vec4 1, 0, 1;
    %ix/load 4, 11, 0;
    %flag_set/imm 4, 0;
    %store/vec4 v0x598636052b30_0, 4, 1;
T_39.74 ;
    %load/vec4 v0x598635dae070_0;
    %load/vec4 v0x598635a17250_0;
    %parti/s 1, 7, 4;
    %and;
    %flag_set/vec4 8;
    %jmp/0xz  T_39.76, 8;
    %pushi/vec4 1, 0, 1;
    %ix/load 4, 5, 0;
    %flag_set/imm 4, 0;
    %store/vec4 v0x598636052b30_0, 4, 1;
T_39.76 ;
    %load/vec4 v0x598635dae070_0;
    %load/vec4 v0x598635a17250_0;
    %parti/s 1, 7, 4;
    %inv;
    %and;
    %flag_set/vec4 8;
    %jmp/0xz  T_39.78, 8;
    %pushi/vec4 1, 0, 1;
    %ix/load 4, 7, 0;
    %flag_set/imm 4, 0;
    %store/vec4 v0x598636052b30_0, 4, 1;
T_39.78 ;
    %pushi/vec4 1, 0, 1;
    %load/vec4 v0x598635b80a60_0;
    %load/vec4 v0x59863602db40_0;
    %cmp/e;
    %flag_get/vec4 4;
    %and;
    %flag_set/vec4 8;
    %jmp/0xz  T_39.80, 8;
    %load/vec4 v0x598635a17250_0;
    %parti/s 1, 7, 4;
    %flag_set/vec4 8;
    %jmp/0xz  T_39.82, 8;
    %load/vec4 v0x59863605adc0_0;
    %ix/load 4, 5, 0;
    %flag_set/imm 4, 0;
    %store/vec4 v0x598636052b30_0, 4, 1;
    %jmp T_39.83;
T_39.82 ;
    %load/vec4 v0x59863605adc0_0;
    %ix/load 4, 7, 0;
    %flag_set/imm 4, 0;
    %store/vec4 v0x598636052b30_0, 4, 1;
T_39.83 ;
    %pushi/vec4 0, 0, 1;
    %store/vec4 v0x59863600b320_0, 0, 1;
T_39.80 ;
    %load/vec4 v0x598635f98920_0;
    %load/vec4 v0x598636052b30_0;
    %or;
    %store/vec4 v0x598635f98920_0, 0, 32;
    %jmp T_39;
    .thread T_39, $push;
    .scope S_0x59863604e720;
T_40 ;
    %wait E_0x5986358e7f10;
    %load/vec4 v0x598635db0c00_0;
    %flag_set/vec4 8;
    %jmp/0xz  T_40.0, 8;
    %pushi/vec4 0, 0, 32;
    %assign/vec4 v0x598635a90d90_0, 0;
    %pushi/vec4 0, 0, 32;
    %assign/vec4 v0x5986360e0930_0, 0;
    %pushi/vec4 0, 0, 32;
    %assign/vec4 v0x5986359a9830_0, 0;
    %pushi/vec4 0, 0, 32;
    %assign/vec4 v0x5986361402f0_0, 0;
    %pushi/vec4 0, 0, 32;
    %assign/vec4 v0x59863616ac00_0, 0;
    %pushi/vec4 0, 0, 32;
    %assign/vec4 v0x598636052c30_0, 0;
    %pushi/vec4 0, 0, 32;
    %assign/vec4 v0x5986359b8ed0_0, 0;
    %pushi/vec4 3, 0, 2;
    %assign/vec4 v0x598636195240_0, 0;
    %pushi/vec4 0, 0, 32;
    %assign/vec4 v0x598635b80a60_0, 0;
    %pushi/vec4 0, 0, 32;
    %assign/vec4 v0x598635b7f220_0, 0;
    %pushi/vec4 0, 0, 32;
    %assign/vec4 v0x598635d916b0_0, 0;
    %pushi/vec4 0, 0, 32;
    %assign/vec4 v0x59863602db40_0, 0;
    %pushi/vec4 0, 0, 1;
    %assign/vec4 v0x59863605adc0_0, 0;
    %pushi/vec4 0, 0, 32;
    %assign/vec4 v0x598635b53bd0_0, 0;
    %pushi/vec4 0, 0, 32;
    %assign/vec4 v0x598635a17250_0, 0;
    %pushi/vec4 0, 0, 32;
    %assign/vec4 v0x598636082f80_0, 0;
    %pushi/vec4 0, 0, 32;
    %assign/vec4 v0x59863618ba70_0, 0;
    %pushi/vec4 0, 0, 32;
    %assign/vec4 v0x598635da0ec0_0, 0;
    %pushi/vec4 0, 0, 32;
    %assign/vec4 v0x598636065140_0, 0;
    %pushi/vec4 0, 0, 32;
    %assign/vec4 v0x598635f96050_0, 0;
    %pushi/vec4 0, 0, 32;
    %assign/vec4 v0x598635fe4820_0, 0;
    %pushi/vec4 0, 0, 32;
    %assign/vec4 v0x59863618f550_0, 0;
    %jmp T_40.1;
T_40.0 ;
    %load/vec4 v0x598635a17570_0;
    %assign/vec4 v0x598635a90d90_0, 0;
    %load/vec4 v0x5986361187a0_0;
    %assign/vec4 v0x5986360e0930_0, 0;
    %load/vec4 v0x598635ba6c60_0;
    %assign/vec4 v0x5986359a9830_0, 0;
    %load/vec4 v0x598636149d50_0;
    %assign/vec4 v0x5986361402f0_0, 0;
    %load/vec4 v0x59863616aea0_0;
    %assign/vec4 v0x59863616ac00_0, 0;
    %load/vec4 v0x598635f98920_0;
    %assign/vec4 v0x598636052c30_0, 0;
    %load/vec4 v0x59863618e860_0;
    %assign/vec4 v0x5986359b8ed0_0, 0;
    %pushi/vec4 3, 0, 2;
    %assign/vec4 v0x598636195240_0, 0;
    %load/vec4 v0x598635b53ef0_0;
    %assign/vec4 v0x598635b80a60_0, 0;
    %load/vec4 v0x598635bc0e30_0;
    %assign/vec4 v0x598635d916b0_0, 0;
    %load/vec4 v0x59863613feb0_0;
    %assign/vec4 v0x59863602db40_0, 0;
    %load/vec4 v0x59863600b320_0;
    %assign/vec4 v0x59863605adc0_0, 0;
    %pushi/vec4 0, 0, 32;
    %assign/vec4 v0x598635b53bd0_0, 0;
    %pushi/vec4 0, 0, 32;
    %assign/vec4 v0x598635a17250_0, 0;
    %pushi/vec4 0, 0, 32;
    %assign/vec4 v0x598636082f80_0, 0;
    %pushi/vec4 0, 0, 32;
    %assign/vec4 v0x59863618ba70_0, 0;
    %pushi/vec4 0, 0, 32;
    %assign/vec4 v0x598635da0ec0_0, 0;
    %pushi/vec4 0, 0, 32;
    %assign/vec4 v0x598636065140_0, 0;
    %pushi/vec4 0, 0, 32;
    %assign/vec4 v0x598635f96050_0, 0;
    %pushi/vec4 0, 0, 32;
    %assign/vec4 v0x598635fe4820_0, 0;
    %load/vec4 v0x59863600d630_0;
    %flag_set/vec4 8;
    %jmp/0 T_40.2, 8;
    %load/vec4 v0x598636052b30_0;
    %jmp/1 T_40.3, 8;
T_40.2 ; End of true expr.
    %pushi/vec4 0, 0, 32;
    %jmp/0 T_40.3, 8;
 ; End of false expr.
    %blend;
T_40.3;
    %assign/vec4 v0x59863618f550_0, 0;
    %load/vec4 v0x598635b80a60_0;
    %cmpi/e 4294967295, 0, 32;
    %jmp/0xz  T_40.4, 4;
    %load/vec4 v0x598635b7f220_0;
    %addi 1, 0, 32;
    %assign/vec4 v0x598635b7f220_0, 0;
T_40.4 ;
    %load/vec4 v0x59863612ceb0_0;
    %pushi/vec4 1970, 0, 12;
    %cmp/e;
    %flag_get/vec4 4;
    %load/vec4 v0x59863612ceb0_0;
    %pushi/vec4 2226, 0, 12;
    %cmp/e;
    %flag_get/vec4 4;
    %or;
    %load/vec4 v0x598636038680_0;
    %or/r;
    %inv;
    %and;
    %flag_set/vec4 8;
    %jmp/0xz  T_40.6, 8;
    %load/vec4 v0x5986358f6860_0;
    %pushi/vec4 4278190080, 0, 32;
    %and;
    %dup/vec4;
    %pushi/vec4 0, 0, 32;
    %cmp/u;
    %jmp/1 T_40.8, 6;
    %dup/vec4;
    %pushi/vec4 16777216, 0, 32;
    %cmp/u;
    %jmp/1 T_40.9, 6;
    %jmp T_40.10;
T_40.8 ;
    %vpi_call 7 551 "$finish" {0 0 0};
    %vpi_call 7 552 "$finish" {0 0 0};
    %jmp T_40.10;
T_40.9 ;
    %vpi_call 7 556 "$write", "%c", &PV<v0x5986358f6860_0, 0, 8> {0 0 0};
    %jmp T_40.10;
T_40.10 ;
    %pop/vec4 1;
T_40.6 ;
T_40.1 ;
    %jmp T_40;
    .thread T_40;
    .scope S_0x59863604e720;
T_41 ;
    %wait E_0x5986358e7870;
    %pushi/vec4 0, 0, 1;
    %store/vec4 v0x59863609f740_0, 0, 1;
    %pushi/vec4 0, 0, 32;
    %store/vec4 v0x5986360319d0_0, 0, 32;
    %load/vec4 v0x598636038680_0;
    %cmpi/e 32, 0, 6;
    %jmp/0xz  T_41.0, 4;
    %pushi/vec4 1, 0, 1;
    %store/vec4 v0x59863609f740_0, 0, 1;
    %load/vec4 v0x59863615f300_0;
    %cmpi/e 3, 0, 2;
    %flag_mov 8, 4;
    %jmp/0 T_41.2, 8;
    %load/vec4 v0x59863616ac00_0;
    %jmp/1 T_41.3, 8;
T_41.2 ; End of true expr.
    %load/vec4 v0x59863618ba70_0;
    %jmp/0 T_41.3, 8;
 ; End of false expr.
    %blend;
T_41.3;
    %store/vec4 v0x5986360319d0_0, 0, 32;
    %jmp T_41.1;
T_41.0 ;
    %pushi/vec4 48, 0, 6;
    %load/vec4 v0x598636038680_0;
    %cmp/u;
    %flag_get/vec4 4;
    %flag_get/vec4 5;
    %or;
    %load/vec4 v0x598636038680_0;
    %cmpi/u 51, 0, 6;
    %flag_get/vec4 4;
    %flag_get/vec4 5;
    %or;
    %and;
    %flag_set/vec4 8;
    %jmp/0xz  T_41.4, 8;
    %load/vec4 v0x598636038680_0;
    %parti/s 2, 0, 2;
    %cmpi/e 3, 0, 2;
    %jmp/0xz  T_41.6, 4;
    %pushi/vec4 1, 0, 1;
    %store/vec4 v0x59863609f740_0, 0, 1;
    %load/vec4 v0x598635a90d90_0;
    %store/vec4 v0x5986360319d0_0, 0, 32;
    %jmp T_41.7;
T_41.6 ;
    %pushi/vec4 1, 0, 1;
    %store/vec4 v0x59863609f740_0, 0, 1;
    %load/vec4 v0x598636082f80_0;
    %store/vec4 v0x5986360319d0_0, 0, 32;
T_41.7 ;
    %jmp T_41.5;
T_41.4 ;
    %load/vec4 v0x598636180780_0;
    %load/vec4 v0x598636037b30_0;
    %and;
    %flag_set/vec4 8;
    %jmp/0xz  T_41.8, 8;
    %pushi/vec4 1, 0, 1;
    %store/vec4 v0x59863609f740_0, 0, 1;
    %load/vec4 v0x59863618ba70_0;
    %store/vec4 v0x5986360319d0_0, 0, 32;
    %jmp T_41.9;
T_41.8 ;
    %load/vec4 v0x598636180780_0;
    %flag_set/vec4 8;
    %jmp/0xz  T_41.10, 8;
    %pushi/vec4 1, 0, 1;
    %store/vec4 v0x59863609f740_0, 0, 1;
    %load/vec4 v0x59863616ac00_0;
    %store/vec4 v0x5986360319d0_0, 0, 32;
    %jmp T_41.11;
T_41.10 ;
    %load/vec4 v0x598636038680_0;
    %cmpi/e 52, 0, 6;
    %jmp/0xz  T_41.12, 4;
    %pushi/vec4 1, 0, 1;
    %store/vec4 v0x59863609f740_0, 0, 1;
    %load/vec4 v0x598636038120_0;
    %addi 4, 0, 32;
    %store/vec4 v0x5986360319d0_0, 0, 32;
T_41.12 ;
T_41.11 ;
T_41.9 ;
T_41.5 ;
T_41.1 ;
    %jmp T_41;
    .thread T_41, $push;
    .scope S_0x598635d940c0;
T_42 ;
    %wait E_0x5986358e85b0;
    %load/vec4 v0x59863611ef60_0;
    %load/vec4 v0x59863611f400_0;
    %or;
    %load/vec4 v0x59863611e9e0_0;
    %or;
    %load/vec4 v0x59863611eea0_0;
    %or;
    %store/vec4 v0x5986360f5d40_0, 0, 1;
    %load/vec4 v0x59863611ef60_0;
    %load/vec4 v0x59863611f760_0;
    %or;
    %load/vec4 v0x59863611e9e0_0;
    %or;
    %load/vec4 v0x59863611f360_0;
    %or;
    %store/vec4 v0x598635fd90d0_0, 0, 1;
    %load/vec4 v0x5986360879e0_0;
    %parti/s 2, 28, 6;
    %store/vec4 v0x5986360df430_0, 0, 2;
    %load/vec4 v0x5986360879e0_0;
    %parti/s 2, 30, 6;
    %pushi/vec4 3, 0, 2;
    %cmp/e;
    %flag_get/vec4 4;
    %store/vec4 v0x5986360df130_0, 0, 1;
    %load/vec4 v0x59863611b200_0;
    %pushi/vec4 0, 0, 5;
    %cmp/ne;
    %flag_get/vec4 4;
    %load/vec4 v0x59863611ef60_0;
    %or;
    %load/vec4 v0x59863611e9e0_0;
    %or;
    %store/vec4 v0x598636089670_0, 0, 1;
    %load/vec4 v0x59863611e9e0_0;
    %load/vec4 v0x59863611eea0_0;
    %or;
    %load/vec4 v0x59863611f360_0;
    %or;
    %flag_set/vec4 8;
    %jmp/0 T_42.0, 8;
    %pushi/vec4 0, 0, 27;
    %load/vec4 v0x59863611b200_0;
    %concat/vec4; draw_concat_vec4
    %jmp/1 T_42.1, 8;
T_42.0 ; End of true expr.
    %load/vec4 v0x59863611a5d0_0;
    %jmp/0 T_42.1, 8;
 ; End of false expr.
    %blend;
T_42.1;
    %store/vec4 v0x598636087f00_0, 0, 32;
    %pushi/vec4 0, 0, 1;
    %store/vec4 v0x598635fb00d0_0, 0, 1;
    %jmp T_42;
    .thread T_42, $push;
    .scope S_0x598635d940c0;
T_43 ;
    %wait E_0x5986358e7f10;
    %load/vec4 v0x5986360f6200_0;
    %flag_set/vec4 8;
    %jmp/0xz  T_43.0, 8;
    %pushi/vec4 0, 0, 1;
    %assign/vec4 v0x598636118d80_0, 0;
    %pushi/vec4 0, 0, 32;
    %assign/vec4 v0x598636118cc0_0, 0;
    %pushi/vec4 0, 0, 32;
    %assign/vec4 v0x5986360895d0_0, 0;
    %pushi/vec4 0, 0, 6;
    %assign/vec4 v0x59863611dc60_0, 0;
    %jmp T_43.1;
T_43.0 ;
    %load/vec4 v0x598636118e60_0;
    %flag_set/vec4 8;
    %jmp/0xz  T_43.2, 8;
    %load/vec4 v0x5986360f5d40_0;
    %load/vec4 v0x598635fd90d0_0;
    %or;
    %load/vec4 v0x598635fb00d0_0;
    %inv;
    %and;
    %assign/vec4 v0x598636118d80_0, 0;
    %load/vec4 v0x59863611bc40_0;
    %flag_set/vec4 8;
    %load/vec4 v0x598635fb00d0_0;
    %flag_set/vec4 9;
    %flag_or 9, 8;
    %load/vec4 v0x59863611e5e0_0;
    %flag_set/vec4 8;
    %flag_or 8, 9;
    %jmp/0xz  T_43.4, 8;
    %load/vec4 v0x5986360879e0_0;
    %assign/vec4 v0x598636118cc0_0, 0;
    %jmp T_43.5;
T_43.4 ;
    %load/vec4 v0x5986360df4d0_0;
    %assign/vec4 v0x598636118cc0_0, 0;
T_43.5 ;
    %load/vec4 v0x5986360879e0_0;
    %pushi/vec4 4294967295, 0, 32;
    %and;
    %cmpi/e 115, 0, 32;
    %jmp/0xz  T_43.6, 4;
    %pushi/vec4 24, 0, 6;
    %pushi/vec4 0, 0, 4;
    %load/vec4 v0x59863611ea80_0;
    %concat/vec4; draw_concat_vec4
    %add;
    %assign/vec4 v0x59863611dc60_0, 0;
    %jmp T_43.7;
T_43.6 ;
    %load/vec4 v0x59863611e5e0_0;
    %flag_set/vec4 8;
    %jmp/0xz  T_43.8, 8;
    %pushi/vec4 18, 0, 6;
    %assign/vec4 v0x59863611dc60_0, 0;
    %jmp T_43.9;
T_43.8 ;
    %load/vec4 v0x5986360879e0_0;
    %pushi/vec4 3489660927, 0, 32;
    %and;
    %cmpi/e 2097267, 0, 32;
    %jmp/0xz  T_43.10, 4;
    %pushi/vec4 48, 0, 6;
    %pushi/vec4 0, 0, 4;
    %load/vec4 v0x59863611e060_0;
    %concat/vec4; draw_concat_vec4
    %add;
    %assign/vec4 v0x59863611dc60_0, 0;
    %jmp T_43.11;
T_43.10 ;
    %load/vec4 v0x5986360879e0_0;
    %pushi/vec4 4294967295, 0, 32;
    %and;
    %cmpi/e 1048691, 0, 32;
    %jmp/0xz  T_43.12, 4;
    %pushi/vec4 19, 0, 6;
    %assign/vec4 v0x59863611dc60_0, 0;
    %jmp T_43.13;
T_43.12 ;
    %load/vec4 v0x59863611bc40_0;
    %flag_set/vec4 8;
    %load/vec4 v0x598635fb00d0_0;
    %flag_set/vec4 9;
    %flag_or 9, 8;
    %jmp/0xz  T_43.14, 9;
    %pushi/vec4 18, 0, 6;
    %assign/vec4 v0x59863611dc60_0, 0;
    %jmp T_43.15;
T_43.14 ;
    %load/vec4 v0x598636087060_0;
    %flag_set/vec4 8;
    %load/vec4 v0x59863611d2a0_0;
    %flag_set/vec4 9;
    %flag_or 9, 8;
    %load/vec4 v0x5986360f5e00_0;
    %flag_set/vec4 8;
    %flag_or 8, 9;
    %jmp/0xz  T_43.16, 8;
    %pushi/vec4 52, 0, 6;
    %assign/vec4 v0x59863611dc60_0, 0;
    %jmp T_43.17;
T_43.16 ;
    %pushi/vec4 0, 0, 6;
    %assign/vec4 v0x59863611dc60_0, 0;
T_43.17 ;
T_43.15 ;
T_43.13 ;
T_43.11 ;
T_43.9 ;
T_43.7 ;
    %load/vec4 v0x5986360f5d40_0;
    %load/vec4 v0x598635fd90d0_0;
    %and;
    %flag_set/vec4 8;
    %jmp/0xz  T_43.18, 8;
    %load/vec4 v0x598636087f00_0;
    %assign/vec4 v0x5986360895d0_0, 0;
    %jmp T_43.19;
T_43.18 ;
    %load/vec4 v0x5986360f5d40_0;
    %flag_set/vec4 8;
    %jmp/0xz  T_43.20, 8;
    %load/vec4 v0x5986360df4d0_0;
    %load/vec4 v0x598636087f00_0;
    %or;
    %assign/vec4 v0x5986360895d0_0, 0;
    %jmp T_43.21;
T_43.20 ;
    %load/vec4 v0x598635fd90d0_0;
    %flag_set/vec4 8;
    %jmp/0xz  T_43.22, 8;
    %load/vec4 v0x5986360df4d0_0;
    %load/vec4 v0x598636087f00_0;
    %inv;
    %and;
    %assign/vec4 v0x5986360895d0_0, 0;
T_43.22 ;
T_43.21 ;
T_43.19 ;
    %jmp T_43.3;
T_43.2 ;
    %pushi/vec4 0, 0, 1;
    %assign/vec4 v0x598636118d80_0, 0;
    %pushi/vec4 0, 0, 32;
    %assign/vec4 v0x598636118cc0_0, 0;
    %pushi/vec4 0, 0, 32;
    %assign/vec4 v0x5986360895d0_0, 0;
    %pushi/vec4 0, 0, 6;
    %assign/vec4 v0x59863611dc60_0, 0;
T_43.3 ;
T_43.1 ;
    %jmp T_43;
    .thread T_43;
    .scope S_0x598635d940c0;
T_44 ;
    %wait E_0x5986358e7f10;
    %load/vec4 v0x5986360f6200_0;
    %flag_set/vec4 8;
    %jmp/0xz  T_44.0, 8;
    %pushi/vec4 0, 0, 1;
    %assign/vec4 v0x598636086b20_0, 0;
    %jmp T_44.1;
T_44.0 ;
    %load/vec4 v0x59863611cf20_0;
    %or/r;
    %load/vec4 v0x59863611ce80_0;
    %inv;
    %and;
    %assign/vec4 v0x598636086b20_0, 0;
T_44.1 ;
    %jmp T_44;
    .thread T_44;
    .scope S_0x598635d940c0;
T_45 ;
    %wait E_0x5986358e7f10;
    %load/vec4 v0x5986360f6200_0;
    %flag_set/vec4 8;
    %jmp/0xz  T_45.0, 8;
    %pushi/vec4 0, 0, 1;
    %assign/vec4 v0x598636086560_0, 0;
    %jmp T_45.1;
T_45.0 ;
    %load/vec4 v0x598636087060_0;
    %load/vec4 v0x5986360f5e00_0;
    %or;
    %assign/vec4 v0x598636086560_0, 0;
T_45.1 ;
    %jmp T_45;
    .thread T_45;
    .scope S_0x598635d940c0;
T_46 ;
    %wait E_0x5986358e7f10;
    %load/vec4 v0x5986360f6200_0;
    %flag_set/vec4 8;
    %jmp/0xz  T_46.0, 8;
    %pushi/vec4 0, 0, 1;
    %assign/vec4 v0x59863611d1e0_0, 0;
    %jmp T_46.1;
T_46.0 ;
    %load/vec4 v0x59863611d2a0_0;
    %assign/vec4 v0x59863611d1e0_0, 0;
T_46.1 ;
    %jmp T_46;
    .thread T_46;
    .scope S_0x598635d940c0;
T_47 ;
    %wait E_0x5986358e7f10;
    %load/vec4 v0x5986360f6200_0;
    %flag_set/vec4 8;
    %jmp/0xz  T_47.0, 8;
    %pushi/vec4 0, 0, 32;
    %assign/vec4 v0x598635fe4250_0, 0;
    %pushi/vec4 0, 0, 1;
    %assign/vec4 v0x598635fe4f60_0, 0;
    %pushi/vec4 1, 0, 1;
    %assign/vec4 v0x5986360f66f0_0, 0;
    %jmp T_47.1;
T_47.0 ;
    %load/vec4 v0x5986360f66f0_0;
    %flag_set/vec4 8;
    %jmp/0xz  T_47.2, 8;
    %load/vec4 v0x5986360f6790_0;
    %assign/vec4 v0x598635fe4250_0, 0;
    %pushi/vec4 1, 0, 1;
    %assign/vec4 v0x598635fe4f60_0, 0;
    %pushi/vec4 0, 0, 1;
    %assign/vec4 v0x5986360f66f0_0, 0;
    %jmp T_47.3;
T_47.2 ;
    %load/vec4 v0x598635fb0030_0;
    %assign/vec4 v0x598635fe4f60_0, 0;
    %load/vec4 v0x598636083ac0_0;
    %assign/vec4 v0x598635fe4250_0, 0;
T_47.3 ;
T_47.1 ;
    %jmp T_47;
    .thread T_47;
    .scope S_0x598636238aa0;
T_48 ;
    %wait E_0x598636238f30;
    %load/vec4 v0x59863623a8a0_0;
    %pushi/vec4 4261441663, 0, 32;
    %and;
    %cmpi/e 33562675, 0, 32;
    %jmp/0xz  T_48.0, 4;
    %load/vec4 v0x59863623ad20_0;
    %parti/s 1, 31, 6;
    %load/vec4 v0x59863623ad20_0;
    %concat/vec4; draw_concat_vec4
    %store/vec4 v0x59863623b1d0_0, 0, 33;
    %jmp T_48.1;
T_48.0 ;
    %load/vec4 v0x59863623a8a0_0;
    %pushi/vec4 4261441663, 0, 32;
    %and;
    %cmpi/e 33558579, 0, 32;
    %jmp/0xz  T_48.2, 4;
    %load/vec4 v0x59863623ad20_0;
    %parti/s 1, 31, 6;
    %load/vec4 v0x59863623ad20_0;
    %concat/vec4; draw_concat_vec4
    %store/vec4 v0x59863623b1d0_0, 0, 33;
    %jmp T_48.3;
T_48.2 ;
    %pushi/vec4 0, 0, 1;
    %load/vec4 v0x59863623ad20_0;
    %concat/vec4; draw_concat_vec4
    %store/vec4 v0x59863623b1d0_0, 0, 33;
T_48.3 ;
T_48.1 ;
    %jmp T_48;
    .thread T_48, $push;
    .scope S_0x598636238aa0;
T_49 ;
    %wait E_0x598636238ed0;
    %load/vec4 v0x59863623a8a0_0;
    %pushi/vec4 4261441663, 0, 32;
    %and;
    %cmpi/e 33562675, 0, 32;
    %jmp/0xz  T_49.0, 4;
    %pushi/vec4 0, 0, 1;
    %load/vec4 v0x59863623aec0_0;
    %concat/vec4; draw_concat_vec4
    %store/vec4 v0x59863623b390_0, 0, 33;
    %jmp T_49.1;
T_49.0 ;
    %load/vec4 v0x59863623a8a0_0;
    %pushi/vec4 4261441663, 0, 32;
    %and;
    %cmpi/e 33558579, 0, 32;
    %jmp/0xz  T_49.2, 4;
    %load/vec4 v0x59863623aec0_0;
    %parti/s 1, 31, 6;
    %load/vec4 v0x59863623aec0_0;
    %concat/vec4; draw_concat_vec4
    %store/vec4 v0x59863623b390_0, 0, 33;
    %jmp T_49.3;
T_49.2 ;
    %pushi/vec4 0, 0, 1;
    %load/vec4 v0x59863623aec0_0;
    %concat/vec4; draw_concat_vec4
    %store/vec4 v0x59863623b390_0, 0, 33;
T_49.3 ;
T_49.1 ;
    %jmp T_49;
    .thread T_49, $push;
    .scope S_0x598636238aa0;
T_50 ;
    %wait E_0x5986358e7f10;
    %load/vec4 v0x59863623b710_0;
    %flag_set/vec4 8;
    %jmp/0xz  T_50.0, 8;
    %pushi/vec4 0, 0, 33;
    %assign/vec4 v0x59863623b130_0, 0;
    %pushi/vec4 0, 0, 33;
    %assign/vec4 v0x59863623b2b0_0, 0;
    %pushi/vec4 0, 0, 1;
    %assign/vec4 v0x59863623a590_0, 0;
    %jmp T_50.1;
T_50.0 ;
    %load/vec4 v0x59863623a4f0_0;
    %flag_set/vec4 8;
    %jmp/0xz  T_50.2, 8;
    %jmp T_50.3;
T_50.2 ;
    %load/vec4 v0x59863623b060_0;
    %load/vec4 v0x59863623a630_0;
    %and;
    %flag_set/vec4 8;
    %jmp/0xz  T_50.4, 8;
    %load/vec4 v0x59863623b1d0_0;
    %assign/vec4 v0x59863623b130_0, 0;
    %load/vec4 v0x59863623b390_0;
    %assign/vec4 v0x59863623b2b0_0, 0;
    %load/vec4 v0x59863623a8a0_0;
    %pushi/vec4 4261441663, 0, 32;
    %and;
    %pushi/vec4 33554483, 0, 32;
    %cmp/e;
    %flag_get/vec4 4;
    %inv;
    %assign/vec4 v0x59863623a590_0, 0;
    %jmp T_50.5;
T_50.4 ;
    %pushi/vec4 0, 0, 33;
    %assign/vec4 v0x59863623b130_0, 0;
    %pushi/vec4 0, 0, 33;
    %assign/vec4 v0x59863623b2b0_0, 0;
    %pushi/vec4 0, 0, 1;
    %assign/vec4 v0x59863623a590_0, 0;
T_50.5 ;
T_50.3 ;
T_50.1 ;
    %jmp T_50;
    .thread T_50;
    .scope S_0x598636238aa0;
T_51 ;
    %wait E_0x5986358ae3f0;
    %load/vec4 v0x59863623a590_0;
    %flag_set/vec4 8;
    %jmp/0 T_51.0, 8;
    %load/vec4 v0x59863623a6f0_0;
    %parti/s 32, 32, 7;
    %jmp/1 T_51.1, 8;
T_51.0 ; End of true expr.
    %load/vec4 v0x59863623a6f0_0;
    %parti/s 32, 0, 2;
    %jmp/0 T_51.1, 8;
 ; End of false expr.
    %blend;
T_51.1;
    %store/vec4 v0x59863623b630_0, 0, 32;
    %jmp T_51;
    .thread T_51, $push;
    .scope S_0x598636238aa0;
T_52 ;
    %wait E_0x5986358e7f10;
    %load/vec4 v0x59863623b710_0;
    %flag_set/vec4 8;
    %jmp/0xz  T_52.0, 8;
    %pushi/vec4 0, 0, 32;
    %assign/vec4 v0x59863623b470_0, 0;
    %jmp T_52.1;
T_52.0 ;
    %load/vec4 v0x59863623a4f0_0;
    %inv;
    %flag_set/vec4 8;
    %jmp/0xz  T_52.2, 8;
    %load/vec4 v0x59863623b630_0;
    %assign/vec4 v0x59863623b470_0, 0;
T_52.2 ;
T_52.1 ;
    %jmp T_52;
    .thread T_52;
    .scope S_0x598636238aa0;
T_53 ;
    %wait E_0x5986358e7f10;
    %load/vec4 v0x59863623b710_0;
    %flag_set/vec4 8;
    %jmp/0xz  T_53.0, 8;
    %pushi/vec4 0, 0, 32;
    %assign/vec4 v0x59863623b550_0, 0;
    %jmp T_53.1;
T_53.0 ;
    %load/vec4 v0x59863623a4f0_0;
    %inv;
    %flag_set/vec4 8;
    %jmp/0xz  T_53.2, 8;
    %load/vec4 v0x59863623b470_0;
    %assign/vec4 v0x59863623b550_0, 0;
T_53.2 ;
T_53.1 ;
    %jmp T_53;
    .thread T_53;
    .scope S_0x59863623ba10;
T_54 ;
    %wait E_0x5986358e7f10;
    %load/vec4 v0x59863623eb40_0;
    %flag_set/vec4 8;
    %jmp/0xz  T_54.0, 8;
    %pushi/vec4 0, 0, 3;
    %assign/vec4 v0x59863623ee20_0, 0;
    %pushi/vec4 0, 0, 1;
    %assign/vec4 v0x59863623ef00_0, 0;
    %pushi/vec4 0, 0, 1;
    %assign/vec4 v0x59863623e8c0_0, 0;
    %pushi/vec4 0, 0, 32;
    %assign/vec4 v0x59863623d770_0, 0;
    %pushi/vec4 0, 0, 32;
    %assign/vec4 v0x59863623d850_0, 0;
    %pushi/vec4 0, 0, 5;
    %assign/vec4 v0x59863623e980_0, 0;
    %pushi/vec4 0, 0, 32;
    %assign/vec4 v0x59863623e660_0, 0;
    %pushi/vec4 0, 0, 32;
    %assign/vec4 v0x59863623e700_0, 0;
    %pushi/vec4 0, 0, 32;
    %assign/vec4 v0x59863623e7e0_0, 0;
    %jmp T_54.1;
T_54.0 ;
    %pushi/vec4 0, 0, 1;
    %assign/vec4 v0x59863623ef00_0, 0;
    %load/vec4 v0x59863623ee20_0;
    %dup/vec4;
    %pushi/vec4 0, 0, 3;
    %cmp/u;
    %jmp/1 T_54.2, 6;
    %dup/vec4;
    %pushi/vec4 1, 0, 3;
    %cmp/u;
    %jmp/1 T_54.3, 6;
    %dup/vec4;
    %pushi/vec4 2, 0, 3;
    %cmp/u;
    %jmp/1 T_54.4, 6;
    %dup/vec4;
    %pushi/vec4 3, 0, 3;
    %cmp/u;
    %jmp/1 T_54.5, 6;
    %dup/vec4;
    %pushi/vec4 4, 0, 3;
    %cmp/u;
    %jmp/1 T_54.6, 6;
    %dup/vec4;
    %pushi/vec4 5, 0, 3;
    %cmp/u;
    %jmp/1 T_54.7, 6;
    %pushi/vec4 0, 0, 3;
    %assign/vec4 v0x59863623ee20_0, 0;
    %jmp T_54.9;
T_54.2 ;
    %load/vec4 v0x59863623e590_0;
    %flag_set/vec4 8;
    %jmp/0xz  T_54.10, 8;
    %load/vec4 v0x59863623e4c0_0;
    %assign/vec4 v0x59863623e980_0, 0;
    %load/vec4 v0x59863623e250_0;
    %cmpi/e 0, 0, 32;
    %flag_mov 8, 4;
    %load/vec4 v0x59863623e3f0_0;
    %cmpi/e 0, 0, 32;
    %flag_or 4, 8;
    %jmp/0xz  T_54.12, 4;
    %pushi/vec4 0, 0, 32;
    %assign/vec4 v0x59863623e660_0, 0;
    %pushi/vec4 0, 0, 32;
    %assign/vec4 v0x59863623e700_0, 0;
    %pushi/vec4 0, 0, 32;
    %assign/vec4 v0x59863623e7e0_0, 0;
    %pushi/vec4 1, 0, 1;
    %assign/vec4 v0x59863623e8c0_0, 0;
    %pushi/vec4 5, 0, 3;
    %assign/vec4 v0x59863623ee20_0, 0;
    %jmp T_54.13;
T_54.12 ;
    %pushi/vec4 0, 0, 32;
    %assign/vec4 v0x59863623e660_0, 0;
    %pushi/vec4 0, 0, 32;
    %assign/vec4 v0x59863623e700_0, 0;
    %pushi/vec4 0, 0, 32;
    %assign/vec4 v0x59863623e7e0_0, 0;
    %pushi/vec4 0, 0, 1;
    %assign/vec4 v0x59863623e8c0_0, 0;
    %load/vec4 v0x59863623e250_0;
    %assign/vec4 v0x59863623d770_0, 0;
    %load/vec4 v0x59863623e3f0_0;
    %assign/vec4 v0x59863623d850_0, 0;
    %pushi/vec4 1, 0, 3;
    %assign/vec4 v0x59863623ee20_0, 0;
T_54.13 ;
    %jmp T_54.11;
T_54.10 ;
    %load/vec4 v0x59863623e8c0_0;
    %flag_set/vec4 8;
    %jmp/0xz  T_54.14, 8;
    %pushi/vec4 0, 0, 32;
    %assign/vec4 v0x59863623e660_0, 0;
    %pushi/vec4 0, 0, 32;
    %assign/vec4 v0x59863623e700_0, 0;
    %pushi/vec4 0, 0, 32;
    %assign/vec4 v0x59863623e7e0_0, 0;
    %pushi/vec4 0, 0, 1;
    %assign/vec4 v0x59863623e8c0_0, 0;
T_54.14 ;
T_54.11 ;
    %jmp T_54.9;
T_54.3 ;
    %load/vec4 v0x59863623dc50_0;
    %assign/vec4 v0x59863623e660_0, 0;
    %pushi/vec4 2, 0, 3;
    %assign/vec4 v0x59863623ee20_0, 0;
    %jmp T_54.9;
T_54.4 ;
    %load/vec4 v0x59863623dc50_0;
    %assign/vec4 v0x59863623e700_0, 0;
    %pushi/vec4 3, 0, 3;
    %assign/vec4 v0x59863623ee20_0, 0;
    %jmp T_54.9;
T_54.5 ;
    %load/vec4 v0x59863623dc50_0;
    %assign/vec4 v0x59863623e7e0_0, 0;
    %pushi/vec4 1, 0, 1;
    %assign/vec4 v0x59863623e8c0_0, 0;
    %pushi/vec4 4, 0, 3;
    %assign/vec4 v0x59863623ee20_0, 0;
    %jmp T_54.9;
T_54.6 ;
    %pushi/vec4 1, 0, 1;
    %assign/vec4 v0x59863623ef00_0, 0;
    %pushi/vec4 0, 0, 3;
    %assign/vec4 v0x59863623ee20_0, 0;
    %jmp T_54.9;
T_54.7 ;
    %pushi/vec4 1, 0, 1;
    %assign/vec4 v0x59863623ef00_0, 0;
    %pushi/vec4 0, 0, 3;
    %assign/vec4 v0x59863623ee20_0, 0;
    %jmp T_54.9;
T_54.9 ;
    %pop/vec4 1;
T_54.1 ;
    %jmp T_54;
    .thread T_54;
    .scope S_0x598635d95640;
T_55 ;
    %wait E_0x5986358e8260;
    %load/vec4 v0x598635fd93a0_0;
    %store/vec4 v0x598635fa9c50_0, 0, 2;
    %load/vec4 v0x598635ae6b70_0;
    %store/vec4 v0x598635adebe0_0, 0, 32;
    %load/vec4 v0x598635b7f5b0_0;
    %store/vec4 v0x598635b54510_0, 0, 32;
    %load/vec4 v0x598635c2eba0_0;
    %store/vec4 v0x598635c2ed20_0, 0, 32;
    %load/vec4 v0x598635a16de0_0;
    %store/vec4 v0x5986359d1250_0, 0, 5;
    %load/vec4 v0x598635d91430_0;
    %store/vec4 v0x598636034630_0, 0, 1;
    %pushi/vec4 0, 0, 1;
    %store/vec4 v0x598635b54210_0, 0, 1;
    %load/vec4 v0x598635a17d10_0;
    %store/vec4 v0x598635a16f60_0, 0, 32;
    %load/vec4 v0x59863593f3a0_0;
    %store/vec4 v0x5986358f6a30_0, 0, 5;
    %load/vec4 v0x598635fd93a0_0;
    %dup/vec4;
    %pushi/vec4 0, 0, 2;
    %cmp/u;
    %jmp/1 T_55.0, 6;
    %dup/vec4;
    %pushi/vec4 1, 0, 2;
    %cmp/u;
    %jmp/1 T_55.1, 6;
    %dup/vec4;
    %pushi/vec4 2, 0, 2;
    %cmp/u;
    %jmp/1 T_55.2, 6;
    %pushi/vec4 0, 0, 2;
    %store/vec4 v0x598635fa9c50_0, 0, 2;
    %jmp T_55.4;
T_55.0 ;
    %load/vec4 v0x59863604e150_0;
    %flag_set/vec4 8;
    %jmp/0xz  T_55.5, 8;
    %load/vec4 v0x598635b4a250_0;
    %store/vec4 v0x598635adebe0_0, 0, 32;
    %load/vec4 v0x598635adea60_0;
    %store/vec4 v0x598635b54510_0, 0, 32;
    %pushi/vec4 0, 0, 32;
    %store/vec4 v0x598635c2ed20_0, 0, 32;
    %load/vec4 v0x5986359ff6f0_0;
    %store/vec4 v0x5986359d1250_0, 0, 5;
    %load/vec4 v0x598636183350_0;
    %store/vec4 v0x598636034630_0, 0, 1;
    %load/vec4 v0x598635adea60_0;
    %cmpi/e 0, 0, 32;
    %flag_mov 8, 4;
    %load/vec4 v0x598635b4a250_0;
    %cmpi/e 0, 0, 32;
    %flag_or 4, 8;
    %flag_mov 8, 4;
    %jmp/0 T_55.7, 8;
    %pushi/vec4 2, 0, 2;
    %jmp/1 T_55.8, 8;
T_55.7 ; End of true expr.
    %pushi/vec4 1, 0, 2;
    %jmp/0 T_55.8, 8;
 ; End of false expr.
    %blend;
T_55.8;
    %store/vec4 v0x598635fa9c50_0, 0, 2;
T_55.5 ;
    %jmp T_55.4;
T_55.1 ;
    %load/vec4 v0x59863598aef0_0;
    %flag_set/vec4 8;
    %jmp/0xz  T_55.9, 8;
    %load/vec4 v0x598635c2eba0_0;
    %load/vec4 v0x5986358e71a0_0;
    %add;
    %store/vec4 v0x598635c2ed20_0, 0, 32;
    %load/vec4 v0x598635b54390_0;
    %store/vec4 v0x598635b54510_0, 0, 32;
T_55.9 ;
    %load/vec4 v0x598635baab50_0;
    %flag_set/vec4 8;
    %jmp/0xz  T_55.11, 8;
    %pushi/vec4 2, 0, 2;
    %store/vec4 v0x598635fa9c50_0, 0, 2;
T_55.11 ;
    %jmp T_55.4;
T_55.2 ;
    %pushi/vec4 1, 0, 1;
    %store/vec4 v0x598635b54210_0, 0, 1;
    %load/vec4 v0x598635d91430_0;
    %flag_set/vec4 8;
    %jmp/0 T_55.13, 8;
    %load/vec4 v0x598635c2eba0_0;
    %inv;
    %addi 1, 0, 32;
    %jmp/1 T_55.14, 8;
T_55.13 ; End of true expr.
    %load/vec4 v0x598635c2eba0_0;
    %jmp/0 T_55.14, 8;
 ; End of false expr.
    %blend;
T_55.14;
    %store/vec4 v0x598635a16f60_0, 0, 32;
    %load/vec4 v0x598635a16de0_0;
    %store/vec4 v0x5986358f6a30_0, 0, 5;
    %pushi/vec4 0, 0, 2;
    %store/vec4 v0x598635fa9c50_0, 0, 2;
    %jmp T_55.4;
T_55.4 ;
    %pop/vec4 1;
    %jmp T_55;
    .thread T_55, $push;
    .scope S_0x598635d95640;
T_56 ;
    %wait E_0x5986358e7f10;
    %load/vec4 v0x5986359043a0_0;
    %flag_set/vec4 8;
    %jmp/0xz  T_56.0, 8;
    %pushi/vec4 0, 0, 2;
    %assign/vec4 v0x598635fd93a0_0, 0;
    %pushi/vec4 0, 0, 32;
    %assign/vec4 v0x598635ae6b70_0, 0;
    %pushi/vec4 0, 0, 32;
    %assign/vec4 v0x598635b7f5b0_0, 0;
    %pushi/vec4 0, 0, 32;
    %assign/vec4 v0x598635c2eba0_0, 0;
    %pushi/vec4 0, 0, 5;
    %assign/vec4 v0x598635a16de0_0, 0;
    %pushi/vec4 0, 0, 1;
    %assign/vec4 v0x598635d91430_0, 0;
    %pushi/vec4 0, 0, 1;
    %assign/vec4 v0x598635a29eb0_0, 0;
    %pushi/vec4 0, 0, 32;
    %assign/vec4 v0x598635a17d10_0, 0;
    %pushi/vec4 0, 0, 5;
    %assign/vec4 v0x59863593f3a0_0, 0;
    %jmp T_56.1;
T_56.0 ;
    %load/vec4 v0x598635fa9c50_0;
    %assign/vec4 v0x598635fd93a0_0, 0;
    %load/vec4 v0x598635adebe0_0;
    %assign/vec4 v0x598635ae6b70_0, 0;
    %load/vec4 v0x598635b54510_0;
    %assign/vec4 v0x598635b7f5b0_0, 0;
    %load/vec4 v0x598635c2ed20_0;
    %assign/vec4 v0x598635c2eba0_0, 0;
    %load/vec4 v0x5986359d1250_0;
    %assign/vec4 v0x598635a16de0_0, 0;
    %load/vec4 v0x598636034630_0;
    %assign/vec4 v0x598635d91430_0, 0;
    %load/vec4 v0x598635b54210_0;
    %assign/vec4 v0x598635a29eb0_0, 0;
    %load/vec4 v0x598635a16f60_0;
    %assign/vec4 v0x598635a17d10_0, 0;
    %load/vec4 v0x5986358f6a30_0;
    %assign/vec4 v0x59863593f3a0_0, 0;
T_56.1 ;
    %jmp T_56;
    .thread T_56;
    .scope S_0x59863623f3b0;
T_57 ;
    %wait E_0x5986358e7f10;
    %load/vec4 v0x598636241330_0;
    %flag_set/vec4 8;
    %jmp/0xz  T_57.0, 8;
    %pushi/vec4 0, 0, 33;
    %assign/vec4 v0x598636240e10_0, 0;
    %pushi/vec4 0, 0, 33;
    %assign/vec4 v0x598636240ef0_0, 0;
    %pushi/vec4 0, 0, 1;
    %assign/vec4 v0x5986362410b0_0, 0;
    %pushi/vec4 0, 0, 5;
    %assign/vec4 v0x598636240fd0_0, 0;
    %jmp T_57.1;
T_57.0 ;
    %load/vec4 v0x598636240bc0_0;
    %load/vec4 v0x5986362403d0_0;
    %and;
    %flag_set/vec4 8;
    %jmp/0xz  T_57.2, 8;
    %load/vec4 v0x598636240c90_0;
    %assign/vec4 v0x598636240e10_0, 0;
    %load/vec4 v0x598636240d30_0;
    %assign/vec4 v0x598636240ef0_0, 0;
    %pushi/vec4 1, 0, 1;
    %assign/vec4 v0x5986362410b0_0, 0;
    %load/vec4 v0x598636240af0_0;
    %assign/vec4 v0x598636240fd0_0, 0;
    %jmp T_57.3;
T_57.2 ;
    %pushi/vec4 0, 0, 33;
    %assign/vec4 v0x598636240e10_0, 0;
    %pushi/vec4 0, 0, 33;
    %assign/vec4 v0x598636240ef0_0, 0;
    %pushi/vec4 0, 0, 1;
    %assign/vec4 v0x5986362410b0_0, 0;
    %pushi/vec4 0, 0, 5;
    %assign/vec4 v0x598636240fd0_0, 0;
T_57.3 ;
T_57.1 ;
    %jmp T_57;
    .thread T_57;
    .scope S_0x59863623f3b0;
T_58 ;
    %wait E_0x5986358e7f10;
    %load/vec4 v0x598636241330_0;
    %flag_set/vec4 8;
    %jmp/0xz  T_58.0, 8;
    %pushi/vec4 0, 0, 5;
    %assign/vec4 v0x5986362415e0_0, 0;
    %pushi/vec4 0, 0, 160;
    %assign/vec4 v0x598636241250_0, 0;
    %pushi/vec4 0, 0, 25;
    %assign/vec4 v0x598636241170_0, 0;
    %jmp T_58.1;
T_58.0 ;
    %load/vec4 v0x5986362410b0_0;
    %load/vec4 v0x5986362415e0_0;
    %parti/s 4, 1, 2;
    %concat/vec4; draw_concat_vec4
    %assign/vec4 v0x5986362415e0_0, 0;
    %load/vec4 v0x598636240490_0;
    %load/vec4 v0x598636241250_0;
    %parti/s 128, 32, 7;
    %concat/vec4; draw_concat_vec4
    %assign/vec4 v0x598636241250_0, 0;
    %load/vec4 v0x598636240fd0_0;
    %load/vec4 v0x598636241170_0;
    %parti/s 20, 5, 4;
    %concat/vec4; draw_concat_vec4
    %assign/vec4 v0x598636241170_0, 0;
T_58.1 ;
    %jmp T_58;
    .thread T_58;
    .scope S_0x598635d960d0;
T_59 ;
    %wait E_0x5986358e7f10;
    %load/vec4 v0x598636031770_0;
    %flag_set/vec4 8;
    %jmp/0xz  T_59.0, 8;
    %pushi/vec4 0, 0, 1;
    %assign/vec4 v0x598635f994d0_0, 0;
    %pushi/vec4 0, 0, 32;
    %assign/vec4 v0x598635dd0a50_0, 0;
    %pushi/vec4 0, 0, 63;
    %assign/vec4 v0x598635dd0630_0, 0;
    %pushi/vec4 0, 0, 1;
    %assign/vec4 v0x598635ebb880_0, 0;
    %pushi/vec4 0, 0, 32;
    %assign/vec4 v0x5986360329b0_0, 0;
    %pushi/vec4 0, 0, 32;
    %assign/vec4 v0x598635ffbfa0_0, 0;
    %pushi/vec4 0, 0, 1;
    %assign/vec4 v0x598635f97910_0, 0;
    %pushi/vec4 0, 0, 32;
    %assign/vec4 v0x598635dd1430_0, 0;
    %pushi/vec4 0, 0, 32;
    %assign/vec4 v0x598635dd1030_0, 0;
    %pushi/vec4 0, 0, 1;
    %assign/vec4 v0x59863616d8f0_0, 0;
    %pushi/vec4 0, 0, 1;
    %assign/vec4 v0x59863616d9b0_0, 0;
    %pushi/vec4 0, 0, 1;
    %assign/vec4 v0x5986361610f0_0, 0;
    %pushi/vec4 0, 0, 1;
    %assign/vec4 v0x5986361611b0_0, 0;
    %jmp T_59.1;
T_59.0 ;
    %load/vec4 v0x598635dd0990_0;
    %flag_set/vec4 8;
    %jmp/0xz  T_59.2, 8;
    %load/vec4 v0x598635dd1430_0;
    %load/vec4 v0x59863614b5f0_0;
    %cmp/e;
    %flag_get/vec4 4;
    %load/vec4 v0x598635dd1030_0;
    %load/vec4 v0x59863614b010_0;
    %cmp/e;
    %flag_get/vec4 4;
    %and;
    %load/vec4 v0x59863616d8f0_0;
    %load/vec4 v0x598635dd06f0_0;
    %cmp/e;
    %flag_get/vec4 4;
    %and;
    %load/vec4 v0x59863616d9b0_0;
    %load/vec4 v0x598635f95b90_0;
    %cmp/e;
    %flag_get/vec4 4;
    %and;
    %load/vec4 v0x5986361610f0_0;
    %load/vec4 v0x598635f95c50_0;
    %cmp/e;
    %flag_get/vec4 4;
    %and;
    %load/vec4 v0x5986361611b0_0;
    %load/vec4 v0x598635ebb7e0_0;
    %cmp/e;
    %flag_get/vec4 4;
    %and;
    %flag_set/vec4 8;
    %jmp/0xz  T_59.4, 8;
    %pushi/vec4 1, 0, 1;
    %assign/vec4 v0x598635f994d0_0, 0;
    %jmp T_59.5;
T_59.4 ;
    %load/vec4 v0x59863614b5f0_0;
    %assign/vec4 v0x598635dd1430_0, 0;
    %load/vec4 v0x59863614b010_0;
    %assign/vec4 v0x598635dd1030_0, 0;
    %load/vec4 v0x598635dd06f0_0;
    %assign/vec4 v0x59863616d8f0_0, 0;
    %load/vec4 v0x598635f95b90_0;
    %assign/vec4 v0x59863616d9b0_0, 0;
    %load/vec4 v0x598635f95c50_0;
    %assign/vec4 v0x5986361610f0_0, 0;
    %load/vec4 v0x598635ebb7e0_0;
    %assign/vec4 v0x5986361611b0_0, 0;
    %pushi/vec4 1, 0, 1;
    %assign/vec4 v0x598635f994d0_0, 0;
    %load/vec4 v0x598635f97470_0;
    %assign/vec4 v0x598635f97910_0, 0;
    %load/vec4 v0x598636031810_0;
    %load/vec4 v0x59863614b5f0_0;
    %parti/s 1, 31, 6;
    %and;
    %flag_set/vec4 8;
    %jmp/0xz  T_59.6, 8;
    %load/vec4 v0x59863614b5f0_0;
    %inv;
    %pushi/vec4 1, 0, 32;
    %add;
    %assign/vec4 v0x598635dd0a50_0, 0;
    %jmp T_59.7;
T_59.6 ;
    %load/vec4 v0x59863614b5f0_0;
    %assign/vec4 v0x598635dd0a50_0, 0;
T_59.7 ;
    %load/vec4 v0x598636031810_0;
    %load/vec4 v0x59863614b010_0;
    %parti/s 1, 31, 6;
    %and;
    %flag_set/vec4 8;
    %jmp/0xz  T_59.8, 8;
    %load/vec4 v0x59863614b010_0;
    %inv;
    %pushi/vec4 1, 0, 32;
    %add;
    %concati/vec4 0, 0, 31;
    %assign/vec4 v0x598635dd0630_0, 0;
    %jmp T_59.9;
T_59.8 ;
    %load/vec4 v0x59863614b010_0;
    %concati/vec4 0, 0, 31;
    %assign/vec4 v0x598635dd0630_0, 0;
T_59.9 ;
    %load/vec4 v0x598636160cf0_0;
    %pushi/vec4 4261441663, 0, 32;
    %and;
    %pushi/vec4 33570867, 0, 32;
    %cmp/e;
    %flag_get/vec4 4;
    %load/vec4 v0x59863614b5f0_0;
    %parti/s 1, 31, 6;
    %load/vec4 v0x59863614b010_0;
    %parti/s 1, 31, 6;
    %cmp/ne;
    %flag_get/vec4 4;
    %and;
    %load/vec4 v0x59863614b010_0;
    %or/r;
    %and;
    %load/vec4 v0x598636160cf0_0;
    %pushi/vec4 4261441663, 0, 32;
    %and;
    %pushi/vec4 33579059, 0, 32;
    %cmp/e;
    %flag_get/vec4 4;
    %load/vec4 v0x59863614b5f0_0;
    %parti/s 1, 31, 6;
    %and;
    %or;
    %assign/vec4 v0x598635ebb880_0, 0;
    %pushi/vec4 0, 0, 32;
    %assign/vec4 v0x5986360329b0_0, 0;
    %pushi/vec4 2147483648, 0, 32;
    %assign/vec4 v0x598635ffbfa0_0, 0;
T_59.5 ;
    %jmp T_59.3;
T_59.2 ;
    %load/vec4 v0x598635f97850_0;
    %flag_set/vec4 8;
    %jmp/0xz  T_59.10, 8;
    %pushi/vec4 0, 0, 1;
    %assign/vec4 v0x598635f994d0_0, 0;
    %jmp T_59.11;
T_59.10 ;
    %load/vec4 v0x598635f994d0_0;
    %flag_set/vec4 8;
    %jmp/0xz  T_59.12, 8;
    %load/vec4 v0x598635dd0630_0;
    %pushi/vec4 0, 0, 31;
    %load/vec4 v0x598635dd0a50_0;
    %concat/vec4; draw_concat_vec4
    %cmp/u;
    %flag_or 5, 4;
    %jmp/0xz  T_59.14, 5;
    %load/vec4 v0x598635dd0a50_0;
    %load/vec4 v0x598635dd0630_0;
    %parti/s 32, 0, 2;
    %sub;
    %assign/vec4 v0x598635dd0a50_0, 0;
    %load/vec4 v0x5986360329b0_0;
    %load/vec4 v0x598635ffbfa0_0;
    %or;
    %assign/vec4 v0x5986360329b0_0, 0;
T_59.14 ;
    %pushi/vec4 0, 0, 1;
    %load/vec4 v0x598635dd0630_0;
    %parti/s 62, 1, 2;
    %concat/vec4; draw_concat_vec4
    %assign/vec4 v0x598635dd0630_0, 0;
    %pushi/vec4 0, 0, 1;
    %load/vec4 v0x598635ffbfa0_0;
    %parti/s 31, 1, 2;
    %concat/vec4; draw_concat_vec4
    %assign/vec4 v0x598635ffbfa0_0, 0;
T_59.12 ;
T_59.11 ;
T_59.3 ;
T_59.1 ;
    %jmp T_59;
    .thread T_59;
    .scope S_0x598635d960d0;
T_60 ;
    %wait E_0x5986361326b0;
    %pushi/vec4 0, 0, 32;
    %store/vec4 v0x598635dd0d70_0, 0, 32;
    %load/vec4 v0x598635f97910_0;
    %flag_set/vec4 8;
    %jmp/0xz  T_60.0, 8;
    %load/vec4 v0x598635ebb880_0;
    %flag_set/vec4 8;
    %jmp/0 T_60.2, 8;
    %load/vec4 v0x5986360329b0_0;
    %inv;
    %pushi/vec4 1, 0, 32;
    %add;
    %jmp/1 T_60.3, 8;
T_60.2 ; End of true expr.
    %load/vec4 v0x5986360329b0_0;
    %jmp/0 T_60.3, 8;
 ; End of false expr.
    %blend;
T_60.3;
    %store/vec4 v0x598635dd0d70_0, 0, 32;
    %jmp T_60.1;
T_60.0 ;
    %load/vec4 v0x598635ebb880_0;
    %flag_set/vec4 8;
    %jmp/0 T_60.4, 8;
    %load/vec4 v0x598635dd0a50_0;
    %inv;
    %pushi/vec4 1, 0, 32;
    %add;
    %jmp/1 T_60.5, 8;
T_60.4 ; End of true expr.
    %load/vec4 v0x598635dd0a50_0;
    %jmp/0 T_60.5, 8;
 ; End of false expr.
    %blend;
T_60.5;
    %store/vec4 v0x598635dd0d70_0, 0, 32;
T_60.1 ;
    %jmp T_60;
    .thread T_60, $push;
    .scope S_0x598635d960d0;
T_61 ;
    %wait E_0x5986358e7f10;
    %load/vec4 v0x598636031770_0;
    %flag_set/vec4 8;
    %jmp/0xz  T_61.0, 8;
    %pushi/vec4 0, 0, 1;
    %assign/vec4 v0x59863600a9a0_0, 0;
    %jmp T_61.1;
T_61.0 ;
    %load/vec4 v0x598635f97850_0;
    %assign/vec4 v0x59863600a9a0_0, 0;
T_61.1 ;
    %jmp T_61;
    .thread T_61;
    .scope S_0x598635d960d0;
T_62 ;
    %wait E_0x5986358e7f10;
    %load/vec4 v0x598636031770_0;
    %flag_set/vec4 8;
    %jmp/0xz  T_62.0, 8;
    %pushi/vec4 0, 0, 32;
    %assign/vec4 v0x59863600aa60_0, 0;
    %jmp T_62.1;
T_62.0 ;
    %load/vec4 v0x598635f97850_0;
    %flag_set/vec4 8;
    %jmp/0xz  T_62.2, 8;
    %load/vec4 v0x598635dd0d70_0;
    %assign/vec4 v0x59863600aa60_0, 0;
T_62.2 ;
T_62.1 ;
    %jmp T_62;
    .thread T_62;
    .scope S_0x5986361e01d0;
T_63 ;
    %wait E_0x5986358e7f10;
    %load/vec4 v0x5986361e6c40_0;
    %flag_set/vec4 8;
    %jmp/0xz  T_63.0, 8;
    %pushi/vec4 0, 0, 1;
    %assign/vec4 v0x5986361e71e0_0, 0;
    %pushi/vec4 0, 0, 13;
    %assign/vec4 v0x5986361e3140_0, 0;
    %pushi/vec4 0, 0, 32;
    %assign/vec4 v0x5986361e5cb0_0, 0;
    %pushi/vec4 0, 0, 32;
    %assign/vec4 v0x5986361e50d0_0, 0;
    %pushi/vec4 0, 0, 32;
    %assign/vec4 v0x5986361e5350_0, 0;
    %pushi/vec4 0, 0, 32;
    %assign/vec4 v0x5986361e5670_0, 0;
    %pushi/vec4 0, 0, 32;
    %assign/vec4 v0x5986361e5990_0, 0;
    %pushi/vec4 0, 0, 6;
    %assign/vec4 v0x5986361e3910_0, 0;
    %jmp T_63.1;
T_63.0 ;
    %load/vec4 v0x5986361e4770_0;
    %flag_set/vec4 8;
    %jmp/0xz  T_63.2, 8;
    %jmp T_63.3;
T_63.2 ;
    %load/vec4 v0x5986361e4810_0;
    %load/vec4 v0x5986361e3c30_0;
    %and;
    %load/vec4 v0x5986361e6d80_0;
    %load/vec4 v0x5986361e6ce0_0;
    %or;
    %inv;
    %and;
    %flag_set/vec4 8;
    %jmp/0xz  T_63.4, 8;
    %pushi/vec4 1, 0, 1;
    %assign/vec4 v0x5986361e71e0_0, 0;
    %load/vec4 v0x5986361e4130_0;
    %load/vec4 v0x5986361e3f50_0;
    %or;
    %load/vec4 v0x5986361e3ff0_0;
    %or;
    %load/vec4 v0x5986361e41d0_0;
    %or;
    %load/vec4 v0x5986361e4270_0;
    %or;
    %load/vec4 v0x5986361e3eb0_0;
    %or;
    %load/vec4 v0x5986361e4310_0;
    %or;
    %inv;
    %ix/load 4, 0, 0;
    %ix/load 5, 0, 0;
    %flag_set/imm 4, 0;
    %assign/vec4/off/d v0x5986361e3140_0, 4, 5;
    %load/vec4 v0x5986361e4130_0;
    %load/vec4 v0x5986361e46d0_0;
    %and;
    %load/vec4 v0x5986361e7140_0;
    %inv;
    %and;
    %ix/load 4, 1, 0;
    %ix/load 5, 0, 0;
    %flag_set/imm 4, 0;
    %assign/vec4/off/d v0x5986361e3140_0, 4, 5;
    %load/vec4 v0x5986361e4130_0;
    %load/vec4 v0x5986361e46d0_0;
    %inv;
    %and;
    %load/vec4 v0x5986361e7140_0;
    %inv;
    %and;
    %ix/load 4, 2, 0;
    %ix/load 5, 0, 0;
    %flag_set/imm 4, 0;
    %assign/vec4/off/d v0x5986361e3140_0, 4, 5;
    %load/vec4 v0x5986361e3f50_0;
    %load/vec4 v0x5986361e7140_0;
    %inv;
    %and;
    %ix/load 4, 3, 0;
    %ix/load 5, 0, 0;
    %flag_set/imm 4, 0;
    %assign/vec4/off/d v0x5986361e3140_0, 4, 5;
    %load/vec4 v0x5986361e3ff0_0;
    %load/vec4 v0x5986361e7140_0;
    %inv;
    %and;
    %ix/load 4, 4, 0;
    %ix/load 5, 0, 0;
    %flag_set/imm 4, 0;
    %assign/vec4/off/d v0x5986361e3140_0, 4, 5;
    %load/vec4 v0x5986361e41d0_0;
    %load/vec4 v0x5986361e7140_0;
    %inv;
    %and;
    %ix/load 4, 5, 0;
    %ix/load 5, 0, 0;
    %flag_set/imm 4, 0;
    %assign/vec4/off/d v0x5986361e3140_0, 4, 5;
    %load/vec4 v0x5986361e4270_0;
    %load/vec4 v0x5986361e7140_0;
    %inv;
    %and;
    %ix/load 4, 10, 0;
    %ix/load 5, 0, 0;
    %flag_set/imm 4, 0;
    %assign/vec4/off/d v0x5986361e3140_0, 4, 5;
    %load/vec4 v0x5986361e3eb0_0;
    %load/vec4 v0x5986361e7140_0;
    %inv;
    %and;
    %ix/load 4, 11, 0;
    %ix/load 5, 0, 0;
    %flag_set/imm 4, 0;
    %assign/vec4/off/d v0x5986361e3140_0, 4, 5;
    %load/vec4 v0x5986361e4310_0;
    %load/vec4 v0x5986361e7140_0;
    %inv;
    %and;
    %ix/load 4, 12, 0;
    %ix/load 5, 0, 0;
    %flag_set/imm 4, 0;
    %assign/vec4/off/d v0x5986361e3140_0, 4, 5;
    %load/vec4 v0x5986361e3cd0_0;
    %load/vec4 v0x5986361e7140_0;
    %inv;
    %and;
    %ix/load 4, 6, 0;
    %ix/load 5, 0, 0;
    %flag_set/imm 4, 0;
    %assign/vec4/off/d v0x5986361e3140_0, 4, 5;
    %load/vec4 v0x5986361e46d0_0;
    %load/vec4 v0x5986361e7140_0;
    %inv;
    %and;
    %ix/load 4, 7, 0;
    %ix/load 5, 0, 0;
    %flag_set/imm 4, 0;
    %assign/vec4/off/d v0x5986361e3140_0, 4, 5;
    %load/vec4 v0x5986361e7140_0;
    %ix/load 4, 8, 0;
    %ix/load 5, 0, 0;
    %flag_set/imm 4, 0;
    %assign/vec4/off/d v0x5986361e3140_0, 4, 5;
    %pushi/vec4 1, 0, 1;
    %ix/load 4, 9, 0;
    %ix/load 5, 0, 0;
    %flag_set/imm 4, 0;
    %assign/vec4/off/d v0x5986361e3140_0, 4, 5;
    %load/vec4 v0x5986361e4590_0;
    %assign/vec4 v0x5986361e5cb0_0, 0;
    %load/vec4 v0x5986361e3d70_0;
    %flag_set/vec4 8;
    %jmp/0 T_63.6, 8;
    %load/vec4 v0x5986361e3e10_0;
    %jmp/1 T_63.7, 8;
T_63.6 ; End of true expr.
    %load/vec4 v0x5986361e4590_0;
    %addi 4, 0, 32;
    %jmp/0 T_63.7, 8;
 ; End of false expr.
    %blend;
T_63.7;
    %assign/vec4 v0x5986361e50d0_0, 0;
    %load/vec4 v0x5986361e43b0_0;
    %assign/vec4 v0x5986361e5350_0, 0;
    %load/vec4 v0x5986361e4450_0;
    %assign/vec4 v0x5986361e5670_0, 0;
    %load/vec4 v0x5986361e44f0_0;
    %assign/vec4 v0x5986361e5990_0, 0;
    %load/vec4 v0x5986361e4090_0;
    %or/r;
    %flag_set/vec4 8;
    %jmp/0 T_63.8, 8;
    %load/vec4 v0x5986361e4090_0;
    %jmp/1 T_63.9, 8;
T_63.8 ; End of true expr.
    %load/vec4 v0x5986361e2600_0;
    %flag_set/vec4 9;
    %jmp/0 T_63.10, 9;
    %pushi/vec4 16, 0, 6;
    %jmp/1 T_63.11, 9;
T_63.10 ; End of true expr.
    %pushi/vec4 0, 0, 6;
    %jmp/0 T_63.11, 9;
 ; End of false expr.
    %blend;
T_63.11;
    %jmp/0 T_63.9, 8;
 ; End of false expr.
    %blend;
T_63.9;
    %assign/vec4 v0x5986361e3910_0, 0;
    %jmp T_63.5;
T_63.4 ;
    %pushi/vec4 0, 0, 1;
    %assign/vec4 v0x5986361e71e0_0, 0;
    %pushi/vec4 0, 0, 13;
    %assign/vec4 v0x5986361e3140_0, 0;
    %pushi/vec4 0, 0, 32;
    %assign/vec4 v0x5986361e5cb0_0, 0;
    %pushi/vec4 0, 0, 32;
    %assign/vec4 v0x5986361e50d0_0, 0;
    %pushi/vec4 0, 0, 32;
    %assign/vec4 v0x5986361e5350_0, 0;
    %pushi/vec4 0, 0, 32;
    %assign/vec4 v0x5986361e5670_0, 0;
    %pushi/vec4 0, 0, 32;
    %assign/vec4 v0x5986361e5990_0, 0;
    %pushi/vec4 0, 0, 6;
    %assign/vec4 v0x5986361e3910_0, 0;
T_63.5 ;
T_63.3 ;
T_63.1 ;
    %jmp T_63;
    .thread T_63;
    .scope S_0x5986361e01d0;
T_64 ;
    %wait E_0x5986358e7f10;
    %load/vec4 v0x5986361e6c40_0;
    %flag_set/vec4 8;
    %jmp/0xz  T_64.0, 8;
    %pushi/vec4 0, 0, 1;
    %assign/vec4 v0x5986361e7280_0, 0;
    %pushi/vec4 0, 0, 13;
    %assign/vec4 v0x5986361e31e0_0, 0;
    %pushi/vec4 0, 0, 1;
    %assign/vec4 v0x5986361e2f60_0, 0;
    %pushi/vec4 0, 0, 32;
    %assign/vec4 v0x5986361e2d80_0, 0;
    %pushi/vec4 0, 0, 32;
    %assign/vec4 v0x5986361e5d50_0, 0;
    %pushi/vec4 0, 0, 32;
    %assign/vec4 v0x5986361e5170_0, 0;
    %pushi/vec4 0, 0, 32;
    %assign/vec4 v0x5986361e53f0_0, 0;
    %pushi/vec4 0, 0, 32;
    %assign/vec4 v0x5986361e5710_0, 0;
    %pushi/vec4 0, 0, 32;
    %assign/vec4 v0x5986361e5a30_0, 0;
    %pushi/vec4 0, 0, 32;
    %assign/vec4 v0x5986361e69c0_0, 0;
    %pushi/vec4 0, 0, 6;
    %assign/vec4 v0x5986361e39b0_0, 0;
    %jmp T_64.1;
T_64.0 ;
    %load/vec4 v0x5986361e4770_0;
    %flag_set/vec4 8;
    %jmp/0xz  T_64.2, 8;
    %jmp T_64.3;
T_64.2 ;
    %load/vec4 v0x5986361e6d80_0;
    %flag_set/vec4 8;
    %load/vec4 v0x5986361e6ce0_0;
    %flag_set/vec4 9;
    %flag_or 9, 8;
    %jmp/0xz  T_64.4, 9;
    %pushi/vec4 0, 0, 1;
    %assign/vec4 v0x5986361e7280_0, 0;
    %pushi/vec4 0, 0, 13;
    %assign/vec4 v0x5986361e31e0_0, 0;
    %pushi/vec4 0, 0, 1;
    %assign/vec4 v0x5986361e2f60_0, 0;
    %pushi/vec4 0, 0, 32;
    %assign/vec4 v0x5986361e2d80_0, 0;
    %pushi/vec4 0, 0, 32;
    %assign/vec4 v0x5986361e5d50_0, 0;
    %pushi/vec4 0, 0, 32;
    %assign/vec4 v0x5986361e5170_0, 0;
    %pushi/vec4 0, 0, 32;
    %assign/vec4 v0x5986361e53f0_0, 0;
    %pushi/vec4 0, 0, 32;
    %assign/vec4 v0x5986361e5710_0, 0;
    %pushi/vec4 0, 0, 32;
    %assign/vec4 v0x5986361e5a30_0, 0;
    %pushi/vec4 0, 0, 32;
    %assign/vec4 v0x5986361e69c0_0, 0;
    %pushi/vec4 0, 0, 6;
    %assign/vec4 v0x5986361e39b0_0, 0;
    %jmp T_64.5;
T_64.4 ;
    %load/vec4 v0x5986361e71e0_0;
    %assign/vec4 v0x5986361e7280_0, 0;
    %load/vec4 v0x5986361e3140_0;
    %assign/vec4 v0x5986361e31e0_0, 0;
    %load/vec4 v0x5986361e2ba0_0;
    %assign/vec4 v0x5986361e2f60_0, 0;
    %load/vec4 v0x5986361e2b00_0;
    %assign/vec4 v0x5986361e2d80_0, 0;
    %load/vec4 v0x5986361e5cb0_0;
    %assign/vec4 v0x5986361e5d50_0, 0;
    %load/vec4 v0x5986361e50d0_0;
    %assign/vec4 v0x5986361e5170_0, 0;
    %load/vec4 v0x5986361e5350_0;
    %assign/vec4 v0x5986361e53f0_0, 0;
    %load/vec4 v0x5986361e5670_0;
    %assign/vec4 v0x5986361e5710_0, 0;
    %load/vec4 v0x5986361e5990_0;
    %assign/vec4 v0x5986361e5a30_0, 0;
    %load/vec4 v0x5986361e3140_0;
    %parti/s 1, 8, 5;
    %flag_set/vec4 8;
    %jmp/0xz  T_64.6, 8;
    %pushi/vec4 32, 0, 6;
    %assign/vec4 v0x5986361e39b0_0, 0;
    %jmp T_64.7;
T_64.6 ;
    %load/vec4 v0x5986361e3910_0;
    %or/r;
    %flag_set/vec4 8;
    %jmp/0xz  T_64.8, 8;
    %pushi/vec4 0, 0, 1;
    %assign/vec4 v0x5986361e7280_0, 0;
    %load/vec4 v0x5986361e3910_0;
    %assign/vec4 v0x5986361e39b0_0, 0;
    %jmp T_64.9;
T_64.8 ;
    %load/vec4 v0x5986361e29c0_0;
    %assign/vec4 v0x5986361e39b0_0, 0;
T_64.9 ;
T_64.7 ;
    %load/vec4 v0x5986361e3140_0;
    %parti/s 1, 4, 4;
    %flag_set/vec4 8;
    %jmp/0xz  T_64.10, 8;
    %load/vec4 v0x5986361e3870_0;
    %assign/vec4 v0x5986361e69c0_0, 0;
    %jmp T_64.11;
T_64.10 ;
    %load/vec4 v0x5986361e3140_0;
    %parti/s 1, 10, 5;
    %flag_set/vec4 8;
    %jmp/0xz  T_64.12, 8;
    %load/vec4 v0x5986361e4ef0_0;
    %assign/vec4 v0x5986361e69c0_0, 0;
    %jmp T_64.13;
T_64.12 ;
    %load/vec4 v0x5986361e3140_0;
    %parti/s 1, 11, 5;
    %flag_set/vec4 8;
    %jmp/0xz  T_64.14, 8;
    %load/vec4 v0x5986361e2740_0;
    %assign/vec4 v0x5986361e69c0_0, 0;
    %jmp T_64.15;
T_64.14 ;
    %load/vec4 v0x5986361e3140_0;
    %parti/s 1, 12, 5;
    %flag_set/vec4 8;
    %jmp/0xz  T_64.16, 8;
    %load/vec4 v0x5986361e5030_0;
    %assign/vec4 v0x5986361e69c0_0, 0;
    %jmp T_64.17;
T_64.16 ;
    %load/vec4 v0x5986361e3140_0;
    %parti/s 1, 3, 3;
    %flag_set/vec4 8;
    %jmp/0xz  T_64.18, 8;
    %load/vec4 v0x5986361e2a60_0;
    %assign/vec4 v0x5986361e69c0_0, 0;
    %jmp T_64.19;
T_64.18 ;
    %load/vec4 v0x5986361e24c0_0;
    %assign/vec4 v0x5986361e69c0_0, 0;
T_64.19 ;
T_64.17 ;
T_64.15 ;
T_64.13 ;
T_64.11 ;
T_64.5 ;
T_64.3 ;
T_64.1 ;
    %jmp T_64;
    .thread T_64;
    .scope S_0x5986361e01d0;
T_65 ;
    %wait E_0x598635962d00;
    %load/vec4 v0x5986361e69c0_0;
    %store/vec4 v0x5986361e6a60_0, 0, 32;
    %pushi/vec4 1, 0, 1;
    %load/vec4 v0x5986361e7320_0;
    %and;
    %load/vec4 v0x5986361e31e0_0;
    %parti/s 1, 1, 2;
    %load/vec4 v0x5986361e31e0_0;
    %parti/s 1, 2, 3;
    %or;
    %and;
    %flag_set/vec4 8;
    %jmp/0xz  T_65.0, 8;
    %load/vec4 v0x5986361e4bd0_0;
    %store/vec4 v0x5986361e6a60_0, 0, 32;
    %jmp T_65.1;
T_65.0 ;
    %pushi/vec4 1, 0, 1;
    %load/vec4 v0x5986361e7320_0;
    %and;
    %load/vec4 v0x5986361e31e0_0;
    %parti/s 1, 5, 4;
    %and;
    %flag_set/vec4 8;
    %jmp/0xz  T_65.2, 8;
    %load/vec4 v0x5986361e4db0_0;
    %store/vec4 v0x5986361e6a60_0, 0, 32;
T_65.2 ;
T_65.1 ;
    %jmp T_65;
    .thread T_65, $push;
    .scope S_0x5986361e01d0;
T_66 ;
    %wait E_0x598635962cc0;
    %load/vec4 v0x5986361e7280_0;
    %load/vec4 v0x5986361e31e0_0;
    %parti/s 1, 1, 2;
    %load/vec4 v0x5986361e31e0_0;
    %parti/s 1, 2, 3;
    %or;
    %and;
    %load/vec4 v0x5986361e4a90_0;
    %and;
    %flag_set/vec4 8;
    %jmp/0xz  T_66.0, 8;
    %load/vec4 v0x5986361e4b30_0;
    %store/vec4 v0x5986361e3a50_0, 0, 6;
    %jmp T_66.1;
T_66.0 ;
    %load/vec4 v0x5986361e39b0_0;
    %store/vec4 v0x5986361e3a50_0, 0, 6;
T_66.1 ;
    %jmp T_66;
    .thread T_66, $push;
    .scope S_0x5986361e01d0;
T_67 ;
    %wait E_0x5986358e7f10;
    %load/vec4 v0x5986361e6c40_0;
    %flag_set/vec4 8;
    %jmp/0xz  T_67.0, 8;
    %pushi/vec4 0, 0, 1;
    %assign/vec4 v0x5986361e6e20_0, 0;
    %jmp T_67.1;
T_67.0 ;
    %load/vec4 v0x5986361e4770_0;
    %inv;
    %flag_set/vec4 8;
    %jmp/0xz  T_67.2, 8;
    %load/vec4 v0x5986361e6ec0_0;
    %assign/vec4 v0x5986361e6e20_0, 0;
T_67.2 ;
T_67.1 ;
    %jmp T_67;
    .thread T_67;
    .scope S_0x5986361e01d0;
T_68 ;
    %wait E_0x5986358e7f10;
    %load/vec4 v0x5986361e6c40_0;
    %flag_set/vec4 8;
    %jmp/0xz  T_68.0, 8;
    %pushi/vec4 0, 0, 1;
    %assign/vec4 v0x5986361e7460_0, 0;
    %pushi/vec4 0, 0, 13;
    %assign/vec4 v0x5986361e3690_0, 0;
    %pushi/vec4 0, 0, 1;
    %assign/vec4 v0x5986361e3000_0, 0;
    %pushi/vec4 0, 0, 32;
    %assign/vec4 v0x5986361e2ec0_0, 0;
    %pushi/vec4 0, 0, 32;
    %assign/vec4 v0x5986361e66a0_0, 0;
    %pushi/vec4 0, 0, 32;
    %assign/vec4 v0x5986361e5210_0, 0;
    %pushi/vec4 0, 0, 32;
    %assign/vec4 v0x5986361e5530_0, 0;
    %pushi/vec4 0, 0, 32;
    %assign/vec4 v0x5986361e5850_0, 0;
    %pushi/vec4 0, 0, 32;
    %assign/vec4 v0x5986361e5b70_0, 0;
    %pushi/vec4 0, 0, 32;
    %assign/vec4 v0x5986361e6ba0_0, 0;
    %pushi/vec4 0, 0, 6;
    %assign/vec4 v0x5986361e3b90_0, 0;
    %jmp T_68.1;
T_68.0 ;
    %load/vec4 v0x5986361e4770_0;
    %flag_set/vec4 8;
    %jmp/0xz  T_68.2, 8;
    %jmp T_68.3;
T_68.2 ;
    %load/vec4 v0x5986361e6f60_0;
    %flag_set/vec4 8;
    %jmp/0xz  T_68.4, 8;
    %pushi/vec4 0, 0, 1;
    %assign/vec4 v0x5986361e7460_0, 0;
    %pushi/vec4 0, 0, 13;
    %assign/vec4 v0x5986361e3690_0, 0;
    %pushi/vec4 0, 0, 1;
    %assign/vec4 v0x5986361e3000_0, 0;
    %pushi/vec4 0, 0, 32;
    %assign/vec4 v0x5986361e2ec0_0, 0;
    %pushi/vec4 0, 0, 32;
    %assign/vec4 v0x5986361e66a0_0, 0;
    %pushi/vec4 0, 0, 32;
    %assign/vec4 v0x5986361e5210_0, 0;
    %pushi/vec4 0, 0, 32;
    %assign/vec4 v0x5986361e5530_0, 0;
    %pushi/vec4 0, 0, 32;
    %assign/vec4 v0x5986361e5850_0, 0;
    %pushi/vec4 0, 0, 32;
    %assign/vec4 v0x5986361e5b70_0, 0;
    %pushi/vec4 0, 0, 32;
    %assign/vec4 v0x5986361e6ba0_0, 0;
    %pushi/vec4 0, 0, 6;
    %assign/vec4 v0x5986361e3b90_0, 0;
    %jmp T_68.5;
T_68.4 ;
    %load/vec4 v0x5986361e3140_0;
    %parti/s 1, 10, 5;
    %load/vec4 v0x5986361e4e50_0;
    %and;
    %load/vec4 v0x5986361e71e0_0;
    %and;
    %flag_set/vec4 8;
    %jmp/0xz  T_68.6, 8;
    %pushi/vec4 1, 0, 1;
    %assign/vec4 v0x5986361e7460_0, 0;
    %load/vec4 v0x5986361e3140_0;
    %assign/vec4 v0x5986361e3690_0, 0;
    %load/vec4 v0x5986361e5cb0_0;
    %assign/vec4 v0x5986361e66a0_0, 0;
    %load/vec4 v0x5986361e50d0_0;
    %assign/vec4 v0x5986361e5210_0, 0;
    %load/vec4 v0x5986361e5350_0;
    %assign/vec4 v0x5986361e5530_0, 0;
    %load/vec4 v0x5986361e5670_0;
    %assign/vec4 v0x5986361e5850_0, 0;
    %load/vec4 v0x5986361e5990_0;
    %assign/vec4 v0x5986361e5b70_0, 0;
    %load/vec4 v0x5986361e4ef0_0;
    %assign/vec4 v0x5986361e6ba0_0, 0;
    %load/vec4 v0x5986361e3910_0;
    %assign/vec4 v0x5986361e3b90_0, 0;
    %pushi/vec4 0, 0, 1;
    %assign/vec4 v0x5986361e3000_0, 0;
    %pushi/vec4 0, 0, 32;
    %assign/vec4 v0x5986361e2ec0_0, 0;
    %jmp T_68.7;
T_68.6 ;
    %load/vec4 v0x5986361e3140_0;
    %parti/s 1, 11, 5;
    %load/vec4 v0x5986361e26a0_0;
    %and;
    %load/vec4 v0x5986361e71e0_0;
    %and;
    %flag_set/vec4 8;
    %jmp/0xz  T_68.8, 8;
    %pushi/vec4 1, 0, 1;
    %assign/vec4 v0x5986361e7460_0, 0;
    %load/vec4 v0x5986361e3140_0;
    %assign/vec4 v0x5986361e3690_0, 0;
    %load/vec4 v0x5986361e5cb0_0;
    %assign/vec4 v0x5986361e66a0_0, 0;
    %load/vec4 v0x5986361e50d0_0;
    %assign/vec4 v0x5986361e5210_0, 0;
    %load/vec4 v0x5986361e5350_0;
    %assign/vec4 v0x5986361e5530_0, 0;
    %load/vec4 v0x5986361e5670_0;
    %assign/vec4 v0x5986361e5850_0, 0;
    %load/vec4 v0x5986361e5990_0;
    %assign/vec4 v0x5986361e5b70_0, 0;
    %load/vec4 v0x5986361e2740_0;
    %assign/vec4 v0x5986361e6ba0_0, 0;
    %load/vec4 v0x5986361e3910_0;
    %assign/vec4 v0x5986361e3b90_0, 0;
    %pushi/vec4 0, 0, 1;
    %assign/vec4 v0x5986361e3000_0, 0;
    %pushi/vec4 0, 0, 32;
    %assign/vec4 v0x5986361e2ec0_0, 0;
    %jmp T_68.9;
T_68.8 ;
    %load/vec4 v0x5986361e3140_0;
    %parti/s 1, 12, 5;
    %load/vec4 v0x5986361e4f90_0;
    %and;
    %load/vec4 v0x5986361e71e0_0;
    %and;
    %flag_set/vec4 8;
    %jmp/0xz  T_68.10, 8;
    %pushi/vec4 1, 0, 1;
    %assign/vec4 v0x5986361e7460_0, 0;
    %load/vec4 v0x5986361e3140_0;
    %assign/vec4 v0x5986361e3690_0, 0;
    %load/vec4 v0x5986361e5cb0_0;
    %assign/vec4 v0x5986361e66a0_0, 0;
    %load/vec4 v0x5986361e50d0_0;
    %assign/vec4 v0x5986361e5210_0, 0;
    %load/vec4 v0x5986361e5350_0;
    %assign/vec4 v0x5986361e5530_0, 0;
    %load/vec4 v0x5986361e5670_0;
    %assign/vec4 v0x5986361e5850_0, 0;
    %load/vec4 v0x5986361e5990_0;
    %assign/vec4 v0x5986361e5b70_0, 0;
    %load/vec4 v0x5986361e5030_0;
    %assign/vec4 v0x5986361e6ba0_0, 0;
    %load/vec4 v0x5986361e3910_0;
    %assign/vec4 v0x5986361e3b90_0, 0;
    %pushi/vec4 0, 0, 1;
    %assign/vec4 v0x5986361e3000_0, 0;
    %pushi/vec4 0, 0, 32;
    %assign/vec4 v0x5986361e2ec0_0, 0;
    %jmp T_68.11;
T_68.10 ;
    %load/vec4 v0x5986361e3a50_0;
    %dup/vec4;
    %pushi/vec4 20, 0, 6;
    %cmp/u;
    %jmp/1 T_68.12, 6;
    %dup/vec4;
    %pushi/vec4 21, 0, 6;
    %cmp/u;
    %jmp/1 T_68.13, 6;
    %dup/vec4;
    %pushi/vec4 22, 0, 6;
    %cmp/u;
    %jmp/1 T_68.14, 6;
    %dup/vec4;
    %pushi/vec4 23, 0, 6;
    %cmp/u;
    %jmp/1 T_68.15, 6;
    %dup/vec4;
    %pushi/vec4 29, 0, 6;
    %cmp/u;
    %jmp/1 T_68.16, 6;
    %dup/vec4;
    %pushi/vec4 31, 0, 6;
    %cmp/u;
    %jmp/1 T_68.17, 6;
    %load/vec4 v0x5986361e7280_0;
    %assign/vec4 v0x5986361e7460_0, 0;
    %jmp T_68.19;
T_68.12 ;
    %pushi/vec4 0, 0, 1;
    %assign/vec4 v0x5986361e7460_0, 0;
    %jmp T_68.19;
T_68.13 ;
    %pushi/vec4 0, 0, 1;
    %assign/vec4 v0x5986361e7460_0, 0;
    %jmp T_68.19;
T_68.14 ;
    %pushi/vec4 0, 0, 1;
    %assign/vec4 v0x5986361e7460_0, 0;
    %jmp T_68.19;
T_68.15 ;
    %pushi/vec4 0, 0, 1;
    %assign/vec4 v0x5986361e7460_0, 0;
    %jmp T_68.19;
T_68.16 ;
    %pushi/vec4 0, 0, 1;
    %assign/vec4 v0x5986361e7460_0, 0;
    %jmp T_68.19;
T_68.17 ;
    %pushi/vec4 0, 0, 1;
    %assign/vec4 v0x5986361e7460_0, 0;
    %jmp T_68.19;
T_68.19 ;
    %pop/vec4 1;
    %load/vec4 v0x5986361e2f60_0;
    %assign/vec4 v0x5986361e3000_0, 0;
    %load/vec4 v0x5986361e2d80_0;
    %assign/vec4 v0x5986361e2ec0_0, 0;
    %load/vec4 v0x5986361e3a50_0;
    %or/r;
    %flag_set/vec4 8;
    %jmp/0xz  T_68.20, 8;
    %load/vec4 v0x5986361e31e0_0;
    %pushi/vec4 8063, 0, 13;
    %and;
    %assign/vec4 v0x5986361e3690_0, 0;
    %jmp T_68.21;
T_68.20 ;
    %load/vec4 v0x5986361e31e0_0;
    %assign/vec4 v0x5986361e3690_0, 0;
T_68.21 ;
    %load/vec4 v0x5986361e5d50_0;
    %assign/vec4 v0x5986361e66a0_0, 0;
    %load/vec4 v0x5986361e5170_0;
    %assign/vec4 v0x5986361e5210_0, 0;
    %load/vec4 v0x5986361e53f0_0;
    %assign/vec4 v0x5986361e5530_0, 0;
    %load/vec4 v0x5986361e5710_0;
    %assign/vec4 v0x5986361e5850_0, 0;
    %load/vec4 v0x5986361e5a30_0;
    %assign/vec4 v0x5986361e5b70_0, 0;
    %load/vec4 v0x5986361e3a50_0;
    %assign/vec4 v0x5986361e3b90_0, 0;
    %load/vec4 v0x5986361e7320_0;
    %load/vec4 v0x5986361e31e0_0;
    %parti/s 1, 1, 2;
    %load/vec4 v0x5986361e31e0_0;
    %parti/s 1, 2, 3;
    %or;
    %and;
    %flag_set/vec4 8;
    %jmp/0xz  T_68.22, 8;
    %load/vec4 v0x5986361e4bd0_0;
    %assign/vec4 v0x5986361e6ba0_0, 0;
    %jmp T_68.23;
T_68.22 ;
    %load/vec4 v0x5986361e7320_0;
    %load/vec4 v0x5986361e31e0_0;
    %parti/s 1, 5, 4;
    %and;
    %flag_set/vec4 8;
    %jmp/0xz  T_68.24, 8;
    %load/vec4 v0x5986361e4db0_0;
    %assign/vec4 v0x5986361e6ba0_0, 0;
    %jmp T_68.25;
T_68.24 ;
    %load/vec4 v0x5986361e69c0_0;
    %assign/vec4 v0x5986361e6ba0_0, 0;
T_68.25 ;
T_68.23 ;
T_68.11 ;
T_68.9 ;
T_68.7 ;
T_68.5 ;
T_68.3 ;
T_68.1 ;
    %jmp T_68;
    .thread T_68;
    .scope S_0x5986361e7500;
T_69 ;
    %wait E_0x5986358e7f10;
    %load/vec4 v0x5986361edb60_0;
    %flag_set/vec4 8;
    %jmp/0xz  T_69.0, 8;
    %pushi/vec4 0, 0, 1;
    %assign/vec4 v0x5986361ee100_0, 0;
    %pushi/vec4 0, 0, 13;
    %assign/vec4 v0x5986361ea470_0, 0;
    %pushi/vec4 0, 0, 32;
    %assign/vec4 v0x5986361ecbd0_0, 0;
    %pushi/vec4 0, 0, 32;
    %assign/vec4 v0x5986361ebff0_0, 0;
    %pushi/vec4 0, 0, 32;
    %assign/vec4 v0x5986361ec270_0, 0;
    %pushi/vec4 0, 0, 32;
    %assign/vec4 v0x5986361ec590_0, 0;
    %pushi/vec4 0, 0, 32;
    %assign/vec4 v0x5986361ec8b0_0, 0;
    %pushi/vec4 0, 0, 6;
    %assign/vec4 v0x5986361ea830_0, 0;
    %jmp T_69.1;
T_69.0 ;
    %load/vec4 v0x5986361eb690_0;
    %flag_set/vec4 8;
    %jmp/0xz  T_69.2, 8;
    %jmp T_69.3;
T_69.2 ;
    %load/vec4 v0x5986361eb730_0;
    %load/vec4 v0x5986361eab50_0;
    %and;
    %load/vec4 v0x5986361edca0_0;
    %load/vec4 v0x5986361edc00_0;
    %or;
    %inv;
    %and;
    %flag_set/vec4 8;
    %jmp/0xz  T_69.4, 8;
    %pushi/vec4 1, 0, 1;
    %assign/vec4 v0x5986361ee100_0, 0;
    %load/vec4 v0x5986361eb050_0;
    %load/vec4 v0x5986361eae70_0;
    %or;
    %load/vec4 v0x5986361eaf10_0;
    %or;
    %load/vec4 v0x5986361eb0f0_0;
    %or;
    %load/vec4 v0x5986361eb190_0;
    %or;
    %load/vec4 v0x5986361eadd0_0;
    %or;
    %load/vec4 v0x5986361eb230_0;
    %or;
    %inv;
    %ix/load 4, 0, 0;
    %ix/load 5, 0, 0;
    %flag_set/imm 4, 0;
    %assign/vec4/off/d v0x5986361ea470_0, 4, 5;
    %load/vec4 v0x5986361eb050_0;
    %load/vec4 v0x5986361eb5f0_0;
    %and;
    %load/vec4 v0x5986361ee060_0;
    %inv;
    %and;
    %ix/load 4, 1, 0;
    %ix/load 5, 0, 0;
    %flag_set/imm 4, 0;
    %assign/vec4/off/d v0x5986361ea470_0, 4, 5;
    %load/vec4 v0x5986361eb050_0;
    %load/vec4 v0x5986361eb5f0_0;
    %inv;
    %and;
    %load/vec4 v0x5986361ee060_0;
    %inv;
    %and;
    %ix/load 4, 2, 0;
    %ix/load 5, 0, 0;
    %flag_set/imm 4, 0;
    %assign/vec4/off/d v0x5986361ea470_0, 4, 5;
    %load/vec4 v0x5986361eae70_0;
    %load/vec4 v0x5986361ee060_0;
    %inv;
    %and;
    %ix/load 4, 3, 0;
    %ix/load 5, 0, 0;
    %flag_set/imm 4, 0;
    %assign/vec4/off/d v0x5986361ea470_0, 4, 5;
    %load/vec4 v0x5986361eaf10_0;
    %load/vec4 v0x5986361ee060_0;
    %inv;
    %and;
    %ix/load 4, 4, 0;
    %ix/load 5, 0, 0;
    %flag_set/imm 4, 0;
    %assign/vec4/off/d v0x5986361ea470_0, 4, 5;
    %load/vec4 v0x5986361eb0f0_0;
    %load/vec4 v0x5986361ee060_0;
    %inv;
    %and;
    %ix/load 4, 5, 0;
    %ix/load 5, 0, 0;
    %flag_set/imm 4, 0;
    %assign/vec4/off/d v0x5986361ea470_0, 4, 5;
    %load/vec4 v0x5986361eb190_0;
    %load/vec4 v0x5986361ee060_0;
    %inv;
    %and;
    %ix/load 4, 10, 0;
    %ix/load 5, 0, 0;
    %flag_set/imm 4, 0;
    %assign/vec4/off/d v0x5986361ea470_0, 4, 5;
    %load/vec4 v0x5986361eadd0_0;
    %load/vec4 v0x5986361ee060_0;
    %inv;
    %and;
    %ix/load 4, 11, 0;
    %ix/load 5, 0, 0;
    %flag_set/imm 4, 0;
    %assign/vec4/off/d v0x5986361ea470_0, 4, 5;
    %load/vec4 v0x5986361eb230_0;
    %load/vec4 v0x5986361ee060_0;
    %inv;
    %and;
    %ix/load 4, 12, 0;
    %ix/load 5, 0, 0;
    %flag_set/imm 4, 0;
    %assign/vec4/off/d v0x5986361ea470_0, 4, 5;
    %load/vec4 v0x5986361eabf0_0;
    %load/vec4 v0x5986361ee060_0;
    %inv;
    %and;
    %ix/load 4, 6, 0;
    %ix/load 5, 0, 0;
    %flag_set/imm 4, 0;
    %assign/vec4/off/d v0x5986361ea470_0, 4, 5;
    %load/vec4 v0x5986361eb5f0_0;
    %load/vec4 v0x5986361ee060_0;
    %inv;
    %and;
    %ix/load 4, 7, 0;
    %ix/load 5, 0, 0;
    %flag_set/imm 4, 0;
    %assign/vec4/off/d v0x5986361ea470_0, 4, 5;
    %load/vec4 v0x5986361ee060_0;
    %ix/load 4, 8, 0;
    %ix/load 5, 0, 0;
    %flag_set/imm 4, 0;
    %assign/vec4/off/d v0x5986361ea470_0, 4, 5;
    %pushi/vec4 1, 0, 1;
    %ix/load 4, 9, 0;
    %ix/load 5, 0, 0;
    %flag_set/imm 4, 0;
    %assign/vec4/off/d v0x5986361ea470_0, 4, 5;
    %load/vec4 v0x5986361eb4b0_0;
    %assign/vec4 v0x5986361ecbd0_0, 0;
    %load/vec4 v0x5986361eac90_0;
    %flag_set/vec4 8;
    %jmp/0 T_69.6, 8;
    %load/vec4 v0x5986361ead30_0;
    %jmp/1 T_69.7, 8;
T_69.6 ; End of true expr.
    %load/vec4 v0x5986361eb4b0_0;
    %addi 4, 0, 32;
    %jmp/0 T_69.7, 8;
 ; End of false expr.
    %blend;
T_69.7;
    %assign/vec4 v0x5986361ebff0_0, 0;
    %load/vec4 v0x5986361eb2d0_0;
    %assign/vec4 v0x5986361ec270_0, 0;
    %load/vec4 v0x5986361eb370_0;
    %assign/vec4 v0x5986361ec590_0, 0;
    %load/vec4 v0x5986361eb410_0;
    %assign/vec4 v0x5986361ec8b0_0, 0;
    %load/vec4 v0x5986361eafb0_0;
    %or/r;
    %flag_set/vec4 8;
    %jmp/0 T_69.8, 8;
    %load/vec4 v0x5986361eafb0_0;
    %jmp/1 T_69.9, 8;
T_69.8 ; End of true expr.
    %load/vec4 v0x5986361e9930_0;
    %flag_set/vec4 9;
    %jmp/0 T_69.10, 9;
    %pushi/vec4 16, 0, 6;
    %jmp/1 T_69.11, 9;
T_69.10 ; End of true expr.
    %pushi/vec4 0, 0, 6;
    %jmp/0 T_69.11, 9;
 ; End of false expr.
    %blend;
T_69.11;
    %jmp/0 T_69.9, 8;
 ; End of false expr.
    %blend;
T_69.9;
    %assign/vec4 v0x5986361ea830_0, 0;
    %jmp T_69.5;
T_69.4 ;
    %pushi/vec4 0, 0, 1;
    %assign/vec4 v0x5986361ee100_0, 0;
    %pushi/vec4 0, 0, 13;
    %assign/vec4 v0x5986361ea470_0, 0;
    %pushi/vec4 0, 0, 32;
    %assign/vec4 v0x5986361ecbd0_0, 0;
    %pushi/vec4 0, 0, 32;
    %assign/vec4 v0x5986361ebff0_0, 0;
    %pushi/vec4 0, 0, 32;
    %assign/vec4 v0x5986361ec270_0, 0;
    %pushi/vec4 0, 0, 32;
    %assign/vec4 v0x5986361ec590_0, 0;
    %pushi/vec4 0, 0, 32;
    %assign/vec4 v0x5986361ec8b0_0, 0;
    %pushi/vec4 0, 0, 6;
    %assign/vec4 v0x5986361ea830_0, 0;
T_69.5 ;
T_69.3 ;
T_69.1 ;
    %jmp T_69;
    .thread T_69;
    .scope S_0x5986361e7500;
T_70 ;
    %wait E_0x5986358e7f10;
    %load/vec4 v0x5986361edb60_0;
    %flag_set/vec4 8;
    %jmp/0xz  T_70.0, 8;
    %pushi/vec4 0, 0, 1;
    %assign/vec4 v0x5986361ee1a0_0, 0;
    %pushi/vec4 0, 0, 13;
    %assign/vec4 v0x5986361ea510_0, 0;
    %pushi/vec4 0, 0, 1;
    %assign/vec4 v0x5986361ea290_0, 0;
    %pushi/vec4 0, 0, 32;
    %assign/vec4 v0x5986361ea0b0_0, 0;
    %pushi/vec4 0, 0, 32;
    %assign/vec4 v0x5986361ecc70_0, 0;
    %pushi/vec4 0, 0, 32;
    %assign/vec4 v0x5986361ec090_0, 0;
    %pushi/vec4 0, 0, 32;
    %assign/vec4 v0x5986361ec310_0, 0;
    %pushi/vec4 0, 0, 32;
    %assign/vec4 v0x5986361ec630_0, 0;
    %pushi/vec4 0, 0, 32;
    %assign/vec4 v0x5986361ec950_0, 0;
    %pushi/vec4 0, 0, 32;
    %assign/vec4 v0x5986361ed8e0_0, 0;
    %pushi/vec4 0, 0, 6;
    %assign/vec4 v0x5986361ea8d0_0, 0;
    %jmp T_70.1;
T_70.0 ;
    %load/vec4 v0x5986361eb690_0;
    %flag_set/vec4 8;
    %jmp/0xz  T_70.2, 8;
    %jmp T_70.3;
T_70.2 ;
    %load/vec4 v0x5986361edca0_0;
    %flag_set/vec4 8;
    %load/vec4 v0x5986361edc00_0;
    %flag_set/vec4 9;
    %flag_or 9, 8;
    %jmp/0xz  T_70.4, 9;
    %pushi/vec4 0, 0, 1;
    %assign/vec4 v0x5986361ee1a0_0, 0;
    %pushi/vec4 0, 0, 13;
    %assign/vec4 v0x5986361ea510_0, 0;
    %pushi/vec4 0, 0, 1;
    %assign/vec4 v0x5986361ea290_0, 0;
    %pushi/vec4 0, 0, 32;
    %assign/vec4 v0x5986361ea0b0_0, 0;
    %pushi/vec4 0, 0, 32;
    %assign/vec4 v0x5986361ecc70_0, 0;
    %pushi/vec4 0, 0, 32;
    %assign/vec4 v0x5986361ec090_0, 0;
    %pushi/vec4 0, 0, 32;
    %assign/vec4 v0x5986361ec310_0, 0;
    %pushi/vec4 0, 0, 32;
    %assign/vec4 v0x5986361ec630_0, 0;
    %pushi/vec4 0, 0, 32;
    %assign/vec4 v0x5986361ec950_0, 0;
    %pushi/vec4 0, 0, 32;
    %assign/vec4 v0x5986361ed8e0_0, 0;
    %pushi/vec4 0, 0, 6;
    %assign/vec4 v0x5986361ea8d0_0, 0;
    %jmp T_70.5;
T_70.4 ;
    %load/vec4 v0x5986361ee100_0;
    %assign/vec4 v0x5986361ee1a0_0, 0;
    %load/vec4 v0x5986361ea470_0;
    %assign/vec4 v0x5986361ea510_0, 0;
    %load/vec4 v0x5986361e9ed0_0;
    %assign/vec4 v0x5986361ea290_0, 0;
    %load/vec4 v0x5986361e9e30_0;
    %assign/vec4 v0x5986361ea0b0_0, 0;
    %load/vec4 v0x5986361ecbd0_0;
    %assign/vec4 v0x5986361ecc70_0, 0;
    %load/vec4 v0x5986361ebff0_0;
    %assign/vec4 v0x5986361ec090_0, 0;
    %load/vec4 v0x5986361ec270_0;
    %assign/vec4 v0x5986361ec310_0, 0;
    %load/vec4 v0x5986361ec590_0;
    %assign/vec4 v0x5986361ec630_0, 0;
    %load/vec4 v0x5986361ec8b0_0;
    %assign/vec4 v0x5986361ec950_0, 0;
    %load/vec4 v0x5986361ea470_0;
    %parti/s 1, 8, 5;
    %flag_set/vec4 8;
    %jmp/0xz  T_70.6, 8;
    %pushi/vec4 32, 0, 6;
    %assign/vec4 v0x5986361ea8d0_0, 0;
    %jmp T_70.7;
T_70.6 ;
    %load/vec4 v0x5986361ea830_0;
    %or/r;
    %flag_set/vec4 8;
    %jmp/0xz  T_70.8, 8;
    %pushi/vec4 0, 0, 1;
    %assign/vec4 v0x5986361ee1a0_0, 0;
    %load/vec4 v0x5986361ea830_0;
    %assign/vec4 v0x5986361ea8d0_0, 0;
    %jmp T_70.9;
T_70.8 ;
    %load/vec4 v0x5986361e9cf0_0;
    %assign/vec4 v0x5986361ea8d0_0, 0;
T_70.9 ;
T_70.7 ;
    %load/vec4 v0x5986361ea470_0;
    %parti/s 1, 4, 4;
    %flag_set/vec4 8;
    %jmp/0xz  T_70.10, 8;
    %load/vec4 v0x5986361ea790_0;
    %assign/vec4 v0x5986361ed8e0_0, 0;
    %jmp T_70.11;
T_70.10 ;
    %load/vec4 v0x5986361ea470_0;
    %parti/s 1, 10, 5;
    %flag_set/vec4 8;
    %jmp/0xz  T_70.12, 8;
    %load/vec4 v0x5986361ebe10_0;
    %assign/vec4 v0x5986361ed8e0_0, 0;
    %jmp T_70.13;
T_70.12 ;
    %load/vec4 v0x5986361ea470_0;
    %parti/s 1, 11, 5;
    %flag_set/vec4 8;
    %jmp/0xz  T_70.14, 8;
    %load/vec4 v0x5986361e9a70_0;
    %assign/vec4 v0x5986361ed8e0_0, 0;
    %jmp T_70.15;
T_70.14 ;
    %load/vec4 v0x5986361ea470_0;
    %parti/s 1, 12, 5;
    %flag_set/vec4 8;
    %jmp/0xz  T_70.16, 8;
    %load/vec4 v0x5986361ebf50_0;
    %assign/vec4 v0x5986361ed8e0_0, 0;
    %jmp T_70.17;
T_70.16 ;
    %load/vec4 v0x5986361ea470_0;
    %parti/s 1, 3, 3;
    %flag_set/vec4 8;
    %jmp/0xz  T_70.18, 8;
    %load/vec4 v0x5986361e9d90_0;
    %assign/vec4 v0x5986361ed8e0_0, 0;
    %jmp T_70.19;
T_70.18 ;
    %load/vec4 v0x5986361e97f0_0;
    %assign/vec4 v0x5986361ed8e0_0, 0;
T_70.19 ;
T_70.17 ;
T_70.15 ;
T_70.13 ;
T_70.11 ;
T_70.5 ;
T_70.3 ;
T_70.1 ;
    %jmp T_70;
    .thread T_70;
    .scope S_0x5986361e7500;
T_71 ;
    %wait E_0x598635dae170;
    %load/vec4 v0x5986361ed8e0_0;
    %store/vec4 v0x5986361ed980_0, 0, 32;
    %pushi/vec4 1, 0, 1;
    %load/vec4 v0x5986361ee240_0;
    %and;
    %load/vec4 v0x5986361ea510_0;
    %parti/s 1, 1, 2;
    %load/vec4 v0x5986361ea510_0;
    %parti/s 1, 2, 3;
    %or;
    %and;
    %flag_set/vec4 8;
    %jmp/0xz  T_71.0, 8;
    %load/vec4 v0x5986361ebaf0_0;
    %store/vec4 v0x5986361ed980_0, 0, 32;
    %jmp T_71.1;
T_71.0 ;
    %pushi/vec4 1, 0, 1;
    %load/vec4 v0x5986361ee240_0;
    %and;
    %load/vec4 v0x5986361ea510_0;
    %parti/s 1, 5, 4;
    %and;
    %flag_set/vec4 8;
    %jmp/0xz  T_71.2, 8;
    %load/vec4 v0x5986361ebcd0_0;
    %store/vec4 v0x5986361ed980_0, 0, 32;
T_71.2 ;
T_71.1 ;
    %jmp T_71;
    .thread T_71, $push;
    .scope S_0x5986361e7500;
T_72 ;
    %wait E_0x598635fdd2a0;
    %load/vec4 v0x5986361ee1a0_0;
    %load/vec4 v0x5986361ea510_0;
    %parti/s 1, 1, 2;
    %load/vec4 v0x5986361ea510_0;
    %parti/s 1, 2, 3;
    %or;
    %and;
    %load/vec4 v0x5986361eb9b0_0;
    %and;
    %flag_set/vec4 8;
    %jmp/0xz  T_72.0, 8;
    %load/vec4 v0x5986361eba50_0;
    %store/vec4 v0x5986361ea970_0, 0, 6;
    %jmp T_72.1;
T_72.0 ;
    %load/vec4 v0x5986361ea8d0_0;
    %store/vec4 v0x5986361ea970_0, 0, 6;
T_72.1 ;
    %jmp T_72;
    .thread T_72, $push;
    .scope S_0x5986361e7500;
T_73 ;
    %wait E_0x5986358e7f10;
    %load/vec4 v0x5986361edb60_0;
    %flag_set/vec4 8;
    %jmp/0xz  T_73.0, 8;
    %pushi/vec4 0, 0, 1;
    %assign/vec4 v0x5986361edd40_0, 0;
    %jmp T_73.1;
T_73.0 ;
    %load/vec4 v0x5986361eb690_0;
    %inv;
    %flag_set/vec4 8;
    %jmp/0xz  T_73.2, 8;
    %load/vec4 v0x5986361edde0_0;
    %assign/vec4 v0x5986361edd40_0, 0;
T_73.2 ;
T_73.1 ;
    %jmp T_73;
    .thread T_73;
    .scope S_0x5986361e7500;
T_74 ;
    %wait E_0x5986358e7f10;
    %load/vec4 v0x5986361edb60_0;
    %flag_set/vec4 8;
    %jmp/0xz  T_74.0, 8;
    %pushi/vec4 0, 0, 1;
    %assign/vec4 v0x5986361ee380_0, 0;
    %pushi/vec4 0, 0, 13;
    %assign/vec4 v0x5986361ea5b0_0, 0;
    %pushi/vec4 0, 0, 1;
    %assign/vec4 v0x5986361ea330_0, 0;
    %pushi/vec4 0, 0, 32;
    %assign/vec4 v0x5986361ea1f0_0, 0;
    %pushi/vec4 0, 0, 32;
    %assign/vec4 v0x5986361ed5c0_0, 0;
    %pushi/vec4 0, 0, 32;
    %assign/vec4 v0x5986361ec130_0, 0;
    %pushi/vec4 0, 0, 32;
    %assign/vec4 v0x5986361ec450_0, 0;
    %pushi/vec4 0, 0, 32;
    %assign/vec4 v0x5986361ec770_0, 0;
    %pushi/vec4 0, 0, 32;
    %assign/vec4 v0x5986361eca90_0, 0;
    %pushi/vec4 0, 0, 32;
    %assign/vec4 v0x5986361edac0_0, 0;
    %pushi/vec4 0, 0, 6;
    %assign/vec4 v0x5986361eaab0_0, 0;
    %jmp T_74.1;
T_74.0 ;
    %load/vec4 v0x5986361eb690_0;
    %flag_set/vec4 8;
    %jmp/0xz  T_74.2, 8;
    %jmp T_74.3;
T_74.2 ;
    %load/vec4 v0x5986361ede80_0;
    %flag_set/vec4 8;
    %jmp/0xz  T_74.4, 8;
    %pushi/vec4 0, 0, 1;
    %assign/vec4 v0x5986361ee380_0, 0;
    %pushi/vec4 0, 0, 13;
    %assign/vec4 v0x5986361ea5b0_0, 0;
    %pushi/vec4 0, 0, 1;
    %assign/vec4 v0x5986361ea330_0, 0;
    %pushi/vec4 0, 0, 32;
    %assign/vec4 v0x5986361ea1f0_0, 0;
    %pushi/vec4 0, 0, 32;
    %assign/vec4 v0x5986361ed5c0_0, 0;
    %pushi/vec4 0, 0, 32;
    %assign/vec4 v0x5986361ec130_0, 0;
    %pushi/vec4 0, 0, 32;
    %assign/vec4 v0x5986361ec450_0, 0;
    %pushi/vec4 0, 0, 32;
    %assign/vec4 v0x5986361ec770_0, 0;
    %pushi/vec4 0, 0, 32;
    %assign/vec4 v0x5986361eca90_0, 0;
    %pushi/vec4 0, 0, 32;
    %assign/vec4 v0x5986361edac0_0, 0;
    %pushi/vec4 0, 0, 6;
    %assign/vec4 v0x5986361eaab0_0, 0;
    %jmp T_74.5;
T_74.4 ;
    %load/vec4 v0x5986361ea470_0;
    %parti/s 1, 10, 5;
    %load/vec4 v0x5986361ebd70_0;
    %and;
    %load/vec4 v0x5986361ee100_0;
    %and;
    %flag_set/vec4 8;
    %jmp/0xz  T_74.6, 8;
    %pushi/vec4 1, 0, 1;
    %assign/vec4 v0x5986361ee380_0, 0;
    %load/vec4 v0x5986361ea470_0;
    %assign/vec4 v0x5986361ea5b0_0, 0;
    %load/vec4 v0x5986361ecbd0_0;
    %assign/vec4 v0x5986361ed5c0_0, 0;
    %load/vec4 v0x5986361ebff0_0;
    %assign/vec4 v0x5986361ec130_0, 0;
    %load/vec4 v0x5986361ec270_0;
    %assign/vec4 v0x5986361ec450_0, 0;
    %load/vec4 v0x5986361ec590_0;
    %assign/vec4 v0x5986361ec770_0, 0;
    %load/vec4 v0x5986361ec8b0_0;
    %assign/vec4 v0x5986361eca90_0, 0;
    %load/vec4 v0x5986361ebe10_0;
    %assign/vec4 v0x5986361edac0_0, 0;
    %load/vec4 v0x5986361ea830_0;
    %assign/vec4 v0x5986361eaab0_0, 0;
    %pushi/vec4 0, 0, 1;
    %assign/vec4 v0x5986361ea330_0, 0;
    %pushi/vec4 0, 0, 32;
    %assign/vec4 v0x5986361ea1f0_0, 0;
    %jmp T_74.7;
T_74.6 ;
    %load/vec4 v0x5986361ea470_0;
    %parti/s 1, 11, 5;
    %load/vec4 v0x5986361e99d0_0;
    %and;
    %load/vec4 v0x5986361ee100_0;
    %and;
    %flag_set/vec4 8;
    %jmp/0xz  T_74.8, 8;
    %pushi/vec4 1, 0, 1;
    %assign/vec4 v0x5986361ee380_0, 0;
    %load/vec4 v0x5986361ea470_0;
    %assign/vec4 v0x5986361ea5b0_0, 0;
    %load/vec4 v0x5986361ecbd0_0;
    %assign/vec4 v0x5986361ed5c0_0, 0;
    %load/vec4 v0x5986361ebff0_0;
    %assign/vec4 v0x5986361ec130_0, 0;
    %load/vec4 v0x5986361ec270_0;
    %assign/vec4 v0x5986361ec450_0, 0;
    %load/vec4 v0x5986361ec590_0;
    %assign/vec4 v0x5986361ec770_0, 0;
    %load/vec4 v0x5986361ec8b0_0;
    %assign/vec4 v0x5986361eca90_0, 0;
    %load/vec4 v0x5986361e9a70_0;
    %assign/vec4 v0x5986361edac0_0, 0;
    %load/vec4 v0x5986361ea830_0;
    %assign/vec4 v0x5986361eaab0_0, 0;
    %pushi/vec4 0, 0, 1;
    %assign/vec4 v0x5986361ea330_0, 0;
    %pushi/vec4 0, 0, 32;
    %assign/vec4 v0x5986361ea1f0_0, 0;
    %jmp T_74.9;
T_74.8 ;
    %load/vec4 v0x5986361ea470_0;
    %parti/s 1, 12, 5;
    %load/vec4 v0x5986361ebeb0_0;
    %and;
    %load/vec4 v0x5986361ee100_0;
    %and;
    %flag_set/vec4 8;
    %jmp/0xz  T_74.10, 8;
    %pushi/vec4 1, 0, 1;
    %assign/vec4 v0x5986361ee380_0, 0;
    %load/vec4 v0x5986361ea470_0;
    %assign/vec4 v0x5986361ea5b0_0, 0;
    %load/vec4 v0x5986361ecbd0_0;
    %assign/vec4 v0x5986361ed5c0_0, 0;
    %load/vec4 v0x5986361ebff0_0;
    %assign/vec4 v0x5986361ec130_0, 0;
    %load/vec4 v0x5986361ec270_0;
    %assign/vec4 v0x5986361ec450_0, 0;
    %load/vec4 v0x5986361ec590_0;
    %assign/vec4 v0x5986361ec770_0, 0;
    %load/vec4 v0x5986361ec8b0_0;
    %assign/vec4 v0x5986361eca90_0, 0;
    %load/vec4 v0x5986361ebf50_0;
    %assign/vec4 v0x5986361edac0_0, 0;
    %load/vec4 v0x5986361ea830_0;
    %assign/vec4 v0x5986361eaab0_0, 0;
    %pushi/vec4 0, 0, 1;
    %assign/vec4 v0x5986361ea330_0, 0;
    %pushi/vec4 0, 0, 32;
    %assign/vec4 v0x5986361ea1f0_0, 0;
    %jmp T_74.11;
T_74.10 ;
    %load/vec4 v0x5986361ea970_0;
    %dup/vec4;
    %pushi/vec4 20, 0, 6;
    %cmp/u;
    %jmp/1 T_74.12, 6;
    %dup/vec4;
    %pushi/vec4 21, 0, 6;
    %cmp/u;
    %jmp/1 T_74.13, 6;
    %dup/vec4;
    %pushi/vec4 22, 0, 6;
    %cmp/u;
    %jmp/1 T_74.14, 6;
    %dup/vec4;
    %pushi/vec4 23, 0, 6;
    %cmp/u;
    %jmp/1 T_74.15, 6;
    %dup/vec4;
    %pushi/vec4 29, 0, 6;
    %cmp/u;
    %jmp/1 T_74.16, 6;
    %dup/vec4;
    %pushi/vec4 31, 0, 6;
    %cmp/u;
    %jmp/1 T_74.17, 6;
    %load/vec4 v0x5986361ee1a0_0;
    %assign/vec4 v0x5986361ee380_0, 0;
    %jmp T_74.19;
T_74.12 ;
    %pushi/vec4 0, 0, 1;
    %assign/vec4 v0x5986361ee380_0, 0;
    %jmp T_74.19;
T_74.13 ;
    %pushi/vec4 0, 0, 1;
    %assign/vec4 v0x5986361ee380_0, 0;
    %jmp T_74.19;
T_74.14 ;
    %pushi/vec4 0, 0, 1;
    %assign/vec4 v0x5986361ee380_0, 0;
    %jmp T_74.19;
T_74.15 ;
    %pushi/vec4 0, 0, 1;
    %assign/vec4 v0x5986361ee380_0, 0;
    %jmp T_74.19;
T_74.16 ;
    %pushi/vec4 0, 0, 1;
    %assign/vec4 v0x5986361ee380_0, 0;
    %jmp T_74.19;
T_74.17 ;
    %pushi/vec4 0, 0, 1;
    %assign/vec4 v0x5986361ee380_0, 0;
    %jmp T_74.19;
T_74.19 ;
    %pop/vec4 1;
    %load/vec4 v0x5986361ea290_0;
    %assign/vec4 v0x5986361ea330_0, 0;
    %load/vec4 v0x5986361ea0b0_0;
    %assign/vec4 v0x5986361ea1f0_0, 0;
    %load/vec4 v0x5986361ea970_0;
    %or/r;
    %flag_set/vec4 8;
    %jmp/0xz  T_74.20, 8;
    %load/vec4 v0x5986361ea510_0;
    %pushi/vec4 8063, 0, 13;
    %and;
    %assign/vec4 v0x5986361ea5b0_0, 0;
    %jmp T_74.21;
T_74.20 ;
    %load/vec4 v0x5986361ea510_0;
    %assign/vec4 v0x5986361ea5b0_0, 0;
T_74.21 ;
    %load/vec4 v0x5986361ecc70_0;
    %assign/vec4 v0x5986361ed5c0_0, 0;
    %load/vec4 v0x5986361ec090_0;
    %assign/vec4 v0x5986361ec130_0, 0;
    %load/vec4 v0x5986361ec310_0;
    %assign/vec4 v0x5986361ec450_0, 0;
    %load/vec4 v0x5986361ec630_0;
    %assign/vec4 v0x5986361ec770_0, 0;
    %load/vec4 v0x5986361ec950_0;
    %assign/vec4 v0x5986361eca90_0, 0;
    %load/vec4 v0x5986361ea970_0;
    %assign/vec4 v0x5986361eaab0_0, 0;
    %load/vec4 v0x5986361ee240_0;
    %load/vec4 v0x5986361ea510_0;
    %parti/s 1, 1, 2;
    %load/vec4 v0x5986361ea510_0;
    %parti/s 1, 2, 3;
    %or;
    %and;
    %flag_set/vec4 8;
    %jmp/0xz  T_74.22, 8;
    %load/vec4 v0x5986361ebaf0_0;
    %assign/vec4 v0x5986361edac0_0, 0;
    %jmp T_74.23;
T_74.22 ;
    %load/vec4 v0x5986361ee240_0;
    %load/vec4 v0x5986361ea510_0;
    %parti/s 1, 5, 4;
    %and;
    %flag_set/vec4 8;
    %jmp/0xz  T_74.24, 8;
    %load/vec4 v0x5986361ebcd0_0;
    %assign/vec4 v0x5986361edac0_0, 0;
    %jmp T_74.25;
T_74.24 ;
    %load/vec4 v0x5986361ed8e0_0;
    %assign/vec4 v0x5986361edac0_0, 0;
T_74.25 ;
T_74.23 ;
T_74.11 ;
T_74.9 ;
T_74.7 ;
T_74.5 ;
T_74.3 ;
T_74.1 ;
    %jmp T_74;
    .thread T_74;
    .scope S_0x5986361ee940;
T_75 ;
    %wait E_0x59863594aa60;
    %load/vec4 v0x5986361f1ef0_0;
    %flag_set/vec4 8;
    %jmp/0xz  T_75.0, 8;
    %pushi/vec4 0, 0, 32;
    %assign/vec4 v0x5986361ef5b0_0, 0;
    %pushi/vec4 0, 0, 32;
    %assign/vec4 v0x5986361efc90_0, 0;
    %pushi/vec4 0, 0, 32;
    %assign/vec4 v0x5986361efe70_0, 0;
    %pushi/vec4 0, 0, 32;
    %assign/vec4 v0x5986361eff10_0, 0;
    %pushi/vec4 0, 0, 32;
    %assign/vec4 v0x5986361effb0_0, 0;
    %pushi/vec4 0, 0, 32;
    %assign/vec4 v0x5986361f0050_0, 0;
    %pushi/vec4 0, 0, 32;
    %assign/vec4 v0x5986361f00f0_0, 0;
    %pushi/vec4 0, 0, 32;
    %assign/vec4 v0x5986361f0190_0, 0;
    %pushi/vec4 0, 0, 32;
    %assign/vec4 v0x5986361f0230_0, 0;
    %pushi/vec4 0, 0, 32;
    %assign/vec4 v0x5986361eef70_0, 0;
    %pushi/vec4 0, 0, 32;
    %assign/vec4 v0x5986361ef010_0, 0;
    %pushi/vec4 0, 0, 32;
    %assign/vec4 v0x5986361ef0b0_0, 0;
    %pushi/vec4 0, 0, 32;
    %assign/vec4 v0x5986361ef150_0, 0;
    %pushi/vec4 0, 0, 32;
    %assign/vec4 v0x5986361ef1f0_0, 0;
    %pushi/vec4 0, 0, 32;
    %assign/vec4 v0x5986361ef290_0, 0;
    %pushi/vec4 0, 0, 32;
    %assign/vec4 v0x5986361ef330_0, 0;
    %pushi/vec4 0, 0, 32;
    %assign/vec4 v0x5986361ef3d0_0, 0;
    %pushi/vec4 0, 0, 32;
    %assign/vec4 v0x5986361ef470_0, 0;
    %pushi/vec4 0, 0, 32;
    %assign/vec4 v0x5986361ef510_0, 0;
    %pushi/vec4 0, 0, 32;
    %assign/vec4 v0x5986361ef650_0, 0;
    %pushi/vec4 0, 0, 32;
    %assign/vec4 v0x5986361ef6f0_0, 0;
    %pushi/vec4 0, 0, 32;
    %assign/vec4 v0x5986361ef790_0, 0;
    %pushi/vec4 0, 0, 32;
    %assign/vec4 v0x5986361ef830_0, 0;
    %pushi/vec4 0, 0, 32;
    %assign/vec4 v0x5986361ef8d0_0, 0;
    %pushi/vec4 0, 0, 32;
    %assign/vec4 v0x5986361ef970_0, 0;
    %pushi/vec4 0, 0, 32;
    %assign/vec4 v0x5986361efa10_0, 0;
    %pushi/vec4 0, 0, 32;
    %assign/vec4 v0x5986361efab0_0, 0;
    %pushi/vec4 0, 0, 32;
    %assign/vec4 v0x5986361efb50_0, 0;
    %pushi/vec4 0, 0, 32;
    %assign/vec4 v0x5986361efbf0_0, 0;
    %pushi/vec4 0, 0, 32;
    %assign/vec4 v0x5986361efd30_0, 0;
    %pushi/vec4 0, 0, 32;
    %assign/vec4 v0x5986361efdd0_0, 0;
    %jmp T_75.1;
T_75.0 ;
    %load/vec4 v0x5986361f1c70_0;
    %cmpi/e 1, 0, 5;
    %jmp/0xz  T_75.2, 4;
    %load/vec4 v0x5986361f1d10_0;
    %assign/vec4 v0x5986361ef5b0_0, 0;
    %jmp T_75.3;
T_75.2 ;
    %load/vec4 v0x5986361f1db0_0;
    %cmpi/e 1, 0, 5;
    %jmp/0xz  T_75.4, 4;
    %load/vec4 v0x5986361f1e50_0;
    %assign/vec4 v0x5986361ef5b0_0, 0;
T_75.4 ;
T_75.3 ;
    %load/vec4 v0x5986361f1c70_0;
    %cmpi/e 2, 0, 5;
    %jmp/0xz  T_75.6, 4;
    %load/vec4 v0x5986361f1d10_0;
    %assign/vec4 v0x5986361efc90_0, 0;
    %jmp T_75.7;
T_75.6 ;
    %load/vec4 v0x5986361f1db0_0;
    %cmpi/e 2, 0, 5;
    %jmp/0xz  T_75.8, 4;
    %load/vec4 v0x5986361f1e50_0;
    %assign/vec4 v0x5986361efc90_0, 0;
T_75.8 ;
T_75.7 ;
    %load/vec4 v0x5986361f1c70_0;
    %cmpi/e 3, 0, 5;
    %jmp/0xz  T_75.10, 4;
    %load/vec4 v0x5986361f1d10_0;
    %assign/vec4 v0x5986361efe70_0, 0;
    %jmp T_75.11;
T_75.10 ;
    %load/vec4 v0x5986361f1db0_0;
    %cmpi/e 3, 0, 5;
    %jmp/0xz  T_75.12, 4;
    %load/vec4 v0x5986361f1e50_0;
    %assign/vec4 v0x5986361efe70_0, 0;
T_75.12 ;
T_75.11 ;
    %load/vec4 v0x5986361f1c70_0;
    %cmpi/e 4, 0, 5;
    %jmp/0xz  T_75.14, 4;
    %load/vec4 v0x5986361f1d10_0;
    %assign/vec4 v0x5986361eff10_0, 0;
    %jmp T_75.15;
T_75.14 ;
    %load/vec4 v0x5986361f1db0_0;
    %cmpi/e 4, 0, 5;
    %jmp/0xz  T_75.16, 4;
    %load/vec4 v0x5986361f1e50_0;
    %assign/vec4 v0x5986361eff10_0, 0;
T_75.16 ;
T_75.15 ;
    %load/vec4 v0x5986361f1c70_0;
    %cmpi/e 5, 0, 5;
    %jmp/0xz  T_75.18, 4;
    %load/vec4 v0x5986361f1d10_0;
    %assign/vec4 v0x5986361effb0_0, 0;
    %jmp T_75.19;
T_75.18 ;
    %load/vec4 v0x5986361f1db0_0;
    %cmpi/e 5, 0, 5;
    %jmp/0xz  T_75.20, 4;
    %load/vec4 v0x5986361f1e50_0;
    %assign/vec4 v0x5986361effb0_0, 0;
T_75.20 ;
T_75.19 ;
    %load/vec4 v0x5986361f1c70_0;
    %cmpi/e 6, 0, 5;
    %jmp/0xz  T_75.22, 4;
    %load/vec4 v0x5986361f1d10_0;
    %assign/vec4 v0x5986361f0050_0, 0;
    %jmp T_75.23;
T_75.22 ;
    %load/vec4 v0x5986361f1db0_0;
    %cmpi/e 6, 0, 5;
    %jmp/0xz  T_75.24, 4;
    %load/vec4 v0x5986361f1e50_0;
    %assign/vec4 v0x5986361f0050_0, 0;
T_75.24 ;
T_75.23 ;
    %load/vec4 v0x5986361f1c70_0;
    %cmpi/e 7, 0, 5;
    %jmp/0xz  T_75.26, 4;
    %load/vec4 v0x5986361f1d10_0;
    %assign/vec4 v0x5986361f00f0_0, 0;
    %jmp T_75.27;
T_75.26 ;
    %load/vec4 v0x5986361f1db0_0;
    %cmpi/e 7, 0, 5;
    %jmp/0xz  T_75.28, 4;
    %load/vec4 v0x5986361f1e50_0;
    %assign/vec4 v0x5986361f00f0_0, 0;
T_75.28 ;
T_75.27 ;
    %load/vec4 v0x5986361f1c70_0;
    %cmpi/e 8, 0, 5;
    %jmp/0xz  T_75.30, 4;
    %load/vec4 v0x5986361f1d10_0;
    %assign/vec4 v0x5986361f0190_0, 0;
    %jmp T_75.31;
T_75.30 ;
    %load/vec4 v0x5986361f1db0_0;
    %cmpi/e 8, 0, 5;
    %jmp/0xz  T_75.32, 4;
    %load/vec4 v0x5986361f1e50_0;
    %assign/vec4 v0x5986361f0190_0, 0;
T_75.32 ;
T_75.31 ;
    %load/vec4 v0x5986361f1c70_0;
    %cmpi/e 9, 0, 5;
    %jmp/0xz  T_75.34, 4;
    %load/vec4 v0x5986361f1d10_0;
    %assign/vec4 v0x5986361f0230_0, 0;
    %jmp T_75.35;
T_75.34 ;
    %load/vec4 v0x5986361f1db0_0;
    %cmpi/e 9, 0, 5;
    %jmp/0xz  T_75.36, 4;
    %load/vec4 v0x5986361f1e50_0;
    %assign/vec4 v0x5986361f0230_0, 0;
T_75.36 ;
T_75.35 ;
    %load/vec4 v0x5986361f1c70_0;
    %cmpi/e 10, 0, 5;
    %jmp/0xz  T_75.38, 4;
    %load/vec4 v0x5986361f1d10_0;
    %assign/vec4 v0x5986361eef70_0, 0;
    %jmp T_75.39;
T_75.38 ;
    %load/vec4 v0x5986361f1db0_0;
    %cmpi/e 10, 0, 5;
    %jmp/0xz  T_75.40, 4;
    %load/vec4 v0x5986361f1e50_0;
    %assign/vec4 v0x5986361eef70_0, 0;
T_75.40 ;
T_75.39 ;
    %load/vec4 v0x5986361f1c70_0;
    %cmpi/e 11, 0, 5;
    %jmp/0xz  T_75.42, 4;
    %load/vec4 v0x5986361f1d10_0;
    %assign/vec4 v0x5986361ef010_0, 0;
    %jmp T_75.43;
T_75.42 ;
    %load/vec4 v0x5986361f1db0_0;
    %cmpi/e 11, 0, 5;
    %jmp/0xz  T_75.44, 4;
    %load/vec4 v0x5986361f1e50_0;
    %assign/vec4 v0x5986361ef010_0, 0;
T_75.44 ;
T_75.43 ;
    %load/vec4 v0x5986361f1c70_0;
    %cmpi/e 12, 0, 5;
    %jmp/0xz  T_75.46, 4;
    %load/vec4 v0x5986361f1d10_0;
    %assign/vec4 v0x5986361ef0b0_0, 0;
    %jmp T_75.47;
T_75.46 ;
    %load/vec4 v0x5986361f1db0_0;
    %cmpi/e 12, 0, 5;
    %jmp/0xz  T_75.48, 4;
    %load/vec4 v0x5986361f1e50_0;
    %assign/vec4 v0x5986361ef0b0_0, 0;
T_75.48 ;
T_75.47 ;
    %load/vec4 v0x5986361f1c70_0;
    %cmpi/e 13, 0, 5;
    %jmp/0xz  T_75.50, 4;
    %load/vec4 v0x5986361f1d10_0;
    %assign/vec4 v0x5986361ef150_0, 0;
    %jmp T_75.51;
T_75.50 ;
    %load/vec4 v0x5986361f1db0_0;
    %cmpi/e 13, 0, 5;
    %jmp/0xz  T_75.52, 4;
    %load/vec4 v0x5986361f1e50_0;
    %assign/vec4 v0x5986361ef150_0, 0;
T_75.52 ;
T_75.51 ;
    %load/vec4 v0x5986361f1c70_0;
    %cmpi/e 14, 0, 5;
    %jmp/0xz  T_75.54, 4;
    %load/vec4 v0x5986361f1d10_0;
    %assign/vec4 v0x5986361ef1f0_0, 0;
    %jmp T_75.55;
T_75.54 ;
    %load/vec4 v0x5986361f1db0_0;
    %cmpi/e 14, 0, 5;
    %jmp/0xz  T_75.56, 4;
    %load/vec4 v0x5986361f1e50_0;
    %assign/vec4 v0x5986361ef1f0_0, 0;
T_75.56 ;
T_75.55 ;
    %load/vec4 v0x5986361f1c70_0;
    %cmpi/e 15, 0, 5;
    %jmp/0xz  T_75.58, 4;
    %load/vec4 v0x5986361f1d10_0;
    %assign/vec4 v0x5986361ef290_0, 0;
    %jmp T_75.59;
T_75.58 ;
    %load/vec4 v0x5986361f1db0_0;
    %cmpi/e 15, 0, 5;
    %jmp/0xz  T_75.60, 4;
    %load/vec4 v0x5986361f1e50_0;
    %assign/vec4 v0x5986361ef290_0, 0;
T_75.60 ;
T_75.59 ;
    %load/vec4 v0x5986361f1c70_0;
    %cmpi/e 16, 0, 5;
    %jmp/0xz  T_75.62, 4;
    %load/vec4 v0x5986361f1d10_0;
    %assign/vec4 v0x5986361ef330_0, 0;
    %jmp T_75.63;
T_75.62 ;
    %load/vec4 v0x5986361f1db0_0;
    %cmpi/e 16, 0, 5;
    %jmp/0xz  T_75.64, 4;
    %load/vec4 v0x5986361f1e50_0;
    %assign/vec4 v0x5986361ef330_0, 0;
T_75.64 ;
T_75.63 ;
    %load/vec4 v0x5986361f1c70_0;
    %cmpi/e 17, 0, 5;
    %jmp/0xz  T_75.66, 4;
    %load/vec4 v0x5986361f1d10_0;
    %assign/vec4 v0x5986361ef3d0_0, 0;
    %jmp T_75.67;
T_75.66 ;
    %load/vec4 v0x5986361f1db0_0;
    %cmpi/e 17, 0, 5;
    %jmp/0xz  T_75.68, 4;
    %load/vec4 v0x5986361f1e50_0;
    %assign/vec4 v0x5986361ef3d0_0, 0;
T_75.68 ;
T_75.67 ;
    %load/vec4 v0x5986361f1c70_0;
    %cmpi/e 18, 0, 5;
    %jmp/0xz  T_75.70, 4;
    %load/vec4 v0x5986361f1d10_0;
    %assign/vec4 v0x5986361ef470_0, 0;
    %jmp T_75.71;
T_75.70 ;
    %load/vec4 v0x5986361f1db0_0;
    %cmpi/e 18, 0, 5;
    %jmp/0xz  T_75.72, 4;
    %load/vec4 v0x5986361f1e50_0;
    %assign/vec4 v0x5986361ef470_0, 0;
T_75.72 ;
T_75.71 ;
    %load/vec4 v0x5986361f1c70_0;
    %cmpi/e 19, 0, 5;
    %jmp/0xz  T_75.74, 4;
    %load/vec4 v0x5986361f1d10_0;
    %assign/vec4 v0x5986361ef510_0, 0;
    %jmp T_75.75;
T_75.74 ;
    %load/vec4 v0x5986361f1db0_0;
    %cmpi/e 19, 0, 5;
    %jmp/0xz  T_75.76, 4;
    %load/vec4 v0x5986361f1e50_0;
    %assign/vec4 v0x5986361ef510_0, 0;
T_75.76 ;
T_75.75 ;
    %load/vec4 v0x5986361f1c70_0;
    %cmpi/e 20, 0, 5;
    %jmp/0xz  T_75.78, 4;
    %load/vec4 v0x5986361f1d10_0;
    %assign/vec4 v0x5986361ef650_0, 0;
    %jmp T_75.79;
T_75.78 ;
    %load/vec4 v0x5986361f1db0_0;
    %cmpi/e 20, 0, 5;
    %jmp/0xz  T_75.80, 4;
    %load/vec4 v0x5986361f1e50_0;
    %assign/vec4 v0x5986361ef650_0, 0;
T_75.80 ;
T_75.79 ;
    %load/vec4 v0x5986361f1c70_0;
    %cmpi/e 21, 0, 5;
    %jmp/0xz  T_75.82, 4;
    %load/vec4 v0x5986361f1d10_0;
    %assign/vec4 v0x5986361ef6f0_0, 0;
    %jmp T_75.83;
T_75.82 ;
    %load/vec4 v0x5986361f1db0_0;
    %cmpi/e 21, 0, 5;
    %jmp/0xz  T_75.84, 4;
    %load/vec4 v0x5986361f1e50_0;
    %assign/vec4 v0x5986361ef6f0_0, 0;
T_75.84 ;
T_75.83 ;
    %load/vec4 v0x5986361f1c70_0;
    %cmpi/e 22, 0, 5;
    %jmp/0xz  T_75.86, 4;
    %load/vec4 v0x5986361f1d10_0;
    %assign/vec4 v0x5986361ef790_0, 0;
    %jmp T_75.87;
T_75.86 ;
    %load/vec4 v0x5986361f1db0_0;
    %cmpi/e 22, 0, 5;
    %jmp/0xz  T_75.88, 4;
    %load/vec4 v0x5986361f1e50_0;
    %assign/vec4 v0x5986361ef790_0, 0;
T_75.88 ;
T_75.87 ;
    %load/vec4 v0x5986361f1c70_0;
    %cmpi/e 23, 0, 5;
    %jmp/0xz  T_75.90, 4;
    %load/vec4 v0x5986361f1d10_0;
    %assign/vec4 v0x5986361ef830_0, 0;
    %jmp T_75.91;
T_75.90 ;
    %load/vec4 v0x5986361f1db0_0;
    %cmpi/e 23, 0, 5;
    %jmp/0xz  T_75.92, 4;
    %load/vec4 v0x5986361f1e50_0;
    %assign/vec4 v0x5986361ef830_0, 0;
T_75.92 ;
T_75.91 ;
    %load/vec4 v0x5986361f1c70_0;
    %cmpi/e 24, 0, 5;
    %jmp/0xz  T_75.94, 4;
    %load/vec4 v0x5986361f1d10_0;
    %assign/vec4 v0x5986361ef8d0_0, 0;
    %jmp T_75.95;
T_75.94 ;
    %load/vec4 v0x5986361f1db0_0;
    %cmpi/e 24, 0, 5;
    %jmp/0xz  T_75.96, 4;
    %load/vec4 v0x5986361f1e50_0;
    %assign/vec4 v0x5986361ef8d0_0, 0;
T_75.96 ;
T_75.95 ;
    %load/vec4 v0x5986361f1c70_0;
    %cmpi/e 25, 0, 5;
    %jmp/0xz  T_75.98, 4;
    %load/vec4 v0x5986361f1d10_0;
    %assign/vec4 v0x5986361ef970_0, 0;
    %jmp T_75.99;
T_75.98 ;
    %load/vec4 v0x5986361f1db0_0;
    %cmpi/e 25, 0, 5;
    %jmp/0xz  T_75.100, 4;
    %load/vec4 v0x5986361f1e50_0;
    %assign/vec4 v0x5986361ef970_0, 0;
T_75.100 ;
T_75.99 ;
    %load/vec4 v0x5986361f1c70_0;
    %cmpi/e 26, 0, 5;
    %jmp/0xz  T_75.102, 4;
    %load/vec4 v0x5986361f1d10_0;
    %assign/vec4 v0x5986361efa10_0, 0;
    %jmp T_75.103;
T_75.102 ;
    %load/vec4 v0x5986361f1db0_0;
    %cmpi/e 26, 0, 5;
    %jmp/0xz  T_75.104, 4;
    %load/vec4 v0x5986361f1e50_0;
    %assign/vec4 v0x5986361efa10_0, 0;
T_75.104 ;
T_75.103 ;
    %load/vec4 v0x5986361f1c70_0;
    %cmpi/e 27, 0, 5;
    %jmp/0xz  T_75.106, 4;
    %load/vec4 v0x5986361f1d10_0;
    %assign/vec4 v0x5986361efab0_0, 0;
    %jmp T_75.107;
T_75.106 ;
    %load/vec4 v0x5986361f1db0_0;
    %cmpi/e 27, 0, 5;
    %jmp/0xz  T_75.108, 4;
    %load/vec4 v0x5986361f1e50_0;
    %assign/vec4 v0x5986361efab0_0, 0;
T_75.108 ;
T_75.107 ;
    %load/vec4 v0x5986361f1c70_0;
    %cmpi/e 28, 0, 5;
    %jmp/0xz  T_75.110, 4;
    %load/vec4 v0x5986361f1d10_0;
    %assign/vec4 v0x5986361efb50_0, 0;
    %jmp T_75.111;
T_75.110 ;
    %load/vec4 v0x5986361f1db0_0;
    %cmpi/e 28, 0, 5;
    %jmp/0xz  T_75.112, 4;
    %load/vec4 v0x5986361f1e50_0;
    %assign/vec4 v0x5986361efb50_0, 0;
T_75.112 ;
T_75.111 ;
    %load/vec4 v0x5986361f1c70_0;
    %cmpi/e 29, 0, 5;
    %jmp/0xz  T_75.114, 4;
    %load/vec4 v0x5986361f1d10_0;
    %assign/vec4 v0x5986361efbf0_0, 0;
    %jmp T_75.115;
T_75.114 ;
    %load/vec4 v0x5986361f1db0_0;
    %cmpi/e 29, 0, 5;
    %jmp/0xz  T_75.116, 4;
    %load/vec4 v0x5986361f1e50_0;
    %assign/vec4 v0x5986361efbf0_0, 0;
T_75.116 ;
T_75.115 ;
    %load/vec4 v0x5986361f1c70_0;
    %cmpi/e 30, 0, 5;
    %jmp/0xz  T_75.118, 4;
    %load/vec4 v0x5986361f1d10_0;
    %assign/vec4 v0x5986361efd30_0, 0;
    %jmp T_75.119;
T_75.118 ;
    %load/vec4 v0x5986361f1db0_0;
    %cmpi/e 30, 0, 5;
    %jmp/0xz  T_75.120, 4;
    %load/vec4 v0x5986361f1e50_0;
    %assign/vec4 v0x5986361efd30_0, 0;
T_75.120 ;
T_75.119 ;
    %load/vec4 v0x5986361f1c70_0;
    %cmpi/e 31, 0, 5;
    %jmp/0xz  T_75.122, 4;
    %load/vec4 v0x5986361f1d10_0;
    %assign/vec4 v0x5986361efdd0_0, 0;
    %jmp T_75.123;
T_75.122 ;
    %load/vec4 v0x5986361f1db0_0;
    %cmpi/e 31, 0, 5;
    %jmp/0xz  T_75.124, 4;
    %load/vec4 v0x5986361f1e50_0;
    %assign/vec4 v0x5986361efdd0_0, 0;
T_75.124 ;
T_75.123 ;
T_75.1 ;
    %jmp T_75;
    .thread T_75;
    .scope S_0x5986361ee940;
T_76 ;
    %wait E_0x598635990060;
    %load/vec4 v0x5986361f1770_0;
    %dup/vec4;
    %pushi/vec4 1, 0, 5;
    %cmp/u;
    %jmp/1 T_76.0, 6;
    %dup/vec4;
    %pushi/vec4 2, 0, 5;
    %cmp/u;
    %jmp/1 T_76.1, 6;
    %dup/vec4;
    %pushi/vec4 3, 0, 5;
    %cmp/u;
    %jmp/1 T_76.2, 6;
    %dup/vec4;
    %pushi/vec4 4, 0, 5;
    %cmp/u;
    %jmp/1 T_76.3, 6;
    %dup/vec4;
    %pushi/vec4 5, 0, 5;
    %cmp/u;
    %jmp/1 T_76.4, 6;
    %dup/vec4;
    %pushi/vec4 6, 0, 5;
    %cmp/u;
    %jmp/1 T_76.5, 6;
    %dup/vec4;
    %pushi/vec4 7, 0, 5;
    %cmp/u;
    %jmp/1 T_76.6, 6;
    %dup/vec4;
    %pushi/vec4 8, 0, 5;
    %cmp/u;
    %jmp/1 T_76.7, 6;
    %dup/vec4;
    %pushi/vec4 9, 0, 5;
    %cmp/u;
    %jmp/1 T_76.8, 6;
    %dup/vec4;
    %pushi/vec4 10, 0, 5;
    %cmp/u;
    %jmp/1 T_76.9, 6;
    %dup/vec4;
    %pushi/vec4 11, 0, 5;
    %cmp/u;
    %jmp/1 T_76.10, 6;
    %dup/vec4;
    %pushi/vec4 12, 0, 5;
    %cmp/u;
    %jmp/1 T_76.11, 6;
    %dup/vec4;
    %pushi/vec4 13, 0, 5;
    %cmp/u;
    %jmp/1 T_76.12, 6;
    %dup/vec4;
    %pushi/vec4 14, 0, 5;
    %cmp/u;
    %jmp/1 T_76.13, 6;
    %dup/vec4;
    %pushi/vec4 15, 0, 5;
    %cmp/u;
    %jmp/1 T_76.14, 6;
    %dup/vec4;
    %pushi/vec4 16, 0, 5;
    %cmp/u;
    %jmp/1 T_76.15, 6;
    %dup/vec4;
    %pushi/vec4 17, 0, 5;
    %cmp/u;
    %jmp/1 T_76.16, 6;
    %dup/vec4;
    %pushi/vec4 18, 0, 5;
    %cmp/u;
    %jmp/1 T_76.17, 6;
    %dup/vec4;
    %pushi/vec4 19, 0, 5;
    %cmp/u;
    %jmp/1 T_76.18, 6;
    %dup/vec4;
    %pushi/vec4 20, 0, 5;
    %cmp/u;
    %jmp/1 T_76.19, 6;
    %dup/vec4;
    %pushi/vec4 21, 0, 5;
    %cmp/u;
    %jmp/1 T_76.20, 6;
    %dup/vec4;
    %pushi/vec4 22, 0, 5;
    %cmp/u;
    %jmp/1 T_76.21, 6;
    %dup/vec4;
    %pushi/vec4 23, 0, 5;
    %cmp/u;
    %jmp/1 T_76.22, 6;
    %dup/vec4;
    %pushi/vec4 24, 0, 5;
    %cmp/u;
    %jmp/1 T_76.23, 6;
    %dup/vec4;
    %pushi/vec4 25, 0, 5;
    %cmp/u;
    %jmp/1 T_76.24, 6;
    %dup/vec4;
    %pushi/vec4 26, 0, 5;
    %cmp/u;
    %jmp/1 T_76.25, 6;
    %dup/vec4;
    %pushi/vec4 27, 0, 5;
    %cmp/u;
    %jmp/1 T_76.26, 6;
    %dup/vec4;
    %pushi/vec4 28, 0, 5;
    %cmp/u;
    %jmp/1 T_76.27, 6;
    %dup/vec4;
    %pushi/vec4 29, 0, 5;
    %cmp/u;
    %jmp/1 T_76.28, 6;
    %dup/vec4;
    %pushi/vec4 30, 0, 5;
    %cmp/u;
    %jmp/1 T_76.29, 6;
    %dup/vec4;
    %pushi/vec4 31, 0, 5;
    %cmp/u;
    %jmp/1 T_76.30, 6;
    %pushi/vec4 0, 0, 32;
    %store/vec4 v0x5986361eecf0_0, 0, 32;
    %jmp T_76.32;
T_76.0 ;
    %load/vec4 v0x5986361ef5b0_0;
    %store/vec4 v0x5986361eecf0_0, 0, 32;
    %jmp T_76.32;
T_76.1 ;
    %load/vec4 v0x5986361efc90_0;
    %store/vec4 v0x5986361eecf0_0, 0, 32;
    %jmp T_76.32;
T_76.2 ;
    %load/vec4 v0x5986361efe70_0;
    %store/vec4 v0x5986361eecf0_0, 0, 32;
    %jmp T_76.32;
T_76.3 ;
    %load/vec4 v0x5986361eff10_0;
    %store/vec4 v0x5986361eecf0_0, 0, 32;
    %jmp T_76.32;
T_76.4 ;
    %load/vec4 v0x5986361effb0_0;
    %store/vec4 v0x5986361eecf0_0, 0, 32;
    %jmp T_76.32;
T_76.5 ;
    %load/vec4 v0x5986361f0050_0;
    %store/vec4 v0x5986361eecf0_0, 0, 32;
    %jmp T_76.32;
T_76.6 ;
    %load/vec4 v0x5986361f00f0_0;
    %store/vec4 v0x5986361eecf0_0, 0, 32;
    %jmp T_76.32;
T_76.7 ;
    %load/vec4 v0x5986361f0190_0;
    %store/vec4 v0x5986361eecf0_0, 0, 32;
    %jmp T_76.32;
T_76.8 ;
    %load/vec4 v0x5986361f0230_0;
    %store/vec4 v0x5986361eecf0_0, 0, 32;
    %jmp T_76.32;
T_76.9 ;
    %load/vec4 v0x5986361eef70_0;
    %store/vec4 v0x5986361eecf0_0, 0, 32;
    %jmp T_76.32;
T_76.10 ;
    %load/vec4 v0x5986361ef010_0;
    %store/vec4 v0x5986361eecf0_0, 0, 32;
    %jmp T_76.32;
T_76.11 ;
    %load/vec4 v0x5986361ef0b0_0;
    %store/vec4 v0x5986361eecf0_0, 0, 32;
    %jmp T_76.32;
T_76.12 ;
    %load/vec4 v0x5986361ef150_0;
    %store/vec4 v0x5986361eecf0_0, 0, 32;
    %jmp T_76.32;
T_76.13 ;
    %load/vec4 v0x5986361ef1f0_0;
    %store/vec4 v0x5986361eecf0_0, 0, 32;
    %jmp T_76.32;
T_76.14 ;
    %load/vec4 v0x5986361ef290_0;
    %store/vec4 v0x5986361eecf0_0, 0, 32;
    %jmp T_76.32;
T_76.15 ;
    %load/vec4 v0x5986361ef330_0;
    %store/vec4 v0x5986361eecf0_0, 0, 32;
    %jmp T_76.32;
T_76.16 ;
    %load/vec4 v0x5986361ef3d0_0;
    %store/vec4 v0x5986361eecf0_0, 0, 32;
    %jmp T_76.32;
T_76.17 ;
    %load/vec4 v0x5986361ef470_0;
    %store/vec4 v0x5986361eecf0_0, 0, 32;
    %jmp T_76.32;
T_76.18 ;
    %load/vec4 v0x5986361ef510_0;
    %store/vec4 v0x5986361eecf0_0, 0, 32;
    %jmp T_76.32;
T_76.19 ;
    %load/vec4 v0x5986361ef650_0;
    %store/vec4 v0x5986361eecf0_0, 0, 32;
    %jmp T_76.32;
T_76.20 ;
    %load/vec4 v0x5986361ef6f0_0;
    %store/vec4 v0x5986361eecf0_0, 0, 32;
    %jmp T_76.32;
T_76.21 ;
    %load/vec4 v0x5986361ef790_0;
    %store/vec4 v0x5986361eecf0_0, 0, 32;
    %jmp T_76.32;
T_76.22 ;
    %load/vec4 v0x5986361ef830_0;
    %store/vec4 v0x5986361eecf0_0, 0, 32;
    %jmp T_76.32;
T_76.23 ;
    %load/vec4 v0x5986361ef8d0_0;
    %store/vec4 v0x5986361eecf0_0, 0, 32;
    %jmp T_76.32;
T_76.24 ;
    %load/vec4 v0x5986361ef970_0;
    %store/vec4 v0x5986361eecf0_0, 0, 32;
    %jmp T_76.32;
T_76.25 ;
    %load/vec4 v0x5986361efa10_0;
    %store/vec4 v0x5986361eecf0_0, 0, 32;
    %jmp T_76.32;
T_76.26 ;
    %load/vec4 v0x5986361efab0_0;
    %store/vec4 v0x5986361eecf0_0, 0, 32;
    %jmp T_76.32;
T_76.27 ;
    %load/vec4 v0x5986361efb50_0;
    %store/vec4 v0x5986361eecf0_0, 0, 32;
    %jmp T_76.32;
T_76.28 ;
    %load/vec4 v0x5986361efbf0_0;
    %store/vec4 v0x5986361eecf0_0, 0, 32;
    %jmp T_76.32;
T_76.29 ;
    %load/vec4 v0x5986361efd30_0;
    %store/vec4 v0x5986361eecf0_0, 0, 32;
    %jmp T_76.32;
T_76.30 ;
    %load/vec4 v0x5986361efdd0_0;
    %store/vec4 v0x5986361eecf0_0, 0, 32;
    %jmp T_76.32;
T_76.32 ;
    %pop/vec4 1;
    %load/vec4 v0x5986361f19f0_0;
    %dup/vec4;
    %pushi/vec4 1, 0, 5;
    %cmp/u;
    %jmp/1 T_76.33, 6;
    %dup/vec4;
    %pushi/vec4 2, 0, 5;
    %cmp/u;
    %jmp/1 T_76.34, 6;
    %dup/vec4;
    %pushi/vec4 3, 0, 5;
    %cmp/u;
    %jmp/1 T_76.35, 6;
    %dup/vec4;
    %pushi/vec4 4, 0, 5;
    %cmp/u;
    %jmp/1 T_76.36, 6;
    %dup/vec4;
    %pushi/vec4 5, 0, 5;
    %cmp/u;
    %jmp/1 T_76.37, 6;
    %dup/vec4;
    %pushi/vec4 6, 0, 5;
    %cmp/u;
    %jmp/1 T_76.38, 6;
    %dup/vec4;
    %pushi/vec4 7, 0, 5;
    %cmp/u;
    %jmp/1 T_76.39, 6;
    %dup/vec4;
    %pushi/vec4 8, 0, 5;
    %cmp/u;
    %jmp/1 T_76.40, 6;
    %dup/vec4;
    %pushi/vec4 9, 0, 5;
    %cmp/u;
    %jmp/1 T_76.41, 6;
    %dup/vec4;
    %pushi/vec4 10, 0, 5;
    %cmp/u;
    %jmp/1 T_76.42, 6;
    %dup/vec4;
    %pushi/vec4 11, 0, 5;
    %cmp/u;
    %jmp/1 T_76.43, 6;
    %dup/vec4;
    %pushi/vec4 12, 0, 5;
    %cmp/u;
    %jmp/1 T_76.44, 6;
    %dup/vec4;
    %pushi/vec4 13, 0, 5;
    %cmp/u;
    %jmp/1 T_76.45, 6;
    %dup/vec4;
    %pushi/vec4 14, 0, 5;
    %cmp/u;
    %jmp/1 T_76.46, 6;
    %dup/vec4;
    %pushi/vec4 15, 0, 5;
    %cmp/u;
    %jmp/1 T_76.47, 6;
    %dup/vec4;
    %pushi/vec4 16, 0, 5;
    %cmp/u;
    %jmp/1 T_76.48, 6;
    %dup/vec4;
    %pushi/vec4 17, 0, 5;
    %cmp/u;
    %jmp/1 T_76.49, 6;
    %dup/vec4;
    %pushi/vec4 18, 0, 5;
    %cmp/u;
    %jmp/1 T_76.50, 6;
    %dup/vec4;
    %pushi/vec4 19, 0, 5;
    %cmp/u;
    %jmp/1 T_76.51, 6;
    %dup/vec4;
    %pushi/vec4 20, 0, 5;
    %cmp/u;
    %jmp/1 T_76.52, 6;
    %dup/vec4;
    %pushi/vec4 21, 0, 5;
    %cmp/u;
    %jmp/1 T_76.53, 6;
    %dup/vec4;
    %pushi/vec4 22, 0, 5;
    %cmp/u;
    %jmp/1 T_76.54, 6;
    %dup/vec4;
    %pushi/vec4 23, 0, 5;
    %cmp/u;
    %jmp/1 T_76.55, 6;
    %dup/vec4;
    %pushi/vec4 24, 0, 5;
    %cmp/u;
    %jmp/1 T_76.56, 6;
    %dup/vec4;
    %pushi/vec4 25, 0, 5;
    %cmp/u;
    %jmp/1 T_76.57, 6;
    %dup/vec4;
    %pushi/vec4 26, 0, 5;
    %cmp/u;
    %jmp/1 T_76.58, 6;
    %dup/vec4;
    %pushi/vec4 27, 0, 5;
    %cmp/u;
    %jmp/1 T_76.59, 6;
    %dup/vec4;
    %pushi/vec4 28, 0, 5;
    %cmp/u;
    %jmp/1 T_76.60, 6;
    %dup/vec4;
    %pushi/vec4 29, 0, 5;
    %cmp/u;
    %jmp/1 T_76.61, 6;
    %dup/vec4;
    %pushi/vec4 30, 0, 5;
    %cmp/u;
    %jmp/1 T_76.62, 6;
    %dup/vec4;
    %pushi/vec4 31, 0, 5;
    %cmp/u;
    %jmp/1 T_76.63, 6;
    %pushi/vec4 0, 0, 32;
    %store/vec4 v0x5986361eee30_0, 0, 32;
    %jmp T_76.65;
T_76.33 ;
    %load/vec4 v0x5986361ef5b0_0;
    %store/vec4 v0x5986361eee30_0, 0, 32;
    %jmp T_76.65;
T_76.34 ;
    %load/vec4 v0x5986361efc90_0;
    %store/vec4 v0x5986361eee30_0, 0, 32;
    %jmp T_76.65;
T_76.35 ;
    %load/vec4 v0x5986361efe70_0;
    %store/vec4 v0x5986361eee30_0, 0, 32;
    %jmp T_76.65;
T_76.36 ;
    %load/vec4 v0x5986361eff10_0;
    %store/vec4 v0x5986361eee30_0, 0, 32;
    %jmp T_76.65;
T_76.37 ;
    %load/vec4 v0x5986361effb0_0;
    %store/vec4 v0x5986361eee30_0, 0, 32;
    %jmp T_76.65;
T_76.38 ;
    %load/vec4 v0x5986361f0050_0;
    %store/vec4 v0x5986361eee30_0, 0, 32;
    %jmp T_76.65;
T_76.39 ;
    %load/vec4 v0x5986361f00f0_0;
    %store/vec4 v0x5986361eee30_0, 0, 32;
    %jmp T_76.65;
T_76.40 ;
    %load/vec4 v0x5986361f0190_0;
    %store/vec4 v0x5986361eee30_0, 0, 32;
    %jmp T_76.65;
T_76.41 ;
    %load/vec4 v0x5986361f0230_0;
    %store/vec4 v0x5986361eee30_0, 0, 32;
    %jmp T_76.65;
T_76.42 ;
    %load/vec4 v0x5986361eef70_0;
    %store/vec4 v0x5986361eee30_0, 0, 32;
    %jmp T_76.65;
T_76.43 ;
    %load/vec4 v0x5986361ef010_0;
    %store/vec4 v0x5986361eee30_0, 0, 32;
    %jmp T_76.65;
T_76.44 ;
    %load/vec4 v0x5986361ef0b0_0;
    %store/vec4 v0x5986361eee30_0, 0, 32;
    %jmp T_76.65;
T_76.45 ;
    %load/vec4 v0x5986361ef150_0;
    %store/vec4 v0x5986361eee30_0, 0, 32;
    %jmp T_76.65;
T_76.46 ;
    %load/vec4 v0x5986361ef1f0_0;
    %store/vec4 v0x5986361eee30_0, 0, 32;
    %jmp T_76.65;
T_76.47 ;
    %load/vec4 v0x5986361ef290_0;
    %store/vec4 v0x5986361eee30_0, 0, 32;
    %jmp T_76.65;
T_76.48 ;
    %load/vec4 v0x5986361ef330_0;
    %store/vec4 v0x5986361eee30_0, 0, 32;
    %jmp T_76.65;
T_76.49 ;
    %load/vec4 v0x5986361ef3d0_0;
    %store/vec4 v0x5986361eee30_0, 0, 32;
    %jmp T_76.65;
T_76.50 ;
    %load/vec4 v0x5986361ef470_0;
    %store/vec4 v0x5986361eee30_0, 0, 32;
    %jmp T_76.65;
T_76.51 ;
    %load/vec4 v0x5986361ef510_0;
    %store/vec4 v0x5986361eee30_0, 0, 32;
    %jmp T_76.65;
T_76.52 ;
    %load/vec4 v0x5986361ef650_0;
    %store/vec4 v0x5986361eee30_0, 0, 32;
    %jmp T_76.65;
T_76.53 ;
    %load/vec4 v0x5986361ef6f0_0;
    %store/vec4 v0x5986361eee30_0, 0, 32;
    %jmp T_76.65;
T_76.54 ;
    %load/vec4 v0x5986361ef790_0;
    %store/vec4 v0x5986361eee30_0, 0, 32;
    %jmp T_76.65;
T_76.55 ;
    %load/vec4 v0x5986361ef830_0;
    %store/vec4 v0x5986361eee30_0, 0, 32;
    %jmp T_76.65;
T_76.56 ;
    %load/vec4 v0x5986361ef8d0_0;
    %store/vec4 v0x5986361eee30_0, 0, 32;
    %jmp T_76.65;
T_76.57 ;
    %load/vec4 v0x5986361ef970_0;
    %store/vec4 v0x5986361eee30_0, 0, 32;
    %jmp T_76.65;
T_76.58 ;
    %load/vec4 v0x5986361efa10_0;
    %store/vec4 v0x5986361eee30_0, 0, 32;
    %jmp T_76.65;
T_76.59 ;
    %load/vec4 v0x5986361efab0_0;
    %store/vec4 v0x5986361eee30_0, 0, 32;
    %jmp T_76.65;
T_76.60 ;
    %load/vec4 v0x5986361efb50_0;
    %store/vec4 v0x5986361eee30_0, 0, 32;
    %jmp T_76.65;
T_76.61 ;
    %load/vec4 v0x5986361efbf0_0;
    %store/vec4 v0x5986361eee30_0, 0, 32;
    %jmp T_76.65;
T_76.62 ;
    %load/vec4 v0x5986361efd30_0;
    %store/vec4 v0x5986361eee30_0, 0, 32;
    %jmp T_76.65;
T_76.63 ;
    %load/vec4 v0x5986361efdd0_0;
    %store/vec4 v0x5986361eee30_0, 0, 32;
    %jmp T_76.65;
T_76.65 ;
    %pop/vec4 1;
    %jmp T_76;
    .thread T_76, $push;
    .scope S_0x5986361ee940;
T_77 ;
    %wait E_0x59863593f780;
    %load/vec4 v0x5986361f18b0_0;
    %dup/vec4;
    %pushi/vec4 1, 0, 5;
    %cmp/u;
    %jmp/1 T_77.0, 6;
    %dup/vec4;
    %pushi/vec4 2, 0, 5;
    %cmp/u;
    %jmp/1 T_77.1, 6;
    %dup/vec4;
    %pushi/vec4 3, 0, 5;
    %cmp/u;
    %jmp/1 T_77.2, 6;
    %dup/vec4;
    %pushi/vec4 4, 0, 5;
    %cmp/u;
    %jmp/1 T_77.3, 6;
    %dup/vec4;
    %pushi/vec4 5, 0, 5;
    %cmp/u;
    %jmp/1 T_77.4, 6;
    %dup/vec4;
    %pushi/vec4 6, 0, 5;
    %cmp/u;
    %jmp/1 T_77.5, 6;
    %dup/vec4;
    %pushi/vec4 7, 0, 5;
    %cmp/u;
    %jmp/1 T_77.6, 6;
    %dup/vec4;
    %pushi/vec4 8, 0, 5;
    %cmp/u;
    %jmp/1 T_77.7, 6;
    %dup/vec4;
    %pushi/vec4 9, 0, 5;
    %cmp/u;
    %jmp/1 T_77.8, 6;
    %dup/vec4;
    %pushi/vec4 10, 0, 5;
    %cmp/u;
    %jmp/1 T_77.9, 6;
    %dup/vec4;
    %pushi/vec4 11, 0, 5;
    %cmp/u;
    %jmp/1 T_77.10, 6;
    %dup/vec4;
    %pushi/vec4 12, 0, 5;
    %cmp/u;
    %jmp/1 T_77.11, 6;
    %dup/vec4;
    %pushi/vec4 13, 0, 5;
    %cmp/u;
    %jmp/1 T_77.12, 6;
    %dup/vec4;
    %pushi/vec4 14, 0, 5;
    %cmp/u;
    %jmp/1 T_77.13, 6;
    %dup/vec4;
    %pushi/vec4 15, 0, 5;
    %cmp/u;
    %jmp/1 T_77.14, 6;
    %dup/vec4;
    %pushi/vec4 16, 0, 5;
    %cmp/u;
    %jmp/1 T_77.15, 6;
    %dup/vec4;
    %pushi/vec4 17, 0, 5;
    %cmp/u;
    %jmp/1 T_77.16, 6;
    %dup/vec4;
    %pushi/vec4 18, 0, 5;
    %cmp/u;
    %jmp/1 T_77.17, 6;
    %dup/vec4;
    %pushi/vec4 19, 0, 5;
    %cmp/u;
    %jmp/1 T_77.18, 6;
    %dup/vec4;
    %pushi/vec4 20, 0, 5;
    %cmp/u;
    %jmp/1 T_77.19, 6;
    %dup/vec4;
    %pushi/vec4 21, 0, 5;
    %cmp/u;
    %jmp/1 T_77.20, 6;
    %dup/vec4;
    %pushi/vec4 22, 0, 5;
    %cmp/u;
    %jmp/1 T_77.21, 6;
    %dup/vec4;
    %pushi/vec4 23, 0, 5;
    %cmp/u;
    %jmp/1 T_77.22, 6;
    %dup/vec4;
    %pushi/vec4 24, 0, 5;
    %cmp/u;
    %jmp/1 T_77.23, 6;
    %dup/vec4;
    %pushi/vec4 25, 0, 5;
    %cmp/u;
    %jmp/1 T_77.24, 6;
    %dup/vec4;
    %pushi/vec4 26, 0, 5;
    %cmp/u;
    %jmp/1 T_77.25, 6;
    %dup/vec4;
    %pushi/vec4 27, 0, 5;
    %cmp/u;
    %jmp/1 T_77.26, 6;
    %dup/vec4;
    %pushi/vec4 28, 0, 5;
    %cmp/u;
    %jmp/1 T_77.27, 6;
    %dup/vec4;
    %pushi/vec4 29, 0, 5;
    %cmp/u;
    %jmp/1 T_77.28, 6;
    %dup/vec4;
    %pushi/vec4 30, 0, 5;
    %cmp/u;
    %jmp/1 T_77.29, 6;
    %dup/vec4;
    %pushi/vec4 31, 0, 5;
    %cmp/u;
    %jmp/1 T_77.30, 6;
    %pushi/vec4 0, 0, 32;
    %store/vec4 v0x5986361eed90_0, 0, 32;
    %jmp T_77.32;
T_77.0 ;
    %load/vec4 v0x5986361ef5b0_0;
    %store/vec4 v0x5986361eed90_0, 0, 32;
    %jmp T_77.32;
T_77.1 ;
    %load/vec4 v0x5986361efc90_0;
    %store/vec4 v0x5986361eed90_0, 0, 32;
    %jmp T_77.32;
T_77.2 ;
    %load/vec4 v0x5986361efe70_0;
    %store/vec4 v0x5986361eed90_0, 0, 32;
    %jmp T_77.32;
T_77.3 ;
    %load/vec4 v0x5986361eff10_0;
    %store/vec4 v0x5986361eed90_0, 0, 32;
    %jmp T_77.32;
T_77.4 ;
    %load/vec4 v0x5986361effb0_0;
    %store/vec4 v0x5986361eed90_0, 0, 32;
    %jmp T_77.32;
T_77.5 ;
    %load/vec4 v0x5986361f0050_0;
    %store/vec4 v0x5986361eed90_0, 0, 32;
    %jmp T_77.32;
T_77.6 ;
    %load/vec4 v0x5986361f00f0_0;
    %store/vec4 v0x5986361eed90_0, 0, 32;
    %jmp T_77.32;
T_77.7 ;
    %load/vec4 v0x5986361f0190_0;
    %store/vec4 v0x5986361eed90_0, 0, 32;
    %jmp T_77.32;
T_77.8 ;
    %load/vec4 v0x5986361f0230_0;
    %store/vec4 v0x5986361eed90_0, 0, 32;
    %jmp T_77.32;
T_77.9 ;
    %load/vec4 v0x5986361eef70_0;
    %store/vec4 v0x5986361eed90_0, 0, 32;
    %jmp T_77.32;
T_77.10 ;
    %load/vec4 v0x5986361ef010_0;
    %store/vec4 v0x5986361eed90_0, 0, 32;
    %jmp T_77.32;
T_77.11 ;
    %load/vec4 v0x5986361ef0b0_0;
    %store/vec4 v0x5986361eed90_0, 0, 32;
    %jmp T_77.32;
T_77.12 ;
    %load/vec4 v0x5986361ef150_0;
    %store/vec4 v0x5986361eed90_0, 0, 32;
    %jmp T_77.32;
T_77.13 ;
    %load/vec4 v0x5986361ef1f0_0;
    %store/vec4 v0x5986361eed90_0, 0, 32;
    %jmp T_77.32;
T_77.14 ;
    %load/vec4 v0x5986361ef290_0;
    %store/vec4 v0x5986361eed90_0, 0, 32;
    %jmp T_77.32;
T_77.15 ;
    %load/vec4 v0x5986361ef330_0;
    %store/vec4 v0x5986361eed90_0, 0, 32;
    %jmp T_77.32;
T_77.16 ;
    %load/vec4 v0x5986361ef3d0_0;
    %store/vec4 v0x5986361eed90_0, 0, 32;
    %jmp T_77.32;
T_77.17 ;
    %load/vec4 v0x5986361ef470_0;
    %store/vec4 v0x5986361eed90_0, 0, 32;
    %jmp T_77.32;
T_77.18 ;
    %load/vec4 v0x5986361ef510_0;
    %store/vec4 v0x5986361eed90_0, 0, 32;
    %jmp T_77.32;
T_77.19 ;
    %load/vec4 v0x5986361ef650_0;
    %store/vec4 v0x5986361eed90_0, 0, 32;
    %jmp T_77.32;
T_77.20 ;
    %load/vec4 v0x5986361ef6f0_0;
    %store/vec4 v0x5986361eed90_0, 0, 32;
    %jmp T_77.32;
T_77.21 ;
    %load/vec4 v0x5986361ef790_0;
    %store/vec4 v0x5986361eed90_0, 0, 32;
    %jmp T_77.32;
T_77.22 ;
    %load/vec4 v0x5986361ef830_0;
    %store/vec4 v0x5986361eed90_0, 0, 32;
    %jmp T_77.32;
T_77.23 ;
    %load/vec4 v0x5986361ef8d0_0;
    %store/vec4 v0x5986361eed90_0, 0, 32;
    %jmp T_77.32;
T_77.24 ;
    %load/vec4 v0x5986361ef970_0;
    %store/vec4 v0x5986361eed90_0, 0, 32;
    %jmp T_77.32;
T_77.25 ;
    %load/vec4 v0x5986361efa10_0;
    %store/vec4 v0x5986361eed90_0, 0, 32;
    %jmp T_77.32;
T_77.26 ;
    %load/vec4 v0x5986361efab0_0;
    %store/vec4 v0x5986361eed90_0, 0, 32;
    %jmp T_77.32;
T_77.27 ;
    %load/vec4 v0x5986361efb50_0;
    %store/vec4 v0x5986361eed90_0, 0, 32;
    %jmp T_77.32;
T_77.28 ;
    %load/vec4 v0x5986361efbf0_0;
    %store/vec4 v0x5986361eed90_0, 0, 32;
    %jmp T_77.32;
T_77.29 ;
    %load/vec4 v0x5986361efd30_0;
    %store/vec4 v0x5986361eed90_0, 0, 32;
    %jmp T_77.32;
T_77.30 ;
    %load/vec4 v0x5986361efdd0_0;
    %store/vec4 v0x5986361eed90_0, 0, 32;
    %jmp T_77.32;
T_77.32 ;
    %pop/vec4 1;
    %load/vec4 v0x5986361f1b30_0;
    %dup/vec4;
    %pushi/vec4 1, 0, 5;
    %cmp/u;
    %jmp/1 T_77.33, 6;
    %dup/vec4;
    %pushi/vec4 2, 0, 5;
    %cmp/u;
    %jmp/1 T_77.34, 6;
    %dup/vec4;
    %pushi/vec4 3, 0, 5;
    %cmp/u;
    %jmp/1 T_77.35, 6;
    %dup/vec4;
    %pushi/vec4 4, 0, 5;
    %cmp/u;
    %jmp/1 T_77.36, 6;
    %dup/vec4;
    %pushi/vec4 5, 0, 5;
    %cmp/u;
    %jmp/1 T_77.37, 6;
    %dup/vec4;
    %pushi/vec4 6, 0, 5;
    %cmp/u;
    %jmp/1 T_77.38, 6;
    %dup/vec4;
    %pushi/vec4 7, 0, 5;
    %cmp/u;
    %jmp/1 T_77.39, 6;
    %dup/vec4;
    %pushi/vec4 8, 0, 5;
    %cmp/u;
    %jmp/1 T_77.40, 6;
    %dup/vec4;
    %pushi/vec4 9, 0, 5;
    %cmp/u;
    %jmp/1 T_77.41, 6;
    %dup/vec4;
    %pushi/vec4 10, 0, 5;
    %cmp/u;
    %jmp/1 T_77.42, 6;
    %dup/vec4;
    %pushi/vec4 11, 0, 5;
    %cmp/u;
    %jmp/1 T_77.43, 6;
    %dup/vec4;
    %pushi/vec4 12, 0, 5;
    %cmp/u;
    %jmp/1 T_77.44, 6;
    %dup/vec4;
    %pushi/vec4 13, 0, 5;
    %cmp/u;
    %jmp/1 T_77.45, 6;
    %dup/vec4;
    %pushi/vec4 14, 0, 5;
    %cmp/u;
    %jmp/1 T_77.46, 6;
    %dup/vec4;
    %pushi/vec4 15, 0, 5;
    %cmp/u;
    %jmp/1 T_77.47, 6;
    %dup/vec4;
    %pushi/vec4 16, 0, 5;
    %cmp/u;
    %jmp/1 T_77.48, 6;
    %dup/vec4;
    %pushi/vec4 17, 0, 5;
    %cmp/u;
    %jmp/1 T_77.49, 6;
    %dup/vec4;
    %pushi/vec4 18, 0, 5;
    %cmp/u;
    %jmp/1 T_77.50, 6;
    %dup/vec4;
    %pushi/vec4 19, 0, 5;
    %cmp/u;
    %jmp/1 T_77.51, 6;
    %dup/vec4;
    %pushi/vec4 20, 0, 5;
    %cmp/u;
    %jmp/1 T_77.52, 6;
    %dup/vec4;
    %pushi/vec4 21, 0, 5;
    %cmp/u;
    %jmp/1 T_77.53, 6;
    %dup/vec4;
    %pushi/vec4 22, 0, 5;
    %cmp/u;
    %jmp/1 T_77.54, 6;
    %dup/vec4;
    %pushi/vec4 23, 0, 5;
    %cmp/u;
    %jmp/1 T_77.55, 6;
    %dup/vec4;
    %pushi/vec4 24, 0, 5;
    %cmp/u;
    %jmp/1 T_77.56, 6;
    %dup/vec4;
    %pushi/vec4 25, 0, 5;
    %cmp/u;
    %jmp/1 T_77.57, 6;
    %dup/vec4;
    %pushi/vec4 26, 0, 5;
    %cmp/u;
    %jmp/1 T_77.58, 6;
    %dup/vec4;
    %pushi/vec4 27, 0, 5;
    %cmp/u;
    %jmp/1 T_77.59, 6;
    %dup/vec4;
    %pushi/vec4 28, 0, 5;
    %cmp/u;
    %jmp/1 T_77.60, 6;
    %dup/vec4;
    %pushi/vec4 29, 0, 5;
    %cmp/u;
    %jmp/1 T_77.61, 6;
    %dup/vec4;
    %pushi/vec4 30, 0, 5;
    %cmp/u;
    %jmp/1 T_77.62, 6;
    %dup/vec4;
    %pushi/vec4 31, 0, 5;
    %cmp/u;
    %jmp/1 T_77.63, 6;
    %pushi/vec4 0, 0, 32;
    %store/vec4 v0x5986361eeed0_0, 0, 32;
    %jmp T_77.65;
T_77.33 ;
    %load/vec4 v0x5986361ef5b0_0;
    %store/vec4 v0x5986361eeed0_0, 0, 32;
    %jmp T_77.65;
T_77.34 ;
    %load/vec4 v0x5986361efc90_0;
    %store/vec4 v0x5986361eeed0_0, 0, 32;
    %jmp T_77.65;
T_77.35 ;
    %load/vec4 v0x5986361efe70_0;
    %store/vec4 v0x5986361eeed0_0, 0, 32;
    %jmp T_77.65;
T_77.36 ;
    %load/vec4 v0x5986361eff10_0;
    %store/vec4 v0x5986361eeed0_0, 0, 32;
    %jmp T_77.65;
T_77.37 ;
    %load/vec4 v0x5986361effb0_0;
    %store/vec4 v0x5986361eeed0_0, 0, 32;
    %jmp T_77.65;
T_77.38 ;
    %load/vec4 v0x5986361f0050_0;
    %store/vec4 v0x5986361eeed0_0, 0, 32;
    %jmp T_77.65;
T_77.39 ;
    %load/vec4 v0x5986361f00f0_0;
    %store/vec4 v0x5986361eeed0_0, 0, 32;
    %jmp T_77.65;
T_77.40 ;
    %load/vec4 v0x5986361f0190_0;
    %store/vec4 v0x5986361eeed0_0, 0, 32;
    %jmp T_77.65;
T_77.41 ;
    %load/vec4 v0x5986361f0230_0;
    %store/vec4 v0x5986361eeed0_0, 0, 32;
    %jmp T_77.65;
T_77.42 ;
    %load/vec4 v0x5986361eef70_0;
    %store/vec4 v0x5986361eeed0_0, 0, 32;
    %jmp T_77.65;
T_77.43 ;
    %load/vec4 v0x5986361ef010_0;
    %store/vec4 v0x5986361eeed0_0, 0, 32;
    %jmp T_77.65;
T_77.44 ;
    %load/vec4 v0x5986361ef0b0_0;
    %store/vec4 v0x5986361eeed0_0, 0, 32;
    %jmp T_77.65;
T_77.45 ;
    %load/vec4 v0x5986361ef150_0;
    %store/vec4 v0x5986361eeed0_0, 0, 32;
    %jmp T_77.65;
T_77.46 ;
    %load/vec4 v0x5986361ef1f0_0;
    %store/vec4 v0x5986361eeed0_0, 0, 32;
    %jmp T_77.65;
T_77.47 ;
    %load/vec4 v0x5986361ef290_0;
    %store/vec4 v0x5986361eeed0_0, 0, 32;
    %jmp T_77.65;
T_77.48 ;
    %load/vec4 v0x5986361ef330_0;
    %store/vec4 v0x5986361eeed0_0, 0, 32;
    %jmp T_77.65;
T_77.49 ;
    %load/vec4 v0x5986361ef3d0_0;
    %store/vec4 v0x5986361eeed0_0, 0, 32;
    %jmp T_77.65;
T_77.50 ;
    %load/vec4 v0x5986361ef470_0;
    %store/vec4 v0x5986361eeed0_0, 0, 32;
    %jmp T_77.65;
T_77.51 ;
    %load/vec4 v0x5986361ef510_0;
    %store/vec4 v0x5986361eeed0_0, 0, 32;
    %jmp T_77.65;
T_77.52 ;
    %load/vec4 v0x5986361ef650_0;
    %store/vec4 v0x5986361eeed0_0, 0, 32;
    %jmp T_77.65;
T_77.53 ;
    %load/vec4 v0x5986361ef6f0_0;
    %store/vec4 v0x5986361eeed0_0, 0, 32;
    %jmp T_77.65;
T_77.54 ;
    %load/vec4 v0x5986361ef790_0;
    %store/vec4 v0x5986361eeed0_0, 0, 32;
    %jmp T_77.65;
T_77.55 ;
    %load/vec4 v0x5986361ef830_0;
    %store/vec4 v0x5986361eeed0_0, 0, 32;
    %jmp T_77.65;
T_77.56 ;
    %load/vec4 v0x5986361ef8d0_0;
    %store/vec4 v0x5986361eeed0_0, 0, 32;
    %jmp T_77.65;
T_77.57 ;
    %load/vec4 v0x5986361ef970_0;
    %store/vec4 v0x5986361eeed0_0, 0, 32;
    %jmp T_77.65;
T_77.58 ;
    %load/vec4 v0x5986361efa10_0;
    %store/vec4 v0x5986361eeed0_0, 0, 32;
    %jmp T_77.65;
T_77.59 ;
    %load/vec4 v0x5986361efab0_0;
    %store/vec4 v0x5986361eeed0_0, 0, 32;
    %jmp T_77.65;
T_77.60 ;
    %load/vec4 v0x5986361efb50_0;
    %store/vec4 v0x5986361eeed0_0, 0, 32;
    %jmp T_77.65;
T_77.61 ;
    %load/vec4 v0x5986361efbf0_0;
    %store/vec4 v0x5986361eeed0_0, 0, 32;
    %jmp T_77.65;
T_77.62 ;
    %load/vec4 v0x5986361efd30_0;
    %store/vec4 v0x5986361eeed0_0, 0, 32;
    %jmp T_77.65;
T_77.63 ;
    %load/vec4 v0x5986361efdd0_0;
    %store/vec4 v0x5986361eeed0_0, 0, 32;
    %jmp T_77.65;
T_77.65 ;
    %pop/vec4 1;
    %jmp T_77;
    .thread T_77, $push;
    .scope S_0x5986361de5c0;
T_78 ;
    %wait E_0x5986358e7f10;
    %load/vec4 v0x5986362017b0_0;
    %flag_set/vec4 8;
    %jmp/0xz  T_78.0, 8;
    %pushi/vec4 0, 0, 32;
    %assign/vec4 v0x5986361feba0_0, 0;
    %jmp T_78.1;
T_78.0 ;
    %load/vec4 v0x5986361f5000_0;
    %flag_set/vec4 8;
    %jmp/0xz  T_78.2, 8;
    %load/vec4 v0x5986361f4ec0_0;
    %assign/vec4 v0x5986361feba0_0, 0;
    %jmp T_78.3;
T_78.2 ;
    %load/vec4 v0x5986361f53c0_0;
    %flag_set/vec4 8;
    %jmp/0xz  T_78.4, 8;
    %load/vec4 v0x5986361f5280_0;
    %assign/vec4 v0x5986361feba0_0, 0;
    %jmp T_78.5;
T_78.4 ;
    %load/vec4 v0x5986361f51e0_0;
    %flag_set/vec4 8;
    %jmp/0xz  T_78.6, 8;
    %load/vec4 v0x5986361f50a0_0;
    %assign/vec4 v0x5986361feba0_0, 0;
    %jmp T_78.7;
T_78.6 ;
    %load/vec4 v0x5986361f83d0_0;
    %flag_set/vec4 8;
    %jmp/0xz  T_78.8, 8;
    %load/vec4 v0x5986361feba0_0;
    %addi 8, 0, 32;
    %assign/vec4 v0x5986361feba0_0, 0;
    %jmp T_78.9;
T_78.8 ;
    %load/vec4 v0x5986362018f0_0;
    %flag_set/vec4 8;
    %jmp/0xz  T_78.10, 8;
    %load/vec4 v0x5986361feba0_0;
    %addi 4, 0, 32;
    %assign/vec4 v0x5986361feba0_0, 0;
T_78.10 ;
T_78.9 ;
T_78.7 ;
T_78.5 ;
T_78.3 ;
T_78.1 ;
    %jmp T_78;
    .thread T_78;
    .scope S_0x5986361de5c0;
T_79 ;
    %wait E_0x5986358e7f10;
    %load/vec4 v0x5986362017b0_0;
    %flag_set/vec4 8;
    %jmp/0xz  T_79.0, 8;
    %pushi/vec4 3, 0, 2;
    %assign/vec4 v0x598636201710_0, 0;
    %jmp T_79.1;
T_79.0 ;
    %load/vec4 v0x5986361f5000_0;
    %flag_set/vec4 8;
    %jmp/0xz  T_79.2, 8;
    %load/vec4 v0x5986361f4f60_0;
    %assign/vec4 v0x598636201710_0, 0;
T_79.2 ;
T_79.1 ;
    %jmp T_79;
    .thread T_79;
    .scope S_0x5986361de5c0;
T_80 ;
    %wait E_0x598635964440;
    %pushi/vec4 0, 0, 1;
    %store/vec4 v0x5986361fbad0_0, 0, 1;
    %pushi/vec4 0, 0, 1;
    %store/vec4 v0x598636201990_0, 0, 1;
    %pushi/vec4 0, 0, 1;
    %store/vec4 v0x598636201a30_0, 0, 1;
    %load/vec4 v0x5986361f5000_0;
    %flag_set/vec4 8;
    %load/vec4 v0x598636201ad0_0;
    %flag_set/vec4 9;
    %flag_or 9, 8;
    %jmp/0xz  T_80.0, 9;
    %pushi/vec4 0, 0, 1;
    %store/vec4 v0x598636201990_0, 0, 1;
    %pushi/vec4 0, 0, 1;
    %store/vec4 v0x598636201a30_0, 0, 1;
    %jmp T_80.1;
T_80.0 ;
    %load/vec4 v0x5986361f92d0_0;
    %load/vec4 v0x5986361f9230_0;
    %parti/s 30, 2, 3;
    %concati/vec4 0, 0, 2;
    %load/vec4 v0x5986361feba0_0;
    %parti/s 30, 2, 3;
    %concati/vec4 0, 0, 2;
    %cmp/e;
    %flag_get/vec4 4;
    %and;
    %flag_set/vec4 8;
    %jmp/0xz  T_80.2, 8;
    %pushi/vec4 1, 0, 1;
    %store/vec4 v0x598636201990_0, 0, 1;
    %jmp T_80.3;
T_80.2 ;
    %load/vec4 v0x5986361f9d70_0;
    %load/vec4 v0x5986361f9cd0_0;
    %parti/s 30, 2, 3;
    %concati/vec4 0, 0, 2;
    %load/vec4 v0x5986361feba0_0;
    %parti/s 30, 2, 3;
    %concati/vec4 0, 0, 2;
    %cmp/e;
    %flag_get/vec4 4;
    %and;
    %flag_set/vec4 8;
    %jmp/0xz  T_80.4, 8;
    %pushi/vec4 1, 0, 1;
    %store/vec4 v0x598636201a30_0, 0, 1;
    %jmp T_80.5;
T_80.4 ;
    %load/vec4 v0x5986361f92d0_0;
    %flag_set/vec4 8;
    %load/vec4 v0x5986361f9d70_0;
    %flag_set/vec4 9;
    %flag_or 9, 8;
    %jmp/0xz  T_80.6, 9;
    %pushi/vec4 1, 0, 1;
    %store/vec4 v0x5986361fbad0_0, 0, 1;
T_80.6 ;
T_80.5 ;
T_80.3 ;
T_80.1 ;
    %jmp T_80;
    .thread T_80, $push;
    .scope S_0x5986361de5c0;
T_81 ;
    %wait E_0x598635963d00;
    %pushi/vec4 0, 0, 32;
    %store/vec4 v0x5986361fe660_0, 0, 32;
    %pushi/vec4 0, 0, 32;
    %store/vec4 v0x5986361fea20_0, 0, 32;
    %pushi/vec4 0, 0, 1;
    %store/vec4 v0x5986361fe700_0, 0, 1;
    %pushi/vec4 0, 0, 1;
    %store/vec4 v0x5986361feae0_0, 0, 1;
    %pushi/vec4 0, 0, 2;
    %store/vec4 v0x5986361fe480_0, 0, 2;
    %pushi/vec4 0, 0, 2;
    %store/vec4 v0x5986361fe840_0, 0, 2;
    %pushi/vec4 0, 0, 32;
    %store/vec4 v0x5986361fe5c0_0, 0, 32;
    %pushi/vec4 0, 0, 32;
    %store/vec4 v0x5986361fe980_0, 0, 32;
    %load/vec4 v0x598636201990_0;
    %flag_set/vec4 8;
    %jmp/0xz  T_81.0, 8;
    %pushi/vec4 1, 0, 1;
    %store/vec4 v0x5986361fe700_0, 0, 1;
    %load/vec4 v0x5986361f9d70_0;
    %store/vec4 v0x5986361feae0_0, 0, 1;
    %load/vec4 v0x5986361f8dd0_0;
    %store/vec4 v0x5986361fe660_0, 0, 32;
    %load/vec4 v0x5986361f9230_0;
    %store/vec4 v0x5986361fe5c0_0, 0, 32;
    %load/vec4 v0x5986361f8a10_0;
    %load/vec4 v0x5986361f8970_0;
    %concat/vec4; draw_concat_vec4
    %store/vec4 v0x5986361fe480_0, 0, 2;
    %load/vec4 v0x5986361f9870_0;
    %store/vec4 v0x5986361fea20_0, 0, 32;
    %load/vec4 v0x5986361f9cd0_0;
    %store/vec4 v0x5986361fe980_0, 0, 32;
    %load/vec4 v0x5986361f94b0_0;
    %load/vec4 v0x5986361f9410_0;
    %concat/vec4; draw_concat_vec4
    %store/vec4 v0x5986361fe840_0, 0, 2;
    %jmp T_81.1;
T_81.0 ;
    %load/vec4 v0x598636201a30_0;
    %flag_set/vec4 8;
    %jmp/0xz  T_81.2, 8;
    %pushi/vec4 1, 0, 1;
    %store/vec4 v0x5986361fe700_0, 0, 1;
    %pushi/vec4 0, 0, 1;
    %store/vec4 v0x5986361feae0_0, 0, 1;
    %load/vec4 v0x5986361f9870_0;
    %store/vec4 v0x5986361fe660_0, 0, 32;
    %load/vec4 v0x5986361f9cd0_0;
    %store/vec4 v0x5986361fe5c0_0, 0, 32;
    %load/vec4 v0x5986361f94b0_0;
    %load/vec4 v0x5986361f9410_0;
    %concat/vec4; draw_concat_vec4
    %store/vec4 v0x5986361fe480_0, 0, 2;
    %pushi/vec4 0, 0, 32;
    %store/vec4 v0x5986361fea20_0, 0, 32;
    %pushi/vec4 0, 0, 32;
    %store/vec4 v0x5986361fe980_0, 0, 32;
    %pushi/vec4 0, 0, 2;
    %store/vec4 v0x5986361fe840_0, 0, 2;
T_81.2 ;
T_81.1 ;
    %jmp T_81;
    .thread T_81, $push;
    .scope S_0x5986361de5c0;
T_82 ;
    %wait E_0x5986358e7f10;
    %load/vec4 v0x5986362017b0_0;
    %flag_set/vec4 8;
    %jmp/0xz  T_82.0, 8;
    %pushi/vec4 0, 0, 1;
    %assign/vec4 v0x5986361f8290_0, 0;
    %jmp T_82.1;
T_82.0 ;
    %load/vec4 v0x5986361fffa0_0;
    %flag_set/vec4 8;
    %load/vec4 v0x598636201410_0;
    %flag_set/vec4 9;
    %flag_or 9, 8;
    %jmp/0xz  T_82.2, 9;
    %pushi/vec4 0, 0, 1;
    %assign/vec4 v0x5986361f8290_0, 0;
    %jmp T_82.3;
T_82.2 ;
    %load/vec4 v0x5986361f81f0_0;
    %load/vec4 v0x5986361fa090_0;
    %and;
    %flag_set/vec4 8;
    %jmp/0xz  T_82.4, 8;
    %pushi/vec4 1, 0, 1;
    %assign/vec4 v0x5986361f8290_0, 0;
    %jmp T_82.5;
T_82.4 ;
    %load/vec4 v0x598636201f00_0;
    %flag_set/vec4 8;
    %jmp/0xz  T_82.6, 8;
    %pushi/vec4 0, 0, 1;
    %assign/vec4 v0x5986361f8290_0, 0;
T_82.6 ;
T_82.5 ;
T_82.3 ;
T_82.1 ;
    %jmp T_82;
    .thread T_82;
    .scope S_0x5986361de5c0;
T_83 ;
    %wait E_0x5986358e7f10;
    %load/vec4 v0x5986362017b0_0;
    %flag_set/vec4 8;
    %jmp/0xz  T_83.0, 8;
    %pushi/vec4 0, 0, 1;
    %assign/vec4 v0x5986361f7300_0, 0;
    %jmp T_83.1;
T_83.0 ;
    %load/vec4 v0x5986361fffa0_0;
    %flag_set/vec4 8;
    %load/vec4 v0x598636201410_0;
    %flag_set/vec4 9;
    %flag_or 9, 8;
    %jmp/0xz  T_83.2, 9;
    %pushi/vec4 0, 0, 1;
    %assign/vec4 v0x5986361f7300_0, 0;
    %jmp T_83.3;
T_83.2 ;
    %load/vec4 v0x5986361f7260_0;
    %load/vec4 v0x5986361f9ff0_0;
    %and;
    %flag_set/vec4 8;
    %jmp/0xz  T_83.4, 8;
    %pushi/vec4 1, 0, 1;
    %assign/vec4 v0x5986361f7300_0, 0;
    %jmp T_83.5;
T_83.4 ;
    %load/vec4 v0x5986361fed50_0;
    %flag_set/vec4 8;
    %jmp/0xz  T_83.6, 8;
    %pushi/vec4 0, 0, 1;
    %assign/vec4 v0x5986361f7300_0, 0;
T_83.6 ;
T_83.5 ;
T_83.3 ;
T_83.1 ;
    %jmp T_83;
    .thread T_83;
    .scope S_0x5986361de5c0;
T_84 ;
    %wait E_0x5986358e7f10;
    %load/vec4 v0x5986362017b0_0;
    %flag_set/vec4 8;
    %jmp/0xz  T_84.0, 8;
    %pushi/vec4 0, 0, 1;
    %assign/vec4 v0x5986361fc750_0, 0;
    %jmp T_84.1;
T_84.0 ;
    %load/vec4 v0x5986361fffa0_0;
    %flag_set/vec4 8;
    %load/vec4 v0x598636201410_0;
    %flag_set/vec4 9;
    %flag_or 9, 8;
    %jmp/0xz  T_84.2, 9;
    %pushi/vec4 0, 0, 1;
    %assign/vec4 v0x5986361fc750_0, 0;
    %jmp T_84.3;
T_84.2 ;
    %load/vec4 v0x5986361fc6b0_0;
    %load/vec4 v0x5986361fa450_0;
    %and;
    %flag_set/vec4 8;
    %jmp/0xz  T_84.4, 8;
    %pushi/vec4 1, 0, 1;
    %assign/vec4 v0x5986361fc750_0, 0;
    %jmp T_84.5;
T_84.4 ;
    %load/vec4 v0x598636202780_0;
    %flag_set/vec4 8;
    %jmp/0xz  T_84.6, 8;
    %pushi/vec4 0, 0, 1;
    %assign/vec4 v0x5986361fc750_0, 0;
T_84.6 ;
T_84.5 ;
T_84.3 ;
T_84.1 ;
    %jmp T_84;
    .thread T_84;
    .scope S_0x5986361de5c0;
T_85 ;
    %wait E_0x5986358e7f10;
    %load/vec4 v0x5986362017b0_0;
    %flag_set/vec4 8;
    %jmp/0xz  T_85.0, 8;
    %pushi/vec4 0, 0, 5;
    %assign/vec4 v0x5986361fc7f0_0, 0;
    %jmp T_85.1;
T_85.0 ;
    %load/vec4 v0x5986361fffa0_0;
    %flag_set/vec4 8;
    %load/vec4 v0x598636201410_0;
    %flag_set/vec4 9;
    %flag_or 9, 8;
    %jmp/0xz  T_85.2, 9;
    %pushi/vec4 0, 0, 5;
    %assign/vec4 v0x5986361fc7f0_0, 0;
    %jmp T_85.3;
T_85.2 ;
    %load/vec4 v0x5986361fc6b0_0;
    %load/vec4 v0x5986361fa450_0;
    %and;
    %flag_set/vec4 8;
    %jmp/0xz  T_85.4, 8;
    %load/vec4 v0x5986361fa950_0;
    %assign/vec4 v0x5986361fc7f0_0, 0;
    %jmp T_85.5;
T_85.4 ;
    %load/vec4 v0x598636202780_0;
    %flag_set/vec4 8;
    %jmp/0xz  T_85.6, 8;
    %pushi/vec4 0, 0, 5;
    %assign/vec4 v0x5986361fc7f0_0, 0;
T_85.6 ;
T_85.5 ;
T_85.3 ;
T_85.1 ;
    %jmp T_85;
    .thread T_85;
    .scope S_0x5986361de5c0;
T_86 ;
    %wait E_0x5986358e7f10;
    %load/vec4 v0x5986362017b0_0;
    %flag_set/vec4 8;
    %jmp/0xz  T_86.0, 8;
    %pushi/vec4 0, 0, 1;
    %assign/vec4 v0x5986361f6ae0_0, 0;
    %jmp T_86.1;
T_86.0 ;
    %load/vec4 v0x5986361fffa0_0;
    %flag_set/vec4 8;
    %load/vec4 v0x598636201410_0;
    %flag_set/vec4 9;
    %flag_or 9, 8;
    %jmp/0xz  T_86.2, 9;
    %pushi/vec4 0, 0, 1;
    %assign/vec4 v0x5986361f6ae0_0, 0;
    %jmp T_86.3;
T_86.2 ;
    %load/vec4 v0x5986361f6a40_0;
    %load/vec4 v0x5986361f9f50_0;
    %and;
    %flag_set/vec4 8;
    %jmp/0xz  T_86.4, 8;
    %pushi/vec4 1, 0, 1;
    %assign/vec4 v0x5986361f6ae0_0, 0;
    %jmp T_86.5;
T_86.4 ;
    %load/vec4 v0x598636201dc0_0;
    %flag_set/vec4 8;
    %jmp/0xz  T_86.6, 8;
    %pushi/vec4 0, 0, 1;
    %assign/vec4 v0x5986361f6ae0_0, 0;
T_86.6 ;
T_86.5 ;
T_86.3 ;
T_86.1 ;
    %jmp T_86;
    .thread T_86;
    .scope S_0x5986361de5c0;
T_87 ;
    %wait E_0x5986358e7f10;
    %load/vec4 v0x5986362017b0_0;
    %flag_set/vec4 8;
    %jmp/0xz  T_87.0, 8;
    %pushi/vec4 0, 0, 5;
    %assign/vec4 v0x5986361f6b80_0, 0;
    %jmp T_87.1;
T_87.0 ;
    %load/vec4 v0x5986361fffa0_0;
    %flag_set/vec4 8;
    %load/vec4 v0x598636201410_0;
    %flag_set/vec4 9;
    %flag_or 9, 8;
    %jmp/0xz  T_87.2, 9;
    %pushi/vec4 0, 0, 5;
    %assign/vec4 v0x5986361f6b80_0, 0;
    %jmp T_87.3;
T_87.2 ;
    %load/vec4 v0x5986361f6a40_0;
    %load/vec4 v0x5986361f9f50_0;
    %and;
    %flag_set/vec4 8;
    %jmp/0xz  T_87.4, 8;
    %load/vec4 v0x5986361fa950_0;
    %assign/vec4 v0x5986361f6b80_0, 0;
    %jmp T_87.5;
T_87.4 ;
    %load/vec4 v0x598636201dc0_0;
    %flag_set/vec4 8;
    %jmp/0xz  T_87.6, 8;
    %pushi/vec4 0, 0, 5;
    %assign/vec4 v0x5986361f6b80_0, 0;
T_87.6 ;
T_87.5 ;
T_87.3 ;
T_87.1 ;
    %jmp T_87;
    .thread T_87;
    .scope S_0x5986361de5c0;
T_88 ;
    %wait E_0x5986358e7f10;
    %load/vec4 v0x5986362017b0_0;
    %flag_set/vec4 8;
    %jmp/0xz  T_88.0, 8;
    %pushi/vec4 0, 0, 1;
    %assign/vec4 v0x5986361f77a0_0, 0;
    %jmp T_88.1;
T_88.0 ;
    %load/vec4 v0x5986361fffa0_0;
    %flag_set/vec4 8;
    %load/vec4 v0x598636201410_0;
    %flag_set/vec4 9;
    %flag_or 9, 8;
    %jmp/0xz  T_88.2, 9;
    %pushi/vec4 0, 0, 1;
    %assign/vec4 v0x5986361f77a0_0, 0;
    %jmp T_88.3;
T_88.2 ;
    %load/vec4 v0x5986361f76e0_0;
    %load/vec4 v0x5986361fa4f0_0;
    %and;
    %flag_set/vec4 8;
    %jmp/0xz  T_88.4, 8;
    %pushi/vec4 1, 0, 1;
    %assign/vec4 v0x5986361f77a0_0, 0;
    %jmp T_88.5;
T_88.4 ;
    %load/vec4 v0x5986362029c0_0;
    %flag_set/vec4 8;
    %jmp/0xz  T_88.6, 8;
    %pushi/vec4 0, 0, 1;
    %assign/vec4 v0x5986361f77a0_0, 0;
T_88.6 ;
T_88.5 ;
T_88.3 ;
T_88.1 ;
    %jmp T_88;
    .thread T_88;
    .scope S_0x5986361de5c0;
T_89 ;
    %wait E_0x5986358e7f10;
    %load/vec4 v0x5986362017b0_0;
    %flag_set/vec4 8;
    %jmp/0xz  T_89.0, 8;
    %pushi/vec4 0, 0, 5;
    %assign/vec4 v0x5986361f7860_0, 0;
    %jmp T_89.1;
T_89.0 ;
    %load/vec4 v0x5986361fffa0_0;
    %flag_set/vec4 8;
    %load/vec4 v0x598636201410_0;
    %flag_set/vec4 9;
    %flag_or 9, 8;
    %jmp/0xz  T_89.2, 9;
    %pushi/vec4 0, 0, 5;
    %assign/vec4 v0x5986361f7860_0, 0;
    %jmp T_89.3;
T_89.2 ;
    %load/vec4 v0x5986361f76e0_0;
    %load/vec4 v0x5986361fa4f0_0;
    %and;
    %flag_set/vec4 8;
    %jmp/0xz  T_89.4, 8;
    %load/vec4 v0x5986361fa950_0;
    %assign/vec4 v0x5986361f7860_0, 0;
    %jmp T_89.5;
T_89.4 ;
    %load/vec4 v0x5986362029c0_0;
    %flag_set/vec4 8;
    %jmp/0xz  T_89.6, 8;
    %pushi/vec4 0, 0, 5;
    %assign/vec4 v0x5986361f7860_0, 0;
T_89.6 ;
T_89.5 ;
T_89.3 ;
T_89.1 ;
    %jmp T_89;
    .thread T_89;
    .scope S_0x5986361de5c0;
T_90 ;
    %wait E_0x598635963cc0;
    %pushi/vec4 0, 0, 1;
    %store/vec4 v0x5986361fe520_0, 0, 1;
    %pushi/vec4 0, 0, 1;
    %store/vec4 v0x5986361fe8e0_0, 0, 1;
    %pushi/vec4 0, 0, 1;
    %store/vec4 v0x5986361fe3e0_0, 0, 1;
    %pushi/vec4 0, 0, 1;
    %store/vec4 v0x5986361fe7a0_0, 0, 1;
    %pushi/vec4 0, 0, 32;
    %store/vec4 v0x598636201850_0, 0, 32;
    %pushi/vec4 0, 0, 1;
    %store/vec4 v0x598636200790_0, 0, 1;
    %pushi/vec4 0, 0, 1;
    %store/vec4 v0x598636200830_0, 0, 1;
    %load/vec4 v0x5986361fc750_0;
    %load/vec4 v0x5986361fc7f0_0;
    %pushi/vec4 0, 0, 5;
    %cmp/ne;
    %flag_get/vec4 4;
    %and;
    %flag_set/vec4 8;
    %jmp/0xz  T_90.0, 8;
    %pushi/vec4 1, 0, 1;
    %ix/getv 4, v0x5986361fc7f0_0;
    %store/vec4 v0x598636201850_0, 4, 1;
T_90.0 ;
    %load/vec4 v0x5986361f6ae0_0;
    %load/vec4 v0x5986361f6b80_0;
    %pushi/vec4 0, 0, 5;
    %cmp/ne;
    %flag_get/vec4 4;
    %and;
    %flag_set/vec4 8;
    %jmp/0xz  T_90.2, 8;
    %pushi/vec4 1, 0, 1;
    %ix/getv 4, v0x5986361f6b80_0;
    %store/vec4 v0x598636201850_0, 4, 1;
T_90.2 ;
    %load/vec4 v0x5986361f77a0_0;
    %load/vec4 v0x5986361f7860_0;
    %pushi/vec4 0, 0, 5;
    %cmp/ne;
    %flag_get/vec4 4;
    %and;
    %flag_set/vec4 8;
    %jmp/0xz  T_90.4, 8;
    %pushi/vec4 1, 0, 1;
    %ix/getv 4, v0x5986361f7860_0;
    %store/vec4 v0x598636201850_0, 4, 1;
T_90.4 ;
    %load/vec4 v0x5986361feef0_0;
    %flag_set/vec4 8;
    %load/vec4 v0x5986361ff090_0;
    %flag_set/vec4 9;
    %flag_or 9, 8;
    %jmp/0xz  T_90.6, 9;
    %pushi/vec4 1, 0, 1;
    %ix/getv 4, v0x5986361ff8b0_0;
    %store/vec4 v0x598636201850_0, 4, 1;
T_90.6 ;
    %load/vec4 v0x598636200450_0;
    %flag_set/vec4 8;
    %load/vec4 v0x5986362005f0_0;
    %flag_set/vec4 9;
    %flag_or 9, 8;
    %jmp/0xz  T_90.8, 9;
    %pushi/vec4 1, 0, 1;
    %ix/getv 4, v0x598636200ff0_0;
    %store/vec4 v0x598636201850_0, 4, 1;
T_90.8 ;
    %load/vec4 v0x5986361feef0_0;
    %load/vec4 v0x598636200110_0;
    %or;
    %load/vec4 v0x598636200450_0;
    %or;
    %load/vec4 v0x5986362015a0_0;
    %or;
    %load/vec4 v0x5986361fa3b0_0;
    %load/vec4 v0x5986361fa090_0;
    %or;
    %load/vec4 v0x5986361f9ff0_0;
    %or;
    %load/vec4 v0x5986361fa450_0;
    %or;
    %load/vec4 v0x5986361f9f50_0;
    %or;
    %load/vec4 v0x5986361fa4f0_0;
    %or;
    %and;
    %flag_set/vec4 8;
    %jmp/0xz  T_90.10, 8;
    %pushi/vec4 4294967295, 0, 32;
    %store/vec4 v0x598636201850_0, 0, 32;
T_90.10 ;
    %load/vec4 v0x5986361fba30_0;
    %flag_set/vec4 8;
    %load/vec4 v0x598636201b70_0;
    %flag_set/vec4 9;
    %flag_or 9, 8;
    %load/vec4 v0x5986361f8290_0;
    %flag_set/vec4 8;
    %flag_or 8, 9;
    %load/vec4 v0x5986361f7300_0;
    %flag_set/vec4 9;
    %flag_or 9, 8;
    %jmp/0xz  T_90.12, 9;
    %jmp T_90.13;
T_90.12 ;
    %load/vec4 v0x5986361fe700_0;
    %load/vec4 v0x598636201850_0;
    %load/vec4 v0x5986361fa590_0;
    %part/u 1;
    %load/vec4 v0x598636201850_0;
    %load/vec4 v0x5986361fa770_0;
    %part/u 1;
    %or;
    %load/vec4 v0x598636201850_0;
    %load/vec4 v0x5986361fa950_0;
    %part/u 1;
    %or;
    %nor/r;
    %and;
    %load/vec4 v0x5986361f9f50_0;
    %load/vec4 v0x5986361f6ae0_0;
    %and;
    %inv;
    %and;
    %load/vec4 v0x5986361fa4f0_0;
    %load/vec4 v0x5986361f77a0_0;
    %and;
    %inv;
    %and;
    %flag_set/vec4 8;
    %jmp/0xz  T_90.14, 8;
    %pushi/vec4 1, 0, 1;
    %store/vec4 v0x5986361fe520_0, 0, 1;
    %pushi/vec4 1, 0, 1;
    %store/vec4 v0x5986361fe3e0_0, 0, 1;
    %load/vec4 v0x5986361fe3e0_0;
    %load/vec4 v0x5986361fa9f0_0;
    %and;
    %load/vec4 v0x5986361fa950_0;
    %or/r;
    %and;
    %flag_set/vec4 8;
    %jmp/0xz  T_90.16, 8;
    %pushi/vec4 1, 0, 1;
    %ix/getv 4, v0x5986361fa950_0;
    %store/vec4 v0x598636201850_0, 4, 1;
T_90.16 ;
T_90.14 ;
T_90.13 ;
    %load/vec4 v0x5986361fba30_0;
    %flag_set/vec4 8;
    %load/vec4 v0x598636201b70_0;
    %flag_set/vec4 9;
    %flag_or 9, 8;
    %load/vec4 v0x5986361f8290_0;
    %flag_set/vec4 8;
    %flag_or 8, 9;
    %load/vec4 v0x5986361f7300_0;
    %flag_set/vec4 9;
    %flag_or 9, 8;
    %jmp/0xz  T_90.18, 9;
    %jmp T_90.19;
T_90.18 ;
    %load/vec4 v0x5986361f8330_0;
    %load/vec4 v0x5986361feae0_0;
    %and;
    %load/vec4 v0x5986361fe3e0_0;
    %and;
    %load/vec4 v0x598636201850_0;
    %load/vec4 v0x5986361faf90_0;
    %part/u 1;
    %load/vec4 v0x598636201850_0;
    %load/vec4 v0x5986361fb170_0;
    %part/u 1;
    %or;
    %load/vec4 v0x598636201850_0;
    %load/vec4 v0x5986361fb350_0;
    %part/u 1;
    %or;
    %nor/r;
    %and;
    %flag_set/vec4 8;
    %jmp/0xz  T_90.20, 8;
    %pushi/vec4 1, 0, 1;
    %store/vec4 v0x5986361fe8e0_0, 0, 1;
    %pushi/vec4 1, 0, 1;
    %store/vec4 v0x5986361fe7a0_0, 0, 1;
    %load/vec4 v0x5986361fae50_0;
    %store/vec4 v0x598636200790_0, 0, 1;
    %load/vec4 v0x5986361faef0_0;
    %store/vec4 v0x598636200830_0, 0, 1;
    %load/vec4 v0x5986361fe7a0_0;
    %load/vec4 v0x5986361fb3f0_0;
    %and;
    %load/vec4 v0x5986361fb350_0;
    %or/r;
    %and;
    %flag_set/vec4 8;
    %jmp/0xz  T_90.22, 8;
    %pushi/vec4 1, 0, 1;
    %ix/getv 4, v0x5986361fb350_0;
    %store/vec4 v0x598636201850_0, 4, 1;
T_90.22 ;
T_90.20 ;
T_90.19 ;
    %jmp T_90;
    .thread T_90, $push;
    .scope S_0x5986361de5c0;
T_91 ;
    %wait E_0x598635a1c920;
    %load/vec4 v0x5986361fa6d0_0;
    %store/vec4 v0x5986361fa630_0, 0, 32;
    %load/vec4 v0x5986361fa8b0_0;
    %store/vec4 v0x5986361fa810_0, 0, 32;
    %load/vec4 v0x5986361ffbc0_0;
    %load/vec4 v0x5986361fa590_0;
    %cmp/e;
    %jmp/0xz  T_91.0, 4;
    %load/vec4 v0x5986361ffed0_0;
    %store/vec4 v0x5986361fa630_0, 0, 32;
T_91.0 ;
    %load/vec4 v0x5986361ffbc0_0;
    %load/vec4 v0x5986361fa770_0;
    %cmp/e;
    %jmp/0xz  T_91.2, 4;
    %load/vec4 v0x5986361ffed0_0;
    %store/vec4 v0x5986361fa810_0, 0, 32;
T_91.2 ;
    %load/vec4 v0x598636201190_0;
    %load/vec4 v0x5986361fa590_0;
    %cmp/e;
    %jmp/0xz  T_91.4, 4;
    %load/vec4 v0x598636201320_0;
    %store/vec4 v0x5986361fa630_0, 0, 32;
T_91.4 ;
    %load/vec4 v0x598636201190_0;
    %load/vec4 v0x5986361fa770_0;
    %cmp/e;
    %jmp/0xz  T_91.6, 4;
    %load/vec4 v0x598636201320_0;
    %store/vec4 v0x5986361fa810_0, 0, 32;
T_91.6 ;
    %load/vec4 v0x5986361f6c20_0;
    %load/vec4 v0x598636201d00_0;
    %load/vec4 v0x5986361fa590_0;
    %cmp/e;
    %flag_get/vec4 4;
    %and;
    %flag_set/vec4 8;
    %jmp/0xz  T_91.8, 8;
    %load/vec4 v0x598636201e60_0;
    %store/vec4 v0x5986361fa630_0, 0, 32;
    %jmp T_91.9;
T_91.8 ;
    %load/vec4 v0x5986361fc890_0;
    %load/vec4 v0x5986362026a0_0;
    %load/vec4 v0x5986361fa590_0;
    %cmp/e;
    %flag_get/vec4 4;
    %and;
    %flag_set/vec4 8;
    %jmp/0xz  T_91.10, 8;
    %load/vec4 v0x598636202820_0;
    %store/vec4 v0x5986361fa630_0, 0, 32;
T_91.10 ;
T_91.9 ;
    %load/vec4 v0x5986361f6c20_0;
    %load/vec4 v0x598636201d00_0;
    %load/vec4 v0x5986361fa770_0;
    %cmp/e;
    %flag_get/vec4 4;
    %and;
    %flag_set/vec4 8;
    %jmp/0xz  T_91.12, 8;
    %load/vec4 v0x598636201e60_0;
    %store/vec4 v0x5986361fa810_0, 0, 32;
    %jmp T_91.13;
T_91.12 ;
    %load/vec4 v0x5986361fc890_0;
    %load/vec4 v0x5986362026a0_0;
    %load/vec4 v0x5986361fa770_0;
    %cmp/e;
    %flag_get/vec4 4;
    %and;
    %flag_set/vec4 8;
    %jmp/0xz  T_91.14, 8;
    %load/vec4 v0x598636202820_0;
    %store/vec4 v0x5986361fa810_0, 0, 32;
T_91.14 ;
T_91.13 ;
    %load/vec4 v0x5986361ff980_0;
    %load/vec4 v0x5986361fa590_0;
    %cmp/e;
    %jmp/0xz  T_91.16, 4;
    %load/vec4 v0x5986361ffc90_0;
    %store/vec4 v0x5986361fa630_0, 0, 32;
T_91.16 ;
    %load/vec4 v0x5986361ff980_0;
    %load/vec4 v0x5986361fa770_0;
    %cmp/e;
    %jmp/0xz  T_91.18, 4;
    %load/vec4 v0x5986361ffc90_0;
    %store/vec4 v0x5986361fa810_0, 0, 32;
T_91.18 ;
    %load/vec4 v0x5986362010c0_0;
    %load/vec4 v0x5986361fa590_0;
    %cmp/e;
    %jmp/0xz  T_91.20, 4;
    %load/vec4 v0x598636201280_0;
    %store/vec4 v0x5986361fa630_0, 0, 32;
T_91.20 ;
    %load/vec4 v0x5986362010c0_0;
    %load/vec4 v0x5986361fa770_0;
    %cmp/e;
    %jmp/0xz  T_91.22, 4;
    %load/vec4 v0x598636201280_0;
    %store/vec4 v0x5986361fa810_0, 0, 32;
T_91.22 ;
    %load/vec4 v0x5986361ff8b0_0;
    %load/vec4 v0x5986361fa590_0;
    %cmp/e;
    %jmp/0xz  T_91.24, 4;
    %load/vec4 v0x598636202060_0;
    %store/vec4 v0x5986361fa630_0, 0, 32;
T_91.24 ;
    %load/vec4 v0x5986361ff8b0_0;
    %load/vec4 v0x5986361fa770_0;
    %cmp/e;
    %jmp/0xz  T_91.26, 4;
    %load/vec4 v0x598636202060_0;
    %store/vec4 v0x5986361fa810_0, 0, 32;
T_91.26 ;
    %load/vec4 v0x598636200ff0_0;
    %load/vec4 v0x5986361fa590_0;
    %cmp/e;
    %jmp/0xz  T_91.28, 4;
    %load/vec4 v0x598636202170_0;
    %store/vec4 v0x5986361fa630_0, 0, 32;
T_91.28 ;
    %load/vec4 v0x598636200ff0_0;
    %load/vec4 v0x5986361fa770_0;
    %cmp/e;
    %jmp/0xz  T_91.30, 4;
    %load/vec4 v0x598636202170_0;
    %store/vec4 v0x5986361fa810_0, 0, 32;
T_91.30 ;
    %load/vec4 v0x5986361fa590_0;
    %cmpi/e 0, 0, 5;
    %jmp/0xz  T_91.32, 4;
    %pushi/vec4 0, 0, 32;
    %store/vec4 v0x5986361fa630_0, 0, 32;
T_91.32 ;
    %load/vec4 v0x5986361fa770_0;
    %cmpi/e 0, 0, 5;
    %jmp/0xz  T_91.34, 4;
    %pushi/vec4 0, 0, 32;
    %store/vec4 v0x5986361fa810_0, 0, 32;
T_91.34 ;
    %jmp T_91;
    .thread T_91, $push;
    .scope S_0x5986361de5c0;
T_92 ;
    %wait E_0x5986359ccdd0;
    %load/vec4 v0x5986361fb0d0_0;
    %store/vec4 v0x5986361fb030_0, 0, 32;
    %load/vec4 v0x5986361fb2b0_0;
    %store/vec4 v0x5986361fb210_0, 0, 32;
    %load/vec4 v0x5986361ffbc0_0;
    %load/vec4 v0x5986361faf90_0;
    %cmp/e;
    %jmp/0xz  T_92.0, 4;
    %load/vec4 v0x5986361ffed0_0;
    %store/vec4 v0x5986361fb030_0, 0, 32;
T_92.0 ;
    %load/vec4 v0x5986361ffbc0_0;
    %load/vec4 v0x5986361fb170_0;
    %cmp/e;
    %jmp/0xz  T_92.2, 4;
    %load/vec4 v0x5986361ffed0_0;
    %store/vec4 v0x5986361fb210_0, 0, 32;
T_92.2 ;
    %load/vec4 v0x598636201190_0;
    %load/vec4 v0x5986361faf90_0;
    %cmp/e;
    %jmp/0xz  T_92.4, 4;
    %load/vec4 v0x598636201320_0;
    %store/vec4 v0x5986361fb030_0, 0, 32;
T_92.4 ;
    %load/vec4 v0x598636201190_0;
    %load/vec4 v0x5986361fb170_0;
    %cmp/e;
    %jmp/0xz  T_92.6, 4;
    %load/vec4 v0x598636201320_0;
    %store/vec4 v0x5986361fb210_0, 0, 32;
T_92.6 ;
    %load/vec4 v0x5986361f6c20_0;
    %load/vec4 v0x598636201d00_0;
    %load/vec4 v0x5986361faf90_0;
    %cmp/e;
    %flag_get/vec4 4;
    %and;
    %flag_set/vec4 8;
    %jmp/0xz  T_92.8, 8;
    %load/vec4 v0x598636201e60_0;
    %store/vec4 v0x5986361fb030_0, 0, 32;
    %jmp T_92.9;
T_92.8 ;
    %load/vec4 v0x5986361fc890_0;
    %load/vec4 v0x5986362026a0_0;
    %load/vec4 v0x5986361faf90_0;
    %cmp/e;
    %flag_get/vec4 4;
    %and;
    %flag_set/vec4 8;
    %jmp/0xz  T_92.10, 8;
    %load/vec4 v0x598636202820_0;
    %store/vec4 v0x5986361fb030_0, 0, 32;
T_92.10 ;
T_92.9 ;
    %load/vec4 v0x5986361f6c20_0;
    %load/vec4 v0x598636201d00_0;
    %load/vec4 v0x5986361fb170_0;
    %cmp/e;
    %flag_get/vec4 4;
    %and;
    %flag_set/vec4 8;
    %jmp/0xz  T_92.12, 8;
    %load/vec4 v0x598636201e60_0;
    %store/vec4 v0x5986361fb210_0, 0, 32;
    %jmp T_92.13;
T_92.12 ;
    %load/vec4 v0x5986361fc890_0;
    %load/vec4 v0x5986362026a0_0;
    %load/vec4 v0x5986361fb170_0;
    %cmp/e;
    %flag_get/vec4 4;
    %and;
    %flag_set/vec4 8;
    %jmp/0xz  T_92.14, 8;
    %load/vec4 v0x598636202820_0;
    %store/vec4 v0x5986361fb210_0, 0, 32;
T_92.14 ;
T_92.13 ;
    %load/vec4 v0x5986361ff980_0;
    %load/vec4 v0x5986361faf90_0;
    %cmp/e;
    %jmp/0xz  T_92.16, 4;
    %load/vec4 v0x5986361ffc90_0;
    %store/vec4 v0x5986361fb030_0, 0, 32;
T_92.16 ;
    %load/vec4 v0x5986361ff980_0;
    %load/vec4 v0x5986361fb170_0;
    %cmp/e;
    %jmp/0xz  T_92.18, 4;
    %load/vec4 v0x5986361ffc90_0;
    %store/vec4 v0x5986361fb210_0, 0, 32;
T_92.18 ;
    %load/vec4 v0x5986362010c0_0;
    %load/vec4 v0x5986361faf90_0;
    %cmp/e;
    %jmp/0xz  T_92.20, 4;
    %load/vec4 v0x598636201280_0;
    %store/vec4 v0x5986361fb030_0, 0, 32;
T_92.20 ;
    %load/vec4 v0x5986362010c0_0;
    %load/vec4 v0x5986361fb170_0;
    %cmp/e;
    %jmp/0xz  T_92.22, 4;
    %load/vec4 v0x598636201280_0;
    %store/vec4 v0x5986361fb210_0, 0, 32;
T_92.22 ;
    %load/vec4 v0x5986361ff8b0_0;
    %load/vec4 v0x5986361faf90_0;
    %cmp/e;
    %jmp/0xz  T_92.24, 4;
    %load/vec4 v0x598636202060_0;
    %store/vec4 v0x5986361fb030_0, 0, 32;
T_92.24 ;
    %load/vec4 v0x5986361ff8b0_0;
    %load/vec4 v0x5986361fb170_0;
    %cmp/e;
    %jmp/0xz  T_92.26, 4;
    %load/vec4 v0x598636202060_0;
    %store/vec4 v0x5986361fb210_0, 0, 32;
T_92.26 ;
    %load/vec4 v0x598636200ff0_0;
    %load/vec4 v0x5986361faf90_0;
    %cmp/e;
    %jmp/0xz  T_92.28, 4;
    %load/vec4 v0x598636202170_0;
    %store/vec4 v0x5986361fb030_0, 0, 32;
T_92.28 ;
    %load/vec4 v0x598636200ff0_0;
    %load/vec4 v0x5986361fb170_0;
    %cmp/e;
    %jmp/0xz  T_92.30, 4;
    %load/vec4 v0x598636202170_0;
    %store/vec4 v0x5986361fb210_0, 0, 32;
T_92.30 ;
    %load/vec4 v0x5986361faf90_0;
    %cmpi/e 0, 0, 5;
    %jmp/0xz  T_92.32, 4;
    %pushi/vec4 0, 0, 32;
    %store/vec4 v0x5986361fb030_0, 0, 32;
T_92.32 ;
    %load/vec4 v0x5986361fb170_0;
    %cmpi/e 0, 0, 5;
    %jmp/0xz  T_92.34, 4;
    %pushi/vec4 0, 0, 32;
    %store/vec4 v0x5986361fb210_0, 0, 32;
T_92.34 ;
    %jmp T_92;
    .thread T_92, $push;
    .scope S_0x598635d94750;
T_93 ;
    %wait E_0x598635da3f20;
    %pushi/vec4 0, 0, 16;
    %store/vec4 v0x598635fe5b50_0, 0, 16;
    %pushi/vec4 0, 0, 32;
    %store/vec4 v0x59863602def0_0, 0, 32;
    %pushi/vec4 0, 0, 32;
    %store/vec4 v0x5986360457c0_0, 0, 32;
    %pushi/vec4 0, 0, 32;
    %store/vec4 v0x598635fa76f0_0, 0, 32;
    %pushi/vec4 0, 0, 32;
    %store/vec4 v0x598636048b40_0, 0, 32;
    %pushi/vec4 0, 0, 32;
    %store/vec4 v0x598635dc1f00_0, 0, 32;
    %pushi/vec4 0, 0, 32;
    %store/vec4 v0x598635dc0ab0_0, 0, 32;
    %pushi/vec4 0, 0, 32;
    %store/vec4 v0x598635ff93a0_0, 0, 32;
    %pushi/vec4 0, 0, 32;
    %store/vec4 v0x59863602e730_0, 0, 32;
    %load/vec4 v0x598636118a30_0;
    %dup/vec4;
    %pushi/vec4 1, 0, 4;
    %cmp/u;
    %jmp/1 T_93.0, 6;
    %dup/vec4;
    %pushi/vec4 2, 0, 4;
    %cmp/u;
    %jmp/1 T_93.1, 6;
    %dup/vec4;
    %pushi/vec4 3, 0, 4;
    %cmp/u;
    %jmp/1 T_93.2, 6;
    %dup/vec4;
    %pushi/vec4 4, 0, 4;
    %cmp/u;
    %jmp/1 T_93.3, 6;
    %dup/vec4;
    %pushi/vec4 6, 0, 4;
    %cmp/u;
    %jmp/1 T_93.4, 6;
    %dup/vec4;
    %pushi/vec4 7, 0, 4;
    %cmp/u;
    %jmp/1 T_93.5, 6;
    %dup/vec4;
    %pushi/vec4 8, 0, 4;
    %cmp/u;
    %jmp/1 T_93.6, 6;
    %dup/vec4;
    %pushi/vec4 9, 0, 4;
    %cmp/u;
    %jmp/1 T_93.7, 6;
    %dup/vec4;
    %pushi/vec4 10, 0, 4;
    %cmp/u;
    %jmp/1 T_93.8, 6;
    %dup/vec4;
    %pushi/vec4 11, 0, 4;
    %cmp/u;
    %jmp/1 T_93.9, 6;
    %load/vec4 v0x598636181120_0;
    %store/vec4 v0x598635dc3570_0, 0, 32;
    %jmp T_93.11;
T_93.0 ;
    %load/vec4 v0x598635fa8650_0;
    %parti/s 1, 0, 2;
    %cmpi/e 1, 0, 1;
    %jmp/0xz  T_93.12, 4;
    %load/vec4 v0x598636181120_0;
    %parti/s 31, 0, 2;
    %concati/vec4 0, 0, 1;
    %store/vec4 v0x598635dc1f00_0, 0, 32;
    %jmp T_93.13;
T_93.12 ;
    %load/vec4 v0x598636181120_0;
    %store/vec4 v0x598635dc1f00_0, 0, 32;
T_93.13 ;
    %load/vec4 v0x598635fa8650_0;
    %parti/s 1, 1, 2;
    %cmpi/e 1, 0, 1;
    %jmp/0xz  T_93.14, 4;
    %load/vec4 v0x598635dc1f00_0;
    %parti/s 30, 0, 2;
    %concati/vec4 0, 0, 2;
    %store/vec4 v0x598635dc0ab0_0, 0, 32;
    %jmp T_93.15;
T_93.14 ;
    %load/vec4 v0x598635dc1f00_0;
    %store/vec4 v0x598635dc0ab0_0, 0, 32;
T_93.15 ;
    %load/vec4 v0x598635fa8650_0;
    %parti/s 1, 2, 3;
    %cmpi/e 1, 0, 1;
    %jmp/0xz  T_93.16, 4;
    %load/vec4 v0x598635dc0ab0_0;
    %parti/s 28, 0, 2;
    %concati/vec4 0, 0, 4;
    %store/vec4 v0x598635ff93a0_0, 0, 32;
    %jmp T_93.17;
T_93.16 ;
    %load/vec4 v0x598635dc0ab0_0;
    %store/vec4 v0x598635ff93a0_0, 0, 32;
T_93.17 ;
    %load/vec4 v0x598635fa8650_0;
    %parti/s 1, 3, 3;
    %cmpi/e 1, 0, 1;
    %jmp/0xz  T_93.18, 4;
    %load/vec4 v0x598635ff93a0_0;
    %parti/s 24, 0, 2;
    %concati/vec4 0, 0, 8;
    %store/vec4 v0x59863602e730_0, 0, 32;
    %jmp T_93.19;
T_93.18 ;
    %load/vec4 v0x598635ff93a0_0;
    %store/vec4 v0x59863602e730_0, 0, 32;
T_93.19 ;
    %load/vec4 v0x598635fa8650_0;
    %parti/s 1, 4, 4;
    %cmpi/e 1, 0, 1;
    %jmp/0xz  T_93.20, 4;
    %load/vec4 v0x59863602e730_0;
    %parti/s 16, 0, 2;
    %concati/vec4 0, 0, 16;
    %store/vec4 v0x598635dc3570_0, 0, 32;
    %jmp T_93.21;
T_93.20 ;
    %load/vec4 v0x59863602e730_0;
    %store/vec4 v0x598635dc3570_0, 0, 32;
T_93.21 ;
    %jmp T_93.11;
T_93.1 ;
    %load/vec4 v0x598636181120_0;
    %parti/s 1, 31, 6;
    %pushi/vec4 1, 0, 1;
    %cmp/e;
    %flag_get/vec4 4;
    %load/vec4 v0x598636118a30_0;
    %pushi/vec4 3, 0, 4;
    %cmp/e;
    %flag_get/vec4 4;
    %and;
    %flag_set/vec4 8;
    %jmp/0xz  T_93.22, 8;
    %pushi/vec4 65535, 0, 16;
    %store/vec4 v0x598635fe5b50_0, 0, 16;
    %jmp T_93.23;
T_93.22 ;
    %pushi/vec4 0, 0, 16;
    %store/vec4 v0x598635fe5b50_0, 0, 16;
T_93.23 ;
    %load/vec4 v0x598635fa8650_0;
    %parti/s 1, 0, 2;
    %cmpi/e 1, 0, 1;
    %jmp/0xz  T_93.24, 4;
    %load/vec4 v0x598635fe5b50_0;
    %parti/s 1, 15, 5;
    %load/vec4 v0x598636181120_0;
    %parti/s 31, 1, 2;
    %concat/vec4; draw_concat_vec4
    %store/vec4 v0x59863602def0_0, 0, 32;
    %jmp T_93.25;
T_93.24 ;
    %load/vec4 v0x598636181120_0;
    %store/vec4 v0x59863602def0_0, 0, 32;
T_93.25 ;
    %load/vec4 v0x598635fa8650_0;
    %parti/s 1, 1, 2;
    %cmpi/e 1, 0, 1;
    %jmp/0xz  T_93.26, 4;
    %load/vec4 v0x598635fe5b50_0;
    %parti/s 2, 14, 5;
    %load/vec4 v0x59863602def0_0;
    %parti/s 30, 2, 3;
    %concat/vec4; draw_concat_vec4
    %store/vec4 v0x5986360457c0_0, 0, 32;
    %jmp T_93.27;
T_93.26 ;
    %load/vec4 v0x59863602def0_0;
    %store/vec4 v0x5986360457c0_0, 0, 32;
T_93.27 ;
    %load/vec4 v0x598635fa8650_0;
    %parti/s 1, 2, 3;
    %cmpi/e 1, 0, 1;
    %jmp/0xz  T_93.28, 4;
    %load/vec4 v0x598635fe5b50_0;
    %parti/s 4, 12, 5;
    %load/vec4 v0x5986360457c0_0;
    %parti/s 28, 4, 4;
    %concat/vec4; draw_concat_vec4
    %store/vec4 v0x598635fa76f0_0, 0, 32;
    %jmp T_93.29;
T_93.28 ;
    %load/vec4 v0x5986360457c0_0;
    %store/vec4 v0x598635fa76f0_0, 0, 32;
T_93.29 ;
    %load/vec4 v0x598635fa8650_0;
    %parti/s 1, 3, 3;
    %cmpi/e 1, 0, 1;
    %jmp/0xz  T_93.30, 4;
    %load/vec4 v0x598635fe5b50_0;
    %parti/s 8, 8, 5;
    %load/vec4 v0x598635fa76f0_0;
    %parti/s 24, 8, 5;
    %concat/vec4; draw_concat_vec4
    %store/vec4 v0x598636048b40_0, 0, 32;
    %jmp T_93.31;
T_93.30 ;
    %load/vec4 v0x598635fa76f0_0;
    %store/vec4 v0x598636048b40_0, 0, 32;
T_93.31 ;
    %load/vec4 v0x598635fa8650_0;
    %parti/s 1, 4, 4;
    %cmpi/e 1, 0, 1;
    %jmp/0xz  T_93.32, 4;
    %load/vec4 v0x598635fe5b50_0;
    %load/vec4 v0x598636048b40_0;
    %parti/s 16, 16, 6;
    %concat/vec4; draw_concat_vec4
    %store/vec4 v0x598635dc3570_0, 0, 32;
    %jmp T_93.33;
T_93.32 ;
    %load/vec4 v0x598636048b40_0;
    %store/vec4 v0x598635dc3570_0, 0, 32;
T_93.33 ;
    %jmp T_93.11;
T_93.2 ;
    %load/vec4 v0x598636181120_0;
    %parti/s 1, 31, 6;
    %pushi/vec4 1, 0, 1;
    %cmp/e;
    %flag_get/vec4 4;
    %load/vec4 v0x598636118a30_0;
    %pushi/vec4 3, 0, 4;
    %cmp/e;
    %flag_get/vec4 4;
    %and;
    %flag_set/vec4 8;
    %jmp/0xz  T_93.34, 8;
    %pushi/vec4 65535, 0, 16;
    %store/vec4 v0x598635fe5b50_0, 0, 16;
    %jmp T_93.35;
T_93.34 ;
    %pushi/vec4 0, 0, 16;
    %store/vec4 v0x598635fe5b50_0, 0, 16;
T_93.35 ;
    %load/vec4 v0x598635fa8650_0;
    %parti/s 1, 0, 2;
    %cmpi/e 1, 0, 1;
    %jmp/0xz  T_93.36, 4;
    %load/vec4 v0x598635fe5b50_0;
    %parti/s 1, 15, 5;
    %load/vec4 v0x598636181120_0;
    %parti/s 31, 1, 2;
    %concat/vec4; draw_concat_vec4
    %store/vec4 v0x59863602def0_0, 0, 32;
    %jmp T_93.37;
T_93.36 ;
    %load/vec4 v0x598636181120_0;
    %store/vec4 v0x59863602def0_0, 0, 32;
T_93.37 ;
    %load/vec4 v0x598635fa8650_0;
    %parti/s 1, 1, 2;
    %cmpi/e 1, 0, 1;
    %jmp/0xz  T_93.38, 4;
    %load/vec4 v0x598635fe5b50_0;
    %parti/s 2, 14, 5;
    %load/vec4 v0x59863602def0_0;
    %parti/s 30, 2, 3;
    %concat/vec4; draw_concat_vec4
    %store/vec4 v0x5986360457c0_0, 0, 32;
    %jmp T_93.39;
T_93.38 ;
    %load/vec4 v0x59863602def0_0;
    %store/vec4 v0x5986360457c0_0, 0, 32;
T_93.39 ;
    %load/vec4 v0x598635fa8650_0;
    %parti/s 1, 2, 3;
    %cmpi/e 1, 0, 1;
    %jmp/0xz  T_93.40, 4;
    %load/vec4 v0x598635fe5b50_0;
    %parti/s 4, 12, 5;
    %load/vec4 v0x5986360457c0_0;
    %parti/s 28, 4, 4;
    %concat/vec4; draw_concat_vec4
    %store/vec4 v0x598635fa76f0_0, 0, 32;
    %jmp T_93.41;
T_93.40 ;
    %load/vec4 v0x5986360457c0_0;
    %store/vec4 v0x598635fa76f0_0, 0, 32;
T_93.41 ;
    %load/vec4 v0x598635fa8650_0;
    %parti/s 1, 3, 3;
    %cmpi/e 1, 0, 1;
    %jmp/0xz  T_93.42, 4;
    %load/vec4 v0x598635fe5b50_0;
    %parti/s 8, 8, 5;
    %load/vec4 v0x598635fa76f0_0;
    %parti/s 24, 8, 5;
    %concat/vec4; draw_concat_vec4
    %store/vec4 v0x598636048b40_0, 0, 32;
    %jmp T_93.43;
T_93.42 ;
    %load/vec4 v0x598635fa76f0_0;
    %store/vec4 v0x598636048b40_0, 0, 32;
T_93.43 ;
    %load/vec4 v0x598635fa8650_0;
    %parti/s 1, 4, 4;
    %cmpi/e 1, 0, 1;
    %jmp/0xz  T_93.44, 4;
    %load/vec4 v0x598635fe5b50_0;
    %load/vec4 v0x598636048b40_0;
    %parti/s 16, 16, 6;
    %concat/vec4; draw_concat_vec4
    %store/vec4 v0x598635dc3570_0, 0, 32;
    %jmp T_93.45;
T_93.44 ;
    %load/vec4 v0x598636048b40_0;
    %store/vec4 v0x598635dc3570_0, 0, 32;
T_93.45 ;
    %jmp T_93.11;
T_93.3 ;
    %load/vec4 v0x598636181120_0;
    %load/vec4 v0x598635fa8650_0;
    %add;
    %store/vec4 v0x598635dc3570_0, 0, 32;
    %jmp T_93.11;
T_93.4 ;
    %load/vec4 v0x598635fe66d0_0;
    %store/vec4 v0x598635dc3570_0, 0, 32;
    %jmp T_93.11;
T_93.5 ;
    %load/vec4 v0x598636181120_0;
    %load/vec4 v0x598635fa8650_0;
    %and;
    %store/vec4 v0x598635dc3570_0, 0, 32;
    %jmp T_93.11;
T_93.6 ;
    %load/vec4 v0x598636181120_0;
    %load/vec4 v0x598635fa8650_0;
    %or;
    %store/vec4 v0x598635dc3570_0, 0, 32;
    %jmp T_93.11;
T_93.7 ;
    %load/vec4 v0x598636181120_0;
    %load/vec4 v0x598635fa8650_0;
    %xor;
    %store/vec4 v0x598635dc3570_0, 0, 32;
    %jmp T_93.11;
T_93.8 ;
    %load/vec4 v0x598636181120_0;
    %load/vec4 v0x598635fa8650_0;
    %cmp/u;
    %flag_mov 8, 5;
    %jmp/0 T_93.46, 8;
    %pushi/vec4 1, 0, 32;
    %jmp/1 T_93.47, 8;
T_93.46 ; End of true expr.
    %pushi/vec4 0, 0, 32;
    %jmp/0 T_93.47, 8;
 ; End of false expr.
    %blend;
T_93.47;
    %store/vec4 v0x598635dc3570_0, 0, 32;
    %jmp T_93.11;
T_93.9 ;
    %load/vec4 v0x598636181120_0;
    %parti/s 1, 31, 6;
    %load/vec4 v0x598635fa8650_0;
    %parti/s 1, 31, 6;
    %cmp/ne;
    %jmp/0xz  T_93.48, 4;
    %load/vec4 v0x598636181120_0;
    %parti/s 1, 31, 6;
    %flag_set/vec4 8;
    %jmp/0 T_93.50, 8;
    %pushi/vec4 1, 0, 32;
    %jmp/1 T_93.51, 8;
T_93.50 ; End of true expr.
    %pushi/vec4 0, 0, 32;
    %jmp/0 T_93.51, 8;
 ; End of false expr.
    %blend;
T_93.51;
    %store/vec4 v0x598635dc3570_0, 0, 32;
    %jmp T_93.49;
T_93.48 ;
    %load/vec4 v0x598635fe66d0_0;
    %parti/s 1, 31, 6;
    %flag_set/vec4 8;
    %jmp/0 T_93.52, 8;
    %pushi/vec4 1, 0, 32;
    %jmp/1 T_93.53, 8;
T_93.52 ; End of true expr.
    %pushi/vec4 0, 0, 32;
    %jmp/0 T_93.53, 8;
 ; End of false expr.
    %blend;
T_93.53;
    %store/vec4 v0x598635dc3570_0, 0, 32;
T_93.49 ;
    %jmp T_93.11;
T_93.11 ;
    %pop/vec4 1;
    %jmp T_93;
    .thread T_93, $push;
    .scope S_0x598635d959f0;
T_94 ;
    %wait E_0x598635962750;
    %load/vec4 v0x598635fdd200_0;
    %parti/s 20, 12, 5;
    %concati/vec4 0, 0, 12;
    %store/vec4 v0x598635fc7ff0_0, 0, 32;
    %load/vec4 v0x598635fdd200_0;
    %parti/s 1, 31, 6;
    %replicate 20;
    %load/vec4 v0x598635fdd200_0;
    %parti/s 12, 20, 6;
    %concat/vec4; draw_concat_vec4
    %store/vec4 v0x598635fb08d0_0, 0, 32;
    %load/vec4 v0x598635fdd200_0;
    %parti/s 1, 31, 6;
    %replicate 19;
    %load/vec4 v0x598635fdd200_0;
    %parti/s 1, 31, 6;
    %concat/vec4; draw_concat_vec4
    %load/vec4 v0x598635fdd200_0;
    %parti/s 1, 7, 4;
    %concat/vec4; draw_concat_vec4
    %load/vec4 v0x598635fdd200_0;
    %parti/s 6, 25, 6;
    %concat/vec4; draw_concat_vec4
    %load/vec4 v0x598635fdd200_0;
    %parti/s 4, 8, 5;
    %concat/vec4; draw_concat_vec4
    %concati/vec4 0, 0, 1;
    %store/vec4 v0x5986361255c0_0, 0, 32;
    %load/vec4 v0x598635fdd200_0;
    %parti/s 1, 31, 6;
    %replicate 12;
    %load/vec4 v0x598635fdd200_0;
    %parti/s 8, 12, 5;
    %concat/vec4; draw_concat_vec4
    %load/vec4 v0x598635fdd200_0;
    %parti/s 1, 20, 6;
    %concat/vec4; draw_concat_vec4
    %load/vec4 v0x598635fdd200_0;
    %parti/s 6, 25, 6;
    %concat/vec4; draw_concat_vec4
    %load/vec4 v0x598635fdd200_0;
    %parti/s 4, 21, 6;
    %concat/vec4; draw_concat_vec4
    %concati/vec4 0, 0, 1;
    %store/vec4 v0x598635fc80d0_0, 0, 32;
    %load/vec4 v0x598635fdd200_0;
    %parti/s 5, 20, 6;
    %store/vec4 v0x59863606e5b0_0, 0, 5;
    %jmp T_94;
    .thread T_94, $push;
    .scope S_0x598635d959f0;
T_95 ;
    %wait E_0x5986359626d0;
    %pushi/vec4 0, 0, 4;
    %store/vec4 v0x5986360b5980_0, 0, 4;
    %pushi/vec4 0, 0, 32;
    %store/vec4 v0x5986360b5a40_0, 0, 32;
    %pushi/vec4 0, 0, 32;
    %store/vec4 v0x598636127a00_0, 0, 32;
    %load/vec4 v0x598635fdd200_0;
    %pushi/vec4 4261441663, 0, 32;
    %and;
    %cmpi/e 51, 0, 32;
    %jmp/0xz  T_95.0, 4;
    %pushi/vec4 4, 0, 4;
    %store/vec4 v0x5986360b5980_0, 0, 4;
    %load/vec4 v0x598635dc43a0_0;
    %store/vec4 v0x5986360b5a40_0, 0, 32;
    %load/vec4 v0x59863606d5a0_0;
    %store/vec4 v0x598636127a00_0, 0, 32;
    %jmp T_95.1;
T_95.0 ;
    %load/vec4 v0x598635fdd200_0;
    %pushi/vec4 4261441663, 0, 32;
    %and;
    %cmpi/e 28723, 0, 32;
    %jmp/0xz  T_95.2, 4;
    %pushi/vec4 7, 0, 4;
    %store/vec4 v0x5986360b5980_0, 0, 4;
    %load/vec4 v0x598635dc43a0_0;
    %store/vec4 v0x5986360b5a40_0, 0, 32;
    %load/vec4 v0x59863606d5a0_0;
    %store/vec4 v0x598636127a00_0, 0, 32;
    %jmp T_95.3;
T_95.2 ;
    %load/vec4 v0x598635fdd200_0;
    %pushi/vec4 4261441663, 0, 32;
    %and;
    %cmpi/e 24627, 0, 32;
    %jmp/0xz  T_95.4, 4;
    %pushi/vec4 8, 0, 4;
    %store/vec4 v0x5986360b5980_0, 0, 4;
    %load/vec4 v0x598635dc43a0_0;
    %store/vec4 v0x5986360b5a40_0, 0, 32;
    %load/vec4 v0x59863606d5a0_0;
    %store/vec4 v0x598636127a00_0, 0, 32;
    %jmp T_95.5;
T_95.4 ;
    %load/vec4 v0x598635fdd200_0;
    %pushi/vec4 4261441663, 0, 32;
    %and;
    %cmpi/e 4147, 0, 32;
    %jmp/0xz  T_95.6, 4;
    %pushi/vec4 1, 0, 4;
    %store/vec4 v0x5986360b5980_0, 0, 4;
    %load/vec4 v0x598635dc43a0_0;
    %store/vec4 v0x5986360b5a40_0, 0, 32;
    %load/vec4 v0x59863606d5a0_0;
    %store/vec4 v0x598636127a00_0, 0, 32;
    %jmp T_95.7;
T_95.6 ;
    %load/vec4 v0x598635fdd200_0;
    %pushi/vec4 4261441663, 0, 32;
    %and;
    %cmpi/e 1073762355, 0, 32;
    %jmp/0xz  T_95.8, 4;
    %pushi/vec4 3, 0, 4;
    %store/vec4 v0x5986360b5980_0, 0, 4;
    %load/vec4 v0x598635dc43a0_0;
    %store/vec4 v0x5986360b5a40_0, 0, 32;
    %load/vec4 v0x59863606d5a0_0;
    %store/vec4 v0x598636127a00_0, 0, 32;
    %jmp T_95.9;
T_95.8 ;
    %load/vec4 v0x598635fdd200_0;
    %pushi/vec4 4261441663, 0, 32;
    %and;
    %cmpi/e 20531, 0, 32;
    %jmp/0xz  T_95.10, 4;
    %pushi/vec4 2, 0, 4;
    %store/vec4 v0x5986360b5980_0, 0, 4;
    %load/vec4 v0x598635dc43a0_0;
    %store/vec4 v0x5986360b5a40_0, 0, 32;
    %load/vec4 v0x59863606d5a0_0;
    %store/vec4 v0x598636127a00_0, 0, 32;
    %jmp T_95.11;
T_95.10 ;
    %load/vec4 v0x598635fdd200_0;
    %pushi/vec4 4261441663, 0, 32;
    %and;
    %cmpi/e 1073741875, 0, 32;
    %jmp/0xz  T_95.12, 4;
    %pushi/vec4 6, 0, 4;
    %store/vec4 v0x5986360b5980_0, 0, 4;
    %load/vec4 v0x598635dc43a0_0;
    %store/vec4 v0x5986360b5a40_0, 0, 32;
    %load/vec4 v0x59863606d5a0_0;
    %store/vec4 v0x598636127a00_0, 0, 32;
    %jmp T_95.13;
T_95.12 ;
    %load/vec4 v0x598635fdd200_0;
    %pushi/vec4 4261441663, 0, 32;
    %and;
    %cmpi/e 16435, 0, 32;
    %jmp/0xz  T_95.14, 4;
    %pushi/vec4 9, 0, 4;
    %store/vec4 v0x5986360b5980_0, 0, 4;
    %load/vec4 v0x598635dc43a0_0;
    %store/vec4 v0x5986360b5a40_0, 0, 32;
    %load/vec4 v0x59863606d5a0_0;
    %store/vec4 v0x598636127a00_0, 0, 32;
    %jmp T_95.15;
T_95.14 ;
    %load/vec4 v0x598635fdd200_0;
    %pushi/vec4 4261441663, 0, 32;
    %and;
    %cmpi/e 8243, 0, 32;
    %jmp/0xz  T_95.16, 4;
    %pushi/vec4 11, 0, 4;
    %store/vec4 v0x5986360b5980_0, 0, 4;
    %load/vec4 v0x598635dc43a0_0;
    %store/vec4 v0x5986360b5a40_0, 0, 32;
    %load/vec4 v0x59863606d5a0_0;
    %store/vec4 v0x598636127a00_0, 0, 32;
    %jmp T_95.17;
T_95.16 ;
    %load/vec4 v0x598635fdd200_0;
    %pushi/vec4 4261441663, 0, 32;
    %and;
    %cmpi/e 12339, 0, 32;
    %jmp/0xz  T_95.18, 4;
    %pushi/vec4 10, 0, 4;
    %store/vec4 v0x5986360b5980_0, 0, 4;
    %load/vec4 v0x598635dc43a0_0;
    %store/vec4 v0x5986360b5a40_0, 0, 32;
    %load/vec4 v0x59863606d5a0_0;
    %store/vec4 v0x598636127a00_0, 0, 32;
    %jmp T_95.19;
T_95.18 ;
    %load/vec4 v0x598635fdd200_0;
    %pushi/vec4 28799, 0, 32;
    %and;
    %cmpi/e 19, 0, 32;
    %jmp/0xz  T_95.20, 4;
    %pushi/vec4 4, 0, 4;
    %store/vec4 v0x5986360b5980_0, 0, 4;
    %load/vec4 v0x598635dc43a0_0;
    %store/vec4 v0x5986360b5a40_0, 0, 32;
    %load/vec4 v0x598635fb08d0_0;
    %store/vec4 v0x598636127a00_0, 0, 32;
    %jmp T_95.21;
T_95.20 ;
    %load/vec4 v0x598635fdd200_0;
    %pushi/vec4 28799, 0, 32;
    %and;
    %cmpi/e 28691, 0, 32;
    %jmp/0xz  T_95.22, 4;
    %pushi/vec4 7, 0, 4;
    %store/vec4 v0x5986360b5980_0, 0, 4;
    %load/vec4 v0x598635dc43a0_0;
    %store/vec4 v0x5986360b5a40_0, 0, 32;
    %load/vec4 v0x598635fb08d0_0;
    %store/vec4 v0x598636127a00_0, 0, 32;
    %jmp T_95.23;
T_95.22 ;
    %load/vec4 v0x598635fdd200_0;
    %pushi/vec4 28799, 0, 32;
    %and;
    %cmpi/e 8211, 0, 32;
    %jmp/0xz  T_95.24, 4;
    %pushi/vec4 11, 0, 4;
    %store/vec4 v0x5986360b5980_0, 0, 4;
    %load/vec4 v0x598635dc43a0_0;
    %store/vec4 v0x5986360b5a40_0, 0, 32;
    %load/vec4 v0x598635fb08d0_0;
    %store/vec4 v0x598636127a00_0, 0, 32;
    %jmp T_95.25;
T_95.24 ;
    %load/vec4 v0x598635fdd200_0;
    %pushi/vec4 28799, 0, 32;
    %and;
    %cmpi/e 12307, 0, 32;
    %jmp/0xz  T_95.26, 4;
    %pushi/vec4 10, 0, 4;
    %store/vec4 v0x5986360b5980_0, 0, 4;
    %load/vec4 v0x598635dc43a0_0;
    %store/vec4 v0x5986360b5a40_0, 0, 32;
    %load/vec4 v0x598635fb08d0_0;
    %store/vec4 v0x598636127a00_0, 0, 32;
    %jmp T_95.27;
T_95.26 ;
    %load/vec4 v0x598635fdd200_0;
    %pushi/vec4 28799, 0, 32;
    %and;
    %cmpi/e 24595, 0, 32;
    %jmp/0xz  T_95.28, 4;
    %pushi/vec4 8, 0, 4;
    %store/vec4 v0x5986360b5980_0, 0, 4;
    %load/vec4 v0x598635dc43a0_0;
    %store/vec4 v0x5986360b5a40_0, 0, 32;
    %load/vec4 v0x598635fb08d0_0;
    %store/vec4 v0x598636127a00_0, 0, 32;
    %jmp T_95.29;
T_95.28 ;
    %load/vec4 v0x598635fdd200_0;
    %pushi/vec4 28799, 0, 32;
    %and;
    %cmpi/e 16403, 0, 32;
    %jmp/0xz  T_95.30, 4;
    %pushi/vec4 9, 0, 4;
    %store/vec4 v0x5986360b5980_0, 0, 4;
    %load/vec4 v0x598635dc43a0_0;
    %store/vec4 v0x5986360b5a40_0, 0, 32;
    %load/vec4 v0x598635fb08d0_0;
    %store/vec4 v0x598636127a00_0, 0, 32;
    %jmp T_95.31;
T_95.30 ;
    %load/vec4 v0x598635fdd200_0;
    %pushi/vec4 4227887231, 0, 32;
    %and;
    %cmpi/e 4115, 0, 32;
    %jmp/0xz  T_95.32, 4;
    %pushi/vec4 1, 0, 4;
    %store/vec4 v0x5986360b5980_0, 0, 4;
    %load/vec4 v0x598635dc43a0_0;
    %store/vec4 v0x5986360b5a40_0, 0, 32;
    %pushi/vec4 0, 0, 27;
    %load/vec4 v0x59863606e5b0_0;
    %concat/vec4; draw_concat_vec4
    %store/vec4 v0x598636127a00_0, 0, 32;
    %jmp T_95.33;
T_95.32 ;
    %load/vec4 v0x598635fdd200_0;
    %pushi/vec4 4227887231, 0, 32;
    %and;
    %cmpi/e 20499, 0, 32;
    %jmp/0xz  T_95.34, 4;
    %pushi/vec4 2, 0, 4;
    %store/vec4 v0x5986360b5980_0, 0, 4;
    %load/vec4 v0x598635dc43a0_0;
    %store/vec4 v0x5986360b5a40_0, 0, 32;
    %pushi/vec4 0, 0, 27;
    %load/vec4 v0x59863606e5b0_0;
    %concat/vec4; draw_concat_vec4
    %store/vec4 v0x598636127a00_0, 0, 32;
    %jmp T_95.35;
T_95.34 ;
    %load/vec4 v0x598635fdd200_0;
    %pushi/vec4 4227887231, 0, 32;
    %and;
    %cmpi/e 1073762323, 0, 32;
    %jmp/0xz  T_95.36, 4;
    %pushi/vec4 3, 0, 4;
    %store/vec4 v0x5986360b5980_0, 0, 4;
    %load/vec4 v0x598635dc43a0_0;
    %store/vec4 v0x5986360b5a40_0, 0, 32;
    %pushi/vec4 0, 0, 27;
    %load/vec4 v0x59863606e5b0_0;
    %concat/vec4; draw_concat_vec4
    %store/vec4 v0x598636127a00_0, 0, 32;
    %jmp T_95.37;
T_95.36 ;
    %load/vec4 v0x598635fdd200_0;
    %pushi/vec4 127, 0, 32;
    %and;
    %cmpi/e 55, 0, 32;
    %jmp/0xz  T_95.38, 4;
    %load/vec4 v0x598635fc7ff0_0;
    %store/vec4 v0x5986360b5a40_0, 0, 32;
    %jmp T_95.39;
T_95.38 ;
    %load/vec4 v0x598635fdd200_0;
    %pushi/vec4 127, 0, 32;
    %and;
    %cmpi/e 23, 0, 32;
    %jmp/0xz  T_95.40, 4;
    %pushi/vec4 4, 0, 4;
    %store/vec4 v0x5986360b5980_0, 0, 4;
    %load/vec4 v0x598635fde170_0;
    %store/vec4 v0x5986360b5a40_0, 0, 32;
    %load/vec4 v0x598635fc7ff0_0;
    %store/vec4 v0x598636127a00_0, 0, 32;
    %jmp T_95.41;
T_95.40 ;
    %load/vec4 v0x598635fdd200_0;
    %pushi/vec4 127, 0, 32;
    %and;
    %cmpi/e 111, 0, 32;
    %flag_mov 8, 4;
    %load/vec4 v0x598635fdd200_0;
    %pushi/vec4 28799, 0, 32;
    %and;
    %cmpi/e 103, 0, 32;
    %flag_or 4, 8;
    %jmp/0xz  T_95.42, 4;
    %pushi/vec4 4, 0, 4;
    %store/vec4 v0x5986360b5980_0, 0, 4;
    %load/vec4 v0x598635fde170_0;
    %store/vec4 v0x5986360b5a40_0, 0, 32;
    %pushi/vec4 4, 0, 32;
    %store/vec4 v0x598636127a00_0, 0, 32;
T_95.42 ;
T_95.41 ;
T_95.39 ;
T_95.37 ;
T_95.35 ;
T_95.33 ;
T_95.31 ;
T_95.29 ;
T_95.27 ;
T_95.25 ;
T_95.23 ;
T_95.21 ;
T_95.19 ;
T_95.17 ;
T_95.15 ;
T_95.13 ;
T_95.11 ;
T_95.9 ;
T_95.7 ;
T_95.5 ;
T_95.3 ;
T_95.1 ;
    %jmp T_95;
    .thread T_95, $push;
    .scope S_0x598635d959f0;
T_96 ;
    %wait E_0x5986358e7f10;
    %load/vec4 v0x59863606e510_0;
    %flag_set/vec4 8;
    %jmp/0xz  T_96.0, 8;
    %pushi/vec4 0, 0, 32;
    %assign/vec4 v0x59863606f6d0_0, 0;
    %jmp T_96.1;
T_96.0 ;
    %load/vec4 v0x598635fb0810_0;
    %inv;
    %flag_set/vec4 8;
    %jmp/0xz  T_96.2, 8;
    %load/vec4 v0x598636127ad0_0;
    %assign/vec4 v0x59863606f6d0_0, 0;
T_96.2 ;
T_96.1 ;
    %jmp T_96;
    .thread T_96;
    .scope S_0x598635d959f0;
T_97 ;
    %wait E_0x598635962630;
    %pushi/vec4 0, 0, 1;
    %store/vec4 v0x59863616d220_0, 0, 1;
    %pushi/vec4 0, 0, 1;
    %store/vec4 v0x598635d8bb40_0, 0, 1;
    %pushi/vec4 0, 0, 1;
    %store/vec4 v0x598636123940_0, 0, 1;
    %pushi/vec4 0, 0, 1;
    %store/vec4 v0x59863614be60_0, 0, 1;
    %pushi/vec4 0, 0, 1;
    %store/vec4 v0x59863609b120_0, 0, 1;
    %load/vec4 v0x598635fde170_0;
    %load/vec4 v0x5986361255c0_0;
    %add;
    %store/vec4 v0x598635fc90d0_0, 0, 32;
    %load/vec4 v0x598635fdd200_0;
    %pushi/vec4 127, 0, 32;
    %and;
    %cmpi/e 111, 0, 32;
    %jmp/0xz  T_97.0, 4;
    %pushi/vec4 1, 0, 1;
    %store/vec4 v0x59863616d220_0, 0, 1;
    %pushi/vec4 1, 0, 1;
    %store/vec4 v0x598635d8bb40_0, 0, 1;
    %load/vec4 v0x598635fde170_0;
    %load/vec4 v0x598635fc80d0_0;
    %add;
    %store/vec4 v0x598635fc90d0_0, 0, 32;
    %load/vec4 v0x59863606d670_0;
    %pushi/vec4 1, 0, 5;
    %cmp/e;
    %flag_get/vec4 4;
    %store/vec4 v0x598636123940_0, 0, 1;
    %pushi/vec4 1, 0, 1;
    %store/vec4 v0x59863609b120_0, 0, 1;
    %jmp T_97.1;
T_97.0 ;
    %load/vec4 v0x598635fdd200_0;
    %pushi/vec4 28799, 0, 32;
    %and;
    %cmpi/e 103, 0, 32;
    %jmp/0xz  T_97.2, 4;
    %pushi/vec4 1, 0, 1;
    %store/vec4 v0x59863616d220_0, 0, 1;
    %pushi/vec4 1, 0, 1;
    %store/vec4 v0x598635d8bb40_0, 0, 1;
    %load/vec4 v0x598635dc43a0_0;
    %load/vec4 v0x598635fb08d0_0;
    %add;
    %store/vec4 v0x598635fc90d0_0, 0, 32;
    %pushi/vec4 0, 0, 1;
    %ix/load 4, 0, 0;
    %flag_set/imm 4, 0;
    %store/vec4 v0x598635fc90d0_0, 4, 1;
    %load/vec4 v0x598635fde240_0;
    %pushi/vec4 1, 0, 5;
    %cmp/e;
    %flag_get/vec4 4;
    %load/vec4 v0x598635fb08d0_0;
    %parti/s 12, 0, 2;
    %pushi/vec4 0, 0, 12;
    %cmp/e;
    %flag_get/vec4 4;
    %and;
    %store/vec4 v0x59863614be60_0, 0, 1;
    %load/vec4 v0x59863614be60_0;
    %inv;
    %load/vec4 v0x59863606d670_0;
    %pushi/vec4 1, 0, 5;
    %cmp/e;
    %flag_get/vec4 4;
    %and;
    %store/vec4 v0x598636123940_0, 0, 1;
    %load/vec4 v0x598636123940_0;
    %load/vec4 v0x59863614be60_0;
    %or;
    %inv;
    %store/vec4 v0x59863609b120_0, 0, 1;
    %jmp T_97.3;
T_97.2 ;
    %load/vec4 v0x598635fdd200_0;
    %pushi/vec4 28799, 0, 32;
    %and;
    %cmpi/e 99, 0, 32;
    %jmp/0xz  T_97.4, 4;
    %pushi/vec4 1, 0, 1;
    %store/vec4 v0x59863616d220_0, 0, 1;
    %load/vec4 v0x598635dc43a0_0;
    %load/vec4 v0x59863606d5a0_0;
    %cmp/e;
    %flag_get/vec4 4;
    %store/vec4 v0x598635d8bb40_0, 0, 1;
    %jmp T_97.5;
T_97.4 ;
    %load/vec4 v0x598635fdd200_0;
    %pushi/vec4 28799, 0, 32;
    %and;
    %cmpi/e 4195, 0, 32;
    %jmp/0xz  T_97.6, 4;
    %pushi/vec4 1, 0, 1;
    %store/vec4 v0x59863616d220_0, 0, 1;
    %load/vec4 v0x598635dc43a0_0;
    %load/vec4 v0x59863606d5a0_0;
    %cmp/ne;
    %flag_get/vec4 4;
    %store/vec4 v0x598635d8bb40_0, 0, 1;
    %jmp T_97.7;
T_97.6 ;
    %load/vec4 v0x598635fdd200_0;
    %pushi/vec4 28799, 0, 32;
    %and;
    %cmpi/e 16483, 0, 32;
    %jmp/0xz  T_97.8, 4;
    %pushi/vec4 1, 0, 1;
    %store/vec4 v0x59863616d220_0, 0, 1;
    %load/vec4 v0x598635dc43a0_0;
    %load/vec4 v0x59863606d5a0_0;
    %store/vec4 v0x59863605b2f0_0, 0, 32;
    %store/vec4 v0x59863605b7b0_0, 0, 32;
    %callf/vec4 TD_tb_mulp.u_dut.u_exec0.less_than_signed, S_0x598635d943a0;
    %store/vec4 v0x598635d8bb40_0, 0, 1;
    %jmp T_97.9;
T_97.8 ;
    %load/vec4 v0x598635fdd200_0;
    %pushi/vec4 28799, 0, 32;
    %and;
    %cmpi/e 20579, 0, 32;
    %jmp/0xz  T_97.10, 4;
    %pushi/vec4 1, 0, 1;
    %store/vec4 v0x59863616d220_0, 0, 1;
    %load/vec4 v0x598635dc43a0_0;
    %load/vec4 v0x59863606d5a0_0;
    %store/vec4 v0x59863605e5a0_0, 0, 32;
    %store/vec4 v0x59863605e4e0_0, 0, 32;
    %callf/vec4 TD_tb_mulp.u_dut.u_exec0.greater_than_signed, S_0x598635d92050;
    %load/vec4 v0x598635dc43a0_0;
    %load/vec4 v0x59863606d5a0_0;
    %cmp/e;
    %flag_get/vec4 4;
    %or;
    %store/vec4 v0x598635d8bb40_0, 0, 1;
    %jmp T_97.11;
T_97.10 ;
    %load/vec4 v0x598635fdd200_0;
    %pushi/vec4 28799, 0, 32;
    %and;
    %cmpi/e 24675, 0, 32;
    %jmp/0xz  T_97.12, 4;
    %pushi/vec4 1, 0, 1;
    %store/vec4 v0x59863616d220_0, 0, 1;
    %load/vec4 v0x598635dc43a0_0;
    %load/vec4 v0x59863606d5a0_0;
    %cmp/u;
    %flag_get/vec4 5;
    %store/vec4 v0x598635d8bb40_0, 0, 1;
    %jmp T_97.13;
T_97.12 ;
    %load/vec4 v0x598635fdd200_0;
    %pushi/vec4 28799, 0, 32;
    %and;
    %cmpi/e 28771, 0, 32;
    %jmp/0xz  T_97.14, 4;
    %pushi/vec4 1, 0, 1;
    %store/vec4 v0x59863616d220_0, 0, 1;
    %load/vec4 v0x59863606d5a0_0;
    %load/vec4 v0x598635dc43a0_0;
    %cmp/u;
    %flag_get/vec4 4;
    %flag_get/vec4 5;
    %or;
    %store/vec4 v0x598635d8bb40_0, 0, 1;
T_97.14 ;
T_97.13 ;
T_97.11 ;
T_97.9 ;
T_97.7 ;
T_97.5 ;
T_97.3 ;
T_97.1 ;
    %jmp T_97;
    .thread T_97, $push;
    .scope S_0x598635d959f0;
T_98 ;
    %wait E_0x5986358e7f10;
    %load/vec4 v0x59863606e510_0;
    %flag_set/vec4 8;
    %jmp/0xz  T_98.0, 8;
    %pushi/vec4 0, 0, 1;
    %assign/vec4 v0x598635d8ba80_0, 0;
    %pushi/vec4 0, 0, 1;
    %assign/vec4 v0x59863609b1e0_0, 0;
    %pushi/vec4 0, 0, 32;
    %assign/vec4 v0x59863606f5f0_0, 0;
    %pushi/vec4 0, 0, 32;
    %assign/vec4 v0x598636070770_0, 0;
    %pushi/vec4 0, 0, 1;
    %assign/vec4 v0x598636125660_0, 0;
    %pushi/vec4 0, 0, 1;
    %assign/vec4 v0x59863614bda0_0, 0;
    %pushi/vec4 0, 0, 1;
    %assign/vec4 v0x5986360c5520_0, 0;
    %jmp T_98.1;
T_98.0 ;
    %load/vec4 v0x5986360706d0_0;
    %flag_set/vec4 8;
    %jmp/0xz  T_98.2, 8;
    %load/vec4 v0x59863616d220_0;
    %load/vec4 v0x5986360706d0_0;
    %load/vec4 v0x598635d8bb40_0;
    %and;
    %and;
    %assign/vec4 v0x598635d8ba80_0, 0;
    %load/vec4 v0x59863616d220_0;
    %load/vec4 v0x5986360706d0_0;
    %load/vec4 v0x598635d8bb40_0;
    %inv;
    %and;
    %and;
    %assign/vec4 v0x59863609b1e0_0, 0;
    %load/vec4 v0x598635d8bb40_0;
    %flag_set/vec4 8;
    %jmp/0 T_98.4, 8;
    %load/vec4 v0x598635fc90d0_0;
    %jmp/1 T_98.5, 8;
T_98.4 ; End of true expr.
    %load/vec4 v0x598635fde170_0;
    %addi 4, 0, 32;
    %jmp/0 T_98.5, 8;
 ; End of false expr.
    %blend;
T_98.5;
    %assign/vec4 v0x59863606f5f0_0, 0;
    %load/vec4 v0x59863616d220_0;
    %load/vec4 v0x5986360706d0_0;
    %and;
    %load/vec4 v0x598636123940_0;
    %and;
    %assign/vec4 v0x598636125660_0, 0;
    %load/vec4 v0x59863616d220_0;
    %load/vec4 v0x5986360706d0_0;
    %and;
    %load/vec4 v0x59863614be60_0;
    %and;
    %assign/vec4 v0x59863614bda0_0, 0;
    %load/vec4 v0x59863616d220_0;
    %load/vec4 v0x5986360706d0_0;
    %and;
    %load/vec4 v0x59863609b120_0;
    %and;
    %assign/vec4 v0x5986360c5520_0, 0;
    %load/vec4 v0x598635fde170_0;
    %assign/vec4 v0x598636070770_0, 0;
T_98.2 ;
T_98.1 ;
    %jmp T_98;
    .thread T_98;
    .scope S_0x598635d94b00;
T_99 ;
    %wait E_0x598635b56630;
    %pushi/vec4 0, 0, 16;
    %store/vec4 v0x598635fab4e0_0, 0, 16;
    %pushi/vec4 0, 0, 32;
    %store/vec4 v0x598635faa270_0, 0, 32;
    %pushi/vec4 0, 0, 32;
    %store/vec4 v0x598635faa350_0, 0, 32;
    %pushi/vec4 0, 0, 32;
    %store/vec4 v0x598635fab130_0, 0, 32;
    %pushi/vec4 0, 0, 32;
    %store/vec4 v0x598635fab1f0_0, 0, 32;
    %pushi/vec4 0, 0, 32;
    %store/vec4 v0x598635fa93c0_0, 0, 32;
    %pushi/vec4 0, 0, 32;
    %store/vec4 v0x598635fa94a0_0, 0, 32;
    %pushi/vec4 0, 0, 32;
    %store/vec4 v0x598635fab890_0, 0, 32;
    %pushi/vec4 0, 0, 32;
    %store/vec4 v0x598635fab950_0, 0, 32;
    %load/vec4 v0x598635fa9ec0_0;
    %dup/vec4;
    %pushi/vec4 1, 0, 4;
    %cmp/u;
    %jmp/1 T_99.0, 6;
    %dup/vec4;
    %pushi/vec4 2, 0, 4;
    %cmp/u;
    %jmp/1 T_99.1, 6;
    %dup/vec4;
    %pushi/vec4 3, 0, 4;
    %cmp/u;
    %jmp/1 T_99.2, 6;
    %dup/vec4;
    %pushi/vec4 4, 0, 4;
    %cmp/u;
    %jmp/1 T_99.3, 6;
    %dup/vec4;
    %pushi/vec4 6, 0, 4;
    %cmp/u;
    %jmp/1 T_99.4, 6;
    %dup/vec4;
    %pushi/vec4 7, 0, 4;
    %cmp/u;
    %jmp/1 T_99.5, 6;
    %dup/vec4;
    %pushi/vec4 8, 0, 4;
    %cmp/u;
    %jmp/1 T_99.6, 6;
    %dup/vec4;
    %pushi/vec4 9, 0, 4;
    %cmp/u;
    %jmp/1 T_99.7, 6;
    %dup/vec4;
    %pushi/vec4 10, 0, 4;
    %cmp/u;
    %jmp/1 T_99.8, 6;
    %dup/vec4;
    %pushi/vec4 11, 0, 4;
    %cmp/u;
    %jmp/1 T_99.9, 6;
    %load/vec4 v0x598635fa9770_0;
    %store/vec4 v0x598635fe4bf0_0, 0, 32;
    %jmp T_99.11;
T_99.0 ;
    %load/vec4 v0x598635fa9850_0;
    %parti/s 1, 0, 2;
    %cmpi/e 1, 0, 1;
    %jmp/0xz  T_99.12, 4;
    %load/vec4 v0x598635fa9770_0;
    %parti/s 31, 0, 2;
    %concati/vec4 0, 0, 1;
    %store/vec4 v0x598635fa93c0_0, 0, 32;
    %jmp T_99.13;
T_99.12 ;
    %load/vec4 v0x598635fa9770_0;
    %store/vec4 v0x598635fa93c0_0, 0, 32;
T_99.13 ;
    %load/vec4 v0x598635fa9850_0;
    %parti/s 1, 1, 2;
    %cmpi/e 1, 0, 1;
    %jmp/0xz  T_99.14, 4;
    %load/vec4 v0x598635fa93c0_0;
    %parti/s 30, 0, 2;
    %concati/vec4 0, 0, 2;
    %store/vec4 v0x598635fa94a0_0, 0, 32;
    %jmp T_99.15;
T_99.14 ;
    %load/vec4 v0x598635fa93c0_0;
    %store/vec4 v0x598635fa94a0_0, 0, 32;
T_99.15 ;
    %load/vec4 v0x598635fa9850_0;
    %parti/s 1, 2, 3;
    %cmpi/e 1, 0, 1;
    %jmp/0xz  T_99.16, 4;
    %load/vec4 v0x598635fa94a0_0;
    %parti/s 28, 0, 2;
    %concati/vec4 0, 0, 4;
    %store/vec4 v0x598635fab890_0, 0, 32;
    %jmp T_99.17;
T_99.16 ;
    %load/vec4 v0x598635fa94a0_0;
    %store/vec4 v0x598635fab890_0, 0, 32;
T_99.17 ;
    %load/vec4 v0x598635fa9850_0;
    %parti/s 1, 3, 3;
    %cmpi/e 1, 0, 1;
    %jmp/0xz  T_99.18, 4;
    %load/vec4 v0x598635fab890_0;
    %parti/s 24, 0, 2;
    %concati/vec4 0, 0, 8;
    %store/vec4 v0x598635fab950_0, 0, 32;
    %jmp T_99.19;
T_99.18 ;
    %load/vec4 v0x598635fab890_0;
    %store/vec4 v0x598635fab950_0, 0, 32;
T_99.19 ;
    %load/vec4 v0x598635fa9850_0;
    %parti/s 1, 4, 4;
    %cmpi/e 1, 0, 1;
    %jmp/0xz  T_99.20, 4;
    %load/vec4 v0x598635fab950_0;
    %parti/s 16, 0, 2;
    %concati/vec4 0, 0, 16;
    %store/vec4 v0x598635fe4bf0_0, 0, 32;
    %jmp T_99.21;
T_99.20 ;
    %load/vec4 v0x598635fab950_0;
    %store/vec4 v0x598635fe4bf0_0, 0, 32;
T_99.21 ;
    %jmp T_99.11;
T_99.1 ;
    %load/vec4 v0x598635fa9770_0;
    %parti/s 1, 31, 6;
    %pushi/vec4 1, 0, 1;
    %cmp/e;
    %flag_get/vec4 4;
    %load/vec4 v0x598635fa9ec0_0;
    %pushi/vec4 3, 0, 4;
    %cmp/e;
    %flag_get/vec4 4;
    %and;
    %flag_set/vec4 8;
    %jmp/0xz  T_99.22, 8;
    %pushi/vec4 65535, 0, 16;
    %store/vec4 v0x598635fab4e0_0, 0, 16;
    %jmp T_99.23;
T_99.22 ;
    %pushi/vec4 0, 0, 16;
    %store/vec4 v0x598635fab4e0_0, 0, 16;
T_99.23 ;
    %load/vec4 v0x598635fa9850_0;
    %parti/s 1, 0, 2;
    %cmpi/e 1, 0, 1;
    %jmp/0xz  T_99.24, 4;
    %load/vec4 v0x598635fab4e0_0;
    %parti/s 1, 15, 5;
    %load/vec4 v0x598635fa9770_0;
    %parti/s 31, 1, 2;
    %concat/vec4; draw_concat_vec4
    %store/vec4 v0x598635faa270_0, 0, 32;
    %jmp T_99.25;
T_99.24 ;
    %load/vec4 v0x598635fa9770_0;
    %store/vec4 v0x598635faa270_0, 0, 32;
T_99.25 ;
    %load/vec4 v0x598635fa9850_0;
    %parti/s 1, 1, 2;
    %cmpi/e 1, 0, 1;
    %jmp/0xz  T_99.26, 4;
    %load/vec4 v0x598635fab4e0_0;
    %parti/s 2, 14, 5;
    %load/vec4 v0x598635faa270_0;
    %parti/s 30, 2, 3;
    %concat/vec4; draw_concat_vec4
    %store/vec4 v0x598635faa350_0, 0, 32;
    %jmp T_99.27;
T_99.26 ;
    %load/vec4 v0x598635faa270_0;
    %store/vec4 v0x598635faa350_0, 0, 32;
T_99.27 ;
    %load/vec4 v0x598635fa9850_0;
    %parti/s 1, 2, 3;
    %cmpi/e 1, 0, 1;
    %jmp/0xz  T_99.28, 4;
    %load/vec4 v0x598635fab4e0_0;
    %parti/s 4, 12, 5;
    %load/vec4 v0x598635faa350_0;
    %parti/s 28, 4, 4;
    %concat/vec4; draw_concat_vec4
    %store/vec4 v0x598635fab130_0, 0, 32;
    %jmp T_99.29;
T_99.28 ;
    %load/vec4 v0x598635faa350_0;
    %store/vec4 v0x598635fab130_0, 0, 32;
T_99.29 ;
    %load/vec4 v0x598635fa9850_0;
    %parti/s 1, 3, 3;
    %cmpi/e 1, 0, 1;
    %jmp/0xz  T_99.30, 4;
    %load/vec4 v0x598635fab4e0_0;
    %parti/s 8, 8, 5;
    %load/vec4 v0x598635fab130_0;
    %parti/s 24, 8, 5;
    %concat/vec4; draw_concat_vec4
    %store/vec4 v0x598635fab1f0_0, 0, 32;
    %jmp T_99.31;
T_99.30 ;
    %load/vec4 v0x598635fab130_0;
    %store/vec4 v0x598635fab1f0_0, 0, 32;
T_99.31 ;
    %load/vec4 v0x598635fa9850_0;
    %parti/s 1, 4, 4;
    %cmpi/e 1, 0, 1;
    %jmp/0xz  T_99.32, 4;
    %load/vec4 v0x598635fab4e0_0;
    %load/vec4 v0x598635fab1f0_0;
    %parti/s 16, 16, 6;
    %concat/vec4; draw_concat_vec4
    %store/vec4 v0x598635fe4bf0_0, 0, 32;
    %jmp T_99.33;
T_99.32 ;
    %load/vec4 v0x598635fab1f0_0;
    %store/vec4 v0x598635fe4bf0_0, 0, 32;
T_99.33 ;
    %jmp T_99.11;
T_99.2 ;
    %load/vec4 v0x598635fa9770_0;
    %parti/s 1, 31, 6;
    %pushi/vec4 1, 0, 1;
    %cmp/e;
    %flag_get/vec4 4;
    %load/vec4 v0x598635fa9ec0_0;
    %pushi/vec4 3, 0, 4;
    %cmp/e;
    %flag_get/vec4 4;
    %and;
    %flag_set/vec4 8;
    %jmp/0xz  T_99.34, 8;
    %pushi/vec4 65535, 0, 16;
    %store/vec4 v0x598635fab4e0_0, 0, 16;
    %jmp T_99.35;
T_99.34 ;
    %pushi/vec4 0, 0, 16;
    %store/vec4 v0x598635fab4e0_0, 0, 16;
T_99.35 ;
    %load/vec4 v0x598635fa9850_0;
    %parti/s 1, 0, 2;
    %cmpi/e 1, 0, 1;
    %jmp/0xz  T_99.36, 4;
    %load/vec4 v0x598635fab4e0_0;
    %parti/s 1, 15, 5;
    %load/vec4 v0x598635fa9770_0;
    %parti/s 31, 1, 2;
    %concat/vec4; draw_concat_vec4
    %store/vec4 v0x598635faa270_0, 0, 32;
    %jmp T_99.37;
T_99.36 ;
    %load/vec4 v0x598635fa9770_0;
    %store/vec4 v0x598635faa270_0, 0, 32;
T_99.37 ;
    %load/vec4 v0x598635fa9850_0;
    %parti/s 1, 1, 2;
    %cmpi/e 1, 0, 1;
    %jmp/0xz  T_99.38, 4;
    %load/vec4 v0x598635fab4e0_0;
    %parti/s 2, 14, 5;
    %load/vec4 v0x598635faa270_0;
    %parti/s 30, 2, 3;
    %concat/vec4; draw_concat_vec4
    %store/vec4 v0x598635faa350_0, 0, 32;
    %jmp T_99.39;
T_99.38 ;
    %load/vec4 v0x598635faa270_0;
    %store/vec4 v0x598635faa350_0, 0, 32;
T_99.39 ;
    %load/vec4 v0x598635fa9850_0;
    %parti/s 1, 2, 3;
    %cmpi/e 1, 0, 1;
    %jmp/0xz  T_99.40, 4;
    %load/vec4 v0x598635fab4e0_0;
    %parti/s 4, 12, 5;
    %load/vec4 v0x598635faa350_0;
    %parti/s 28, 4, 4;
    %concat/vec4; draw_concat_vec4
    %store/vec4 v0x598635fab130_0, 0, 32;
    %jmp T_99.41;
T_99.40 ;
    %load/vec4 v0x598635faa350_0;
    %store/vec4 v0x598635fab130_0, 0, 32;
T_99.41 ;
    %load/vec4 v0x598635fa9850_0;
    %parti/s 1, 3, 3;
    %cmpi/e 1, 0, 1;
    %jmp/0xz  T_99.42, 4;
    %load/vec4 v0x598635fab4e0_0;
    %parti/s 8, 8, 5;
    %load/vec4 v0x598635fab130_0;
    %parti/s 24, 8, 5;
    %concat/vec4; draw_concat_vec4
    %store/vec4 v0x598635fab1f0_0, 0, 32;
    %jmp T_99.43;
T_99.42 ;
    %load/vec4 v0x598635fab130_0;
    %store/vec4 v0x598635fab1f0_0, 0, 32;
T_99.43 ;
    %load/vec4 v0x598635fa9850_0;
    %parti/s 1, 4, 4;
    %cmpi/e 1, 0, 1;
    %jmp/0xz  T_99.44, 4;
    %load/vec4 v0x598635fab4e0_0;
    %load/vec4 v0x598635fab1f0_0;
    %parti/s 16, 16, 6;
    %concat/vec4; draw_concat_vec4
    %store/vec4 v0x598635fe4bf0_0, 0, 32;
    %jmp T_99.45;
T_99.44 ;
    %load/vec4 v0x598635fab1f0_0;
    %store/vec4 v0x598635fe4bf0_0, 0, 32;
T_99.45 ;
    %jmp T_99.11;
T_99.3 ;
    %load/vec4 v0x598635fa9770_0;
    %load/vec4 v0x598635fa9850_0;
    %add;
    %store/vec4 v0x598635fe4bf0_0, 0, 32;
    %jmp T_99.11;
T_99.4 ;
    %load/vec4 v0x598635fab5c0_0;
    %store/vec4 v0x598635fe4bf0_0, 0, 32;
    %jmp T_99.11;
T_99.5 ;
    %load/vec4 v0x598635fa9770_0;
    %load/vec4 v0x598635fa9850_0;
    %and;
    %store/vec4 v0x598635fe4bf0_0, 0, 32;
    %jmp T_99.11;
T_99.6 ;
    %load/vec4 v0x598635fa9770_0;
    %load/vec4 v0x598635fa9850_0;
    %or;
    %store/vec4 v0x598635fe4bf0_0, 0, 32;
    %jmp T_99.11;
T_99.7 ;
    %load/vec4 v0x598635fa9770_0;
    %load/vec4 v0x598635fa9850_0;
    %xor;
    %store/vec4 v0x598635fe4bf0_0, 0, 32;
    %jmp T_99.11;
T_99.8 ;
    %load/vec4 v0x598635fa9770_0;
    %load/vec4 v0x598635fa9850_0;
    %cmp/u;
    %flag_mov 8, 5;
    %jmp/0 T_99.46, 8;
    %pushi/vec4 1, 0, 32;
    %jmp/1 T_99.47, 8;
T_99.46 ; End of true expr.
    %pushi/vec4 0, 0, 32;
    %jmp/0 T_99.47, 8;
 ; End of false expr.
    %blend;
T_99.47;
    %store/vec4 v0x598635fe4bf0_0, 0, 32;
    %jmp T_99.11;
T_99.9 ;
    %load/vec4 v0x598635fa9770_0;
    %parti/s 1, 31, 6;
    %load/vec4 v0x598635fa9850_0;
    %parti/s 1, 31, 6;
    %cmp/ne;
    %jmp/0xz  T_99.48, 4;
    %load/vec4 v0x598635fa9770_0;
    %parti/s 1, 31, 6;
    %flag_set/vec4 8;
    %jmp/0 T_99.50, 8;
    %pushi/vec4 1, 0, 32;
    %jmp/1 T_99.51, 8;
T_99.50 ; End of true expr.
    %pushi/vec4 0, 0, 32;
    %jmp/0 T_99.51, 8;
 ; End of false expr.
    %blend;
T_99.51;
    %store/vec4 v0x598635fe4bf0_0, 0, 32;
    %jmp T_99.49;
T_99.48 ;
    %load/vec4 v0x598635fab5c0_0;
    %parti/s 1, 31, 6;
    %flag_set/vec4 8;
    %jmp/0 T_99.52, 8;
    %pushi/vec4 1, 0, 32;
    %jmp/1 T_99.53, 8;
T_99.52 ; End of true expr.
    %pushi/vec4 0, 0, 32;
    %jmp/0 T_99.53, 8;
 ; End of false expr.
    %blend;
T_99.53;
    %store/vec4 v0x598635fe4bf0_0, 0, 32;
T_99.49 ;
    %jmp T_99.11;
T_99.11 ;
    %pop/vec4 1;
    %jmp T_99;
    .thread T_99, $push;
    .scope S_0x598635d91c70;
T_100 ;
    %wait E_0x5986359b5a30;
    %load/vec4 v0x598636089f80_0;
    %parti/s 20, 12, 5;
    %concati/vec4 0, 0, 12;
    %store/vec4 v0x59863608aa50_0, 0, 32;
    %load/vec4 v0x598636089f80_0;
    %parti/s 1, 31, 6;
    %replicate 20;
    %load/vec4 v0x598636089f80_0;
    %parti/s 12, 20, 6;
    %concat/vec4; draw_concat_vec4
    %store/vec4 v0x59863608a970_0, 0, 32;
    %load/vec4 v0x598636089f80_0;
    %parti/s 1, 31, 6;
    %replicate 19;
    %load/vec4 v0x598636089f80_0;
    %parti/s 1, 31, 6;
    %concat/vec4; draw_concat_vec4
    %load/vec4 v0x598636089f80_0;
    %parti/s 1, 7, 4;
    %concat/vec4; draw_concat_vec4
    %load/vec4 v0x598636089f80_0;
    %parti/s 6, 25, 6;
    %concat/vec4; draw_concat_vec4
    %load/vec4 v0x598636089f80_0;
    %parti/s 4, 8, 5;
    %concat/vec4; draw_concat_vec4
    %concati/vec4 0, 0, 1;
    %store/vec4 v0x598635fac090_0, 0, 32;
    %load/vec4 v0x598636089f80_0;
    %parti/s 1, 31, 6;
    %replicate 12;
    %load/vec4 v0x598636089f80_0;
    %parti/s 8, 12, 5;
    %concat/vec4; draw_concat_vec4
    %load/vec4 v0x598636089f80_0;
    %parti/s 1, 20, 6;
    %concat/vec4; draw_concat_vec4
    %load/vec4 v0x598636089f80_0;
    %parti/s 6, 25, 6;
    %concat/vec4; draw_concat_vec4
    %load/vec4 v0x598636089f80_0;
    %parti/s 4, 21, 6;
    %concat/vec4; draw_concat_vec4
    %concati/vec4 0, 0, 1;
    %store/vec4 v0x59863608a5f0_0, 0, 32;
    %load/vec4 v0x598636089f80_0;
    %parti/s 5, 20, 6;
    %store/vec4 v0x598636126820_0, 0, 5;
    %jmp T_100;
    .thread T_100, $push;
    .scope S_0x598635d91c70;
T_101 ;
    %wait E_0x5986359b59b0;
    %pushi/vec4 0, 0, 4;
    %store/vec4 v0x598636040f40_0, 0, 4;
    %pushi/vec4 0, 0, 32;
    %store/vec4 v0x598635fad9a0_0, 0, 32;
    %pushi/vec4 0, 0, 32;
    %store/vec4 v0x598635fada70_0, 0, 32;
    %load/vec4 v0x598636089f80_0;
    %pushi/vec4 4261441663, 0, 32;
    %and;
    %cmpi/e 51, 0, 32;
    %jmp/0xz  T_101.0, 4;
    %pushi/vec4 4, 0, 4;
    %store/vec4 v0x598636040f40_0, 0, 4;
    %load/vec4 v0x598636089d70_0;
    %store/vec4 v0x598635fad9a0_0, 0, 32;
    %load/vec4 v0x598636127700_0;
    %store/vec4 v0x598635fada70_0, 0, 32;
    %jmp T_101.1;
T_101.0 ;
    %load/vec4 v0x598636089f80_0;
    %pushi/vec4 4261441663, 0, 32;
    %and;
    %cmpi/e 28723, 0, 32;
    %jmp/0xz  T_101.2, 4;
    %pushi/vec4 7, 0, 4;
    %store/vec4 v0x598636040f40_0, 0, 4;
    %load/vec4 v0x598636089d70_0;
    %store/vec4 v0x598635fad9a0_0, 0, 32;
    %load/vec4 v0x598636127700_0;
    %store/vec4 v0x598635fada70_0, 0, 32;
    %jmp T_101.3;
T_101.2 ;
    %load/vec4 v0x598636089f80_0;
    %pushi/vec4 4261441663, 0, 32;
    %and;
    %cmpi/e 24627, 0, 32;
    %jmp/0xz  T_101.4, 4;
    %pushi/vec4 8, 0, 4;
    %store/vec4 v0x598636040f40_0, 0, 4;
    %load/vec4 v0x598636089d70_0;
    %store/vec4 v0x598635fad9a0_0, 0, 32;
    %load/vec4 v0x598636127700_0;
    %store/vec4 v0x598635fada70_0, 0, 32;
    %jmp T_101.5;
T_101.4 ;
    %load/vec4 v0x598636089f80_0;
    %pushi/vec4 4261441663, 0, 32;
    %and;
    %cmpi/e 4147, 0, 32;
    %jmp/0xz  T_101.6, 4;
    %pushi/vec4 1, 0, 4;
    %store/vec4 v0x598636040f40_0, 0, 4;
    %load/vec4 v0x598636089d70_0;
    %store/vec4 v0x598635fad9a0_0, 0, 32;
    %load/vec4 v0x598636127700_0;
    %store/vec4 v0x598635fada70_0, 0, 32;
    %jmp T_101.7;
T_101.6 ;
    %load/vec4 v0x598636089f80_0;
    %pushi/vec4 4261441663, 0, 32;
    %and;
    %cmpi/e 1073762355, 0, 32;
    %jmp/0xz  T_101.8, 4;
    %pushi/vec4 3, 0, 4;
    %store/vec4 v0x598636040f40_0, 0, 4;
    %load/vec4 v0x598636089d70_0;
    %store/vec4 v0x598635fad9a0_0, 0, 32;
    %load/vec4 v0x598636127700_0;
    %store/vec4 v0x598635fada70_0, 0, 32;
    %jmp T_101.9;
T_101.8 ;
    %load/vec4 v0x598636089f80_0;
    %pushi/vec4 4261441663, 0, 32;
    %and;
    %cmpi/e 20531, 0, 32;
    %jmp/0xz  T_101.10, 4;
    %pushi/vec4 2, 0, 4;
    %store/vec4 v0x598636040f40_0, 0, 4;
    %load/vec4 v0x598636089d70_0;
    %store/vec4 v0x598635fad9a0_0, 0, 32;
    %load/vec4 v0x598636127700_0;
    %store/vec4 v0x598635fada70_0, 0, 32;
    %jmp T_101.11;
T_101.10 ;
    %load/vec4 v0x598636089f80_0;
    %pushi/vec4 4261441663, 0, 32;
    %and;
    %cmpi/e 1073741875, 0, 32;
    %jmp/0xz  T_101.12, 4;
    %pushi/vec4 6, 0, 4;
    %store/vec4 v0x598636040f40_0, 0, 4;
    %load/vec4 v0x598636089d70_0;
    %store/vec4 v0x598635fad9a0_0, 0, 32;
    %load/vec4 v0x598636127700_0;
    %store/vec4 v0x598635fada70_0, 0, 32;
    %jmp T_101.13;
T_101.12 ;
    %load/vec4 v0x598636089f80_0;
    %pushi/vec4 4261441663, 0, 32;
    %and;
    %cmpi/e 16435, 0, 32;
    %jmp/0xz  T_101.14, 4;
    %pushi/vec4 9, 0, 4;
    %store/vec4 v0x598636040f40_0, 0, 4;
    %load/vec4 v0x598636089d70_0;
    %store/vec4 v0x598635fad9a0_0, 0, 32;
    %load/vec4 v0x598636127700_0;
    %store/vec4 v0x598635fada70_0, 0, 32;
    %jmp T_101.15;
T_101.14 ;
    %load/vec4 v0x598636089f80_0;
    %pushi/vec4 4261441663, 0, 32;
    %and;
    %cmpi/e 8243, 0, 32;
    %jmp/0xz  T_101.16, 4;
    %pushi/vec4 11, 0, 4;
    %store/vec4 v0x598636040f40_0, 0, 4;
    %load/vec4 v0x598636089d70_0;
    %store/vec4 v0x598635fad9a0_0, 0, 32;
    %load/vec4 v0x598636127700_0;
    %store/vec4 v0x598635fada70_0, 0, 32;
    %jmp T_101.17;
T_101.16 ;
    %load/vec4 v0x598636089f80_0;
    %pushi/vec4 4261441663, 0, 32;
    %and;
    %cmpi/e 12339, 0, 32;
    %jmp/0xz  T_101.18, 4;
    %pushi/vec4 10, 0, 4;
    %store/vec4 v0x598636040f40_0, 0, 4;
    %load/vec4 v0x598636089d70_0;
    %store/vec4 v0x598635fad9a0_0, 0, 32;
    %load/vec4 v0x598636127700_0;
    %store/vec4 v0x598635fada70_0, 0, 32;
    %jmp T_101.19;
T_101.18 ;
    %load/vec4 v0x598636089f80_0;
    %pushi/vec4 28799, 0, 32;
    %and;
    %cmpi/e 19, 0, 32;
    %jmp/0xz  T_101.20, 4;
    %pushi/vec4 4, 0, 4;
    %store/vec4 v0x598636040f40_0, 0, 4;
    %load/vec4 v0x598636089d70_0;
    %store/vec4 v0x598635fad9a0_0, 0, 32;
    %load/vec4 v0x59863608a970_0;
    %store/vec4 v0x598635fada70_0, 0, 32;
    %jmp T_101.21;
T_101.20 ;
    %load/vec4 v0x598636089f80_0;
    %pushi/vec4 28799, 0, 32;
    %and;
    %cmpi/e 28691, 0, 32;
    %jmp/0xz  T_101.22, 4;
    %pushi/vec4 7, 0, 4;
    %store/vec4 v0x598636040f40_0, 0, 4;
    %load/vec4 v0x598636089d70_0;
    %store/vec4 v0x598635fad9a0_0, 0, 32;
    %load/vec4 v0x59863608a970_0;
    %store/vec4 v0x598635fada70_0, 0, 32;
    %jmp T_101.23;
T_101.22 ;
    %load/vec4 v0x598636089f80_0;
    %pushi/vec4 28799, 0, 32;
    %and;
    %cmpi/e 8211, 0, 32;
    %jmp/0xz  T_101.24, 4;
    %pushi/vec4 11, 0, 4;
    %store/vec4 v0x598636040f40_0, 0, 4;
    %load/vec4 v0x598636089d70_0;
    %store/vec4 v0x598635fad9a0_0, 0, 32;
    %load/vec4 v0x59863608a970_0;
    %store/vec4 v0x598635fada70_0, 0, 32;
    %jmp T_101.25;
T_101.24 ;
    %load/vec4 v0x598636089f80_0;
    %pushi/vec4 28799, 0, 32;
    %and;
    %cmpi/e 12307, 0, 32;
    %jmp/0xz  T_101.26, 4;
    %pushi/vec4 10, 0, 4;
    %store/vec4 v0x598636040f40_0, 0, 4;
    %load/vec4 v0x598636089d70_0;
    %store/vec4 v0x598635fad9a0_0, 0, 32;
    %load/vec4 v0x59863608a970_0;
    %store/vec4 v0x598635fada70_0, 0, 32;
    %jmp T_101.27;
T_101.26 ;
    %load/vec4 v0x598636089f80_0;
    %pushi/vec4 28799, 0, 32;
    %and;
    %cmpi/e 24595, 0, 32;
    %jmp/0xz  T_101.28, 4;
    %pushi/vec4 8, 0, 4;
    %store/vec4 v0x598636040f40_0, 0, 4;
    %load/vec4 v0x598636089d70_0;
    %store/vec4 v0x598635fad9a0_0, 0, 32;
    %load/vec4 v0x59863608a970_0;
    %store/vec4 v0x598635fada70_0, 0, 32;
    %jmp T_101.29;
T_101.28 ;
    %load/vec4 v0x598636089f80_0;
    %pushi/vec4 28799, 0, 32;
    %and;
    %cmpi/e 16403, 0, 32;
    %jmp/0xz  T_101.30, 4;
    %pushi/vec4 9, 0, 4;
    %store/vec4 v0x598636040f40_0, 0, 4;
    %load/vec4 v0x598636089d70_0;
    %store/vec4 v0x598635fad9a0_0, 0, 32;
    %load/vec4 v0x59863608a970_0;
    %store/vec4 v0x598635fada70_0, 0, 32;
    %jmp T_101.31;
T_101.30 ;
    %load/vec4 v0x598636089f80_0;
    %pushi/vec4 4227887231, 0, 32;
    %and;
    %cmpi/e 4115, 0, 32;
    %jmp/0xz  T_101.32, 4;
    %pushi/vec4 1, 0, 4;
    %store/vec4 v0x598636040f40_0, 0, 4;
    %load/vec4 v0x598636089d70_0;
    %store/vec4 v0x598635fad9a0_0, 0, 32;
    %pushi/vec4 0, 0, 27;
    %load/vec4 v0x598636126820_0;
    %concat/vec4; draw_concat_vec4
    %store/vec4 v0x598635fada70_0, 0, 32;
    %jmp T_101.33;
T_101.32 ;
    %load/vec4 v0x598636089f80_0;
    %pushi/vec4 4227887231, 0, 32;
    %and;
    %cmpi/e 20499, 0, 32;
    %jmp/0xz  T_101.34, 4;
    %pushi/vec4 2, 0, 4;
    %store/vec4 v0x598636040f40_0, 0, 4;
    %load/vec4 v0x598636089d70_0;
    %store/vec4 v0x598635fad9a0_0, 0, 32;
    %pushi/vec4 0, 0, 27;
    %load/vec4 v0x598636126820_0;
    %concat/vec4; draw_concat_vec4
    %store/vec4 v0x598635fada70_0, 0, 32;
    %jmp T_101.35;
T_101.34 ;
    %load/vec4 v0x598636089f80_0;
    %pushi/vec4 4227887231, 0, 32;
    %and;
    %cmpi/e 1073762323, 0, 32;
    %jmp/0xz  T_101.36, 4;
    %pushi/vec4 3, 0, 4;
    %store/vec4 v0x598636040f40_0, 0, 4;
    %load/vec4 v0x598636089d70_0;
    %store/vec4 v0x598635fad9a0_0, 0, 32;
    %pushi/vec4 0, 0, 27;
    %load/vec4 v0x598636126820_0;
    %concat/vec4; draw_concat_vec4
    %store/vec4 v0x598635fada70_0, 0, 32;
    %jmp T_101.37;
T_101.36 ;
    %load/vec4 v0x598636089f80_0;
    %pushi/vec4 127, 0, 32;
    %and;
    %cmpi/e 55, 0, 32;
    %jmp/0xz  T_101.38, 4;
    %load/vec4 v0x59863608aa50_0;
    %store/vec4 v0x598635fad9a0_0, 0, 32;
    %jmp T_101.39;
T_101.38 ;
    %load/vec4 v0x598636089f80_0;
    %pushi/vec4 127, 0, 32;
    %and;
    %cmpi/e 23, 0, 32;
    %jmp/0xz  T_101.40, 4;
    %pushi/vec4 4, 0, 4;
    %store/vec4 v0x598636040f40_0, 0, 4;
    %load/vec4 v0x59863608a020_0;
    %store/vec4 v0x598635fad9a0_0, 0, 32;
    %load/vec4 v0x59863608aa50_0;
    %store/vec4 v0x598635fada70_0, 0, 32;
    %jmp T_101.41;
T_101.40 ;
    %load/vec4 v0x598636089f80_0;
    %pushi/vec4 127, 0, 32;
    %and;
    %cmpi/e 111, 0, 32;
    %flag_mov 8, 4;
    %load/vec4 v0x598636089f80_0;
    %pushi/vec4 28799, 0, 32;
    %and;
    %cmpi/e 103, 0, 32;
    %flag_or 4, 8;
    %jmp/0xz  T_101.42, 4;
    %pushi/vec4 4, 0, 4;
    %store/vec4 v0x598636040f40_0, 0, 4;
    %load/vec4 v0x59863608a020_0;
    %store/vec4 v0x598635fad9a0_0, 0, 32;
    %pushi/vec4 4, 0, 32;
    %store/vec4 v0x598635fada70_0, 0, 32;
T_101.42 ;
T_101.41 ;
T_101.39 ;
T_101.37 ;
T_101.35 ;
T_101.33 ;
T_101.31 ;
T_101.29 ;
T_101.27 ;
T_101.25 ;
T_101.23 ;
T_101.21 ;
T_101.19 ;
T_101.17 ;
T_101.15 ;
T_101.13 ;
T_101.11 ;
T_101.9 ;
T_101.7 ;
T_101.5 ;
T_101.3 ;
T_101.1 ;
    %jmp T_101;
    .thread T_101, $push;
    .scope S_0x598635d91c70;
T_102 ;
    %wait E_0x5986358e7f10;
    %load/vec4 v0x598636126c60_0;
    %flag_set/vec4 8;
    %jmp/0xz  T_102.0, 8;
    %pushi/vec4 0, 0, 32;
    %assign/vec4 v0x598636126ba0_0, 0;
    %jmp T_102.1;
T_102.0 ;
    %load/vec4 v0x59863608ad90_0;
    %inv;
    %flag_set/vec4 8;
    %jmp/0xz  T_102.2, 8;
    %load/vec4 v0x598635fabff0_0;
    %assign/vec4 v0x598636126ba0_0, 0;
T_102.2 ;
T_102.1 ;
    %jmp T_102;
    .thread T_102;
    .scope S_0x598635d91c70;
T_103 ;
    %wait E_0x5986359b5950;
    %pushi/vec4 0, 0, 1;
    %store/vec4 v0x598635faad80_0, 0, 1;
    %pushi/vec4 0, 0, 1;
    %store/vec4 v0x59863608b070_0, 0, 1;
    %pushi/vec4 0, 0, 1;
    %store/vec4 v0x598635fa90d0_0, 0, 1;
    %pushi/vec4 0, 0, 1;
    %store/vec4 v0x598635fdf240_0, 0, 1;
    %pushi/vec4 0, 0, 1;
    %store/vec4 v0x598635fabd00_0, 0, 1;
    %load/vec4 v0x59863608a020_0;
    %load/vec4 v0x598635fac090_0;
    %add;
    %store/vec4 v0x59863608b130_0, 0, 32;
    %load/vec4 v0x598636089f80_0;
    %pushi/vec4 127, 0, 32;
    %and;
    %cmpi/e 111, 0, 32;
    %jmp/0xz  T_103.0, 4;
    %pushi/vec4 1, 0, 1;
    %store/vec4 v0x598635faad80_0, 0, 1;
    %pushi/vec4 1, 0, 1;
    %store/vec4 v0x59863608b070_0, 0, 1;
    %load/vec4 v0x59863608a020_0;
    %load/vec4 v0x59863608a5f0_0;
    %add;
    %store/vec4 v0x59863608b130_0, 0, 32;
    %load/vec4 v0x5986361272a0_0;
    %pushi/vec4 1, 0, 5;
    %cmp/e;
    %flag_get/vec4 4;
    %store/vec4 v0x598635fa90d0_0, 0, 1;
    %pushi/vec4 1, 0, 1;
    %store/vec4 v0x598635fabd00_0, 0, 1;
    %jmp T_103.1;
T_103.0 ;
    %load/vec4 v0x598636089f80_0;
    %pushi/vec4 28799, 0, 32;
    %and;
    %cmpi/e 103, 0, 32;
    %jmp/0xz  T_103.2, 4;
    %pushi/vec4 1, 0, 1;
    %store/vec4 v0x598635faad80_0, 0, 1;
    %pushi/vec4 1, 0, 1;
    %store/vec4 v0x59863608b070_0, 0, 1;
    %load/vec4 v0x598636089d70_0;
    %load/vec4 v0x59863608a970_0;
    %add;
    %store/vec4 v0x59863608b130_0, 0, 32;
    %pushi/vec4 0, 0, 1;
    %ix/load 4, 0, 0;
    %flag_set/imm 4, 0;
    %store/vec4 v0x59863608b130_0, 4, 1;
    %load/vec4 v0x598636089c90_0;
    %pushi/vec4 1, 0, 5;
    %cmp/e;
    %flag_get/vec4 4;
    %load/vec4 v0x59863608a970_0;
    %parti/s 12, 0, 2;
    %pushi/vec4 0, 0, 12;
    %cmp/e;
    %flag_get/vec4 4;
    %and;
    %store/vec4 v0x598635fdf240_0, 0, 1;
    %load/vec4 v0x598635fdf240_0;
    %inv;
    %load/vec4 v0x5986361272a0_0;
    %pushi/vec4 1, 0, 5;
    %cmp/e;
    %flag_get/vec4 4;
    %and;
    %store/vec4 v0x598635fa90d0_0, 0, 1;
    %load/vec4 v0x598635fa90d0_0;
    %load/vec4 v0x598635fdf240_0;
    %or;
    %inv;
    %store/vec4 v0x598635fabd00_0, 0, 1;
    %jmp T_103.3;
T_103.2 ;
    %load/vec4 v0x598636089f80_0;
    %pushi/vec4 28799, 0, 32;
    %and;
    %cmpi/e 99, 0, 32;
    %jmp/0xz  T_103.4, 4;
    %pushi/vec4 1, 0, 1;
    %store/vec4 v0x598635faad80_0, 0, 1;
    %load/vec4 v0x598636089d70_0;
    %load/vec4 v0x598636127700_0;
    %cmp/e;
    %flag_get/vec4 4;
    %store/vec4 v0x59863608b070_0, 0, 1;
    %jmp T_103.5;
T_103.4 ;
    %load/vec4 v0x598636089f80_0;
    %pushi/vec4 28799, 0, 32;
    %and;
    %cmpi/e 4195, 0, 32;
    %jmp/0xz  T_103.6, 4;
    %pushi/vec4 1, 0, 1;
    %store/vec4 v0x598635faad80_0, 0, 1;
    %load/vec4 v0x598636089d70_0;
    %load/vec4 v0x598636127700_0;
    %cmp/ne;
    %flag_get/vec4 4;
    %store/vec4 v0x59863608b070_0, 0, 1;
    %jmp T_103.7;
T_103.6 ;
    %load/vec4 v0x598636089f80_0;
    %pushi/vec4 28799, 0, 32;
    %and;
    %cmpi/e 16483, 0, 32;
    %jmp/0xz  T_103.8, 4;
    %pushi/vec4 1, 0, 1;
    %store/vec4 v0x598635faad80_0, 0, 1;
    %load/vec4 v0x598636089d70_0;
    %load/vec4 v0x598636127700_0;
    %store/vec4 v0x59863605c3a0_0, 0, 32;
    %store/vec4 v0x59863605f940_0, 0, 32;
    %callf/vec4 TD_tb_mulp.u_dut.u_exec1.less_than_signed, S_0x598635d92430;
    %store/vec4 v0x59863608b070_0, 0, 1;
    %jmp T_103.9;
T_103.8 ;
    %load/vec4 v0x598636089f80_0;
    %pushi/vec4 28799, 0, 32;
    %and;
    %cmpi/e 20579, 0, 32;
    %jmp/0xz  T_103.10, 4;
    %pushi/vec4 1, 0, 1;
    %store/vec4 v0x598635faad80_0, 0, 1;
    %load/vec4 v0x598636089d70_0;
    %load/vec4 v0x598636127700_0;
    %store/vec4 v0x598635d17e50_0, 0, 32;
    %store/vec4 v0x598635d18ae0_0, 0, 32;
    %callf/vec4 TD_tb_mulp.u_dut.u_exec1.greater_than_signed, S_0x598635d96530;
    %load/vec4 v0x598636089d70_0;
    %load/vec4 v0x598636127700_0;
    %cmp/e;
    %flag_get/vec4 4;
    %or;
    %store/vec4 v0x59863608b070_0, 0, 1;
    %jmp T_103.11;
T_103.10 ;
    %load/vec4 v0x598636089f80_0;
    %pushi/vec4 28799, 0, 32;
    %and;
    %cmpi/e 24675, 0, 32;
    %jmp/0xz  T_103.12, 4;
    %pushi/vec4 1, 0, 1;
    %store/vec4 v0x598635faad80_0, 0, 1;
    %load/vec4 v0x598636089d70_0;
    %load/vec4 v0x598636127700_0;
    %cmp/u;
    %flag_get/vec4 5;
    %store/vec4 v0x59863608b070_0, 0, 1;
    %jmp T_103.13;
T_103.12 ;
    %load/vec4 v0x598636089f80_0;
    %pushi/vec4 28799, 0, 32;
    %and;
    %cmpi/e 28771, 0, 32;
    %jmp/0xz  T_103.14, 4;
    %pushi/vec4 1, 0, 1;
    %store/vec4 v0x598635faad80_0, 0, 1;
    %load/vec4 v0x598636127700_0;
    %load/vec4 v0x598636089d70_0;
    %cmp/u;
    %flag_get/vec4 4;
    %flag_get/vec4 5;
    %or;
    %store/vec4 v0x59863608b070_0, 0, 1;
T_103.14 ;
T_103.13 ;
T_103.11 ;
T_103.9 ;
T_103.7 ;
T_103.5 ;
T_103.3 ;
T_103.1 ;
    %jmp T_103;
    .thread T_103, $push;
    .scope S_0x598635d91c70;
T_104 ;
    %wait E_0x5986358e7f10;
    %load/vec4 v0x598636126c60_0;
    %flag_set/vec4 8;
    %jmp/0xz  T_104.0, 8;
    %pushi/vec4 0, 0, 1;
    %assign/vec4 v0x59863608b4d0_0, 0;
    %pushi/vec4 0, 0, 1;
    %assign/vec4 v0x598635faa620_0, 0;
    %pushi/vec4 0, 0, 32;
    %assign/vec4 v0x598636127000_0, 0;
    %pushi/vec4 0, 0, 32;
    %assign/vec4 v0x598636126f20_0, 0;
    %pushi/vec4 0, 0, 1;
    %assign/vec4 v0x598635fa9010_0, 0;
    %pushi/vec4 0, 0, 1;
    %assign/vec4 v0x598635fdf180_0, 0;
    %pushi/vec4 0, 0, 1;
    %assign/vec4 v0x598635fabc40_0, 0;
    %jmp T_104.1;
T_104.0 ;
    %load/vec4 v0x598636127380_0;
    %flag_set/vec4 8;
    %jmp/0xz  T_104.2, 8;
    %load/vec4 v0x598635faad80_0;
    %load/vec4 v0x598636127380_0;
    %load/vec4 v0x59863608b070_0;
    %and;
    %and;
    %assign/vec4 v0x59863608b4d0_0, 0;
    %load/vec4 v0x598635faad80_0;
    %load/vec4 v0x598636127380_0;
    %load/vec4 v0x59863608b070_0;
    %inv;
    %and;
    %and;
    %assign/vec4 v0x598635faa620_0, 0;
    %load/vec4 v0x59863608b070_0;
    %flag_set/vec4 8;
    %jmp/0 T_104.4, 8;
    %load/vec4 v0x59863608b130_0;
    %jmp/1 T_104.5, 8;
T_104.4 ; End of true expr.
    %load/vec4 v0x59863608a020_0;
    %addi 4, 0, 32;
    %jmp/0 T_104.5, 8;
 ; End of false expr.
    %blend;
T_104.5;
    %assign/vec4 v0x598636127000_0, 0;
    %load/vec4 v0x598635faad80_0;
    %load/vec4 v0x598636127380_0;
    %and;
    %load/vec4 v0x598635fa90d0_0;
    %and;
    %assign/vec4 v0x598635fa9010_0, 0;
    %load/vec4 v0x598635faad80_0;
    %load/vec4 v0x598636127380_0;
    %and;
    %load/vec4 v0x598635fdf240_0;
    %and;
    %assign/vec4 v0x598635fdf180_0, 0;
    %load/vec4 v0x598635faad80_0;
    %load/vec4 v0x598636127380_0;
    %and;
    %load/vec4 v0x598635fabd00_0;
    %and;
    %assign/vec4 v0x598635fabc40_0, 0;
    %load/vec4 v0x59863608a020_0;
    %assign/vec4 v0x598636126f20_0, 0;
T_104.2 ;
T_104.1 ;
    %jmp T_104;
    .thread T_104;
    .scope S_0x59863624f270;
T_105 ;
    %wait E_0x59863594aa60;
    %load/vec4 v0x59863624ff20_0;
    %parti/s 1, 0, 2;
    %flag_set/vec4 8;
    %jmp/0xz  T_105.0, 8;
    %load/vec4 v0x59863624f7b0_0;
    %parti/s 8, 0, 2;
    %load/vec4 v0x59863624f530_0;
    %pad/u 16;
    %ix/vec4 3;
    %ix/load 4, 0, 0; Constant delay
    %assign/vec4/a/d v0x59863624fad0, 0, 4;
T_105.0 ;
    %load/vec4 v0x59863624ff20_0;
    %parti/s 1, 1, 2;
    %flag_set/vec4 8;
    %jmp/0xz  T_105.2, 8;
    %load/vec4 v0x59863624f7b0_0;
    %parti/s 8, 8, 5;
    %load/vec4 v0x59863624f530_0;
    %pad/u 16;
    %ix/vec4 3;
    %ix/load 4, 8, 0; part off
    %ix/load 5, 0, 0; Constant delay
    %assign/vec4/a/d v0x59863624fad0, 4, 5;
T_105.2 ;
    %load/vec4 v0x59863624ff20_0;
    %parti/s 1, 2, 3;
    %flag_set/vec4 8;
    %jmp/0xz  T_105.4, 8;
    %load/vec4 v0x59863624f7b0_0;
    %parti/s 8, 16, 6;
    %load/vec4 v0x59863624f530_0;
    %pad/u 16;
    %ix/vec4 3;
    %ix/load 4, 16, 0; part off
    %ix/load 5, 0, 0; Constant delay
    %assign/vec4/a/d v0x59863624fad0, 4, 5;
T_105.4 ;
    %load/vec4 v0x59863624ff20_0;
    %parti/s 1, 3, 3;
    %flag_set/vec4 8;
    %jmp/0xz  T_105.6, 8;
    %load/vec4 v0x59863624f7b0_0;
    %parti/s 8, 24, 6;
    %load/vec4 v0x59863624f530_0;
    %pad/u 16;
    %ix/vec4 3;
    %ix/load 4, 24, 0; part off
    %ix/load 5, 0, 0; Constant delay
    %assign/vec4/a/d v0x59863624fad0, 4, 5;
T_105.6 ;
    %load/vec4 v0x59863624ff20_0;
    %parti/s 1, 4, 4;
    %flag_set/vec4 8;
    %jmp/0xz  T_105.8, 8;
    %load/vec4 v0x59863624f7b0_0;
    %parti/s 8, 32, 7;
    %load/vec4 v0x59863624f530_0;
    %pad/u 16;
    %ix/vec4 3;
    %ix/load 4, 32, 0; part off
    %ix/load 5, 0, 0; Constant delay
    %assign/vec4/a/d v0x59863624fad0, 4, 5;
T_105.8 ;
    %load/vec4 v0x59863624ff20_0;
    %parti/s 1, 5, 4;
    %flag_set/vec4 8;
    %jmp/0xz  T_105.10, 8;
    %load/vec4 v0x59863624f7b0_0;
    %parti/s 8, 40, 7;
    %load/vec4 v0x59863624f530_0;
    %pad/u 16;
    %ix/vec4 3;
    %ix/load 4, 40, 0; part off
    %ix/load 5, 0, 0; Constant delay
    %assign/vec4/a/d v0x59863624fad0, 4, 5;
T_105.10 ;
    %load/vec4 v0x59863624ff20_0;
    %parti/s 1, 6, 4;
    %flag_set/vec4 8;
    %jmp/0xz  T_105.12, 8;
    %load/vec4 v0x59863624f7b0_0;
    %parti/s 8, 48, 7;
    %load/vec4 v0x59863624f530_0;
    %pad/u 16;
    %ix/vec4 3;
    %ix/load 4, 48, 0; part off
    %ix/load 5, 0, 0; Constant delay
    %assign/vec4/a/d v0x59863624fad0, 4, 5;
T_105.12 ;
    %load/vec4 v0x59863624ff20_0;
    %parti/s 1, 7, 4;
    %flag_set/vec4 8;
    %jmp/0xz  T_105.14, 8;
    %load/vec4 v0x59863624f7b0_0;
    %parti/s 8, 56, 7;
    %load/vec4 v0x59863624f530_0;
    %pad/u 16;
    %ix/vec4 3;
    %ix/load 4, 56, 0; part off
    %ix/load 5, 0, 0; Constant delay
    %assign/vec4/a/d v0x59863624fad0, 4, 5;
T_105.14 ;
    %load/vec4 v0x59863624f530_0;
    %pad/u 16;
    %ix/vec4 4;
    %load/vec4a v0x59863624fad0, 4;
    %assign/vec4 v0x59863624fc20_0, 0;
    %jmp T_105;
    .thread T_105;
    .scope S_0x59863624f270;
T_106 ;
    %wait E_0x59863594aa60;
    %load/vec4 v0x598636250000_0;
    %parti/s 1, 0, 2;
    %flag_set/vec4 8;
    %jmp/0xz  T_106.0, 8;
    %load/vec4 v0x59863624f910_0;
    %parti/s 8, 0, 2;
    %load/vec4 v0x59863624f5d0_0;
    %pad/u 16;
    %ix/vec4 3;
    %ix/load 4, 0, 0; Constant delay
    %assign/vec4/a/d v0x59863624fad0, 0, 4;
T_106.0 ;
    %load/vec4 v0x598636250000_0;
    %parti/s 1, 1, 2;
    %flag_set/vec4 8;
    %jmp/0xz  T_106.2, 8;
    %load/vec4 v0x59863624f910_0;
    %parti/s 8, 8, 5;
    %load/vec4 v0x59863624f5d0_0;
    %pad/u 16;
    %ix/vec4 3;
    %ix/load 4, 8, 0; part off
    %ix/load 5, 0, 0; Constant delay
    %assign/vec4/a/d v0x59863624fad0, 4, 5;
T_106.2 ;
    %load/vec4 v0x598636250000_0;
    %parti/s 1, 2, 3;
    %flag_set/vec4 8;
    %jmp/0xz  T_106.4, 8;
    %load/vec4 v0x59863624f910_0;
    %parti/s 8, 16, 6;
    %load/vec4 v0x59863624f5d0_0;
    %pad/u 16;
    %ix/vec4 3;
    %ix/load 4, 16, 0; part off
    %ix/load 5, 0, 0; Constant delay
    %assign/vec4/a/d v0x59863624fad0, 4, 5;
T_106.4 ;
    %load/vec4 v0x598636250000_0;
    %parti/s 1, 3, 3;
    %flag_set/vec4 8;
    %jmp/0xz  T_106.6, 8;
    %load/vec4 v0x59863624f910_0;
    %parti/s 8, 24, 6;
    %load/vec4 v0x59863624f5d0_0;
    %pad/u 16;
    %ix/vec4 3;
    %ix/load 4, 24, 0; part off
    %ix/load 5, 0, 0; Constant delay
    %assign/vec4/a/d v0x59863624fad0, 4, 5;
T_106.6 ;
    %load/vec4 v0x598636250000_0;
    %parti/s 1, 4, 4;
    %flag_set/vec4 8;
    %jmp/0xz  T_106.8, 8;
    %load/vec4 v0x59863624f910_0;
    %parti/s 8, 32, 7;
    %load/vec4 v0x59863624f5d0_0;
    %pad/u 16;
    %ix/vec4 3;
    %ix/load 4, 32, 0; part off
    %ix/load 5, 0, 0; Constant delay
    %assign/vec4/a/d v0x59863624fad0, 4, 5;
T_106.8 ;
    %load/vec4 v0x598636250000_0;
    %parti/s 1, 5, 4;
    %flag_set/vec4 8;
    %jmp/0xz  T_106.10, 8;
    %load/vec4 v0x59863624f910_0;
    %parti/s 8, 40, 7;
    %load/vec4 v0x59863624f5d0_0;
    %pad/u 16;
    %ix/vec4 3;
    %ix/load 4, 40, 0; part off
    %ix/load 5, 0, 0; Constant delay
    %assign/vec4/a/d v0x59863624fad0, 4, 5;
T_106.10 ;
    %load/vec4 v0x598636250000_0;
    %parti/s 1, 6, 4;
    %flag_set/vec4 8;
    %jmp/0xz  T_106.12, 8;
    %load/vec4 v0x59863624f910_0;
    %parti/s 8, 48, 7;
    %load/vec4 v0x59863624f5d0_0;
    %pad/u 16;
    %ix/vec4 3;
    %ix/load 4, 48, 0; part off
    %ix/load 5, 0, 0; Constant delay
    %assign/vec4/a/d v0x59863624fad0, 4, 5;
T_106.12 ;
    %load/vec4 v0x598636250000_0;
    %parti/s 1, 7, 4;
    %flag_set/vec4 8;
    %jmp/0xz  T_106.14, 8;
    %load/vec4 v0x59863624f910_0;
    %parti/s 8, 56, 7;
    %load/vec4 v0x59863624f5d0_0;
    %pad/u 16;
    %ix/vec4 3;
    %ix/load 4, 56, 0; part off
    %ix/load 5, 0, 0; Constant delay
    %assign/vec4/a/d v0x59863624fad0, 4, 5;
T_106.14 ;
    %load/vec4 v0x59863624f5d0_0;
    %pad/u 16;
    %ix/vec4 4;
    %load/vec4a v0x59863624fad0, 4;
    %assign/vec4 v0x59863624fd00_0, 0;
    %jmp T_106;
    .thread T_106;
    .scope S_0x59863624ee90;
T_107 ;
    %wait E_0x59863594aa60;
    %load/vec4 v0x5986362528a0_0;
    %flag_set/vec4 8;
    %jmp/0xz  T_107.0, 8;
    %pushi/vec4 0, 0, 1;
    %assign/vec4 v0x598636252720_0, 0;
    %jmp T_107.1;
T_107.0 ;
    %load/vec4 v0x5986362527e0_0;
    %assign/vec4 v0x598636252720_0, 0;
T_107.1 ;
    %jmp T_107;
    .thread T_107;
    .scope S_0x59863624ee90;
T_108 ;
    %wait E_0x59863594aa60;
    %load/vec4 v0x5986362528a0_0;
    %flag_set/vec4 8;
    %jmp/0xz  T_108.0, 8;
    %pushi/vec4 0, 0, 1;
    %assign/vec4 v0x598636252660_0, 0;
    %jmp T_108.1;
T_108.0 ;
    %load/vec4 v0x598636252480_0;
    %assign/vec4 v0x598636252660_0, 0;
T_108.1 ;
    %jmp T_108;
    .thread T_108;
    .scope S_0x59863624ee90;
T_109 ;
    %wait E_0x59863594aa60;
    %load/vec4 v0x5986362528a0_0;
    %flag_set/vec4 8;
    %jmp/0xz  T_109.0, 8;
    %pushi/vec4 0, 0, 1;
    %assign/vec4 v0x5986362511c0_0, 0;
    %pushi/vec4 0, 0, 11;
    %assign/vec4 v0x598636251c10_0, 0;
    %jmp T_109.1;
T_109.0 ;
    %load/vec4 v0x598636251900_0;
    %load/vec4 v0x598636251cf0_0;
    %pushi/vec4 0, 0, 4;
    %cmp/ne;
    %flag_get/vec4 4;
    %or;
    %load/vec4 v0x598636251720_0;
    %or;
    %load/vec4 v0x598636251810_0;
    %or;
    %load/vec4 v0x598636251e00_0;
    %or;
    %load/vec4 v0x598636251080_0;
    %and;
    %flag_set/vec4 8;
    %jmp/0xz  T_109.2, 8;
    %pushi/vec4 1, 0, 1;
    %assign/vec4 v0x5986362511c0_0, 0;
    %load/vec4 v0x5986362519f0_0;
    %assign/vec4 v0x598636251c10_0, 0;
    %jmp T_109.3;
T_109.2 ;
    %pushi/vec4 0, 0, 1;
    %assign/vec4 v0x5986362511c0_0, 0;
T_109.3 ;
T_109.1 ;
    %jmp T_109;
    .thread T_109;
    .scope S_0x5986360699e0;
T_110 ;
    %vpi_call 3 15 "$display", "Starting MULP (deep-pipelined multiplier) testbench" {0 0 0};
    %vpi_call 3 19 "$dumpfile", "waveform.vcd" {0 0 0};
    %vpi_call 3 20 "$dumpvars", 32'sb00000000000000000000000000000000, S_0x5986360699e0 {0 0 0};
    %pushi/vec4 0, 0, 1;
    %store/vec4 v0x5986362531c0_0, 0, 1;
    %pushi/vec4 1, 0, 1;
    %store/vec4 v0x598636255910_0, 0, 1;
    %pushi/vec4 5, 0, 32;
T_110.0 %dup/vec4;
    %pushi/vec4 0, 0, 32;
    %cmp/s;
    %jmp/1xz T_110.1, 5;
    %jmp/1 T_110.1, 4;
    %pushi/vec4 1, 0, 32;
    %sub;
    %wait E_0x59863594aa60;
    %jmp T_110.0;
T_110.1 ;
    %pop/vec4 1;
    %pushi/vec4 0, 0, 1;
    %store/vec4 v0x598636255910_0, 0, 1;
    %pushi/vec4 0, 0, 32;
    %store/vec4 v0x5986362536a0_0, 0, 32;
T_110.2 ;
    %load/vec4 v0x5986362536a0_0;
    %cmpi/s 131072, 0, 32;
    %jmp/0xz T_110.3, 5;
    %pushi/vec4 0, 0, 8;
    %ix/getv/s 4, v0x5986362536a0_0;
    %store/vec4a v0x598636253860, 4, 0;
    %load/vec4 v0x5986362536a0_0;
    %addi 1, 0, 32;
    %store/vec4 v0x5986362536a0_0, 0, 32;
    %jmp T_110.2;
T_110.3 ;
    %vpi_func 3 33 "$fopenr" 32, "./build/tcm.bin" {0 0 0};
    %store/vec4 v0x598636253500_0, 0, 32;
    %vpi_func 3 34 "$fread" 32, v0x598636253860, v0x598636253500_0 {0 0 0};
    %store/vec4 v0x5986362536a0_0, 0, 32;
    %vpi_call 3 35 "$display", "Loaded %0d bytes from tcm.bin", v0x5986362536a0_0 {0 0 0};
    %pushi/vec4 0, 0, 32;
    %store/vec4 v0x5986362536a0_0, 0, 32;
T_110.4 ;
    %load/vec4 v0x5986362536a0_0;
    %cmpi/s 131072, 0, 32;
    %jmp/0xz T_110.5, 5;
    %load/vec4 v0x5986362536a0_0;
    %store/vec4 v0x598636250410_0, 0, 32;
    %ix/getv/s 4, v0x5986362536a0_0;
    %load/vec4a v0x598636253860, 4;
    %store/vec4 v0x5986362504f0_0, 0, 8;
    %fork TD_tb_mulp.u_mem.write, S_0x598636250260;
    %join;
    %load/vec4 v0x5986362536a0_0;
    %addi 1, 0, 32;
    %store/vec4 v0x5986362536a0_0, 0, 32;
    %jmp T_110.4;
T_110.5 ;
    %vpi_call 3 40 "$display", "RAM[0] = 0x%016h", &A<v0x59863624fad0, 0> {0 0 0};
    %vpi_call 3 41 "$display", "RAM[1] = 0x%016h", &A<v0x59863624fad0, 1> {0 0 0};
    %vpi_call 3 42 "$display", "RAM[2] = 0x%016h", &A<v0x59863624fad0, 2> {0 0 0};
    %end;
    .thread T_110;
    .scope S_0x5986360699e0;
T_111 ;
    %pushi/vec4 0, 0, 32;
    %store/vec4 v0x598636253780_0, 0, 32;
    %pushi/vec4 0, 0, 16;
    %store/vec4 v0x598636253260_0, 0, 16;
    %pushi/vec4 0, 0, 32;
    %store/vec4 v0x598636255210_0, 0, 32;
    %pushi/vec4 0, 0, 32;
    %store/vec4 v0x5986362553d0_0, 0, 32;
    %pushi/vec4 0, 0, 32;
    %store/vec4 v0x598636255590_0, 0, 32;
    %pushi/vec4 0, 0, 32;
    %store/vec4 v0x598636255750_0, 0, 32;
    %pushi/vec4 0, 0, 1;
    %store/vec4 v0x598636255150_0, 0, 1;
    %pushi/vec4 0, 0, 1;
    %store/vec4 v0x5986362535e0_0, 0, 1;
    %end;
    .thread T_111;
    .scope S_0x5986360699e0;
T_112 ;
    %wait E_0x59863594aa60;
    %load/vec4 v0x598636255910_0;
    %nor/r;
    %pushi/vec4 12, 0, 32;
    %load/vec4 v0x598636253260_0;
    %pad/u 32;
    %cmp/u;
    %flag_get/vec4 5;
    %and;
    %load/vec4 v0x598636253260_0;
    %pad/u 32;
    %cmpi/u 30, 0, 32;
    %flag_get/vec4 5;
    %and;
    %flag_set/vec4 8;
    %jmp/0xz  T_112.0, 8;
    %vpi_call 3 92 "$display", "[Cycle %0d] MULP pipeline: valid_in=%b p0_valid=%b valid_sr=%b | wb_valid=%b wb_val=%0d | core_wb_valid=%b", v0x598636253260_0, v0x598636254e10_0, v0x598636254b90_0, v0x5986362559b0_0, v0x598636254fb0_0, v0x598636255070_0, v0x598636255a90_0 {0 0 0};
T_112.0 ;
    %jmp T_112;
    .thread T_112;
    .scope S_0x5986360699e0;
T_113 ;
    %wait E_0x59863594aa60;
    %load/vec4 v0x598636255910_0;
    %nor/r;
    %load/vec4 v0x5986362548b0_0;
    %and;
    %load/vec4 v0x5986362542a0_0;
    %and;
    %flag_set/vec4 8;
    %jmp/0xz  T_113.0, 8;
    %vpi_call 3 102 "$display", "[Cycle %0d] FETCH: PC=0x%08h, Inst=0x%016h", v0x598636253260_0, v0x5986362547f0_0, v0x598636254480_0 {0 0 0};
T_113.0 ;
    %jmp T_113;
    .thread T_113;
    .scope S_0x5986360699e0;
T_114 ;
    %wait E_0x59863594aa60;
    %load/vec4 v0x598636255910_0;
    %nor/r;
    %flag_set/vec4 8;
    %jmp/0xz  T_114.0, 8;
    %load/vec4 v0x598636253260_0;
    %addi 1, 0, 16;
    %assign/vec4 v0x598636253260_0, 0;
    %pushi/vec4 0, 0, 32;
    %load/vec4 v0x598636253260_0;
    %pad/u 32;
    %cmp/u;
    %flag_get/vec4 5;
    %load/vec4 v0x598636253260_0;
    %pad/u 32;
    %cmpi/u 200, 0, 32;
    %flag_get/vec4 5;
    %and;
    %flag_set/vec4 8;
    %jmp/0xz  T_114.2, 8;
    %load/vec4 v0x5986362552f0_0;
    %assign/vec4 v0x598636255210_0, 0;
    %load/vec4 v0x5986362554b0_0;
    %assign/vec4 v0x5986362553d0_0, 0;
    %load/vec4 v0x598636255670_0;
    %assign/vec4 v0x598636255590_0, 0;
    %load/vec4 v0x598636255830_0;
    %assign/vec4 v0x598636255750_0, 0;
    %load/vec4 v0x5986362552f0_0;
    %load/vec4 v0x598636255210_0;
    %cmp/ne;
    %flag_mov 8, 4;
    %load/vec4 v0x5986362554b0_0;
    %load/vec4 v0x5986362553d0_0;
    %cmp/ne;
    %flag_or 4, 8;
    %flag_mov 8, 4;
    %load/vec4 v0x598636255670_0;
    %load/vec4 v0x598636255590_0;
    %cmp/ne;
    %flag_or 4, 8;
    %flag_mov 8, 4;
    %load/vec4 v0x598636255830_0;
    %load/vec4 v0x598636255750_0;
    %cmp/ne;
    %flag_or 4, 8;
    %jmp/0xz  T_114.4, 4;
    %vpi_call 3 123 "$display", "[Cycle %0d] Register update detected:", v0x598636253260_0 {0 0 0};
    %vpi_call 3 124 "$display", "      x10 (a0) = %0d (prev: %0d)", v0x5986362552f0_0, v0x598636255210_0 {0 0 0};
    %vpi_call 3 126 "$display", "      x11 (a1) = %0d (prev: %0d)", v0x5986362554b0_0, v0x5986362553d0_0 {0 0 0};
    %vpi_call 3 128 "$display", "      x12 (a2) = %0d (prev: %0d)", v0x598636255670_0, v0x598636255590_0 {0 0 0};
    %vpi_call 3 130 "$display", "      x13 (a3) = %0d (prev: %0d)", v0x598636255830_0, v0x598636255750_0 {0 0 0};
T_114.4 ;
T_114.2 ;
    %load/vec4 v0x5986362547f0_0;
    %load/vec4 v0x598636253780_0;
    %cmp/ne;
    %jmp/0xz  T_114.6, 4;
    %load/vec4 v0x5986362547f0_0;
    %assign/vec4 v0x598636253780_0, 0;
    %vpi_call 3 139 "$display", "[Cycle %0d] PC = 0x%08h", v0x598636253260_0, v0x5986362547f0_0 {0 0 0};
    %load/vec4 v0x5986362547f0_0;
    %pushi/vec4 2147483976, 0, 32;
    %cmp/e;
    %flag_get/vec4 4;
    %load/vec4 v0x598636255150_0;
    %nor/r;
    %and;
    %load/vec4 v0x5986362535e0_0;
    %nor/r;
    %and;
    %flag_set/vec4 8;
    %jmp/0xz  T_114.8, 8;
    %load/vec4 v0x598636255670_0;
    %load/vec4 v0x598636253420_0;
    %cmp/e;
    %jmp/0xz  T_114.10, 4;
    %pushi/vec4 1, 0, 1;
    %assign/vec4 v0x598636255150_0, 0;
    %vpi_call 3 144 "$display", "\012*** MULP TEST PASSED! ***" {0 0 0};
    %vpi_call 3 145 "$display", "PC reached 0x%08h and MULP matched expectation: x12 = %0d (expected %0d)", P_0x59863618cbf0, v0x598636255670_0, v0x598636253420_0 {0 0 0};
    %jmp T_114.11;
T_114.10 ;
    %pushi/vec4 1, 0, 1;
    %assign/vec4 v0x5986362535e0_0, 0;
    %vpi_call 3 149 "$display", "\012*** MULP TEST FAILED! ***" {0 0 0};
    %vpi_call 3 150 "$display", "PC reached 0x%08h but MULP result incorrect: x12 = %0d (expected %0d)", P_0x59863618cbf0, v0x598636255670_0, v0x598636253420_0 {0 0 0};
T_114.11 ;
    %vpi_call 3 153 "$finish" {0 0 0};
T_114.8 ;
T_114.6 ;
    %load/vec4 v0x598636253260_0;
    %pad/u 32;
    %cmpi/u 2000, 0, 32;
    %flag_or 5, 4; GT is !LE
    %flag_inv 5;
    %jmp/0xz  T_114.12, 5;
    %load/vec4 v0x5986362535e0_0;
    %nor/r;
    %flag_set/vec4 8;
    %jmp/0xz  T_114.14, 8;
    %pushi/vec4 1, 0, 1;
    %assign/vec4 v0x5986362535e0_0, 0;
    %vpi_call 3 161 "$display", "\012Timeout after %0d cycles at PC 0x%08h", v0x598636253260_0, v0x5986362547f0_0 {0 0 0};
    %vpi_call 3 162 "$display", "Last observed result x12 = %0d (expected %0d)", v0x598636255670_0, v0x598636253420_0 {0 0 0};
T_114.14 ;
    %vpi_call 3 164 "$finish" {0 0 0};
T_114.12 ;
T_114.0 ;
    %jmp T_114;
    .thread T_114;
    .scope S_0x5986360699e0;
T_115 ;
T_115.0 ;
    %load/vec4 v0x5986362531c0_0;
    %inv;
    %store/vec4 v0x598636252fb0_0, 0, 1;
    %pushi/vec4 5, 0, 64;
    %ix/vec4 4;
    %delayx 4;
    %load/vec4 v0x598636252fb0_0;
    %store/vec4 v0x5986362531c0_0, 0, 1;
    %jmp T_115.0;
    %end;
    .thread T_115;
# The file index is used to find the file name in the following table.
:file_names 26;
    "N/A";
    "<interactive>";
    "../../src/core/biriscv_trace_sim.v";
    "./tb_mulp.v";
    "../../src/core/riscv_core.v";
    "../../src/core/column_bypass_multiplier.v";
    "../../src/core/biriscv_csr.v";
    "../../src/core/biriscv_csr_regfile.v";
    "../../src/core/biriscv_divider.v";
    "../../src/core/biriscv_exec.v";
    "../../src/core/biriscv_alu.v";
    "../../src/core/biriscv_frontend.v";
    "../../src/core/biriscv_decode.v";
    "../../src/core/biriscv_decoder.v";
    "../../src/core/biriscv_fetch.v";
    "../../src/core/biriscv_npc.v";
    "../../src/core/biriscv_issue.v";
    "../../src/core/biriscv_pipe_ctrl.v";
    "../../src/core/biriscv_regfile.v";
    "../../src/core/biriscv_lsu.v";
    "../../src/core/biriscv_mmu.v";
    "../../src/core/biriscv_multiplier.v";
    "../../src/core/biriscv_multiplier_efficient.v";
    "../../src/core/biriscv_multiplier_pipelined.v";
    "./tcm_mem.v";
    "./tcm_mem_ram.v";
