#! /usr/bin/vvp
:ivl_version "12.0 (stable)";
:ivl_delay_selection "TYPICAL";
:vpi_time_precision + 0;
:vpi_module "/usr/lib/x86_64-linux-gnu/ivl/system.vpi";
:vpi_module "/usr/lib/x86_64-linux-gnu/ivl/vhdl_sys.vpi";
:vpi_module "/usr/lib/x86_64-linux-gnu/ivl/vhdl_textio.vpi";
:vpi_module "/usr/lib/x86_64-linux-gnu/ivl/v2005_math.vpi";
:vpi_module "/usr/lib/x86_64-linux-gnu/ivl/va_math.vpi";
S_0x59e2d2e60fa0 .scope module, "biriscv_trace_sim" "biriscv_trace_sim" 2 27;
 .timescale 0 0;
    .port_info 0 /INPUT 1 "valid_i";
    .port_info 1 /INPUT 32 "pc_i";
    .port_info 2 /INPUT 32 "opcode_i";
o0x78152e4e1018 .functor BUFZ 32, C4<zzzzzzzzzzzzzzzzzzzzzzzzzzzzzzzz>; HiZ drive
v0x59e2d35313e0_0 .net "opcode_i", 31 0, o0x78152e4e1018;  0 drivers
o0x78152e4e1048 .functor BUFZ 32, C4<zzzzzzzzzzzzzzzzzzzzzzzzzzzzzzzz>; HiZ drive
v0x59e2d3531480_0 .net "pc_i", 31 0, o0x78152e4e1048;  0 drivers
o0x78152e4e1078 .functor BUFZ 1, C4<z>; HiZ drive
v0x59e2d3532130_0 .net "valid_i", 0 0, o0x78152e4e1078;  0 drivers
S_0x59e2d32d7000 .scope module, "tb_muls" "tb_muls" 3 1;
 .timescale 0 0;
P_0x59e2d2e870b0 .param/l "FAIL_PC" 1 3 7, C4<10000000000000000000000100110000>;
P_0x59e2d2e870f0 .param/l "PASS_PC" 1 3 6, C4<10000000000000000000000100101100>;
L_0x59e2d354bb80 .functor BUFZ 32, v0x59e2d3722210_0, C4<00000000000000000000000000000000>, C4<00000000000000000000000000000000>, C4<00000000000000000000000000000000>;
L_0x59e2d2eb0c80 .functor BUFZ 32, v0x59e2d37222b0_0, C4<00000000000000000000000000000000>, C4<00000000000000000000000000000000>, C4<00000000000000000000000000000000>;
L_0x59e2d3789d40 .functor BUFZ 32, v0x59e2d3722350_0, C4<00000000000000000000000000000000>, C4<00000000000000000000000000000000>, C4<00000000000000000000000000000000>;
L_0x59e2d3789db0 .functor BUFZ 32, v0x59e2d37223f0_0, C4<00000000000000000000000000000000>, C4<00000000000000000000000000000000>, C4<00000000000000000000000000000000>;
L_0x78152e1b7018 .functor BUFT 1, C4<00000000000000000000000000000000>, C4<0>, C4<0>, C4<0>;
v0x59e2d37879e0_0 .net *"_ivl_11", 31 0, L_0x78152e1b7018;  1 drivers
v0x59e2d3787a80_0 .net *"_ivl_12", 63 0, L_0x59e2d3799ed0;  1 drivers
L_0x78152e1b7060 .functor BUFT 1, C4<00000000000000000000000000000000>, C4<0>, C4<0>, C4<0>;
v0x59e2d3787b20_0 .net *"_ivl_15", 31 0, L_0x78152e1b7060;  1 drivers
v0x59e2d3787bc0_0 .var *"_ivl_32", 0 0; Local signal
v0x59e2d3787c60_0 .net *"_ivl_8", 63 0, L_0x59e2d3789e20;  1 drivers
v0x59e2d3787d50_0 .var "clk", 0 0;
v0x59e2d3787df0_0 .var "cycle_count", 15 0;
v0x59e2d3787e90_0 .net "expected_full_w", 63 0, L_0x59e2d379a010;  1 drivers
v0x59e2d3787f30_0 .net "expected_result_w", 31 0, L_0x59e2d379a150;  1 drivers
v0x59e2d3787fd0_0 .var/i "f", 31 0;
v0x59e2d37880b0_0 .var "fail_reported", 0 0;
v0x59e2d3788170_0 .var/i "i", 31 0;
v0x59e2d3788250_0 .var "last_pc", 31 0;
v0x59e2d3788330 .array "mem", 0 131072, 7 0;
L_0x78152e1c79e0 .functor BUFT 1, C4<1>, C4<0>, C4<0>, C4<0>;
v0x59e2d37883f0_0 .net "mem_d_accept_w", 0 0, L_0x78152e1c79e0;  1 drivers
v0x59e2d3788490_0 .net "mem_d_ack_w", 0 0, v0x59e2d3786420_0;  1 drivers
v0x59e2d3788530_0 .net "mem_d_addr_w", 31 0, L_0x59e2d380dbf0;  1 drivers
v0x59e2d37885f0_0 .net "mem_d_cacheable_w", 0 0, L_0x59e2d380ddf0;  1 drivers
v0x59e2d3788690_0 .net "mem_d_data_rd_w", 31 0, L_0x59e2d3848ee0;  1 drivers
v0x59e2d3788750_0 .net "mem_d_data_wr_w", 31 0, L_0x59e2d380dcf0;  1 drivers
L_0x78152e1c7998 .functor BUFT 1, C4<0>, C4<0>, C4<0>, C4<0>;
v0x59e2d3788810_0 .net "mem_d_error_w", 0 0, L_0x78152e1c7998;  1 drivers
v0x59e2d37888b0_0 .net "mem_d_flush_w", 0 0, L_0x59e2d380e280;  1 drivers
v0x59e2d3788950_0 .net "mem_d_invalidate_w", 0 0, L_0x59e2d380de60;  1 drivers
v0x59e2d37889f0_0 .net "mem_d_rd_w", 0 0, L_0x59e2d380d9f0;  1 drivers
v0x59e2d3788a90_0 .net "mem_d_req_tag_w", 10 0, L_0x59e2d380e0f0;  1 drivers
v0x59e2d3788b50_0 .net "mem_d_resp_tag_w", 10 0, v0x59e2d3786ce0_0;  1 drivers
v0x59e2d3788c10_0 .net "mem_d_wr_w", 3 0, L_0x59e2d380daf0;  1 drivers
v0x59e2d3788cd0_0 .net "mem_d_writeback_w", 0 0, L_0x59e2d380df60;  1 drivers
L_0x78152e1c7908 .functor BUFT 1, C4<1>, C4<0>, C4<0>, C4<0>;
v0x59e2d3788d70_0 .net "mem_i_accept_w", 0 0, L_0x78152e1c7908;  1 drivers
L_0x78152e1c7950 .functor BUFT 1, C4<0>, C4<0>, C4<0>, C4<0>;
v0x59e2d3788e10_0 .net "mem_i_error_w", 0 0, L_0x78152e1c7950;  1 drivers
v0x59e2d3788eb0_0 .net "mem_i_flush_w", 0 0, L_0x59e2d380d480;  1 drivers
v0x59e2d3788f50_0 .net "mem_i_inst_w", 63 0, v0x59e2d3784f20_0;  1 drivers
v0x59e2d3789010_0 .net "mem_i_invalidate_w", 0 0, L_0x59e2d380d580;  1 drivers
v0x59e2d37892c0_0 .net "mem_i_pc_w", 31 0, L_0x59e2d380d380;  1 drivers
v0x59e2d3789380_0 .net "mem_i_rd_w", 0 0, L_0x59e2d380d280;  1 drivers
v0x59e2d3789420_0 .net "mem_i_valid_w", 0 0, v0x59e2d3787690_0;  1 drivers
v0x59e2d37894c0_0 .var "pass_reported", 0 0;
v0x59e2d3789580_0 .var "reg_r10_prev", 31 0;
v0x59e2d3789660_0 .net "reg_r10_w", 31 0, L_0x59e2d354bb80;  1 drivers
v0x59e2d3789740_0 .var "reg_r11_prev", 31 0;
v0x59e2d3789820_0 .net "reg_r11_w", 31 0, L_0x59e2d2eb0c80;  1 drivers
v0x59e2d3789900_0 .var "reg_r12_prev", 31 0;
v0x59e2d37899e0_0 .net "reg_r12_w", 31 0, L_0x59e2d3789d40;  1 drivers
v0x59e2d3789ac0_0 .var "reg_r13_prev", 31 0;
v0x59e2d3789ba0_0 .net "reg_r13_w", 31 0, L_0x59e2d3789db0;  1 drivers
v0x59e2d3789c80_0 .var "rst", 0 0;
L_0x59e2d3789e20 .concat [ 32 32 0 0], L_0x59e2d354bb80, L_0x78152e1b7018;
L_0x59e2d3799ed0 .concat [ 32 32 0 0], L_0x59e2d2eb0c80, L_0x78152e1b7060;
L_0x59e2d379a010 .arith/mult 64, L_0x59e2d3789e20, L_0x59e2d3799ed0;
L_0x59e2d379a150 .part L_0x59e2d379a010, 0, 32;
S_0x59e2d34cce00 .scope module, "u_dut" "riscv_core" 3 178, 4 26 0, S_0x59e2d32d7000;
 .timescale 0 0;
    .port_info 0 /INPUT 1 "clk_i";
    .port_info 1 /INPUT 1 "rst_i";
    .port_info 2 /INPUT 32 "mem_d_data_rd_i";
    .port_info 3 /INPUT 1 "mem_d_accept_i";
    .port_info 4 /INPUT 1 "mem_d_ack_i";
    .port_info 5 /INPUT 1 "mem_d_error_i";
    .port_info 6 /INPUT 11 "mem_d_resp_tag_i";
    .port_info 7 /INPUT 1 "mem_i_accept_i";
    .port_info 8 /INPUT 1 "mem_i_valid_i";
    .port_info 9 /INPUT 1 "mem_i_error_i";
    .port_info 10 /INPUT 64 "mem_i_inst_i";
    .port_info 11 /INPUT 1 "intr_i";
    .port_info 12 /INPUT 32 "reset_vector_i";
    .port_info 13 /INPUT 32 "cpu_id_i";
    .port_info 14 /OUTPUT 32 "mem_d_addr_o";
    .port_info 15 /OUTPUT 32 "mem_d_data_wr_o";
    .port_info 16 /OUTPUT 1 "mem_d_rd_o";
    .port_info 17 /OUTPUT 4 "mem_d_wr_o";
    .port_info 18 /OUTPUT 1 "mem_d_cacheable_o";
    .port_info 19 /OUTPUT 11 "mem_d_req_tag_o";
    .port_info 20 /OUTPUT 1 "mem_d_invalidate_o";
    .port_info 21 /OUTPUT 1 "mem_d_writeback_o";
    .port_info 22 /OUTPUT 1 "mem_d_flush_o";
    .port_info 23 /OUTPUT 1 "mem_i_rd_o";
    .port_info 24 /OUTPUT 1 "mem_i_flush_o";
    .port_info 25 /OUTPUT 1 "mem_i_invalidate_o";
    .port_info 26 /OUTPUT 32 "mem_i_pc_o";
P_0x59e2d36cf4e0 .param/l "BHT_ENABLE" 0 4 48, +C4<00000000000000000000000000000001>;
P_0x59e2d36cf520 .param/l "EXTRA_DECODE_STAGE" 0 4 39, +C4<00000000000000000000000000000000>;
P_0x59e2d36cf560 .param/l "GSHARE_ENABLE" 0 4 47, +C4<00000000000000000000000000000000>;
P_0x59e2d36cf5a0 .param/l "MEM_CACHE_ADDR_MAX" 0 4 41, C4<10001111111111111111111111111111>;
P_0x59e2d36cf5e0 .param/l "MEM_CACHE_ADDR_MIN" 0 4 40, C4<10000000000000000000000000000000>;
P_0x59e2d36cf620 .param/l "NUM_BHT_ENTRIES" 0 4 44, +C4<00000000000000000000001000000000>;
P_0x59e2d36cf660 .param/l "NUM_BHT_ENTRIES_W" 0 4 45, +C4<00000000000000000000000000001001>;
P_0x59e2d36cf6a0 .param/l "NUM_BTB_ENTRIES" 0 4 42, +C4<00000000000000000000000000100000>;
P_0x59e2d36cf6e0 .param/l "NUM_BTB_ENTRIES_W" 0 4 43, +C4<00000000000000000000000000000101>;
P_0x59e2d36cf720 .param/l "NUM_RAS_ENTRIES" 0 4 49, +C4<00000000000000000000000000001000>;
P_0x59e2d36cf760 .param/l "NUM_RAS_ENTRIES_W" 0 4 50, +C4<00000000000000000000000000000011>;
P_0x59e2d36cf7a0 .param/l "RAS_ENABLE" 0 4 46, +C4<00000000000000000000000000000001>;
P_0x59e2d36cf7e0 .param/l "SUPPORT_BRANCH_PREDICTION" 0 4 31, +C4<00000000000000000000000000000001>;
P_0x59e2d36cf820 .param/l "SUPPORT_DUAL_ISSUE" 0 4 35, +C4<00000000000000000000000000000001>;
P_0x59e2d36cf860 .param/l "SUPPORT_LOAD_BYPASS" 0 4 36, +C4<00000000000000000000000000000001>;
P_0x59e2d36cf8a0 .param/l "SUPPORT_MMU" 0 4 34, +C4<00000000000000000000000000000000>;
P_0x59e2d36cf8e0 .param/l "SUPPORT_MULDIV" 0 4 32, +C4<00000000000000000000000000000001>;
P_0x59e2d36cf920 .param/l "SUPPORT_MUL_BYPASS" 0 4 37, +C4<00000000000000000000000000000001>;
P_0x59e2d36cf960 .param/l "SUPPORT_REGFILE_XILINX" 0 4 38, +C4<00000000000000000000000000000000>;
P_0x59e2d36cf9a0 .param/l "SUPPORT_SUPER" 0 4 33, +C4<00000000000000000000000000000000>;
v0x59e2d3775af0_0 .net "branch_csr_pc_w", 31 0, v0x59e2d35af6c0_0;  1 drivers
v0x59e2d3775bd0_0 .net "branch_csr_priv_w", 1 0, L_0x59e2d3820420;  1 drivers
v0x59e2d3775ce0_0 .net "branch_csr_request_w", 0 0, v0x59e2d364d2f0_0;  1 drivers
v0x59e2d3775dd0_0 .net "branch_d_exec0_pc_w", 31 0, v0x59e2d351a6e0_0;  1 drivers
L_0x78152e1c75f0 .functor BUFT 1, C4<00>, C4<0>, C4<0>, C4<0>;
v0x59e2d3775e70_0 .net "branch_d_exec0_priv_w", 1 0, L_0x78152e1c75f0;  1 drivers
v0x59e2d3775fd0_0 .net "branch_d_exec0_request_w", 0 0, L_0x59e2d38478d0;  1 drivers
v0x59e2d3776070_0 .net "branch_d_exec1_pc_w", 31 0, v0x59e2d3655330_0;  1 drivers
L_0x78152e1c7638 .functor BUFT 1, C4<00>, C4<0>, C4<0>, C4<0>;
v0x59e2d3776130_0 .net "branch_d_exec1_priv_w", 1 0, L_0x78152e1c7638;  1 drivers
v0x59e2d3776240_0 .net "branch_d_exec1_request_w", 0 0, L_0x59e2d3848460;  1 drivers
v0x59e2d37762e0_0 .net "branch_exec0_is_call_w", 0 0, v0x59e2d35675d0_0;  1 drivers
v0x59e2d3776380_0 .net "branch_exec0_is_jmp_w", 0 0, v0x59e2d34fe2a0_0;  1 drivers
v0x59e2d3776470_0 .net "branch_exec0_is_not_taken_w", 0 0, L_0x59e2d38471d0;  1 drivers
v0x59e2d3776560_0 .net "branch_exec0_is_ret_w", 0 0, v0x59e2d3597a00_0;  1 drivers
v0x59e2d3776650_0 .net "branch_exec0_is_taken_w", 0 0, L_0x59e2d38470d0;  1 drivers
v0x59e2d3776740_0 .net "branch_exec0_pc_w", 31 0, v0x59e2d34f7780_0;  1 drivers
v0x59e2d3776850_0 .net "branch_exec0_request_w", 0 0, L_0x59e2d3847060;  1 drivers
v0x59e2d3776940_0 .net "branch_exec0_source_w", 31 0, v0x59e2d34f9ae0_0;  1 drivers
v0x59e2d3776a50_0 .net "branch_exec1_is_call_w", 0 0, v0x59e2d35b1ad0_0;  1 drivers
v0x59e2d3776b40_0 .net "branch_exec1_is_jmp_w", 0 0, v0x59e2d36574b0_0;  1 drivers
v0x59e2d3776c30_0 .net "branch_exec1_is_not_taken_w", 0 0, L_0x59e2d3847d60;  1 drivers
v0x59e2d3776d20_0 .net "branch_exec1_is_ret_w", 0 0, v0x59e2d3656a30_0;  1 drivers
v0x59e2d3776e10_0 .net "branch_exec1_is_taken_w", 0 0, L_0x59e2d3847c60;  1 drivers
v0x59e2d3776f00_0 .net "branch_exec1_pc_w", 31 0, v0x59e2d3653b10_0;  1 drivers
v0x59e2d3777010_0 .net "branch_exec1_request_w", 0 0, L_0x59e2d3847bf0;  1 drivers
v0x59e2d3777100_0 .net "branch_exec1_source_w", 31 0, v0x59e2d3653a30_0;  1 drivers
v0x59e2d3777210_0 .net "branch_info_is_call_w", 0 0, L_0x59e2d3836c30;  1 drivers
v0x59e2d37772b0_0 .net "branch_info_is_jmp_w", 0 0, L_0x59e2d3837150;  1 drivers
v0x59e2d3777350_0 .net "branch_info_is_not_taken_w", 0 0, L_0x59e2d3836b30;  1 drivers
v0x59e2d37773f0_0 .net "branch_info_is_ret_w", 0 0, L_0x59e2d3837050;  1 drivers
v0x59e2d3777490_0 .net "branch_info_is_taken_w", 0 0, L_0x59e2d3836820;  1 drivers
v0x59e2d3777530_0 .net "branch_info_pc_w", 31 0, L_0x59e2d3837520;  1 drivers
v0x59e2d37775f0_0 .net "branch_info_request_w", 0 0, L_0x59e2d38363d0;  1 drivers
v0x59e2d3777690_0 .net "branch_info_source_w", 31 0, L_0x59e2d3836a20;  1 drivers
v0x59e2d3777960_0 .net "branch_pc_w", 31 0, L_0x59e2d382a040;  1 drivers
v0x59e2d3777a20_0 .net "branch_priv_w", 1 0, L_0x59e2d382a4c0;  1 drivers
v0x59e2d3777b70_0 .net "branch_request_w", 0 0, L_0x59e2d382a450;  1 drivers
v0x59e2d3777c10_0 .net "cbm_busy_w", 0 0, L_0x59e2d3824c40;  1 drivers
v0x59e2d3777cb0_0 .net "cbm_opcode_invalid_w", 0 0, L_0x59e2d3845f50;  1 drivers
v0x59e2d3777d50_0 .net "cbm_opcode_opcode_w", 31 0, L_0x59e2d365e290;  1 drivers
v0x59e2d3777df0_0 .net "cbm_opcode_pc_w", 31 0, L_0x59e2d3845980;  1 drivers
v0x59e2d3777e90_0 .net "cbm_opcode_ra_idx_w", 4 0, L_0x59e2d3845e70;  1 drivers
v0x59e2d3777f30_0 .net "cbm_opcode_ra_operand_w", 31 0, L_0x59e2d3846370;  1 drivers
v0x59e2d3777fd0_0 .net "cbm_opcode_rb_idx_w", 4 0, L_0x59e2d3846300;  1 drivers
v0x59e2d3778070_0 .net "cbm_opcode_rb_operand_w", 31 0, L_0x59e2d3845ee0;  1 drivers
v0x59e2d3778110_0 .net "cbm_opcode_rd_idx_w", 4 0, L_0x59e2d3845e00;  1 drivers
v0x59e2d3778220_0 .net "cbm_opcode_valid_w", 0 0, L_0x59e2d3845510;  1 drivers
v0x59e2d3778310_0 .net "clk_i", 0 0, v0x59e2d3787d50_0;  1 drivers
L_0x78152e1c7710 .functor BUFT 1, C4<00000000000000000000000000000000>, C4<0>, C4<0>, C4<0>;
v0x59e2d37783b0_0 .net "cpu_id_i", 31 0, L_0x78152e1c7710;  1 drivers
v0x59e2d37784c0_0 .net "csr_opcode_invalid_w", 0 0, L_0x59e2d38467d0;  1 drivers
v0x59e2d37785b0_0 .net "csr_opcode_opcode_w", 31 0, L_0x59e2d38464c0;  1 drivers
v0x59e2d37786c0_0 .net "csr_opcode_pc_w", 31 0, L_0x59e2d3846530;  1 drivers
v0x59e2d37787d0_0 .net "csr_opcode_ra_idx_w", 4 0, L_0x59e2d3846610;  1 drivers
v0x59e2d37788e0_0 .net "csr_opcode_ra_operand_w", 31 0, L_0x59e2d38466f0;  1 drivers
v0x59e2d37789f0_0 .net "csr_opcode_rb_idx_w", 4 0, L_0x59e2d3846680;  1 drivers
v0x59e2d3778b00_0 .net "csr_opcode_rb_operand_w", 31 0, L_0x59e2d3846760;  1 drivers
v0x59e2d3778c10_0 .net "csr_opcode_rd_idx_w", 4 0, L_0x59e2d38465a0;  1 drivers
v0x59e2d3778d20_0 .net "csr_opcode_valid_w", 0 0, L_0x59e2d3846450;  1 drivers
v0x59e2d3778dc0_0 .net "csr_result_e1_exception_w", 5 0, L_0x59e2d3820800;  1 drivers
v0x59e2d3778f10_0 .net "csr_result_e1_value_w", 31 0, L_0x59e2d3820670;  1 drivers
v0x59e2d3779060_0 .net "csr_result_e1_wdata_w", 31 0, L_0x59e2d381f4d0;  1 drivers
v0x59e2d37791b0_0 .net "csr_result_e1_write_w", 0 0, L_0x59e2d381f460;  1 drivers
v0x59e2d37792e0_0 .net "csr_writeback_exception_addr_w", 31 0, L_0x59e2d38364e0;  1 drivers
v0x59e2d37793a0_0 .net "csr_writeback_exception_pc_w", 31 0, L_0x59e2d38362a0;  1 drivers
v0x59e2d3779460_0 .net "csr_writeback_exception_w", 5 0, L_0x59e2d3835e60;  1 drivers
v0x59e2d3779520_0 .net "csr_writeback_waddr_w", 11 0, L_0x59e2d3830e60;  1 drivers
v0x59e2d37795e0_0 .net "csr_writeback_wdata_w", 31 0, L_0x59e2d38302f0;  1 drivers
v0x59e2d3779730_0 .net "csr_writeback_write_w", 0 0, v0x59e2d3715db0_0;  1 drivers
v0x59e2d37797d0_0 .net "div_opcode_valid_w", 0 0, L_0x59e2d3838e20;  1 drivers
v0x59e2d3779870_0 .net "exec0_hold_w", 0 0, L_0x59e2d3830360;  1 drivers
v0x59e2d3779910_0 .net "exec0_opcode_valid_w", 0 0, L_0x59e2d3838fe0;  1 drivers
v0x59e2d3779a00_0 .net "exec1_hold_w", 0 0, L_0x59e2d3835800;  1 drivers
v0x59e2d3779af0_0 .net "exec1_opcode_valid_w", 0 0, L_0x59e2d3839d80;  1 drivers
v0x59e2d3779be0_0 .net "fetch0_accept_w", 0 0, L_0x59e2d383b450;  1 drivers
v0x59e2d3779d10_0 .net "fetch0_fault_fetch_w", 0 0, L_0x59e2d37a1540;  1 drivers
v0x59e2d3779db0_0 .net "fetch0_fault_page_w", 0 0, L_0x59e2d37a14a0;  1 drivers
v0x59e2d3779e50_0 .net "fetch0_instr_branch_w", 0 0, L_0x59e2d37d0860;  1 drivers
v0x59e2d3779f80_0 .net "fetch0_instr_cbm_w", 0 0, L_0x59e2d37d5970;  1 drivers
v0x59e2d377a0b0_0 .net "fetch0_instr_csr_w", 0 0, L_0x59e2d37d4b40;  1 drivers
v0x59e2d377a1e0_0 .net "fetch0_instr_div_w", 0 0, L_0x59e2d37d2100;  1 drivers
v0x59e2d377a310_0 .net "fetch0_instr_exec_w", 0 0, L_0x59e2d37ce460;  1 drivers
v0x59e2d377a440_0 .net "fetch0_instr_invalid_w", 0 0, L_0x59e2d37b9920;  1 drivers
v0x59e2d377a570_0 .net "fetch0_instr_lsu_w", 0 0, L_0x59e2d37ce630;  1 drivers
v0x59e2d377a6a0_0 .net "fetch0_instr_mul_w", 0 0, L_0x59e2d37d1ba0;  1 drivers
v0x59e2d377a7d0_0 .net "fetch0_instr_mule_w", 0 0, L_0x59e2d37d5360;  1 drivers
v0x59e2d377a900_0 .net "fetch0_instr_mulp_w", 0 0, L_0x59e2d37d5c30;  1 drivers
v0x59e2d377aa30_0 .net "fetch0_instr_muls_w", 0 0, L_0x59e2d37d56b0;  1 drivers
v0x59e2d377ab60_0 .net "fetch0_instr_rd_valid_w", 0 0, L_0x59e2d37c66d0;  1 drivers
v0x59e2d377ac90_0 .net "fetch0_instr_w", 31 0, L_0x59e2d37a00c0;  1 drivers
v0x59e2d377ad50_0 .net "fetch0_pc_w", 31 0, L_0x59e2d379fab0;  1 drivers
v0x59e2d377aea0_0 .net "fetch0_valid_w", 0 0, L_0x59e2d379eba0;  1 drivers
v0x59e2d377af40_0 .net "fetch1_accept_w", 0 0, L_0x59e2d383bc10;  1 drivers
v0x59e2d377b070_0 .net "fetch1_fault_fetch_w", 0 0, L_0x59e2d37a17e0;  1 drivers
v0x59e2d377b110_0 .net "fetch1_fault_page_w", 0 0, L_0x59e2d37a1670;  1 drivers
v0x59e2d377b1b0_0 .net "fetch1_instr_branch_w", 0 0, L_0x59e2d3805060;  1 drivers
v0x59e2d377b2e0_0 .net "fetch1_instr_cbm_w", 0 0, L_0x59e2d380a170;  1 drivers
v0x59e2d377b410_0 .net "fetch1_instr_csr_w", 0 0, L_0x59e2d3809340;  1 drivers
v0x59e2d377b540_0 .net "fetch1_instr_div_w", 0 0, L_0x59e2d3806900;  1 drivers
v0x59e2d377b670_0 .net "fetch1_instr_exec_w", 0 0, L_0x59e2d3802c60;  1 drivers
v0x59e2d377b7a0_0 .net "fetch1_instr_invalid_w", 0 0, L_0x59e2d37eda20;  1 drivers
v0x59e2d377b8d0_0 .net "fetch1_instr_lsu_w", 0 0, L_0x59e2d3802e30;  1 drivers
v0x59e2d377ba00_0 .net "fetch1_instr_mul_w", 0 0, L_0x59e2d38063a0;  1 drivers
v0x59e2d377bb30_0 .net "fetch1_instr_mule_w", 0 0, L_0x59e2d3809b60;  1 drivers
v0x59e2d377bc60_0 .net "fetch1_instr_mulp_w", 0 0, L_0x59e2d380a430;  1 drivers
v0x59e2d377bd90_0 .net "fetch1_instr_muls_w", 0 0, L_0x59e2d3809eb0;  1 drivers
v0x59e2d377bec0_0 .net "fetch1_instr_rd_valid_w", 0 0, L_0x59e2d37fbfe0;  1 drivers
v0x59e2d377bff0_0 .net "fetch1_instr_w", 31 0, L_0x59e2d37a06e0;  1 drivers
v0x59e2d377c0b0_0 .net "fetch1_pc_w", 31 0, L_0x59e2d379ff80;  1 drivers
v0x59e2d377c200_0 .net "fetch1_valid_w", 0 0, L_0x59e2d379f300;  1 drivers
L_0x78152e1c3e40 .functor BUFT 1, C4<0>, C4<0>, C4<0>, C4<0>;
v0x59e2d377c2a0_0 .net "fetch_in_fault_w", 0 0, L_0x78152e1c3e40;  1 drivers
v0x59e2d377c340_0 .net "fetch_in_priv_w", 1 0, L_0x59e2d3809990;  1 drivers
v0x59e2d377c400_0 .net "ifence_w", 0 0, v0x59e2d3624590_0;  1 drivers
v0x59e2d377c4a0_0 .net "interrupt_inhibit_w", 0 0, L_0x59e2d3839b00;  1 drivers
L_0x78152e1c7680 .functor BUFT 1, C4<0>, C4<0>, C4<0>, C4<0>;
v0x59e2d377c540_0 .net "intr_i", 0 0, L_0x78152e1c7680;  1 drivers
L_0x78152e1c7560 .functor BUFT 1, C4<0>, C4<0>, C4<0>, C4<0>;
v0x59e2d377c5e0_0 .net "lsu_opcode_invalid_w", 0 0, L_0x78152e1c7560;  1 drivers
v0x59e2d377c680_0 .net "lsu_opcode_opcode_w", 31 0, L_0x59e2d383ee10;  1 drivers
v0x59e2d377c740_0 .net "lsu_opcode_pc_w", 31 0, L_0x59e2d3841c50;  1 drivers
v0x59e2d377c800_0 .net "lsu_opcode_ra_idx_w", 4 0, L_0x59e2d3841ef0;  1 drivers
v0x59e2d377c8c0_0 .net "lsu_opcode_ra_operand_w", 31 0, L_0x59e2d38421a0;  1 drivers
v0x59e2d377c980_0 .net "lsu_opcode_rb_idx_w", 4 0, L_0x59e2d3841d80;  1 drivers
v0x59e2d377ca40_0 .net "lsu_opcode_rb_operand_w", 31 0, L_0x59e2d3841f90;  1 drivers
v0x59e2d377cb00_0 .net "lsu_opcode_rd_idx_w", 4 0, L_0x59e2d383e3e0;  1 drivers
v0x59e2d377cbc0_0 .net "lsu_opcode_valid_w", 0 0, L_0x59e2d3838d60;  1 drivers
v0x59e2d377cc60_0 .net "lsu_stall_w", 0 0, L_0x59e2d3817ef0;  1 drivers
v0x59e2d377cd00_0 .net "mem_d_accept_i", 0 0, L_0x78152e1c79e0;  alias, 1 drivers
v0x59e2d377cda0_0 .net "mem_d_ack_i", 0 0, v0x59e2d3786420_0;  alias, 1 drivers
v0x59e2d377ce40_0 .net "mem_d_addr_o", 31 0, L_0x59e2d380dbf0;  alias, 1 drivers
v0x59e2d377cee0_0 .net "mem_d_cacheable_o", 0 0, L_0x59e2d380ddf0;  alias, 1 drivers
v0x59e2d377cf80_0 .net "mem_d_data_rd_i", 31 0, L_0x59e2d3848ee0;  alias, 1 drivers
v0x59e2d377d020_0 .net "mem_d_data_wr_o", 31 0, L_0x59e2d380dcf0;  alias, 1 drivers
v0x59e2d377d8d0_0 .net "mem_d_error_i", 0 0, L_0x78152e1c7998;  alias, 1 drivers
v0x59e2d377d970_0 .net "mem_d_flush_o", 0 0, L_0x59e2d380e280;  alias, 1 drivers
v0x59e2d377da10_0 .net "mem_d_invalidate_o", 0 0, L_0x59e2d380de60;  alias, 1 drivers
v0x59e2d377dab0_0 .net "mem_d_rd_o", 0 0, L_0x59e2d380d9f0;  alias, 1 drivers
v0x59e2d377db50_0 .net "mem_d_req_tag_o", 10 0, L_0x59e2d380e0f0;  alias, 1 drivers
v0x59e2d377dbf0_0 .net "mem_d_resp_tag_i", 10 0, v0x59e2d3786ce0_0;  alias, 1 drivers
v0x59e2d377dc90_0 .net "mem_d_wr_o", 3 0, L_0x59e2d380daf0;  alias, 1 drivers
v0x59e2d377dd30_0 .net "mem_d_writeback_o", 0 0, L_0x59e2d380df60;  alias, 1 drivers
v0x59e2d377ddd0_0 .net "mem_i_accept_i", 0 0, L_0x78152e1c7908;  alias, 1 drivers
v0x59e2d377de70_0 .net "mem_i_error_i", 0 0, L_0x78152e1c7950;  alias, 1 drivers
v0x59e2d377df10_0 .net "mem_i_flush_o", 0 0, L_0x59e2d380d480;  alias, 1 drivers
v0x59e2d377dfb0_0 .net "mem_i_inst_i", 63 0, v0x59e2d3784f20_0;  alias, 1 drivers
v0x59e2d377e050_0 .net "mem_i_invalidate_o", 0 0, L_0x59e2d380d580;  alias, 1 drivers
v0x59e2d377e0f0_0 .net "mem_i_pc_o", 31 0, L_0x59e2d380d380;  alias, 1 drivers
v0x59e2d377e190_0 .net "mem_i_rd_o", 0 0, L_0x59e2d380d280;  alias, 1 drivers
v0x59e2d377e230_0 .net "mem_i_valid_i", 0 0, v0x59e2d3787690_0;  alias, 1 drivers
v0x59e2d377e2d0_0 .net "mmu_flush_w", 0 0, L_0x59e2d38211c0;  1 drivers
v0x59e2d377e370_0 .net "mmu_ifetch_accept_w", 0 0, L_0x59e2d380d680;  1 drivers
v0x59e2d377e410_0 .net "mmu_ifetch_error_w", 0 0, L_0x59e2d380d880;  1 drivers
v0x59e2d377e4b0_0 .net "mmu_ifetch_flush_w", 0 0, L_0x59e2d3809a00;  1 drivers
v0x59e2d377e550_0 .net "mmu_ifetch_inst_w", 63 0, L_0x59e2d380d980;  1 drivers
L_0x78152e1c3db0 .functor BUFT 1, C4<0>, C4<0>, C4<0>, C4<0>;
v0x59e2d377e5f0_0 .net "mmu_ifetch_invalidate_w", 0 0, L_0x78152e1c3db0;  1 drivers
v0x59e2d377e690_0 .net "mmu_ifetch_pc_w", 31 0, L_0x59e2d38098a0;  1 drivers
v0x59e2d377e730_0 .net "mmu_ifetch_rd_w", 0 0, L_0x59e2d38096f0;  1 drivers
v0x59e2d377e7d0_0 .net "mmu_ifetch_valid_w", 0 0, L_0x59e2d380d780;  1 drivers
L_0x78152e1c3ed0 .functor BUFT 1, C4<0>, C4<0>, C4<0>, C4<0>;
v0x59e2d377e870_0 .net "mmu_load_fault_w", 0 0, L_0x78152e1c3ed0;  1 drivers
v0x59e2d377e910_0 .net "mmu_lsu_accept_w", 0 0, L_0x59e2d380e840;  1 drivers
v0x59e2d377e9b0_0 .net "mmu_lsu_ack_w", 0 0, L_0x59e2d380e380;  1 drivers
v0x59e2d377ea50_0 .net "mmu_lsu_addr_w", 31 0, L_0x59e2d3816060;  1 drivers
v0x59e2d377eaf0_0 .net "mmu_lsu_cacheable_w", 0 0, v0x59e2d3742fb0_0;  1 drivers
v0x59e2d377eb90_0 .net "mmu_lsu_data_rd_w", 31 0, L_0x59e2d380e740;  1 drivers
v0x59e2d377ec30_0 .net "mmu_lsu_data_wr_w", 31 0, v0x59e2d3763310_0;  1 drivers
v0x59e2d377ecd0_0 .net "mmu_lsu_error_w", 0 0, L_0x59e2d380e590;  1 drivers
v0x59e2d377ed70_0 .net "mmu_lsu_flush_w", 0 0, v0x59e2d3763570_0;  1 drivers
v0x59e2d377ee10_0 .net "mmu_lsu_invalidate_w", 0 0, v0x59e2d37636f0_0;  1 drivers
v0x59e2d377eeb0_0 .net "mmu_lsu_rd_w", 0 0, L_0x59e2d3816570;  1 drivers
L_0x78152e1c5118 .functor BUFT 1, C4<00000000000>, C4<0>, C4<0>, C4<0>;
v0x59e2d377ef50_0 .net "mmu_lsu_req_tag_w", 10 0, L_0x78152e1c5118;  1 drivers
v0x59e2d377eff0_0 .net "mmu_lsu_resp_tag_w", 10 0, L_0x59e2d380e520;  1 drivers
v0x59e2d377f090_0 .net "mmu_lsu_wr_w", 3 0, L_0x59e2d3816940;  1 drivers
v0x59e2d377f130_0 .net "mmu_lsu_writeback_w", 0 0, v0x59e2d3764450_0;  1 drivers
v0x59e2d377f1d0_0 .net "mmu_mxr_w", 0 0, L_0x59e2d38212d0;  1 drivers
v0x59e2d377f270_0 .net "mmu_priv_d_w", 1 0, L_0x59e2d3820e70;  1 drivers
v0x59e2d377f310_0 .net "mmu_satp_w", 31 0, L_0x59e2d3820d20;  1 drivers
L_0x78152e1c3e88 .functor BUFT 1, C4<0>, C4<0>, C4<0>, C4<0>;
v0x59e2d377f3b0_0 .net "mmu_store_fault_w", 0 0, L_0x78152e1c3e88;  1 drivers
v0x59e2d377f450_0 .net "mmu_sum_w", 0 0, L_0x59e2d3821230;  1 drivers
v0x59e2d377f4f0_0 .net "mul_hold_w", 0 0, L_0x59e2d38311a0;  1 drivers
L_0x78152e1c75a8 .functor BUFT 1, C4<0>, C4<0>, C4<0>, C4<0>;
v0x59e2d377f590_0 .net "mul_opcode_invalid_w", 0 0, L_0x78152e1c75a8;  1 drivers
v0x59e2d377f680_0 .net "mul_opcode_opcode_w", 31 0, L_0x59e2d3842030;  1 drivers
v0x59e2d377f770_0 .net "mul_opcode_pc_w", 31 0, L_0x59e2d38423e0;  1 drivers
v0x59e2d377f860_0 .net "mul_opcode_ra_idx_w", 4 0, L_0x59e2d3842240;  1 drivers
v0x59e2d377f950_0 .net "mul_opcode_ra_operand_w", 31 0, L_0x59e2d38426e0;  1 drivers
v0x59e2d377fa40_0 .net "mul_opcode_rb_idx_w", 4 0, L_0x59e2d38422e0;  1 drivers
v0x59e2d377fb30_0 .net "mul_opcode_rb_operand_w", 31 0, L_0x59e2d3842780;  1 drivers
v0x59e2d377fc20_0 .net "mul_opcode_rd_idx_w", 4 0, L_0x59e2d3842480;  1 drivers
v0x59e2d377fd10_0 .net "mul_opcode_valid_w", 0 0, L_0x59e2d3837650;  1 drivers
v0x59e2d377fe00_0 .net "mule_opcode_invalid_w", 0 0, L_0x59e2d3843a70;  1 drivers
v0x59e2d377fef0_0 .net "mule_opcode_opcode_w", 31 0, L_0x59e2d3842630;  1 drivers
v0x59e2d377ffe0_0 .net "mule_opcode_pc_w", 31 0, L_0x59e2d38429f0;  1 drivers
v0x59e2d37800d0_0 .net "mule_opcode_ra_idx_w", 4 0, L_0x59e2d3842f60;  1 drivers
v0x59e2d37801c0_0 .net "mule_opcode_ra_operand_w", 31 0, L_0x59e2d38433d0;  1 drivers
v0x59e2d37802b0_0 .net "mule_opcode_rb_idx_w", 4 0, L_0x59e2d3843360;  1 drivers
v0x59e2d37803a0_0 .net "mule_opcode_rb_operand_w", 31 0, L_0x59e2d38438f0;  1 drivers
v0x59e2d3780490_0 .net "mule_opcode_rd_idx_w", 4 0, L_0x59e2d3842ef0;  1 drivers
v0x59e2d3780580_0 .net "mule_opcode_valid_w", 0 0, L_0x59e2d3839450;  1 drivers
v0x59e2d3780670_0 .net "mulp_opcode_invalid_w", 0 0, L_0x59e2d38468e0;  1 drivers
v0x59e2d3780760_0 .net "mulp_opcode_opcode_w", 31 0, L_0x59e2d3845fc0;  1 drivers
v0x59e2d3780870_0 .net "mulp_opcode_pc_w", 31 0, L_0x59e2d3846030;  1 drivers
v0x59e2d3780980_0 .net "mulp_opcode_ra_idx_w", 4 0, L_0x59e2d3846110;  1 drivers
v0x59e2d3780a90_0 .net "mulp_opcode_ra_operand_w", 31 0, L_0x59e2d38461f0;  1 drivers
v0x59e2d3780ba0_0 .net "mulp_opcode_rb_idx_w", 4 0, L_0x59e2d3846180;  1 drivers
v0x59e2d3780cb0_0 .net "mulp_opcode_rb_operand_w", 31 0, L_0x59e2d3846260;  1 drivers
v0x59e2d3780dc0_0 .net "mulp_opcode_rd_idx_w", 4 0, L_0x59e2d38460a0;  1 drivers
v0x59e2d3780ed0_0 .net "mulp_opcode_valid_w", 0 0, L_0x59e2d3839a90;  1 drivers
v0x59e2d3780fc0_0 .net "muls_opcode_invalid_w", 0 0, L_0x59e2d3845040;  1 drivers
v0x59e2d37810b0_0 .net "muls_opcode_opcode_w", 31 0, L_0x59e2d3843e90;  1 drivers
v0x59e2d37811c0_0 .net "muls_opcode_pc_w", 31 0, L_0x59e2d3843f00;  1 drivers
v0x59e2d37812d0_0 .net "muls_opcode_ra_idx_w", 4 0, L_0x59e2d38444b0;  1 drivers
v0x59e2d37813e0_0 .net "muls_opcode_ra_operand_w", 31 0, L_0x59e2d3844b80;  1 drivers
v0x59e2d37814f0_0 .net "muls_opcode_rb_idx_w", 4 0, L_0x59e2d3844a00;  1 drivers
v0x59e2d3781600_0 .net "muls_opcode_rb_operand_w", 31 0, L_0x59e2d3844fd0;  1 drivers
v0x59e2d3781710_0 .net "muls_opcode_rd_idx_w", 4 0, L_0x59e2d3844330;  1 drivers
v0x59e2d3781820_0 .net "muls_opcode_valid_w", 0 0, L_0x59e2d38397b0;  1 drivers
L_0x78152e1c74d0 .functor BUFT 1, C4<0>, C4<0>, C4<0>, C4<0>;
v0x59e2d3781910_0 .net "opcode0_invalid_w", 0 0, L_0x78152e1c74d0;  1 drivers
v0x59e2d37819b0_0 .net "opcode0_opcode_w", 31 0, L_0x59e2d383faf0;  1 drivers
v0x59e2d3781b00_0 .net "opcode0_pc_w", 31 0, v0x59e2d37324e0_0;  1 drivers
v0x59e2d3781c50_0 .net "opcode0_ra_idx_w", 4 0, L_0x59e2d383ff50;  1 drivers
v0x59e2d3781d10_0 .net "opcode0_ra_operand_w", 31 0, v0x59e2d372dd30_0;  1 drivers
v0x59e2d3781e60_0 .net "opcode0_rb_idx_w", 4 0, L_0x59e2d3840370;  1 drivers
v0x59e2d3781f20_0 .net "opcode0_rb_operand_w", 31 0, v0x59e2d372df10_0;  1 drivers
v0x59e2d3782070_0 .net "opcode0_rd_idx_w", 4 0, L_0x59e2d383fee0;  1 drivers
L_0x78152e1c7518 .functor BUFT 1, C4<0>, C4<0>, C4<0>, C4<0>;
v0x59e2d3782130_0 .net "opcode1_invalid_w", 0 0, L_0x78152e1c7518;  1 drivers
v0x59e2d37821d0_0 .net "opcode1_opcode_w", 31 0, L_0x59e2d3840910;  1 drivers
v0x59e2d3782290_0 .net "opcode1_pc_w", 31 0, v0x59e2d37328a0_0;  1 drivers
v0x59e2d3782350_0 .net "opcode1_ra_idx_w", 4 0, L_0x59e2d38412a0;  1 drivers
v0x59e2d3782410_0 .net "opcode1_ra_operand_w", 31 0, v0x59e2d372e730_0;  1 drivers
v0x59e2d37824d0_0 .net "opcode1_rb_idx_w", 4 0, L_0x59e2d3841310;  1 drivers
v0x59e2d3782590_0 .net "opcode1_rb_operand_w", 31 0, v0x59e2d372e910_0;  1 drivers
v0x59e2d3782650_0 .net "opcode1_rd_idx_w", 4 0, L_0x59e2d3840ee0;  1 drivers
L_0x78152e1c76c8 .functor BUFT 1, C4<10000000000000000000000000000000>, C4<0>, C4<0>, C4<0>;
v0x59e2d3782710_0 .net "reset_vector_i", 31 0, L_0x78152e1c76c8;  1 drivers
v0x59e2d37827d0_0 .net "rst_i", 0 0, v0x59e2d3789c80_0;  1 drivers
v0x59e2d3782870_0 .net "take_interrupt_w", 0 0, v0x59e2d35e8ab0_0;  1 drivers
v0x59e2d37829a0_0 .net "writeback_cbm_rd_idx_w", 4 0, v0x59e2d2ef79a0_0;  1 drivers
v0x59e2d3782a90_0 .net "writeback_cbm_valid_w", 0 0, v0x59e2d30627d0_0;  1 drivers
v0x59e2d3782bc0_0 .net "writeback_cbm_value_w", 31 0, v0x59e2d2f22460_0;  1 drivers
v0x59e2d3782d10_0 .net "writeback_div_valid_w", 0 0, v0x59e2d354e850_0;  1 drivers
v0x59e2d3782e40_0 .net "writeback_div_value_w", 31 0, L_0x59e2d382a3e0;  1 drivers
v0x59e2d3782f90_0 .net "writeback_exec0_value_w", 31 0, L_0x59e2d3846f30;  1 drivers
v0x59e2d3783050_0 .net "writeback_exec1_value_w", 31 0, L_0x59e2d3847ac0;  1 drivers
v0x59e2d3783110_0 .net "writeback_mem_exception_w", 5 0, L_0x59e2d381c4c0;  1 drivers
v0x59e2d3783260_0 .net "writeback_mem_valid_w", 0 0, L_0x59e2d381a560;  1 drivers
v0x59e2d3783390_0 .net "writeback_mem_value_w", 31 0, L_0x59e2d381a880;  1 drivers
v0x59e2d37834e0_0 .net "writeback_mul_value_w", 31 0, L_0x59e2d3822530;  1 drivers
v0x59e2d3783630_0 .net "writeback_mule_rd_idx_w", 4 0, v0x59e2d37707f0_0;  1 drivers
v0x59e2d37836f0_0 .net "writeback_mule_valid_w", 0 0, v0x59e2d3770d70_0;  1 drivers
v0x59e2d3783790_0 .net "writeback_mule_value_w", 31 0, L_0x59e2d3824040;  1 drivers
v0x59e2d3783850_0 .net "writeback_mulp_rd_idx_w", 4 0, L_0x59e2d3828000;  1 drivers
v0x59e2d3783910_0 .net "writeback_mulp_valid_w", 0 0, L_0x59e2d3827e50;  1 drivers
v0x59e2d3783a40_0 .net "writeback_mulp_value_w", 31 0, L_0x59e2d3827f60;  1 drivers
v0x59e2d3783b90_0 .net "writeback_muls_rd_idx_w", 4 0, v0x59e2d3775030_0;  1 drivers
v0x59e2d3783c50_0 .net "writeback_muls_valid_w", 0 0, v0x59e2d3775430_0;  1 drivers
v0x59e2d3783d80_0 .net "writeback_muls_value_w", 31 0, v0x59e2d3775110_0;  1 drivers
S_0x59e2d35779e0 .scope module, "u_cbm" "column_bypass_multiplier" 4 633, 5 10 0, S_0x59e2d34cce00;
 .timescale 0 0;
    .port_info 0 /INPUT 1 "clk_i";
    .port_info 1 /INPUT 1 "rst_i";
    .port_info 2 /INPUT 1 "start_i";
    .port_info 3 /INPUT 32 "op_a_i";
    .port_info 4 /INPUT 32 "op_b_i";
    .port_info 5 /INPUT 5 "rd_idx_i";
    .port_info 6 /OUTPUT 1 "busy_o";
    .port_info 7 /OUTPUT 1 "done_o";
    .port_info 8 /OUTPUT 32 "result_o";
    .port_info 9 /OUTPUT 5 "result_rd_idx_o";
P_0x59e2d31a7d70 .param/l "CBM_STATE_DONE" 1 5 28, C4<10>;
P_0x59e2d31a7db0 .param/l "CBM_STATE_IDLE" 1 5 26, C4<00>;
P_0x59e2d31a7df0 .param/l "CBM_STATE_RUN" 1 5 27, C4<01>;
L_0x59e2d3825010 .functor AND 1, L_0x59e2d3824ed0, L_0x59e2d3845510, C4<1>, C4<1>;
L_0x59e2d38254e0 .functor NOT 32, L_0x59e2d38250d0, C4<00000000000000000000000000000000>, C4<00000000000000000000000000000000>, C4<00000000000000000000000000000000>;
L_0x59e2d38255f0 .functor NOT 32, L_0x59e2d3825210, C4<00000000000000000000000000000000>, C4<00000000000000000000000000000000>, C4<00000000000000000000000000000000>;
L_0x59e2d3825c70 .functor XOR 1, L_0x59e2d3825300, L_0x59e2d38253f0, C4<0>, C4<0>;
L_0x59e2d38258e0 .functor AND 1, L_0x59e2d38262a0, L_0x59e2d3826430, C4<1>, C4<1>;
L_0x59e2d3826800 .functor NOT 32, L_0x59e2d3826610, C4<00000000000000000000000000000000>, C4<00000000000000000000000000000000>, C4<00000000000000000000000000000000>;
L_0x59e2d38268c0 .functor AND 32, v0x59e2d30d0e30_0, L_0x59e2d3826800, C4<11111111111111111111111111111111>, C4<11111111111111111111111111111111>;
L_0x78152e1c64c8 .functor BUFT 1, C4<01>, C4<0>, C4<0>, C4<0>;
v0x59e2d36c2d80_0 .net/2u *"_ivl_0", 1 0, L_0x78152e1c64c8;  1 drivers
L_0x78152e1c6510 .functor BUFT 1, C4<00>, C4<0>, C4<0>, C4<0>;
v0x59e2d36c7510_0 .net/2u *"_ivl_10", 1 0, L_0x78152e1c6510;  1 drivers
v0x59e2d36cd680_0 .net *"_ivl_12", 0 0, L_0x59e2d3824ed0;  1 drivers
L_0x78152e1c6558 .functor BUFT 1, C4<00000000000000000000000000000000>, C4<0>, C4<0>, C4<0>;
v0x59e2d36b8c30_0 .net/2u *"_ivl_16", 31 0, L_0x78152e1c6558;  1 drivers
L_0x78152e1c65a0 .functor BUFT 1, C4<00000000000000000000000000000000>, C4<0>, C4<0>, C4<0>;
v0x59e2d36bb5b0_0 .net/2u *"_ivl_20", 31 0, L_0x78152e1c65a0;  1 drivers
v0x59e2d34fff70_0 .net *"_ivl_28", 31 0, L_0x59e2d38254e0;  1 drivers
L_0x78152e1c65e8 .functor BUFT 1, C4<00000000000000000000000000000001>, C4<0>, C4<0>, C4<0>;
v0x59e2d3193ae0_0 .net/2u *"_ivl_30", 31 0, L_0x78152e1c65e8;  1 drivers
v0x59e2d31432e0_0 .net *"_ivl_32", 31 0, L_0x59e2d3825550;  1 drivers
v0x59e2d3143730_0 .net *"_ivl_36", 31 0, L_0x59e2d38255f0;  1 drivers
L_0x78152e1c6630 .functor BUFT 1, C4<00000000000000000000000000000001>, C4<0>, C4<0>, C4<0>;
v0x59e2d3143170_0 .net/2u *"_ivl_38", 31 0, L_0x78152e1c6630;  1 drivers
v0x59e2d31429f0_0 .net *"_ivl_40", 31 0, L_0x59e2d3825840;  1 drivers
L_0x78152e1c6678 .functor BUFT 1, C4<00000000000000000000000000000000>, C4<0>, C4<0>, C4<0>;
v0x59e2d3143450_0 .net/2u *"_ivl_56", 31 0, L_0x78152e1c6678;  1 drivers
L_0x78152e1c66c0 .functor BUFT 1, C4<01>, C4<0>, C4<0>, C4<0>;
v0x59e2d31435c0_0 .net/2u *"_ivl_62", 1 0, L_0x78152e1c66c0;  1 drivers
v0x59e2d318c7d0_0 .net *"_ivl_64", 0 0, L_0x59e2d38262a0;  1 drivers
v0x59e2d3142230_0 .net *"_ivl_67", 0 0, L_0x59e2d3826430;  1 drivers
L_0x78152e1c6708 .functor BUFT 1, C4<00000000000000000000000000000001>, C4<0>, C4<0>, C4<0>;
v0x59e2d2e70610_0 .net/2u *"_ivl_70", 31 0, L_0x78152e1c6708;  1 drivers
v0x59e2d3141f50_0 .net *"_ivl_76", 31 0, L_0x59e2d3826800;  1 drivers
v0x59e2d3142680_0 .net *"_ivl_78", 31 0, L_0x59e2d38268c0;  1 drivers
L_0x78152e1c6750 .functor BUFT 1, C4<00000000000000000000000000000000>, C4<0>, C4<0>, C4<0>;
v0x59e2d3142510_0 .net/2u *"_ivl_82", 31 0, L_0x78152e1c6750;  1 drivers
v0x59e2d3141de0_0 .var "accumulator_d", 31 0;
v0x59e2d31420c0_0 .var "accumulator_q", 31 0;
v0x59e2d31423a0_0 .net "active_col_idx_w", 5 0, L_0x59e2d3826200;  1 drivers
v0x59e2d2e708d0_0 .net "active_col_mask_w", 31 0, L_0x59e2d3826610;  1 drivers
v0x59e2d3065450_0 .net "busy_o", 0 0, L_0x59e2d3824c40;  alias, 1 drivers
v0x59e2d30b8b80_0 .net "clk_i", 0 0, v0x59e2d3787d50_0;  alias, 1 drivers
v0x59e2d30bdb20_0 .net "column_mask_after_w", 31 0, L_0x59e2d3826980;  1 drivers
v0x59e2d3092e40_0 .var "column_mask_d", 31 0;
v0x59e2d30d0e30_0 .var "column_mask_q", 31 0;
v0x59e2d2e78770_0 .net "columns_empty_after_w", 0 0, L_0x59e2d3826750;  1 drivers
v0x59e2d2e704a0_0 .net "columns_empty_q", 0 0, L_0x59e2d38260d0;  1 drivers
v0x59e2d30652e0_0 .var "done_d", 0 0;
v0x59e2d2fec030_0 .net "done_o", 0 0, v0x59e2d30627d0_0;  alias, 1 drivers
v0x59e2d30627d0_0 .var "done_q", 0 0;
v0x59e2d30625b0_0 .net "mask_seed_w", 31 0, L_0x59e2d3825e20;  1 drivers
v0x59e2d3064a20_0 .var "multiplicand_d", 31 0;
v0x59e2d3065170_0 .var "multiplicand_q", 31 0;
v0x59e2d30655c0_0 .net "multiplicand_seed_w", 31 0, L_0x59e2d3825f10;  1 drivers
v0x59e2d3065000_0 .net "op_a_abs_w", 31 0, L_0x59e2d3825700;  1 drivers
v0x59e2d2fe4390_0 .net "op_a_i", 31 0, L_0x59e2d3846370;  alias, 1 drivers
v0x59e2d2f225d0_0 .net "op_a_neg_w", 0 0, L_0x59e2d3825300;  1 drivers
v0x59e2d2fdbb00_0 .net "op_a_seed_w", 31 0, L_0x59e2d38250d0;  1 drivers
v0x59e2d2fb8cd0_0 .net "op_b_abs_w", 31 0, L_0x59e2d38259f0;  1 drivers
v0x59e2d2fc4440_0 .net "op_b_i", 31 0, L_0x59e2d3845ee0;  alias, 1 drivers
v0x59e2d2fb8ae0_0 .net "op_b_neg_w", 0 0, L_0x59e2d38253f0;  1 drivers
v0x59e2d2fe2fe0_0 .net "op_b_seed_w", 31 0, L_0x59e2d3825210;  1 drivers
v0x59e2d2fe4220_0 .net "popcnt_a_w", 5 0, L_0x59e2d3825a90;  1 drivers
v0x59e2d2f22740_0 .net "popcnt_b_w", 5 0, L_0x59e2d3825b80;  1 drivers
v0x59e2d2f0fd50_0 .net "process_column_w", 0 0, L_0x59e2d38258e0;  1 drivers
v0x59e2d2f4e630_0 .var "rd_idx_d", 4 0;
v0x59e2d2f83480_0 .net "rd_idx_i", 4 0, L_0x59e2d3845e00;  alias, 1 drivers
v0x59e2d2f55570_0 .var "rd_idx_q", 4 0;
v0x59e2d2f91f50_0 .var "result_d", 31 0;
v0x59e2d2f228b0_0 .net "result_o", 31 0, v0x59e2d2f22460_0;  alias, 1 drivers
v0x59e2d2f22460_0 .var "result_q", 31 0;
v0x59e2d2f0fbe0_0 .var "result_rd_idx_d", 4 0;
v0x59e2d2ec0550_0 .net "result_rd_idx_o", 4 0, v0x59e2d2ef79a0_0;  alias, 1 drivers
v0x59e2d2ef79a0_0 .var "result_rd_idx_q", 4 0;
v0x59e2d2f0f030_0 .net "rst_i", 0 0, v0x59e2d3789c80_0;  alias, 1 drivers
v0x59e2d2f0f1a0_0 .net "seed_valid_w", 0 0, L_0x59e2d3825010;  1 drivers
v0x59e2d2f0fa70_0 .net "shifted_multiplicand_w", 31 0, L_0x59e2d3826390;  1 drivers
v0x59e2d2f0fec0_0 .var "sign_d", 0 0;
v0x59e2d2f0f900_0 .var "sign_q", 0 0;
v0x59e2d2eb6ff0_0 .net "sign_seed_w", 0 0, L_0x59e2d3825c70;  1 drivers
v0x59e2d2e20b60_0 .net "start_i", 0 0, L_0x59e2d3845510;  alias, 1 drivers
v0x59e2d2e1ddf0_0 .var "state_d", 1 0;
v0x59e2d2e2f630_0 .var "state_q", 1 0;
v0x59e2d2e0fd10_0 .net "use_a_as_mask_w", 0 0, L_0x59e2d3825ce0;  1 drivers
E_0x59e2d2ddd780 .event posedge, v0x59e2d2f0f030_0, v0x59e2d30b8b80_0;
E_0x59e2d2dddaf0/0 .event anyedge, v0x59e2d2e2f630_0, v0x59e2d3065170_0, v0x59e2d30d0e30_0, v0x59e2d31420c0_0;
E_0x59e2d2dddaf0/1 .event anyedge, v0x59e2d2f55570_0, v0x59e2d2f0f900_0, v0x59e2d2f22460_0, v0x59e2d2ef79a0_0;
E_0x59e2d2dddaf0/2 .event anyedge, v0x59e2d2e20b60_0, v0x59e2d30655c0_0, v0x59e2d30625b0_0, v0x59e2d2f83480_0;
E_0x59e2d2dddaf0/3 .event anyedge, v0x59e2d2eb6ff0_0, v0x59e2d2f0fd50_0, v0x59e2d2f0fa70_0, v0x59e2d30bdb20_0;
E_0x59e2d2dddaf0/4 .event anyedge, v0x59e2d2e78770_0;
E_0x59e2d2dddaf0 .event/or E_0x59e2d2dddaf0/0, E_0x59e2d2dddaf0/1, E_0x59e2d2dddaf0/2, E_0x59e2d2dddaf0/3, E_0x59e2d2dddaf0/4;
L_0x59e2d3824c40 .cmp/eq 2, v0x59e2d2e2f630_0, L_0x78152e1c64c8;
L_0x59e2d3824ed0 .cmp/eq 2, v0x59e2d2e2f630_0, L_0x78152e1c6510;
L_0x59e2d38250d0 .functor MUXZ 32, L_0x78152e1c6558, L_0x59e2d3846370, L_0x59e2d3825010, C4<>;
L_0x59e2d3825210 .functor MUXZ 32, L_0x78152e1c65a0, L_0x59e2d3845ee0, L_0x59e2d3825010, C4<>;
L_0x59e2d3825300 .part L_0x59e2d38250d0, 31, 1;
L_0x59e2d38253f0 .part L_0x59e2d3825210, 31, 1;
L_0x59e2d3825550 .arith/sum 32, L_0x59e2d38254e0, L_0x78152e1c65e8;
L_0x59e2d3825700 .functor MUXZ 32, L_0x59e2d38250d0, L_0x59e2d3825550, L_0x59e2d3825300, C4<>;
L_0x59e2d3825840 .arith/sum 32, L_0x59e2d38255f0, L_0x78152e1c6630;
L_0x59e2d38259f0 .functor MUXZ 32, L_0x59e2d3825210, L_0x59e2d3825840, L_0x59e2d38253f0, C4<>;
L_0x59e2d3825a90 .ufunc/vec4 TD_tb_muls.u_dut.u_cbm.popcount32, 6, L_0x59e2d3825700 (v0x59e2d34c8d10_0) S_0x59e2d356e720;
L_0x59e2d3825b80 .ufunc/vec4 TD_tb_muls.u_dut.u_cbm.popcount32, 6, L_0x59e2d38259f0 (v0x59e2d34c8d10_0) S_0x59e2d356e720;
L_0x59e2d3825ce0 .cmp/ge 6, L_0x59e2d3825b80, L_0x59e2d3825a90;
L_0x59e2d3825e20 .functor MUXZ 32, L_0x59e2d38259f0, L_0x59e2d3825700, L_0x59e2d3825ce0, C4<>;
L_0x59e2d3825f10 .functor MUXZ 32, L_0x59e2d3825700, L_0x59e2d38259f0, L_0x59e2d3825ce0, C4<>;
L_0x59e2d38260d0 .cmp/eq 32, v0x59e2d30d0e30_0, L_0x78152e1c6678;
L_0x59e2d3826200 .ufunc/vec4 TD_tb_muls.u_dut.u_cbm.lowest_index, 6, v0x59e2d30d0e30_0 (v0x59e2d354bd40_0) S_0x59e2d3590150;
L_0x59e2d38262a0 .cmp/eq 2, v0x59e2d2e2f630_0, L_0x78152e1c66c0;
L_0x59e2d3826430 .reduce/nor L_0x59e2d38260d0;
L_0x59e2d3826610 .shift/l 32, L_0x78152e1c6708, L_0x59e2d3826200;
L_0x59e2d3826390 .shift/l 32, v0x59e2d3065170_0, L_0x59e2d3826200;
L_0x59e2d3826980 .functor MUXZ 32, v0x59e2d30d0e30_0, L_0x59e2d38268c0, L_0x59e2d38258e0, C4<>;
L_0x59e2d3826750 .cmp/eq 32, L_0x59e2d3826980, L_0x78152e1c6750;
S_0x59e2d3590150 .scope autofunction.vec4.s6, "lowest_index" "lowest_index" 5 46, 5 46 0, S_0x59e2d35779e0;
 .timescale 0 0;
v0x59e2d35321d0_0 .var/i "idx", 31 0;
; Variable lowest_index is vec4 return value of scope S_0x59e2d3590150
v0x59e2d354bd40_0 .var "value", 31 0;
TD_tb_muls.u_dut.u_cbm.lowest_index ;
    %pushi/vec4 0, 0, 6;
    %ret/vec4 0, 0, 6;  Assign to lowest_index (store_vec4_to_lval)
    %fork t_1, S_0x59e2d356eaa0;
    %jmp t_0;
    .scope S_0x59e2d356eaa0;
t_1 ;
    %pushi/vec4 0, 0, 32;
    %store/vec4 v0x59e2d35321d0_0, 0, 32;
T_0.0 ;
    %load/vec4 v0x59e2d35321d0_0;
    %cmpi/s 32, 0, 32;
    %jmp/0xz T_0.1, 5;
    %load/vec4 v0x59e2d354bd40_0;
    %load/vec4 v0x59e2d35321d0_0;
    %part/s 1;
    %flag_set/vec4 8;
    %jmp/0xz  T_0.2, 8;
    %load/vec4 v0x59e2d35321d0_0;
    %parti/s 6, 0, 2;
    %ret/vec4 0, 0, 6;  Assign to lowest_index (store_vec4_to_lval)
    %disable S_0x59e2d356eaa0;
T_0.2 ;
    %load/vec4 v0x59e2d35321d0_0;
    %addi 1, 0, 32;
    %store/vec4 v0x59e2d35321d0_0, 0, 32;
    %jmp T_0.0;
T_0.1 ;
    %end;
    .scope S_0x59e2d3590150;
t_0 %join;
    %end;
S_0x59e2d356eaa0 .scope autobegin, "lsb_scan" "lsb_scan" 5 50, 5 50 0, S_0x59e2d3590150;
 .timescale 0 0;
S_0x59e2d356e720 .scope autofunction.vec4.s6, "popcount32" "popcount32" 5 64, 5 64 0, S_0x59e2d35779e0;
 .timescale 0 0;
v0x59e2d2debaa0_0 .var/i "idx", 31 0;
; Variable popcount32 is vec4 return value of scope S_0x59e2d356e720
v0x59e2d34c8d10_0 .var "value", 31 0;
TD_tb_muls.u_dut.u_cbm.popcount32 ;
    %pushi/vec4 0, 0, 6;
    %ret/vec4 0, 0, 6;  Assign to popcount32 (store_vec4_to_lval)
    %pushi/vec4 0, 0, 32;
    %store/vec4 v0x59e2d2debaa0_0, 0, 32;
T_1.4 ;
    %load/vec4 v0x59e2d2debaa0_0;
    %cmpi/s 32, 0, 32;
    %jmp/0xz T_1.5, 5;
    %retload/vec4 0; Load popcount32 (draw_signal_vec4)
    %load/vec4 v0x59e2d34c8d10_0;
    %load/vec4 v0x59e2d2debaa0_0;
    %part/s 1;
    %pad/u 6;
    %add;
    %ret/vec4 0, 0, 6;  Assign to popcount32 (store_vec4_to_lval)
    %load/vec4 v0x59e2d2debaa0_0;
    %addi 1, 0, 32;
    %store/vec4 v0x59e2d2debaa0_0, 0, 32;
    %jmp T_1.4;
T_1.5 ;
    %end;
S_0x59e2d34c8f60 .scope module, "u_csr" "biriscv_csr" 4 523, 6 26 0, S_0x59e2d34cce00;
 .timescale 0 0;
    .port_info 0 /INPUT 1 "clk_i";
    .port_info 1 /INPUT 1 "rst_i";
    .port_info 2 /INPUT 1 "intr_i";
    .port_info 3 /INPUT 1 "opcode_valid_i";
    .port_info 4 /INPUT 32 "opcode_opcode_i";
    .port_info 5 /INPUT 32 "opcode_pc_i";
    .port_info 6 /INPUT 1 "opcode_invalid_i";
    .port_info 7 /INPUT 5 "opcode_rd_idx_i";
    .port_info 8 /INPUT 5 "opcode_ra_idx_i";
    .port_info 9 /INPUT 5 "opcode_rb_idx_i";
    .port_info 10 /INPUT 32 "opcode_ra_operand_i";
    .port_info 11 /INPUT 32 "opcode_rb_operand_i";
    .port_info 12 /INPUT 1 "csr_writeback_write_i";
    .port_info 13 /INPUT 12 "csr_writeback_waddr_i";
    .port_info 14 /INPUT 32 "csr_writeback_wdata_i";
    .port_info 15 /INPUT 6 "csr_writeback_exception_i";
    .port_info 16 /INPUT 32 "csr_writeback_exception_pc_i";
    .port_info 17 /INPUT 32 "csr_writeback_exception_addr_i";
    .port_info 18 /INPUT 32 "cpu_id_i";
    .port_info 19 /INPUT 32 "reset_vector_i";
    .port_info 20 /INPUT 1 "interrupt_inhibit_i";
    .port_info 21 /OUTPUT 32 "csr_result_e1_value_o";
    .port_info 22 /OUTPUT 1 "csr_result_e1_write_o";
    .port_info 23 /OUTPUT 32 "csr_result_e1_wdata_o";
    .port_info 24 /OUTPUT 6 "csr_result_e1_exception_o";
    .port_info 25 /OUTPUT 1 "branch_csr_request_o";
    .port_info 26 /OUTPUT 32 "branch_csr_pc_o";
    .port_info 27 /OUTPUT 2 "branch_csr_priv_o";
    .port_info 28 /OUTPUT 1 "take_interrupt_o";
    .port_info 29 /OUTPUT 1 "ifence_o";
    .port_info 30 /OUTPUT 2 "mmu_priv_d_o";
    .port_info 31 /OUTPUT 1 "mmu_sum_o";
    .port_info 32 /OUTPUT 1 "mmu_mxr_o";
    .port_info 33 /OUTPUT 1 "mmu_flush_o";
    .port_info 34 /OUTPUT 32 "mmu_satp_o";
P_0x59e2d357d3f0 .param/l "SUPPORT_MULDIV" 0 6 31, +C4<00000000000000000000000000000001>;
P_0x59e2d357d430 .param/l "SUPPORT_SUPER" 0 6 32, +C4<00000000000000000000000000000000>;
L_0x78152e1c5508 .functor BUFT 1, C4<11111111111111111111111111111111>, C4<0>, C4<0>, C4<0>;
L_0x59e2d381c820 .functor AND 32, L_0x59e2d38464c0, L_0x78152e1c5508, C4<11111111111111111111111111111111>, C4<11111111111111111111111111111111>;
L_0x59e2d381ca20 .functor AND 1, L_0x59e2d3846450, L_0x59e2d381c8e0, C4<1>, C4<1>;
L_0x78152e1c5598 .functor BUFT 1, C4<11111111111111111111111111111111>, C4<0>, C4<0>, C4<0>;
L_0x59e2d381cb20 .functor AND 32, L_0x59e2d38464c0, L_0x78152e1c5598, C4<11111111111111111111111111111111>, C4<11111111111111111111111111111111>;
L_0x59e2d381cd60 .functor AND 1, L_0x59e2d3846450, L_0x59e2d381cc20, C4<1>, C4<1>;
L_0x78152e1c5628 .functor BUFT 1, C4<11001111111111111111111111111111>, C4<0>, C4<0>, C4<0>;
L_0x59e2d381ce20 .functor AND 32, L_0x59e2d38464c0, L_0x78152e1c5628, C4<11111111111111111111111111111111>, C4<11111111111111111111111111111111>;
L_0x59e2d381d020 .functor AND 1, L_0x59e2d3846450, L_0x59e2d381cee0, C4<1>, C4<1>;
L_0x78152e1c56b8 .functor BUFT 1, C4<00000000000000000111000001111111>, C4<0>, C4<0>, C4<0>;
L_0x59e2d381d180 .functor AND 32, L_0x59e2d38464c0, L_0x78152e1c56b8, C4<11111111111111111111111111111111>, C4<11111111111111111111111111111111>;
L_0x59e2d381d380 .functor AND 1, L_0x59e2d3846450, L_0x59e2d381d240, C4<1>, C4<1>;
L_0x78152e1c5748 .functor BUFT 1, C4<00000000000000000111000001111111>, C4<0>, C4<0>, C4<0>;
L_0x59e2d381d490 .functor AND 32, L_0x59e2d38464c0, L_0x78152e1c5748, C4<11111111111111111111111111111111>, C4<11111111111111111111111111111111>;
L_0x59e2d381d690 .functor AND 1, L_0x59e2d3846450, L_0x59e2d381d550, C4<1>, C4<1>;
L_0x78152e1c57d8 .functor BUFT 1, C4<00000000000000000111000001111111>, C4<0>, C4<0>, C4<0>;
L_0x59e2d381d750 .functor AND 32, L_0x59e2d38464c0, L_0x78152e1c57d8, C4<11111111111111111111111111111111>, C4<11111111111111111111111111111111>;
L_0x59e2d381d900 .functor AND 1, L_0x59e2d3846450, L_0x59e2d381d7c0, C4<1>, C4<1>;
L_0x78152e1c5868 .functor BUFT 1, C4<00000000000000000111000001111111>, C4<0>, C4<0>, C4<0>;
L_0x59e2d381da30 .functor AND 32, L_0x59e2d38464c0, L_0x78152e1c5868, C4<11111111111111111111111111111111>, C4<11111111111111111111111111111111>;
L_0x59e2d381dc80 .functor AND 1, L_0x59e2d3846450, L_0x59e2d381daf0, C4<1>, C4<1>;
L_0x78152e1c58f8 .functor BUFT 1, C4<00000000000000000111000001111111>, C4<0>, C4<0>, C4<0>;
L_0x59e2d381d9c0 .functor AND 32, L_0x59e2d38464c0, L_0x78152e1c58f8, C4<11111111111111111111111111111111>, C4<11111111111111111111111111111111>;
L_0x59e2d381ded0 .functor AND 1, L_0x59e2d3846450, L_0x59e2d381dd90, C4<1>, C4<1>;
L_0x78152e1c5988 .functor BUFT 1, C4<00000000000000000111000001111111>, C4<0>, C4<0>, C4<0>;
L_0x59e2d381e020 .functor AND 32, L_0x59e2d38464c0, L_0x78152e1c5988, C4<11111111111111111111111111111111>, C4<11111111111111111111111111111111>;
L_0x59e2d381e220 .functor AND 1, L_0x59e2d3846450, L_0x59e2d381e0e0, C4<1>, C4<1>;
L_0x78152e1c5a18 .functor BUFT 1, C4<11111111111111111000111111111111>, C4<0>, C4<0>, C4<0>;
L_0x59e2d381e330 .functor AND 32, L_0x59e2d38464c0, L_0x78152e1c5a18, C4<11111111111111111111111111111111>, C4<11111111111111111111111111111111>;
L_0x59e2d381e530 .functor AND 1, L_0x59e2d3846450, L_0x59e2d381e3f0, C4<1>, C4<1>;
L_0x78152e1c5aa8 .functor BUFT 1, C4<00000000000000000111000001111111>, C4<0>, C4<0>, C4<0>;
L_0x59e2d381e6a0 .functor AND 32, L_0x59e2d38464c0, L_0x78152e1c5aa8, C4<11111111111111111111111111111111>, C4<11111111111111111111111111111111>;
L_0x59e2d381e870 .functor AND 1, L_0x59e2d3846450, L_0x59e2d381e290, C4<1>, C4<1>;
L_0x78152e1c5b38 .functor BUFT 1, C4<11111110000000000111111111111111>, C4<0>, C4<0>, C4<0>;
L_0x59e2d381e5f0 .functor AND 32, L_0x59e2d38464c0, L_0x78152e1c5b38, C4<11111111111111111111111111111111>, C4<11111111111111111111111111111111>;
L_0x59e2d381eb80 .functor AND 1, L_0x59e2d3846450, L_0x59e2d381ea40, C4<1>, C4<1>;
L_0x78152e1c5bc8 .functor BUFT 1, C4<00000000000000000111000001111111>, C4<0>, C4<0>, C4<0>;
L_0x59e2d381e930 .functor AND 32, L_0x59e2d38464c0, L_0x78152e1c5bc8, C4<11111111111111111111111111111111>, C4<11111111111111111111111111111111>;
L_0x59e2d381e800 .functor AND 1, L_0x59e2d3846450, L_0x59e2d381ed10, C4<1>, C4<1>;
L_0x59e2d381ec40 .functor OR 1, v0x59e2d35ab660_0, v0x59e2d364cd70_0, C4<0>, C4<0>;
L_0x59e2d381ef80 .functor AND 1, L_0x59e2d3846450, L_0x59e2d381ec40, C4<1>, C4<1>;
L_0x59e2d381eea0 .functor AND 1, L_0x59e2d381ef80, v0x59e2d364adf0_0, C4<1>, C4<1>;
L_0x59e2d381f350 .functor AND 1, L_0x59e2d381eea0, L_0x59e2d381f180, C4<1>, C4<1>;
L_0x59e2d3820560 .functor AND 1, L_0x59e2d381d020, L_0x59e2d38204c0, C4<1>, C4<1>;
L_0x59e2d3820670 .functor BUFZ 32, v0x59e2d3612a00_0, C4<00000000000000000000000000000000>, C4<00000000000000000000000000000000>, C4<00000000000000000000000000000000>;
L_0x59e2d381f460 .functor BUFZ 1, v0x59e2d3612ac0_0, C4<0>, C4<0>, C4<0>;
L_0x59e2d381f4d0 .functor BUFZ 32, v0x59e2d364ad50_0, C4<00000000000000000000000000000000>, C4<00000000000000000000000000000000>, C4<00000000000000000000000000000000>;
L_0x59e2d3820800 .functor BUFZ 6, v0x59e2d3624b10_0, C4<000000>, C4<000000>, C4<000000>;
L_0x59e2d3820d20 .functor BUFZ 32, v0x59e2d360ce80_0, C4<00000000000000000000000000000000>, C4<00000000000000000000000000000000>, C4<00000000000000000000000000000000>;
L_0x59e2d38211c0 .functor BUFZ 1, v0x59e2d35e4820_0, C4<0>, C4<0>, C4<0>;
v0x59e2d360abb0_0 .net/2u *"_ivl_0", 31 0, L_0x78152e1c5508;  1 drivers
v0x59e2d3602b30_0 .net/2u *"_ivl_10", 31 0, L_0x78152e1c5598;  1 drivers
v0x59e2d36008e0_0 .net/2u *"_ivl_102", 31 0, L_0x78152e1c5aa8;  1 drivers
v0x59e2d35fc020_0 .net *"_ivl_104", 31 0, L_0x59e2d381e6a0;  1 drivers
L_0x78152e1c5af0 .functor BUFT 1, C4<00000000000000000000000000001111>, C4<0>, C4<0>, C4<0>;
v0x59e2d3664000_0 .net/2u *"_ivl_106", 31 0, L_0x78152e1c5af0;  1 drivers
v0x59e2d3663580_0 .net *"_ivl_108", 0 0, L_0x59e2d381e290;  1 drivers
v0x59e2d3662af0_0 .net/2u *"_ivl_112", 31 0, L_0x78152e1c5b38;  1 drivers
v0x59e2d3662070_0 .net *"_ivl_114", 31 0, L_0x59e2d381e5f0;  1 drivers
L_0x78152e1c5b80 .functor BUFT 1, C4<00010010000000000000000001110011>, C4<0>, C4<0>, C4<0>;
v0x59e2d36615e0_0 .net/2u *"_ivl_116", 31 0, L_0x78152e1c5b80;  1 drivers
v0x59e2d3660b60_0 .net *"_ivl_118", 0 0, L_0x59e2d381ea40;  1 drivers
v0x59e2d36600e0_0 .net *"_ivl_12", 31 0, L_0x59e2d381cb20;  1 drivers
v0x59e2d365f650_0 .net/2u *"_ivl_122", 31 0, L_0x78152e1c5bc8;  1 drivers
v0x59e2d365ebc0_0 .net *"_ivl_124", 31 0, L_0x59e2d381e930;  1 drivers
L_0x78152e1c5c10 .functor BUFT 1, C4<00000000000000000001000000001111>, C4<0>, C4<0>, C4<0>;
v0x59e2d365e1d0_0 .net/2u *"_ivl_126", 31 0, L_0x78152e1c5c10;  1 drivers
v0x59e2d3514980_0 .net *"_ivl_128", 0 0, L_0x59e2d381ed10;  1 drivers
v0x59e2d3565560_0 .net *"_ivl_133", 0 0, L_0x59e2d381ec40;  1 drivers
v0x59e2d3564710_0 .net *"_ivl_135", 0 0, L_0x59e2d381ef80;  1 drivers
v0x59e2d3593a80_0 .net *"_ivl_137", 0 0, L_0x59e2d381eea0;  1 drivers
v0x59e2d34cd410_0 .net *"_ivl_139", 11 0, L_0x59e2d381f0e0;  1 drivers
L_0x78152e1c55e0 .functor BUFT 1, C4<00000000000100000000000001110011>, C4<0>, C4<0>, C4<0>;
v0x59e2d3590b60_0 .net/2u *"_ivl_14", 31 0, L_0x78152e1c55e0;  1 drivers
L_0x78152e1c5c58 .functor BUFT 1, C4<000110000000>, C4<0>, C4<0>, C4<0>;
v0x59e2d34cca50_0 .net/2u *"_ivl_140", 11 0, L_0x78152e1c5c58;  1 drivers
v0x59e2d36bbd40_0 .net *"_ivl_142", 0 0, L_0x59e2d381f180;  1 drivers
L_0x78152e1c5e98 .functor BUFT 1, C4<000000000000>, C4<0>, C4<0>, C4<0>;
v0x59e2d3501d40_0 .net/2u *"_ivl_152", 11 0, L_0x78152e1c5e98;  1 drivers
v0x59e2d367d470_0 .net *"_ivl_156", 0 0, L_0x59e2d38204c0;  1 drivers
v0x59e2d352ff90_0 .net *"_ivl_16", 0 0, L_0x59e2d381cc20;  1 drivers
v0x59e2d36be700_0 .net *"_ivl_177", 0 0, L_0x59e2d3820a90;  1 drivers
L_0x78152e1c5ee0 .functor BUFT 1, C4<11>, C4<0>, C4<0>, C4<0>;
v0x59e2d32ac9e0_0 .net/2u *"_ivl_178", 1 0, L_0x78152e1c5ee0;  1 drivers
v0x59e2d3640090_0 .net *"_ivl_183", 0 0, L_0x59e2d3820c80;  1 drivers
v0x59e2d32bc3a0_0 .net *"_ivl_185", 1 0, L_0x59e2d3820b30;  1 drivers
v0x59e2d32bc120_0 .net *"_ivl_2", 31 0, L_0x59e2d381c820;  1 drivers
v0x59e2d32baee0_0 .net/2u *"_ivl_20", 31 0, L_0x78152e1c5628;  1 drivers
v0x59e2d34b6ff0_0 .net *"_ivl_22", 31 0, L_0x59e2d381ce20;  1 drivers
L_0x78152e1c5670 .functor BUFT 1, C4<00000000001000000000000001110011>, C4<0>, C4<0>, C4<0>;
v0x59e2d358cdb0_0 .net/2u *"_ivl_24", 31 0, L_0x78152e1c5670;  1 drivers
v0x59e2d358c750_0 .net *"_ivl_26", 0 0, L_0x59e2d381cee0;  1 drivers
v0x59e2d358c810_0 .net/2u *"_ivl_32", 31 0, L_0x78152e1c56b8;  1 drivers
v0x59e2d34cd070_0 .net *"_ivl_34", 31 0, L_0x59e2d381d180;  1 drivers
L_0x78152e1c5700 .functor BUFT 1, C4<00000000000000000001000001110011>, C4<0>, C4<0>, C4<0>;
v0x59e2d36b5fd0_0 .net/2u *"_ivl_36", 31 0, L_0x78152e1c5700;  1 drivers
v0x59e2d36bb9c0_0 .net *"_ivl_38", 0 0, L_0x59e2d381d240;  1 drivers
L_0x78152e1c5550 .functor BUFT 1, C4<00000000000000000000000001110011>, C4<0>, C4<0>, C4<0>;
v0x59e2d36bba80_0 .net/2u *"_ivl_4", 31 0, L_0x78152e1c5550;  1 drivers
v0x59e2d36be930_0 .net/2u *"_ivl_42", 31 0, L_0x78152e1c5748;  1 drivers
v0x59e2d36c0180_0 .net *"_ivl_44", 31 0, L_0x59e2d381d490;  1 drivers
L_0x78152e1c5790 .functor BUFT 1, C4<00000000000000000010000001110011>, C4<0>, C4<0>, C4<0>;
v0x59e2d36bc3a0_0 .net/2u *"_ivl_46", 31 0, L_0x78152e1c5790;  1 drivers
v0x59e2d36c0520_0 .net *"_ivl_48", 0 0, L_0x59e2d381d550;  1 drivers
v0x59e2d36c05e0_0 .net/2u *"_ivl_52", 31 0, L_0x78152e1c57d8;  1 drivers
v0x59e2d32ae930_0 .net *"_ivl_54", 31 0, L_0x59e2d381d750;  1 drivers
L_0x78152e1c5820 .functor BUFT 1, C4<00000000000000000011000001110011>, C4<0>, C4<0>, C4<0>;
v0x59e2d34c9930_0 .net/2u *"_ivl_56", 31 0, L_0x78152e1c5820;  1 drivers
v0x59e2d3504f30_0 .net *"_ivl_58", 0 0, L_0x59e2d381d7c0;  1 drivers
v0x59e2d3504ff0_0 .net *"_ivl_6", 0 0, L_0x59e2d381c8e0;  1 drivers
v0x59e2d35042e0_0 .net/2u *"_ivl_62", 31 0, L_0x78152e1c5868;  1 drivers
v0x59e2d35043a0_0 .net *"_ivl_64", 31 0, L_0x59e2d381da30;  1 drivers
L_0x78152e1c58b0 .functor BUFT 1, C4<00000000000000000101000001110011>, C4<0>, C4<0>, C4<0>;
v0x59e2d34f9160_0 .net/2u *"_ivl_66", 31 0, L_0x78152e1c58b0;  1 drivers
v0x59e2d34d0080_0 .net *"_ivl_68", 0 0, L_0x59e2d381daf0;  1 drivers
v0x59e2d34d0140_0 .net/2u *"_ivl_72", 31 0, L_0x78152e1c58f8;  1 drivers
v0x59e2d360b540_0 .net *"_ivl_74", 31 0, L_0x59e2d381d9c0;  1 drivers
L_0x78152e1c5940 .functor BUFT 1, C4<00000000000000000110000001110011>, C4<0>, C4<0>, C4<0>;
v0x59e2d35ab1a0_0 .net/2u *"_ivl_76", 31 0, L_0x78152e1c5940;  1 drivers
v0x59e2d35df180_0 .net *"_ivl_78", 0 0, L_0x59e2d381dd90;  1 drivers
v0x59e2d35df240_0 .net/2u *"_ivl_82", 31 0, L_0x78152e1c5988;  1 drivers
v0x59e2d35aaca0_0 .net *"_ivl_84", 31 0, L_0x59e2d381e020;  1 drivers
L_0x78152e1c59d0 .functor BUFT 1, C4<00000000000000000111000001110011>, C4<0>, C4<0>, C4<0>;
v0x59e2d35b0100_0 .net/2u *"_ivl_86", 31 0, L_0x78152e1c59d0;  1 drivers
v0x59e2d35aa920_0 .net *"_ivl_88", 0 0, L_0x59e2d381e0e0;  1 drivers
v0x59e2d35aa9e0_0 .net/2u *"_ivl_92", 31 0, L_0x78152e1c5a18;  1 drivers
v0x59e2d35afbe0_0 .net *"_ivl_94", 31 0, L_0x59e2d381e330;  1 drivers
L_0x78152e1c5a60 .functor BUFT 1, C4<00010000010100000000000001110011>, C4<0>, C4<0>, C4<0>;
v0x59e2d364df50_0 .net/2u *"_ivl_96", 31 0, L_0x78152e1c5a60;  1 drivers
v0x59e2d364dbb0_0 .net *"_ivl_98", 0 0, L_0x59e2d381e3f0;  1 drivers
v0x59e2d364dc70_0 .net "branch_csr_pc_o", 31 0, v0x59e2d35af6c0_0;  alias, 1 drivers
v0x59e2d364d6f0_0 .net "branch_csr_priv_o", 1 0, L_0x59e2d3820420;  alias, 1 drivers
v0x59e2d364d230_0 .net "branch_csr_request_o", 0 0, v0x59e2d364d2f0_0;  alias, 1 drivers
v0x59e2d364d2f0_0 .var "branch_q", 0 0;
v0x59e2d35af6c0_0 .var "branch_target_q", 31 0;
v0x59e2d35af780_0 .net "clk_i", 0 0, v0x59e2d3787d50_0;  alias, 1 drivers
v0x59e2d364cd70_0 .var "clr_r", 0 0;
v0x59e2d364ce30_0 .net "cpu_id_i", 31 0, L_0x78152e1c7710;  alias, 1 drivers
v0x59e2d364c8b0_0 .net "csr_branch_w", 0 0, L_0x59e2d38200f0;  1 drivers
v0x59e2d364c950_0 .var "csr_fault_r", 0 0;
v0x59e2d364c3f0_0 .var "csr_priv_r", 1 0;
v0x59e2d364c490_0 .net "csr_rdata_w", 31 0, L_0x59e2d381fc40;  1 drivers
v0x59e2d364bf30_0 .var "csr_readonly_r", 0 0;
v0x59e2d364bfd0_0 .net "csr_result_e1_exception_o", 5 0, L_0x59e2d3820800;  alias, 1 drivers
v0x59e2d364ba70_0 .net "csr_result_e1_value_o", 31 0, L_0x59e2d3820670;  alias, 1 drivers
v0x59e2d364b6d0_0 .net "csr_result_e1_wdata_o", 31 0, L_0x59e2d381f4d0;  alias, 1 drivers
v0x59e2d364b210_0 .net "csr_result_e1_write_o", 0 0, L_0x59e2d381f460;  alias, 1 drivers
v0x59e2d364b2d0_0 .net "csr_target_w", 31 0, L_0x59e2d38201b0;  1 drivers
v0x59e2d364ad50_0 .var "csr_wdata_e1_q", 31 0;
v0x59e2d364adf0_0 .var "csr_write_r", 0 0;
v0x59e2d364a890_0 .net "csr_writeback_exception_addr_i", 31 0, L_0x59e2d38364e0;  alias, 1 drivers
v0x59e2d364a3d0_0 .net "csr_writeback_exception_i", 5 0, L_0x59e2d3835e60;  alias, 1 drivers
v0x59e2d35af1a0_0 .net "csr_writeback_exception_pc_i", 31 0, L_0x59e2d38362a0;  alias, 1 drivers
v0x59e2d3649f10_0 .net "csr_writeback_waddr_i", 11 0, L_0x59e2d3830e60;  alias, 1 drivers
v0x59e2d3649fd0_0 .net "csr_writeback_wdata_i", 31 0, L_0x59e2d38302f0;  alias, 1 drivers
v0x59e2d3649a50_0 .net "csr_writeback_write_i", 0 0, v0x59e2d3715db0_0;  alias, 1 drivers
v0x59e2d3649af0_0 .net "csrrc_w", 0 0, L_0x59e2d381d900;  1 drivers
v0x59e2d3648e60_0 .net "csrrci_w", 0 0, L_0x59e2d381e220;  1 drivers
v0x59e2d3648f00_0 .net "csrrs_w", 0 0, L_0x59e2d381d690;  1 drivers
v0x59e2d3648c80_0 .net "csrrsi_w", 0 0, L_0x59e2d381ded0;  1 drivers
v0x59e2d3648d40_0 .net "csrrw_w", 0 0, L_0x59e2d381d380;  1 drivers
v0x59e2d35aec80_0 .net "csrrwi_w", 0 0, L_0x59e2d381dc80;  1 drivers
v0x59e2d35aed20_0 .net "current_priv_w", 1 0, v0x59e2d357a000_0;  1 drivers
v0x59e2d36476f0_0 .var "data_r", 31 0;
v0x59e2d36477b0_0 .net "ebreak_w", 0 0, L_0x59e2d381cd60;  1 drivers
v0x59e2d3647510_0 .net "ecall_w", 0 0, L_0x59e2d381ca20;  1 drivers
v0x59e2d36475b0_0 .net "eret_fault_w", 0 0, L_0x59e2d3820560;  1 drivers
v0x59e2d3624f40_0 .net "eret_priv_w", 1 0, L_0x59e2d381d0e0;  1 drivers
v0x59e2d3624a50_0 .net "eret_w", 0 0, L_0x59e2d381d020;  1 drivers
v0x59e2d3624b10_0 .var "exception_e1_q", 5 0;
v0x59e2d35ae760_0 .net "fence_w", 0 0, L_0x59e2d381e870;  1 drivers
v0x59e2d35ae820_0 .net "ifence_o", 0 0, v0x59e2d3624590_0;  alias, 1 drivers
v0x59e2d3624590_0 .var "ifence_q", 0 0;
v0x59e2d3624650_0 .net "ifence_w", 0 0, L_0x59e2d381e800;  1 drivers
v0x59e2d36240a0_0 .net "interrupt_inhibit_i", 0 0, L_0x59e2d3839b00;  alias, 1 drivers
v0x59e2d3624140_0 .net "interrupt_w", 31 0, L_0x59e2d381f600;  1 drivers
v0x59e2d3623be0_0 .net "intr_i", 0 0, L_0x78152e1c7680;  alias, 1 drivers
L_0x78152e1c5ce8 .functor BUFT 1, C4<01000000000000000001000100000000>, C4<0>, C4<0>, C4<0>;
v0x59e2d3623c80_0 .net "misa_w", 31 0, L_0x78152e1c5ce8;  1 drivers
v0x59e2d36236f0_0 .net "mmu_flush_o", 0 0, L_0x59e2d38211c0;  alias, 1 drivers
v0x59e2d3623790_0 .net "mmu_mxr_o", 0 0, L_0x59e2d38212d0;  alias, 1 drivers
v0x59e2d35ae240_0 .net "mmu_priv_d_o", 1 0, L_0x59e2d3820e70;  alias, 1 drivers
v0x59e2d35ae2e0_0 .net "mmu_satp_o", 31 0, L_0x59e2d3820d20;  alias, 1 drivers
v0x59e2d3620480_0 .net "mmu_sum_o", 0 0, L_0x59e2d3821230;  alias, 1 drivers
v0x59e2d3620540_0 .net "opcode_invalid_i", 0 0, L_0x59e2d38467d0;  alias, 1 drivers
v0x59e2d35add20_0 .net "opcode_opcode_i", 31 0, L_0x59e2d38464c0;  alias, 1 drivers
v0x59e2d35ad800_0 .net "opcode_pc_i", 31 0, L_0x59e2d3846530;  alias, 1 drivers
v0x59e2d35ad370_0 .net "opcode_ra_idx_i", 4 0, L_0x59e2d3846610;  alias, 1 drivers
v0x59e2d361a160_0 .net "opcode_ra_operand_i", 31 0, L_0x59e2d38466f0;  alias, 1 drivers
v0x59e2d35acee0_0 .net "opcode_rb_idx_i", 4 0, L_0x59e2d3846680;  alias, 1 drivers
v0x59e2d35aa580_0 .net "opcode_rb_operand_i", 31 0, L_0x59e2d3846760;  alias, 1 drivers
v0x59e2d35ac9f0_0 .net "opcode_rd_idx_i", 4 0, L_0x59e2d38465a0;  alias, 1 drivers
v0x59e2d3613310_0 .net "opcode_valid_i", 0 0, L_0x59e2d3846450;  alias, 1 drivers
v0x59e2d3612a00_0 .var "rd_result_e1_q", 31 0;
v0x59e2d3612ac0_0 .var "rd_valid_e1_q", 0 0;
v0x59e2d360df20_0 .var "reset_q", 0 0;
v0x59e2d360dfc0_0 .net "reset_vector_i", 31 0, L_0x78152e1c76c8;  alias, 1 drivers
v0x59e2d360d730_0 .net "rst_i", 0 0, v0x59e2d3789c80_0;  alias, 1 drivers
v0x59e2d360bbc0_0 .net "satp_reg_w", 31 0, v0x59e2d360ce80_0;  1 drivers
v0x59e2d360bc80_0 .net "satp_update_w", 0 0, L_0x59e2d381f350;  1 drivers
v0x59e2d35ab660_0 .var "set_r", 0 0;
v0x59e2d35ab720_0 .net "sfence_w", 0 0, L_0x59e2d381eb80;  1 drivers
v0x59e2d36254a0_0 .net "status_reg_w", 31 0, v0x59e2d34c8bb0_0;  1 drivers
v0x59e2d35e8a10_0 .net "take_interrupt_o", 0 0, v0x59e2d35e8ab0_0;  alias, 1 drivers
v0x59e2d35e8ab0_0 .var "take_interrupt_q", 0 0;
L_0x78152e1c5ca0 .functor BUFT 1, C4<0>, C4<0>, C4<0>, C4<0>;
v0x59e2d35e8500_0 .net "timer_irq_w", 0 0, L_0x78152e1c5ca0;  1 drivers
v0x59e2d35e4820_0 .var "tlb_flush_q", 0 0;
v0x59e2d35e48c0_0 .net "wfi_w", 0 0, L_0x59e2d381e530;  1 drivers
E_0x59e2d2ddde60/0 .event anyedge, v0x59e2d3648d40_0, v0x59e2d3648f00_0, v0x59e2d35aec80_0, v0x59e2d3648c80_0;
E_0x59e2d2ddde60/1 .event anyedge, v0x59e2d3649af0_0, v0x59e2d3648e60_0, v0x59e2d35add20_0, v0x59e2d35ad370_0;
E_0x59e2d2ddde60/2 .event anyedge, v0x59e2d361a160_0;
E_0x59e2d2ddde60 .event/or E_0x59e2d2ddde60/0, E_0x59e2d2ddde60/1, E_0x59e2d2ddde60/2;
L_0x59e2d381c8e0 .cmp/eq 32, L_0x59e2d381c820, L_0x78152e1c5550;
L_0x59e2d381cc20 .cmp/eq 32, L_0x59e2d381cb20, L_0x78152e1c55e0;
L_0x59e2d381cee0 .cmp/eq 32, L_0x59e2d381ce20, L_0x78152e1c5670;
L_0x59e2d381d0e0 .part L_0x59e2d38464c0, 28, 2;
L_0x59e2d381d240 .cmp/eq 32, L_0x59e2d381d180, L_0x78152e1c5700;
L_0x59e2d381d550 .cmp/eq 32, L_0x59e2d381d490, L_0x78152e1c5790;
L_0x59e2d381d7c0 .cmp/eq 32, L_0x59e2d381d750, L_0x78152e1c5820;
L_0x59e2d381daf0 .cmp/eq 32, L_0x59e2d381da30, L_0x78152e1c58b0;
L_0x59e2d381dd90 .cmp/eq 32, L_0x59e2d381d9c0, L_0x78152e1c5940;
L_0x59e2d381e0e0 .cmp/eq 32, L_0x59e2d381e020, L_0x78152e1c59d0;
L_0x59e2d381e3f0 .cmp/eq 32, L_0x59e2d381e330, L_0x78152e1c5a60;
L_0x59e2d381e290 .cmp/eq 32, L_0x59e2d381e6a0, L_0x78152e1c5af0;
L_0x59e2d381ea40 .cmp/eq 32, L_0x59e2d381e5f0, L_0x78152e1c5b80;
L_0x59e2d381ed10 .cmp/eq 32, L_0x59e2d381e930, L_0x78152e1c5c10;
L_0x59e2d381f0e0 .part L_0x59e2d38464c0, 20, 12;
L_0x59e2d381f180 .cmp/eq 12, L_0x59e2d381f0e0, L_0x78152e1c5c58;
L_0x59e2d38202e0 .part L_0x59e2d38464c0, 20, 12;
L_0x59e2d3820380 .functor MUXZ 12, L_0x78152e1c5e98, L_0x59e2d3830e60, v0x59e2d3715db0_0, C4<>;
L_0x59e2d38204c0 .cmp/gt 2, L_0x59e2d381d0e0, v0x59e2d357a000_0;
L_0x59e2d3820a90 .part v0x59e2d360ce80_0, 31, 1;
L_0x59e2d3820420 .functor MUXZ 2, L_0x78152e1c5ee0, v0x59e2d357a000_0, L_0x59e2d3820a90, C4<>;
L_0x59e2d3820c80 .part v0x59e2d34c8bb0_0, 17, 1;
L_0x59e2d3820b30 .part v0x59e2d34c8bb0_0, 11, 2;
L_0x59e2d3820e70 .functor MUXZ 2, v0x59e2d357a000_0, L_0x59e2d3820b30, L_0x59e2d3820c80, C4<>;
L_0x59e2d3821230 .part v0x59e2d34c8bb0_0, 18, 1;
L_0x59e2d38212d0 .part v0x59e2d34c8bb0_0, 19, 1;
S_0x59e2d3577340 .scope module, "u_csrfile" "biriscv_csr_regfile" 6 155, 7 25 0, S_0x59e2d34c8f60;
 .timescale 0 0;
    .port_info 0 /INPUT 1 "clk_i";
    .port_info 1 /INPUT 1 "rst_i";
    .port_info 2 /INPUT 1 "ext_intr_i";
    .port_info 3 /INPUT 1 "timer_intr_i";
    .port_info 4 /INPUT 32 "cpu_id_i";
    .port_info 5 /INPUT 32 "misa_i";
    .port_info 6 /INPUT 6 "exception_i";
    .port_info 7 /INPUT 32 "exception_pc_i";
    .port_info 8 /INPUT 32 "exception_addr_i";
    .port_info 9 /INPUT 1 "csr_ren_i";
    .port_info 10 /INPUT 12 "csr_raddr_i";
    .port_info 11 /OUTPUT 32 "csr_rdata_o";
    .port_info 12 /INPUT 12 "csr_waddr_i";
    .port_info 13 /INPUT 32 "csr_wdata_i";
    .port_info 14 /OUTPUT 1 "csr_branch_o";
    .port_info 15 /OUTPUT 32 "csr_target_o";
    .port_info 16 /OUTPUT 2 "priv_o";
    .port_info 17 /OUTPUT 32 "status_o";
    .port_info 18 /OUTPUT 32 "satp_o";
    .port_info 19 /OUTPUT 32 "interrupt_o";
P_0x59e2d3554a10 .param/l "SUPPORT_MTIMECMP" 0 7 30, +C4<00000000000000000000000000000001>;
P_0x59e2d3554a50 .param/l "SUPPORT_SUPER" 0 7 31, +C4<00000000000000000000000000000000>;
L_0x59e2d381f600 .functor BUFZ 32, v0x59e2d32bbc20_0, C4<00000000000000000000000000000000>, C4<00000000000000000000000000000000>, C4<00000000000000000000000000000000>;
L_0x59e2d381f7b0 .functor AND 1, L_0x59e2d3846450, L_0x59e2d381f6c0, C4<1>, C4<1>;
L_0x59e2d381f9b0 .functor AND 1, L_0x59e2d3846450, L_0x59e2d381f870, C4<1>, C4<1>;
L_0x59e2d381fa70 .functor OR 1, L_0x59e2d381f7b0, L_0x59e2d381f9b0, C4<0>, C4<0>;
L_0x59e2d381fb80 .functor OR 1, L_0x59e2d381fa70, v0x59e2d367d1d0_0, C4<0>, C4<0>;
L_0x59e2d381fc40 .functor BUFZ 32, v0x59e2d32c2de0_0, C4<00000000000000000000000000000000>, C4<00000000000000000000000000000000>, C4<00000000000000000000000000000000>;
L_0x78152e1c5dc0 .functor BUFT 1, C4<110000>, C4<0>, C4<0>, C4<0>;
L_0x59e2d381ff90 .functor AND 6, L_0x59e2d3835e60, L_0x78152e1c5dc0, C4<111111>, C4<111111>;
L_0x59e2d38200f0 .functor BUFZ 1, v0x59e2d308f240_0, C4<0>, C4<0>, C4<0>;
L_0x59e2d38201b0 .functor BUFZ 32, v0x59e2d3064e70_0, C4<00000000000000000000000000000000>, C4<00000000000000000000000000000000>, C4<00000000000000000000000000000000>;
v0x59e2d2e58ae0_0 .net *"_ivl_10", 0 0, L_0x59e2d381f870;  1 drivers
v0x59e2d2eb11d0_0 .net *"_ivl_13", 0 0, L_0x59e2d381f9b0;  1 drivers
v0x59e2d2eb71e0_0 .net *"_ivl_14", 0 0, L_0x59e2d381fa70;  1 drivers
L_0x78152e1c5d30 .functor BUFT 1, C4<001101000100>, C4<0>, C4<0>, C4<0>;
v0x59e2d2debfe0_0 .net/2u *"_ivl_2", 11 0, L_0x78152e1c5d30;  1 drivers
v0x59e2d2e0afe0_0 .net/2u *"_ivl_26", 5 0, L_0x78152e1c5dc0;  1 drivers
v0x59e2d2e03550_0 .net *"_ivl_28", 5 0, L_0x59e2d381ff90;  1 drivers
L_0x78152e1c5e08 .functor BUFT 1, C4<010000>, C4<0>, C4<0>, C4<0>;
v0x59e2d3554920_0 .net/2u *"_ivl_30", 5 0, L_0x78152e1c5e08;  1 drivers
v0x59e2d35021f0_0 .net *"_ivl_4", 0 0, L_0x59e2d381f6c0;  1 drivers
v0x59e2d3142fe0_0 .net *"_ivl_7", 0 0, L_0x59e2d381f7b0;  1 drivers
L_0x78152e1c5d78 .functor BUFT 1, C4<000101000100>, C4<0>, C4<0>, C4<0>;
v0x59e2d3142ce0_0 .net/2u *"_ivl_8", 11 0, L_0x78152e1c5d78;  1 drivers
v0x59e2d308f240_0 .var "branch_r", 0 0;
v0x59e2d3064e70_0 .var "branch_target_r", 31 0;
v0x59e2d3064b70_0 .net "buffer_mip_w", 0 0, L_0x59e2d381fb80;  1 drivers
v0x59e2d2f0f770_0 .net "clk_i", 0 0, v0x59e2d3787d50_0;  alias, 1 drivers
v0x59e2d2f0f470_0 .net "cpu_id_i", 31 0, L_0x78152e1c7710;  alias, 1 drivers
v0x59e2d36c10c0_0 .net "csr_branch_o", 0 0, L_0x59e2d38200f0;  alias, 1 drivers
v0x59e2d36c1db0_0 .var "csr_mcause_q", 31 0;
v0x59e2d3579060_0 .var "csr_mcause_r", 31 0;
v0x59e2d3579160_0 .var "csr_mcycle_h_q", 31 0;
v0x59e2d3591e10_0 .var "csr_mcycle_q", 31 0;
v0x59e2d3572eb0_0 .var "csr_mcycle_r", 31 0;
v0x59e2d3572fb0_0 .var "csr_medeleg_q", 31 0;
v0x59e2d34b8e70_0 .var "csr_medeleg_r", 31 0;
v0x59e2d34b8f70_0 .var "csr_mepc_q", 31 0;
v0x59e2d35813d0_0 .var "csr_mepc_r", 31 0;
v0x59e2d36c0bd0_0 .var "csr_mideleg_q", 31 0;
v0x59e2d3591f10_0 .var "csr_mideleg_r", 31 0;
v0x59e2d32ac5b0_0 .var "csr_mie_q", 31 0;
v0x59e2d3581db0_0 .var "csr_mie_r", 31 0;
v0x59e2d352b5c0_0 .var "csr_mip_next_q", 31 0;
v0x59e2d354df20_0 .var "csr_mip_next_r", 31 0;
v0x59e2d3672c00_0 .var "csr_mip_q", 31 0;
v0x59e2d3673040_0 .var "csr_mip_r", 31 0;
v0x59e2d367d1d0_0 .var "csr_mip_upd_q", 0 0;
v0x59e2d357a000_0 .var "csr_mpriv_q", 1 0;
v0x59e2d3573390_0 .var "csr_mpriv_r", 1 0;
v0x59e2d367e4b0_0 .var "csr_mscratch_q", 31 0;
v0x59e2d367ed90_0 .var "csr_mscratch_r", 31 0;
v0x59e2d367eef0_0 .var "csr_mtime_ie_q", 0 0;
v0x59e2d369df00_0 .var "csr_mtime_ie_r", 0 0;
v0x59e2d369e1a0_0 .var "csr_mtimecmp_q", 31 0;
v0x59e2d32d7240_0 .var "csr_mtimecmp_r", 31 0;
v0x59e2d32d7590_0 .var "csr_mtval_q", 31 0;
v0x59e2d32d78e0_0 .var "csr_mtval_r", 31 0;
v0x59e2d34b6570_0 .var "csr_mtvec_q", 31 0;
v0x59e2d32b8b80_0 .var "csr_mtvec_r", 31 0;
v0x59e2d32b9180_0 .net "csr_raddr_i", 11 0, L_0x59e2d38202e0;  1 drivers
v0x59e2d32d6df0_0 .net "csr_rdata_o", 31 0, L_0x59e2d381fc40;  alias, 1 drivers
v0x59e2d35aa220_0 .net "csr_ren_i", 0 0, L_0x59e2d3846450;  alias, 1 drivers
v0x59e2d360ce80_0 .var "csr_satp_q", 31 0;
v0x59e2d360d080_0 .var "csr_satp_r", 31 0;
v0x59e2d35048b0_0 .var "csr_scause_q", 31 0;
v0x59e2d34c83e0_0 .var "csr_scause_r", 31 0;
v0x59e2d34cc6a0_0 .var "csr_sepc_q", 31 0;
v0x59e2d34cd8f0_0 .var "csr_sepc_r", 31 0;
v0x59e2d34c8bb0_0 .var "csr_sr_q", 31 0;
v0x59e2d3577070_0 .var "csr_sr_r", 31 0;
v0x59e2d36be310_0 .var "csr_sscratch_q", 31 0;
v0x59e2d36b3490_0 .var "csr_sscratch_r", 31 0;
v0x59e2d365d3b0_0 .var "csr_stval_q", 31 0;
v0x59e2d3558320_0 .var "csr_stval_r", 31 0;
v0x59e2d3557d30_0 .var "csr_stvec_q", 31 0;
v0x59e2d35576c0_0 .var "csr_stvec_r", 31 0;
v0x59e2d35a9750_0 .net "csr_target_o", 31 0, L_0x59e2d38201b0;  alias, 1 drivers
v0x59e2d35a9120_0 .net "csr_waddr_i", 11 0, L_0x59e2d3820380;  1 drivers
v0x59e2d35a91c0_0 .net "csr_wdata_i", 31 0, L_0x59e2d38302f0;  alias, 1 drivers
v0x59e2d35a7f50_0 .net "exception_addr_i", 31 0, L_0x59e2d38364e0;  alias, 1 drivers
v0x59e2d3691c20_0 .net "exception_i", 5 0, L_0x59e2d3835e60;  alias, 1 drivers
v0x59e2d368bac0_0 .net "exception_pc_i", 31 0, L_0x59e2d38362a0;  alias, 1 drivers
L_0x78152e1c5e50 .functor BUFT 1, C4<0>, C4<0>, C4<0>, C4<0>;
v0x59e2d36b3020_0 .net "exception_s_w", 0 0, L_0x78152e1c5e50;  1 drivers
v0x59e2d36acec0_0 .net "ext_intr_i", 0 0, L_0x78152e1c7680;  alias, 1 drivers
v0x59e2d32e7b30_0 .net "interrupt_o", 31 0, L_0x59e2d381f600;  alias, 1 drivers
v0x59e2d32bbc20_0 .var "irq_masked_r", 31 0;
v0x59e2d32d6ae0_0 .var "irq_pending_r", 31 0;
v0x59e2d32c8ec0_0 .var "irq_priv_q", 1 0;
v0x59e2d32c7b40_0 .var "irq_priv_r", 1 0;
v0x59e2d32c6ff0_0 .net "is_exception_w", 0 0, L_0x59e2d3820000;  1 drivers
v0x59e2d32c6350_0 .net "misa_i", 31 0, L_0x78152e1c5ce8;  alias, 1 drivers
v0x59e2d32c32e0_0 .net "priv_o", 1 0, v0x59e2d357a000_0;  alias, 1 drivers
v0x59e2d32c2de0_0 .var "rdata_r", 31 0;
v0x59e2d35de110_0 .net "rst_i", 0 0, v0x59e2d3789c80_0;  alias, 1 drivers
v0x59e2d35d6110_0 .net "satp_o", 31 0, v0x59e2d360ce80_0;  alias, 1 drivers
v0x59e2d35d3f70_0 .net "status_o", 31 0, v0x59e2d34c8bb0_0;  alias, 1 drivers
v0x59e2d35cf6b0_0 .net "timer_intr_i", 0 0, L_0x78152e1c5ca0;  alias, 1 drivers
E_0x59e2d2ddd0a0/0 .event anyedge, v0x59e2d3691c20_0, v0x59e2d32c8ec0_0, v0x59e2d34b6570_0, v0x59e2d3557d30_0;
E_0x59e2d2ddd0a0/1 .event anyedge, v0x59e2d34b8f70_0, v0x59e2d34cc6a0_0, v0x59e2d32c6ff0_0, v0x59e2d36b3020_0;
E_0x59e2d2ddd0a0/2 .event anyedge, v0x59e2d368bac0_0;
E_0x59e2d2ddd0a0 .event/or E_0x59e2d2ddd0a0/0, E_0x59e2d2ddd0a0/1, E_0x59e2d2ddd0a0/2;
E_0x59e2d2ddf110/0 .event anyedge, v0x59e2d352b5c0_0, v0x59e2d34b8f70_0, v0x59e2d34c8bb0_0, v0x59e2d36c1db0_0;
E_0x59e2d2ddf110/1 .event anyedge, v0x59e2d32d7590_0, v0x59e2d34b6570_0, v0x59e2d3672c00_0, v0x59e2d32ac5b0_0;
E_0x59e2d2ddf110/2 .event anyedge, v0x59e2d357a000_0, v0x59e2d367e4b0_0, v0x59e2d3591e10_0, v0x59e2d369e1a0_0;
E_0x59e2d2ddf110/3 .event anyedge, v0x59e2d367eef0_0, v0x59e2d3572fb0_0, v0x59e2d36c0bd0_0, v0x59e2d34cc6a0_0;
E_0x59e2d2ddf110/4 .event anyedge, v0x59e2d3557d30_0, v0x59e2d35048b0_0, v0x59e2d365d3b0_0, v0x59e2d360ce80_0;
E_0x59e2d2ddf110/5 .event anyedge, v0x59e2d36be310_0, v0x59e2d3691c20_0, v0x59e2d32c8ec0_0, v0x59e2d3577070_0;
E_0x59e2d2ddf110/6 .event anyedge, v0x59e2d368bac0_0, v0x59e2d32e7b30_0, v0x59e2d32c6ff0_0, v0x59e2d36b3020_0;
E_0x59e2d2ddf110/7 .event anyedge, v0x59e2d35a7f50_0, v0x59e2d35a9120_0, v0x59e2d35a91c0_0, v0x59e2d3673040_0;
E_0x59e2d2ddf110/8 .event anyedge, v0x59e2d3581db0_0, v0x59e2d36acec0_0, v0x59e2d35cf6b0_0, v0x59e2d354df20_0;
E_0x59e2d2ddf110 .event/or E_0x59e2d2ddf110/0, E_0x59e2d2ddf110/1, E_0x59e2d2ddf110/2, E_0x59e2d2ddf110/3, E_0x59e2d2ddf110/4, E_0x59e2d2ddf110/5, E_0x59e2d2ddf110/6, E_0x59e2d2ddf110/7, E_0x59e2d2ddf110/8;
E_0x59e2d2dc86d0/0 .event anyedge, v0x59e2d32b9180_0, v0x59e2d367e4b0_0, v0x59e2d34b8f70_0, v0x59e2d34b6570_0;
E_0x59e2d2dc86d0/1 .event anyedge, v0x59e2d36c1db0_0, v0x59e2d32d7590_0, v0x59e2d34c8bb0_0, v0x59e2d3672c00_0;
E_0x59e2d2dc86d0/2 .event anyedge, v0x59e2d32ac5b0_0, v0x59e2d3591e10_0, v0x59e2d3579160_0, v0x59e2d2f0f470_0;
E_0x59e2d2dc86d0/3 .event anyedge, v0x59e2d32c6350_0, v0x59e2d369e1a0_0;
E_0x59e2d2dc86d0 .event/or E_0x59e2d2dc86d0/0, E_0x59e2d2dc86d0/1, E_0x59e2d2dc86d0/2, E_0x59e2d2dc86d0/3;
E_0x59e2d30b04a0 .event anyedge, v0x59e2d3672c00_0, v0x59e2d32ac5b0_0, v0x59e2d34c8bb0_0, v0x59e2d32d6ae0_0;
L_0x59e2d381f6c0 .cmp/eq 12, L_0x59e2d38202e0, L_0x78152e1c5d30;
L_0x59e2d381f870 .cmp/eq 12, L_0x59e2d38202e0, L_0x78152e1c5d78;
L_0x59e2d3820000 .cmp/eq 6, L_0x59e2d381ff90, L_0x78152e1c5e08;
S_0x59e2d35906c0 .scope module, "u_div" "biriscv_divider" 4 674, 8 26 0, S_0x59e2d34cce00;
 .timescale 0 0;
    .port_info 0 /INPUT 1 "clk_i";
    .port_info 1 /INPUT 1 "rst_i";
    .port_info 2 /INPUT 1 "opcode_valid_i";
    .port_info 3 /INPUT 32 "opcode_opcode_i";
    .port_info 4 /INPUT 32 "opcode_pc_i";
    .port_info 5 /INPUT 1 "opcode_invalid_i";
    .port_info 6 /INPUT 5 "opcode_rd_idx_i";
    .port_info 7 /INPUT 5 "opcode_ra_idx_i";
    .port_info 8 /INPUT 5 "opcode_rb_idx_i";
    .port_info 9 /INPUT 32 "opcode_ra_operand_i";
    .port_info 10 /INPUT 32 "opcode_rb_operand_i";
    .port_info 11 /OUTPUT 1 "writeback_valid_o";
    .port_info 12 /OUTPUT 32 "writeback_value_o";
L_0x78152e1c68b8 .functor BUFT 1, C4<11111110000000000111000001111111>, C4<0>, C4<0>, C4<0>;
L_0x59e2d3827ef0 .functor AND 32, L_0x59e2d383faf0, L_0x78152e1c68b8, C4<11111111111111111111111111111111>, C4<11111111111111111111111111111111>;
L_0x78152e1c6948 .functor BUFT 1, C4<11111110000000000111000001111111>, C4<0>, C4<0>, C4<0>;
L_0x59e2d38282b0 .functor AND 32, L_0x59e2d383faf0, L_0x78152e1c6948, C4<11111111111111111111111111111111>, C4<11111111111111111111111111111111>;
L_0x78152e1c69d8 .functor BUFT 1, C4<11111110000000000111000001111111>, C4<0>, C4<0>, C4<0>;
L_0x59e2d38284b0 .functor AND 32, L_0x59e2d383faf0, L_0x78152e1c69d8, C4<11111111111111111111111111111111>, C4<11111111111111111111111111111111>;
L_0x78152e1c6a68 .functor BUFT 1, C4<11111110000000000111000001111111>, C4<0>, C4<0>, C4<0>;
L_0x59e2d38286b0 .functor AND 32, L_0x59e2d383faf0, L_0x78152e1c6a68, C4<11111111111111111111111111111111>, C4<11111111111111111111111111111111>;
L_0x78152e1c6af8 .functor BUFT 1, C4<11111110000000000111000001111111>, C4<0>, C4<0>, C4<0>;
L_0x59e2d38288b0 .functor AND 32, L_0x59e2d383faf0, L_0x78152e1c6af8, C4<11111111111111111111111111111111>, C4<11111111111111111111111111111111>;
L_0x78152e1c6b88 .functor BUFT 1, C4<11111110000000000111000001111111>, C4<0>, C4<0>, C4<0>;
L_0x59e2d3828ab0 .functor AND 32, L_0x59e2d383faf0, L_0x78152e1c6b88, C4<11111111111111111111111111111111>, C4<11111111111111111111111111111111>;
L_0x59e2d3828cb0 .functor OR 1, L_0x59e2d3828970, L_0x59e2d3828b70, C4<0>, C4<0>;
L_0x78152e1c6c18 .functor BUFT 1, C4<11111110000000000111000001111111>, C4<0>, C4<0>, C4<0>;
L_0x59e2d3828dc0 .functor AND 32, L_0x59e2d383faf0, L_0x78152e1c6c18, C4<11111111111111111111111111111111>, C4<11111111111111111111111111111111>;
L_0x59e2d3829010 .functor OR 1, L_0x59e2d3828cb0, L_0x59e2d3828ed0, C4<0>, C4<0>;
L_0x78152e1c6ca8 .functor BUFT 1, C4<11111110000000000111000001111111>, C4<0>, C4<0>, C4<0>;
L_0x59e2d3829120 .functor AND 32, L_0x59e2d383faf0, L_0x78152e1c6ca8, C4<11111111111111111111111111111111>, C4<11111111111111111111111111111111>;
L_0x59e2d3829320 .functor OR 1, L_0x59e2d3829010, L_0x59e2d38291e0, C4<0>, C4<0>;
L_0x78152e1c6d38 .functor BUFT 1, C4<11111110000000000111000001111111>, C4<0>, C4<0>, C4<0>;
L_0x59e2d3829430 .functor AND 32, L_0x59e2d383faf0, L_0x78152e1c6d38, C4<11111111111111111111111111111111>, C4<11111111111111111111111111111111>;
L_0x78152e1c6dc8 .functor BUFT 1, C4<11111110000000000111000001111111>, C4<0>, C4<0>, C4<0>;
L_0x59e2d38296a0 .functor AND 32, L_0x59e2d383faf0, L_0x78152e1c6dc8, C4<11111111111111111111111111111111>, C4<11111111111111111111111111111111>;
L_0x59e2d38298a0 .functor OR 1, L_0x59e2d3829560, L_0x59e2d3829760, C4<0>, C4<0>;
L_0x78152e1c6e58 .functor BUFT 1, C4<11111110000000000111000001111111>, C4<0>, C4<0>, C4<0>;
L_0x59e2d38294f0 .functor AND 32, L_0x59e2d383faf0, L_0x78152e1c6e58, C4<11111111111111111111111111111111>, C4<11111111111111111111111111111111>;
L_0x78152e1c6ee8 .functor BUFT 1, C4<11111110000000000111000001111111>, C4<0>, C4<0>, C4<0>;
L_0x59e2d3829b70 .functor AND 32, L_0x59e2d383faf0, L_0x78152e1c6ee8, C4<11111111111111111111111111111111>, C4<11111111111111111111111111111111>;
L_0x59e2d3829e70 .functor OR 1, L_0x59e2d3829a30, L_0x59e2d3829cc0, C4<0>, C4<0>;
L_0x59e2d3829f80 .functor AND 1, L_0x59e2d3838e20, L_0x59e2d3829320, C4<1>, C4<1>;
L_0x59e2d3829e00 .functor AND 1, L_0x59e2d382a180, v0x59e2d351c1f0_0, C4<1>, C4<1>;
L_0x59e2d382a3e0 .functor BUFZ 32, v0x59e2d354e910_0, C4<00000000000000000000000000000000>, C4<00000000000000000000000000000000>, C4<00000000000000000000000000000000>;
v0x59e2d35e3e00_0 .net/2u *"_ivl_0", 31 0, L_0x78152e1c68b8;  1 drivers
v0x59e2d35e3ea0_0 .net *"_ivl_10", 31 0, L_0x59e2d38282b0;  1 drivers
L_0x78152e1c6f30 .functor BUFT 1, C4<00000010000000000101000000110011>, C4<0>, C4<0>, C4<0>;
v0x59e2d35e38f0_0 .net/2u *"_ivl_100", 31 0, L_0x78152e1c6f30;  1 drivers
v0x59e2d35e33e0_0 .net *"_ivl_102", 0 0, L_0x59e2d3829cc0;  1 drivers
v0x59e2d35e34a0_0 .net *"_ivl_109", 0 0, L_0x59e2d382a0e0;  1 drivers
v0x59e2d35f05b0_0 .net *"_ivl_111", 0 0, L_0x59e2d382a180;  1 drivers
L_0x78152e1c6990 .functor BUFT 1, C4<00000010000000000101000000110011>, C4<0>, C4<0>, C4<0>;
v0x59e2d35f0650_0 .net/2u *"_ivl_12", 31 0, L_0x78152e1c6990;  1 drivers
v0x59e2d35e2ed0_0 .net/2u *"_ivl_16", 31 0, L_0x78152e1c69d8;  1 drivers
v0x59e2d35bc0a0_0 .net *"_ivl_18", 31 0, L_0x59e2d38284b0;  1 drivers
v0x59e2d35bbb90_0 .net *"_ivl_2", 31 0, L_0x59e2d3827ef0;  1 drivers
L_0x78152e1c6a20 .functor BUFT 1, C4<00000010000000000110000000110011>, C4<0>, C4<0>, C4<0>;
v0x59e2d35b7eb0_0 .net/2u *"_ivl_20", 31 0, L_0x78152e1c6a20;  1 drivers
v0x59e2d35b79a0_0 .net/2u *"_ivl_24", 31 0, L_0x78152e1c6a68;  1 drivers
v0x59e2d35b7490_0 .net *"_ivl_26", 31 0, L_0x59e2d38286b0;  1 drivers
L_0x78152e1c6ab0 .functor BUFT 1, C4<00000010000000000111000000110011>, C4<0>, C4<0>, C4<0>;
v0x59e2d35b6f80_0 .net/2u *"_ivl_28", 31 0, L_0x78152e1c6ab0;  1 drivers
v0x59e2d35b6a70_0 .net/2u *"_ivl_32", 31 0, L_0x78152e1c6af8;  1 drivers
v0x59e2d35c3c40_0 .net *"_ivl_34", 31 0, L_0x59e2d38288b0;  1 drivers
L_0x78152e1c6b40 .functor BUFT 1, C4<00000010000000000100000000110011>, C4<0>, C4<0>, C4<0>;
v0x59e2d35b6560_0 .net/2u *"_ivl_36", 31 0, L_0x78152e1c6b40;  1 drivers
v0x59e2d32b8190_0 .net *"_ivl_38", 0 0, L_0x59e2d3828970;  1 drivers
L_0x78152e1c6900 .functor BUFT 1, C4<00000010000000000100000000110011>, C4<0>, C4<0>, C4<0>;
v0x59e2d32b8250_0 .net/2u *"_ivl_4", 31 0, L_0x78152e1c6900;  1 drivers
v0x59e2d32b74e0_0 .net/2u *"_ivl_40", 31 0, L_0x78152e1c6b88;  1 drivers
v0x59e2d3204510_0 .net *"_ivl_42", 31 0, L_0x59e2d3828ab0;  1 drivers
L_0x78152e1c6bd0 .functor BUFT 1, C4<00000010000000000101000000110011>, C4<0>, C4<0>, C4<0>;
v0x59e2d34c2790_0 .net/2u *"_ivl_44", 31 0, L_0x78152e1c6bd0;  1 drivers
v0x59e2d34c2060_0 .net *"_ivl_46", 0 0, L_0x59e2d3828b70;  1 drivers
v0x59e2d34c2120_0 .net *"_ivl_49", 0 0, L_0x59e2d3828cb0;  1 drivers
v0x59e2d34c16a0_0 .net/2u *"_ivl_50", 31 0, L_0x78152e1c6c18;  1 drivers
v0x59e2d34c0dd0_0 .net *"_ivl_52", 31 0, L_0x59e2d3828dc0;  1 drivers
L_0x78152e1c6c60 .functor BUFT 1, C4<00000010000000000110000000110011>, C4<0>, C4<0>, C4<0>;
v0x59e2d34c04e0_0 .net/2u *"_ivl_54", 31 0, L_0x78152e1c6c60;  1 drivers
v0x59e2d34bd370_0 .net *"_ivl_56", 0 0, L_0x59e2d3828ed0;  1 drivers
v0x59e2d34bd430_0 .net *"_ivl_59", 0 0, L_0x59e2d3829010;  1 drivers
v0x59e2d34bcf20_0 .net/2u *"_ivl_60", 31 0, L_0x78152e1c6ca8;  1 drivers
v0x59e2d34bcfe0_0 .net *"_ivl_62", 31 0, L_0x59e2d3829120;  1 drivers
L_0x78152e1c6cf0 .functor BUFT 1, C4<00000010000000000111000000110011>, C4<0>, C4<0>, C4<0>;
v0x59e2d34b9d70_0 .net/2u *"_ivl_64", 31 0, L_0x78152e1c6cf0;  1 drivers
v0x59e2d34b9e30_0 .net *"_ivl_66", 0 0, L_0x59e2d38291e0;  1 drivers
v0x59e2d34b7de0_0 .net/2u *"_ivl_70", 31 0, L_0x78152e1c6d38;  1 drivers
v0x59e2d32e90d0_0 .net *"_ivl_72", 31 0, L_0x59e2d3829430;  1 drivers
L_0x78152e1c6d80 .functor BUFT 1, C4<00000010000000000100000000110011>, C4<0>, C4<0>, C4<0>;
v0x59e2d32e8cf0_0 .net/2u *"_ivl_74", 31 0, L_0x78152e1c6d80;  1 drivers
v0x59e2d34b6140_0 .net *"_ivl_76", 0 0, L_0x59e2d3829560;  1 drivers
v0x59e2d34b6200_0 .net/2u *"_ivl_78", 31 0, L_0x78152e1c6dc8;  1 drivers
v0x59e2d33d7cb0_0 .net/2u *"_ivl_8", 31 0, L_0x78152e1c6948;  1 drivers
v0x59e2d32e9790_0 .net *"_ivl_80", 31 0, L_0x59e2d38296a0;  1 drivers
L_0x78152e1c6e10 .functor BUFT 1, C4<00000010000000000110000000110011>, C4<0>, C4<0>, C4<0>;
v0x59e2d32e93d0_0 .net/2u *"_ivl_82", 31 0, L_0x78152e1c6e10;  1 drivers
v0x59e2d36a01d0_0 .net *"_ivl_84", 0 0, L_0x59e2d3829760;  1 drivers
v0x59e2d36a0290_0 .net/2u *"_ivl_88", 31 0, L_0x78152e1c6e58;  1 drivers
v0x59e2d3693a10_0 .net *"_ivl_90", 31 0, L_0x59e2d38294f0;  1 drivers
L_0x78152e1c6ea0 .functor BUFT 1, C4<00000010000000000100000000110011>, C4<0>, C4<0>, C4<0>;
v0x59e2d3693ad0_0 .net/2u *"_ivl_92", 31 0, L_0x78152e1c6ea0;  1 drivers
v0x59e2d3693570_0 .net *"_ivl_94", 0 0, L_0x59e2d3829a30;  1 drivers
v0x59e2d3693610_0 .net/2u *"_ivl_96", 31 0, L_0x78152e1c6ee8;  1 drivers
v0x59e2d35a1610_0 .net *"_ivl_98", 31 0, L_0x59e2d3829b70;  1 drivers
v0x59e2d351c150_0 .net "clk_i", 0 0, v0x59e2d3787d50_0;  alias, 1 drivers
v0x59e2d351c1f0_0 .var "div_busy_q", 0 0;
v0x59e2d3552d60_0 .net "div_complete_w", 0 0, L_0x59e2d3829e00;  1 drivers
v0x59e2d3552e20_0 .var "div_inst_q", 0 0;
v0x59e2d3552850_0 .net "div_operation_w", 0 0, L_0x59e2d3829e70;  1 drivers
v0x59e2d35528f0_0 .net "div_rem_inst_w", 0 0, L_0x59e2d3829320;  1 drivers
v0x59e2d352ac40_0 .var "div_result_r", 31 0;
v0x59e2d322e1e0_0 .net "div_start_w", 0 0, L_0x59e2d3829f80;  1 drivers
v0x59e2d322e2a0_0 .var "dividend_q", 31 0;
v0x59e2d322d630_0 .var "divisor_q", 62 0;
v0x59e2d322d6f0_0 .net "inst_div_w", 0 0, L_0x59e2d3828170;  1 drivers
v0x59e2d35854d0_0 .net "inst_divu_w", 0 0, L_0x59e2d3828370;  1 drivers
v0x59e2d3585590_0 .net "inst_rem_w", 0 0, L_0x59e2d3828570;  1 drivers
v0x59e2d3582bc0_0 .net "inst_remu_w", 0 0, L_0x59e2d3828770;  1 drivers
v0x59e2d3582c60_0 .var "invert_res_q", 0 0;
v0x59e2d35827a0_0 .var "last_a_q", 31 0;
v0x59e2d35822e0_0 .var "last_b_q", 31 0;
v0x59e2d36b3a00_0 .var "last_div_q", 0 0;
v0x59e2d36b3ac0_0 .var "last_divu_q", 0 0;
v0x59e2d36b3770_0 .var "last_rem_q", 0 0;
v0x59e2d36b3830_0 .var "last_remu_q", 0 0;
v0x59e2d34c85a0_0 .net "opcode_invalid_i", 0 0, L_0x78152e1c74d0;  alias, 1 drivers
v0x59e2d34c8640_0 .net "opcode_opcode_i", 31 0, L_0x59e2d383faf0;  alias, 1 drivers
v0x59e2d3647280_0 .net "opcode_pc_i", 31 0, v0x59e2d37324e0_0;  alias, 1 drivers
v0x59e2d3646ff0_0 .net "opcode_ra_idx_i", 4 0, L_0x59e2d383ff50;  alias, 1 drivers
v0x59e2d3646d60_0 .net "opcode_ra_operand_i", 31 0, v0x59e2d372dd30_0;  alias, 1 drivers
v0x59e2d32db8e0_0 .net "opcode_rb_idx_i", 4 0, L_0x59e2d3840370;  alias, 1 drivers
v0x59e2d32da270_0 .net "opcode_rb_operand_i", 31 0, v0x59e2d372df10_0;  alias, 1 drivers
v0x59e2d32d8e20_0 .net "opcode_rd_idx_i", 4 0, L_0x59e2d383fee0;  alias, 1 drivers
v0x59e2d367e220_0 .net "opcode_valid_i", 0 0, L_0x59e2d3838e20;  alias, 1 drivers
v0x59e2d367e2e0_0 .var "q_mask_q", 31 0;
v0x59e2d3519640_0 .var "quotient_q", 31 0;
v0x59e2d354ead0_0 .net "rst_i", 0 0, v0x59e2d3789c80_0;  alias, 1 drivers
v0x59e2d354eb70_0 .net "signed_operation_w", 0 0, L_0x59e2d38298a0;  1 drivers
v0x59e2d354e850_0 .var "valid_q", 0 0;
v0x59e2d354e910_0 .var "wb_result_q", 31 0;
v0x59e2d354e2d0_0 .net "writeback_valid_o", 0 0, v0x59e2d354e850_0;  alias, 1 drivers
v0x59e2d354e370_0 .net "writeback_value_o", 31 0, L_0x59e2d382a3e0;  alias, 1 drivers
E_0x59e2d32c2ec0 .event anyedge, v0x59e2d3552e20_0, v0x59e2d3582c60_0, v0x59e2d3519640_0, v0x59e2d322e2a0_0;
L_0x59e2d3828170 .cmp/eq 32, L_0x59e2d3827ef0, L_0x78152e1c6900;
L_0x59e2d3828370 .cmp/eq 32, L_0x59e2d38282b0, L_0x78152e1c6990;
L_0x59e2d3828570 .cmp/eq 32, L_0x59e2d38284b0, L_0x78152e1c6a20;
L_0x59e2d3828770 .cmp/eq 32, L_0x59e2d38286b0, L_0x78152e1c6ab0;
L_0x59e2d3828970 .cmp/eq 32, L_0x59e2d38288b0, L_0x78152e1c6b40;
L_0x59e2d3828b70 .cmp/eq 32, L_0x59e2d3828ab0, L_0x78152e1c6bd0;
L_0x59e2d3828ed0 .cmp/eq 32, L_0x59e2d3828dc0, L_0x78152e1c6c60;
L_0x59e2d38291e0 .cmp/eq 32, L_0x59e2d3829120, L_0x78152e1c6cf0;
L_0x59e2d3829560 .cmp/eq 32, L_0x59e2d3829430, L_0x78152e1c6d80;
L_0x59e2d3829760 .cmp/eq 32, L_0x59e2d38296a0, L_0x78152e1c6e10;
L_0x59e2d3829a30 .cmp/eq 32, L_0x59e2d38294f0, L_0x78152e1c6ea0;
L_0x59e2d3829cc0 .cmp/eq 32, L_0x59e2d3829b70, L_0x78152e1c6f30;
L_0x59e2d382a0e0 .reduce/or v0x59e2d367e2e0_0;
L_0x59e2d382a180 .reduce/nor L_0x59e2d382a0e0;
S_0x59e2d3577690 .scope module, "u_exec0" "biriscv_exec" 4 904, 9 26 0, S_0x59e2d34cce00;
 .timescale 0 0;
    .port_info 0 /INPUT 1 "clk_i";
    .port_info 1 /INPUT 1 "rst_i";
    .port_info 2 /INPUT 1 "opcode_valid_i";
    .port_info 3 /INPUT 32 "opcode_opcode_i";
    .port_info 4 /INPUT 32 "opcode_pc_i";
    .port_info 5 /INPUT 1 "opcode_invalid_i";
    .port_info 6 /INPUT 5 "opcode_rd_idx_i";
    .port_info 7 /INPUT 5 "opcode_ra_idx_i";
    .port_info 8 /INPUT 5 "opcode_rb_idx_i";
    .port_info 9 /INPUT 32 "opcode_ra_operand_i";
    .port_info 10 /INPUT 32 "opcode_rb_operand_i";
    .port_info 11 /INPUT 1 "hold_i";
    .port_info 12 /INPUT 1 "mule_complete_i";
    .port_info 13 /INPUT 32 "mule_result_i";
    .port_info 14 /OUTPUT 1 "branch_request_o";
    .port_info 15 /OUTPUT 1 "branch_is_taken_o";
    .port_info 16 /OUTPUT 1 "branch_is_not_taken_o";
    .port_info 17 /OUTPUT 32 "branch_source_o";
    .port_info 18 /OUTPUT 1 "branch_is_call_o";
    .port_info 19 /OUTPUT 1 "branch_is_ret_o";
    .port_info 20 /OUTPUT 1 "branch_is_jmp_o";
    .port_info 21 /OUTPUT 32 "branch_pc_o";
    .port_info 22 /OUTPUT 1 "branch_d_request_o";
    .port_info 23 /OUTPUT 32 "branch_d_pc_o";
    .port_info 24 /OUTPUT 2 "branch_d_priv_o";
    .port_info 25 /OUTPUT 32 "writeback_value_o";
L_0x59e2d3847060 .functor OR 1, v0x59e2d3595780_0, v0x59e2d32dc7f0_0, C4<0>, C4<0>;
L_0x59e2d38470d0 .functor BUFZ 1, v0x59e2d3595780_0, C4<0>, C4<0>, C4<0>;
L_0x59e2d38471d0 .functor BUFZ 1, v0x59e2d32dc7f0_0, C4<0>, C4<0>, C4<0>;
L_0x59e2d38477d0 .functor AND 1, v0x59e2d35948d0_0, L_0x59e2d3838fe0, C4<1>, C4<1>;
L_0x59e2d38478d0 .functor AND 1, L_0x59e2d38477d0, v0x59e2d3595840_0, C4<1>, C4<1>;
v0x59e2d358c170_0 .net *"_ivl_19", 0 0, L_0x59e2d38477d0;  1 drivers
v0x59e2d358c230_0 .var "alu_func_r", 3 0;
v0x59e2d3568570_0 .var "alu_input_a_r", 31 0;
v0x59e2d3567d80_0 .var "alu_input_b_r", 31 0;
v0x59e2d3567e50_0 .net "alu_p_w", 31 0, L_0x59e2d3846ec0;  1 drivers
v0x59e2d3567530_0 .var "bimm_r", 31 0;
v0x59e2d35675d0_0 .var "branch_call_q", 0 0;
v0x59e2d34e9160_0 .var "branch_call_r", 0 0;
v0x59e2d34e9200_0 .net "branch_d_pc_o", 31 0, v0x59e2d351a6e0_0;  alias, 1 drivers
v0x59e2d34e8080_0 .net "branch_d_priv_o", 1 0, L_0x78152e1c75f0;  alias, 1 drivers
v0x59e2d34e8160_0 .net "branch_d_request_o", 0 0, L_0x59e2d38478d0;  alias, 1 drivers
v0x59e2d34e6fa0_0 .net "branch_is_call_o", 0 0, v0x59e2d35675d0_0;  alias, 1 drivers
v0x59e2d34e7040_0 .net "branch_is_jmp_o", 0 0, v0x59e2d34fe2a0_0;  alias, 1 drivers
v0x59e2d34fd1f0_0 .net "branch_is_not_taken_o", 0 0, L_0x59e2d38471d0;  alias, 1 drivers
v0x59e2d34fd290_0 .net "branch_is_ret_o", 0 0, v0x59e2d3597a00_0;  alias, 1 drivers
v0x59e2d34fe200_0 .net "branch_is_taken_o", 0 0, L_0x59e2d38470d0;  alias, 1 drivers
v0x59e2d34fe2a0_0 .var "branch_jmp_q", 0 0;
v0x59e2d32dc750_0 .var "branch_jmp_r", 0 0;
v0x59e2d32dc7f0_0 .var "branch_ntaken_q", 0 0;
v0x59e2d3594810_0 .net "branch_pc_o", 31 0, v0x59e2d34f7780_0;  alias, 1 drivers
v0x59e2d35948d0_0 .var "branch_r", 0 0;
v0x59e2d3597940_0 .net "branch_request_o", 0 0, L_0x59e2d3847060;  alias, 1 drivers
v0x59e2d3597a00_0 .var "branch_ret_q", 0 0;
v0x59e2d3596860_0 .var "branch_ret_r", 0 0;
v0x59e2d3596920_0 .net "branch_source_o", 31 0, v0x59e2d34f9ae0_0;  alias, 1 drivers
v0x59e2d3595780_0 .var "branch_taken_q", 0 0;
v0x59e2d3595840_0 .var "branch_taken_r", 0 0;
v0x59e2d351a6e0_0 .var "branch_target_r", 31 0;
v0x59e2d351a7c0_0 .net "clk_i", 0 0, v0x59e2d3787d50_0;  alias, 1 drivers
v0x59e2d322dfb0_0 .net "hold_i", 0 0, L_0x59e2d3830360;  alias, 1 drivers
v0x59e2d322e070_0 .var "imm12_r", 31 0;
v0x59e2d322d400_0 .var "imm20_r", 31 0;
v0x59e2d322d4e0_0 .var "jimm20_r", 31 0;
v0x59e2d352f270_0 .net "mule_complete_i", 0 0, v0x59e2d3770d70_0;  alias, 1 drivers
v0x59e2d352f330_0 .net "mule_result_i", 31 0, L_0x59e2d3824040;  alias, 1 drivers
v0x59e2d3586970_0 .net "opcode_invalid_i", 0 0, L_0x78152e1c74d0;  alias, 1 drivers
v0x59e2d3586a10_0 .net "opcode_opcode_i", 31 0, L_0x59e2d383faf0;  alias, 1 drivers
v0x59e2d35833d0_0 .net "opcode_pc_i", 31 0, v0x59e2d37324e0_0;  alias, 1 drivers
v0x59e2d35834a0_0 .net "opcode_ra_idx_i", 4 0, L_0x59e2d383ff50;  alias, 1 drivers
v0x59e2d2f4d2c0_0 .net "opcode_ra_operand_i", 31 0, v0x59e2d372dd30_0;  alias, 1 drivers
v0x59e2d2f4d390_0 .net "opcode_rb_idx_i", 4 0, L_0x59e2d3840370;  alias, 1 drivers
v0x59e2d34f9690_0 .net "opcode_rb_operand_i", 31 0, v0x59e2d372df10_0;  alias, 1 drivers
v0x59e2d34f9760_0 .net "opcode_rd_idx_i", 4 0, L_0x59e2d383fee0;  alias, 1 drivers
v0x59e2d34f9a40_0 .net "opcode_valid_i", 0 0, L_0x59e2d3838fe0;  alias, 1 drivers
v0x59e2d34f9ae0_0 .var "pc_m_q", 31 0;
v0x59e2d34f7780_0 .var "pc_x_q", 31 0;
v0x59e2d34f7860_0 .var "result_q", 31 0;
v0x59e2d34f9df0_0 .net "rst_i", 0 0, v0x59e2d3789c80_0;  alias, 1 drivers
v0x59e2d34f9e90_0 .var "shamt_r", 4 0;
v0x59e2d3504c80_0 .net "writeback_value_o", 31 0, L_0x59e2d3846f30;  alias, 1 drivers
E_0x59e2d2e846a0/0 .event anyedge, v0x59e2d3647280_0, v0x59e2d3567530_0, v0x59e2d34c8640_0, v0x59e2d322d4e0_0;
E_0x59e2d2e846a0/1 .event anyedge, v0x59e2d32d8e20_0, v0x59e2d3646d60_0, v0x59e2d322e070_0, v0x59e2d3646ff0_0;
E_0x59e2d2e846a0/2 .event anyedge, v0x59e2d3596860_0, v0x59e2d34e9160_0, v0x59e2d32da270_0;
E_0x59e2d2e846a0 .event/or E_0x59e2d2e846a0/0, E_0x59e2d2e846a0/1, E_0x59e2d2e846a0/2;
E_0x59e2d2e84740/0 .event anyedge, v0x59e2d34c8640_0, v0x59e2d3646d60_0, v0x59e2d32da270_0, v0x59e2d322e070_0;
E_0x59e2d2e84740/1 .event anyedge, v0x59e2d34f9e90_0, v0x59e2d322d400_0, v0x59e2d3647280_0;
E_0x59e2d2e84740 .event/or E_0x59e2d2e84740/0, E_0x59e2d2e84740/1;
E_0x59e2d2e847c0 .event anyedge, v0x59e2d34c8640_0;
L_0x59e2d3846f30 .functor MUXZ 32, v0x59e2d34f7860_0, L_0x59e2d3824040, v0x59e2d3770d70_0, C4<>;
S_0x59e2d34f8ed0 .scope function.vec4.s1, "greater_than_signed" "greater_than_signed" 9 280, 9 280 0, S_0x59e2d3577690;
 .timescale 0 0;
; Variable greater_than_signed is vec4 return value of scope S_0x59e2d34f8ed0
v0x59e2d34c7610_0 .var "v", 31 0;
v0x59e2d3561260_0 .var "x", 31 0;
v0x59e2d3561320_0 .var "y", 31 0;
TD_tb_muls.u_dut.u_exec0.greater_than_signed ;
    %load/vec4 v0x59e2d3561320_0;
    %load/vec4 v0x59e2d3561260_0;
    %sub;
    %store/vec4 v0x59e2d34c7610_0, 0, 32;
    %load/vec4 v0x59e2d3561260_0;
    %parti/s 1, 31, 6;
    %load/vec4 v0x59e2d3561320_0;
    %parti/s 1, 31, 6;
    %cmp/ne;
    %jmp/0xz  T_2.6, 4;
    %load/vec4 v0x59e2d3561320_0;
    %parti/s 1, 31, 6;
    %ret/vec4 0, 0, 1;  Assign to greater_than_signed (store_vec4_to_lval)
    %jmp T_2.7;
T_2.6 ;
    %load/vec4 v0x59e2d34c7610_0;
    %parti/s 1, 31, 6;
    %ret/vec4 0, 0, 1;  Assign to greater_than_signed (store_vec4_to_lval)
T_2.7 ;
    %end;
S_0x59e2d36beda0 .scope function.vec4.s1, "less_than_signed" "less_than_signed" 9 262, 9 262 0, S_0x59e2d3577690;
 .timescale 0 0;
; Variable less_than_signed is vec4 return value of scope S_0x59e2d36beda0
v0x59e2d3506720_0 .var "v", 31 0;
v0x59e2d3506b50_0 .var "x", 31 0;
v0x59e2d3506c10_0 .var "y", 31 0;
TD_tb_muls.u_dut.u_exec0.less_than_signed ;
    %load/vec4 v0x59e2d3506b50_0;
    %load/vec4 v0x59e2d3506c10_0;
    %sub;
    %store/vec4 v0x59e2d3506720_0, 0, 32;
    %load/vec4 v0x59e2d3506b50_0;
    %parti/s 1, 31, 6;
    %load/vec4 v0x59e2d3506c10_0;
    %parti/s 1, 31, 6;
    %cmp/ne;
    %jmp/0xz  T_3.8, 4;
    %load/vec4 v0x59e2d3506b50_0;
    %parti/s 1, 31, 6;
    %ret/vec4 0, 0, 1;  Assign to less_than_signed (store_vec4_to_lval)
    %jmp T_3.9;
T_3.8 ;
    %load/vec4 v0x59e2d3506720_0;
    %parti/s 1, 31, 6;
    %ret/vec4 0, 0, 1;  Assign to less_than_signed (store_vec4_to_lval)
T_3.9 ;
    %end;
S_0x59e2d32ad040 .scope module, "u_alu" "biriscv_alu" 9 236, 10 25 0, S_0x59e2d3577690;
 .timescale 0 0;
    .port_info 0 /INPUT 4 "alu_op_i";
    .port_info 1 /INPUT 32 "alu_a_i";
    .port_info 2 /INPUT 32 "alu_b_i";
    .port_info 3 /OUTPUT 32 "alu_p_o";
L_0x59e2d3846ec0 .functor BUFZ 32, v0x59e2d3651960_0, C4<00000000000000000000000000000000>, C4<00000000000000000000000000000000>, C4<00000000000000000000000000000000>;
v0x59e2d3505ba0_0 .net "alu_a_i", 31 0, v0x59e2d3568570_0;  1 drivers
v0x59e2d3657ed0_0 .net "alu_b_i", 31 0, v0x59e2d3567d80_0;  1 drivers
v0x59e2d3655a90_0 .net "alu_op_i", 3 0, v0x59e2d358c230_0;  1 drivers
v0x59e2d3653e10_0 .net "alu_p_o", 31 0, L_0x59e2d3846ec0;  alias, 1 drivers
v0x59e2d3651960_0 .var "result_r", 31 0;
v0x59e2d364fce0_0 .var "shift_left_1_r", 31 0;
v0x59e2d361bf20_0 .var "shift_left_2_r", 31 0;
v0x59e2d36138c0_0 .var "shift_left_4_r", 31 0;
v0x59e2d35f0240_0 .var "shift_left_8_r", 31 0;
v0x59e2d35c38d0_0 .var "shift_right_1_r", 31 0;
v0x59e2d32af2e0_0 .var "shift_right_2_r", 31 0;
v0x59e2d3530200_0 .var "shift_right_4_r", 31 0;
v0x59e2d32a6cb0_0 .var "shift_right_8_r", 31 0;
v0x59e2d32a6d90_0 .var "shift_right_fill_r", 31 16;
v0x59e2d35740f0_0 .net "sub_res_w", 31 0, L_0x59e2d3846e20;  1 drivers
E_0x59e2d2e58960 .event anyedge, v0x59e2d35740f0_0, v0x59e2d3657ed0_0, v0x59e2d3505ba0_0, v0x59e2d3655a90_0;
L_0x59e2d3846e20 .arith/sub 32, v0x59e2d3568570_0, v0x59e2d3567d80_0;
S_0x59e2d36bf0e0 .scope module, "u_exec1" "biriscv_exec" 4 940, 9 26 0, S_0x59e2d34cce00;
 .timescale 0 0;
    .port_info 0 /INPUT 1 "clk_i";
    .port_info 1 /INPUT 1 "rst_i";
    .port_info 2 /INPUT 1 "opcode_valid_i";
    .port_info 3 /INPUT 32 "opcode_opcode_i";
    .port_info 4 /INPUT 32 "opcode_pc_i";
    .port_info 5 /INPUT 1 "opcode_invalid_i";
    .port_info 6 /INPUT 5 "opcode_rd_idx_i";
    .port_info 7 /INPUT 5 "opcode_ra_idx_i";
    .port_info 8 /INPUT 5 "opcode_rb_idx_i";
    .port_info 9 /INPUT 32 "opcode_ra_operand_i";
    .port_info 10 /INPUT 32 "opcode_rb_operand_i";
    .port_info 11 /INPUT 1 "hold_i";
    .port_info 12 /INPUT 1 "mule_complete_i";
    .port_info 13 /INPUT 32 "mule_result_i";
    .port_info 14 /OUTPUT 1 "branch_request_o";
    .port_info 15 /OUTPUT 1 "branch_is_taken_o";
    .port_info 16 /OUTPUT 1 "branch_is_not_taken_o";
    .port_info 17 /OUTPUT 32 "branch_source_o";
    .port_info 18 /OUTPUT 1 "branch_is_call_o";
    .port_info 19 /OUTPUT 1 "branch_is_ret_o";
    .port_info 20 /OUTPUT 1 "branch_is_jmp_o";
    .port_info 21 /OUTPUT 32 "branch_pc_o";
    .port_info 22 /OUTPUT 1 "branch_d_request_o";
    .port_info 23 /OUTPUT 32 "branch_d_pc_o";
    .port_info 24 /OUTPUT 2 "branch_d_priv_o";
    .port_info 25 /OUTPUT 32 "writeback_value_o";
L_0x59e2d3847bf0 .functor OR 1, v0x59e2d36556b0_0, v0x59e2d3657130_0, C4<0>, C4<0>;
L_0x59e2d3847c60 .functor BUFZ 1, v0x59e2d36556b0_0, C4<0>, C4<0>, C4<0>;
L_0x59e2d3847d60 .functor BUFZ 1, v0x59e2d3657130_0, C4<0>, C4<0>, C4<0>;
L_0x59e2d3848360 .functor AND 1, v0x59e2d3656dd0_0, L_0x59e2d3839d80, C4<1>, C4<1>;
L_0x59e2d3848460 .functor AND 1, L_0x59e2d3848360, v0x59e2d3655770_0, C4<1>, C4<1>;
v0x59e2d35b24b0_0 .net *"_ivl_19", 0 0, L_0x59e2d3848360;  1 drivers
v0x59e2d35b2590_0 .var "alu_func_r", 3 0;
v0x59e2d35b2130_0 .var "alu_input_a_r", 31 0;
v0x59e2d35b1db0_0 .var "alu_input_b_r", 31 0;
v0x59e2d35b1e80_0 .net "alu_p_w", 31 0, L_0x59e2d3847a50;  1 drivers
v0x59e2d35b1a30_0 .var "bimm_r", 31 0;
v0x59e2d35b1ad0_0 .var "branch_call_q", 0 0;
v0x59e2d35b1740_0 .var "branch_call_r", 0 0;
v0x59e2d35b1800_0 .net "branch_d_pc_o", 31 0, v0x59e2d3655330_0;  alias, 1 drivers
v0x59e2d35b1450_0 .net "branch_d_priv_o", 1 0, L_0x78152e1c7638;  alias, 1 drivers
v0x59e2d35b1530_0 .net "branch_d_request_o", 0 0, L_0x59e2d3848460;  alias, 1 drivers
v0x59e2d3657af0_0 .net "branch_is_call_o", 0 0, v0x59e2d35b1ad0_0;  alias, 1 drivers
v0x59e2d3657b90_0 .net "branch_is_jmp_o", 0 0, v0x59e2d36574b0_0;  alias, 1 drivers
v0x59e2d3657770_0 .net "branch_is_not_taken_o", 0 0, L_0x59e2d3847d60;  alias, 1 drivers
v0x59e2d3657830_0 .net "branch_is_ret_o", 0 0, v0x59e2d3656a30_0;  alias, 1 drivers
v0x59e2d36573f0_0 .net "branch_is_taken_o", 0 0, L_0x59e2d3847c60;  alias, 1 drivers
v0x59e2d36574b0_0 .var "branch_jmp_q", 0 0;
v0x59e2d3657070_0 .var "branch_jmp_r", 0 0;
v0x59e2d3657130_0 .var "branch_ntaken_q", 0 0;
v0x59e2d3656cf0_0 .net "branch_pc_o", 31 0, v0x59e2d3653b10_0;  alias, 1 drivers
v0x59e2d3656dd0_0 .var "branch_r", 0 0;
v0x59e2d3656970_0 .net "branch_request_o", 0 0, L_0x59e2d3847bf0;  alias, 1 drivers
v0x59e2d3656a30_0 .var "branch_ret_q", 0 0;
v0x59e2d36565f0_0 .var "branch_ret_r", 0 0;
v0x59e2d36566b0_0 .net "branch_source_o", 31 0, v0x59e2d3653a30_0;  alias, 1 drivers
v0x59e2d36556b0_0 .var "branch_taken_q", 0 0;
v0x59e2d3655770_0 .var "branch_taken_r", 0 0;
v0x59e2d3655330_0 .var "branch_target_r", 31 0;
v0x59e2d3655410_0 .net "clk_i", 0 0, v0x59e2d3787d50_0;  alias, 1 drivers
v0x59e2d35b0900_0 .net "hold_i", 0 0, L_0x59e2d3835800;  alias, 1 drivers
v0x59e2d35b09c0_0 .var "imm12_r", 31 0;
v0x59e2d3654fb0_0 .var "imm20_r", 31 0;
v0x59e2d3655090_0 .var "jimm20_r", 31 0;
v0x59e2d2ec2b60_0 .net "mule_complete_i", 0 0, v0x59e2d3770d70_0;  alias, 1 drivers
v0x59e2d2ec2c00_0 .net "mule_result_i", 31 0, L_0x59e2d3824040;  alias, 1 drivers
v0x59e2d2ec2cd0_0 .net "opcode_invalid_i", 0 0, L_0x78152e1c7518;  alias, 1 drivers
v0x59e2d3654c30_0 .net "opcode_opcode_i", 31 0, L_0x59e2d3840910;  alias, 1 drivers
v0x59e2d3654cf0_0 .net "opcode_pc_i", 31 0, v0x59e2d37328a0_0;  alias, 1 drivers
v0x59e2d36548b0_0 .net "opcode_ra_idx_i", 4 0, L_0x59e2d38412a0;  alias, 1 drivers
v0x59e2d3654970_0 .net "opcode_ra_operand_i", 31 0, v0x59e2d372e730_0;  alias, 1 drivers
v0x59e2d3654530_0 .net "opcode_rb_idx_i", 4 0, L_0x59e2d3841310;  alias, 1 drivers
v0x59e2d3654610_0 .net "opcode_rb_operand_i", 31 0, v0x59e2d372e910_0;  alias, 1 drivers
v0x59e2d36541b0_0 .net "opcode_rd_idx_i", 4 0, L_0x59e2d3840ee0;  alias, 1 drivers
v0x59e2d3654270_0 .net "opcode_valid_i", 0 0, L_0x59e2d3839d80;  alias, 1 drivers
v0x59e2d3653a30_0 .var "pc_m_q", 31 0;
v0x59e2d3653b10_0 .var "pc_x_q", 31 0;
v0x59e2d36536b0_0 .var "result_q", 31 0;
v0x59e2d3653790_0 .net "rst_i", 0 0, v0x59e2d3789c80_0;  alias, 1 drivers
v0x59e2d3653330_0 .var "shamt_r", 4 0;
v0x59e2d3653410_0 .net "writeback_value_o", 31 0, L_0x59e2d3847ac0;  alias, 1 drivers
E_0x59e2d34b7100/0 .event anyedge, v0x59e2d3654cf0_0, v0x59e2d35b1a30_0, v0x59e2d3654c30_0, v0x59e2d3655090_0;
E_0x59e2d34b7100/1 .event anyedge, v0x59e2d36541b0_0, v0x59e2d3654970_0, v0x59e2d35b09c0_0, v0x59e2d36548b0_0;
E_0x59e2d34b7100/2 .event anyedge, v0x59e2d36565f0_0, v0x59e2d35b1740_0, v0x59e2d3654610_0;
E_0x59e2d34b7100 .event/or E_0x59e2d34b7100/0, E_0x59e2d34b7100/1, E_0x59e2d34b7100/2;
E_0x59e2d2eadcd0/0 .event anyedge, v0x59e2d3654c30_0, v0x59e2d3654970_0, v0x59e2d3654610_0, v0x59e2d35b09c0_0;
E_0x59e2d2eadcd0/1 .event anyedge, v0x59e2d3653330_0, v0x59e2d3654fb0_0, v0x59e2d3654cf0_0;
E_0x59e2d2eadcd0 .event/or E_0x59e2d2eadcd0/0, E_0x59e2d2eadcd0/1;
E_0x59e2d2eadd50 .event anyedge, v0x59e2d3654c30_0;
L_0x59e2d3847ac0 .functor MUXZ 32, v0x59e2d36536b0_0, L_0x59e2d3824040, v0x59e2d3770d70_0, C4<>;
S_0x59e2d32ad390 .scope function.vec4.s1, "greater_than_signed" "greater_than_signed" 9 280, 9 280 0, S_0x59e2d36bf0e0;
 .timescale 0 0;
; Variable greater_than_signed is vec4 return value of scope S_0x59e2d32ad390
v0x59e2d34cb430_0 .var "v", 31 0;
v0x59e2d34cb510_0 .var "x", 31 0;
v0x59e2d34cb7e0_0 .var "y", 31 0;
TD_tb_muls.u_dut.u_exec1.greater_than_signed ;
    %load/vec4 v0x59e2d34cb7e0_0;
    %load/vec4 v0x59e2d34cb510_0;
    %sub;
    %store/vec4 v0x59e2d34cb430_0, 0, 32;
    %load/vec4 v0x59e2d34cb510_0;
    %parti/s 1, 31, 6;
    %load/vec4 v0x59e2d34cb7e0_0;
    %parti/s 1, 31, 6;
    %cmp/ne;
    %jmp/0xz  T_4.10, 4;
    %load/vec4 v0x59e2d34cb7e0_0;
    %parti/s 1, 31, 6;
    %ret/vec4 0, 0, 1;  Assign to greater_than_signed (store_vec4_to_lval)
    %jmp T_4.11;
T_4.10 ;
    %load/vec4 v0x59e2d34cb430_0;
    %parti/s 1, 31, 6;
    %ret/vec4 0, 0, 1;  Assign to greater_than_signed (store_vec4_to_lval)
T_4.11 ;
    %end;
S_0x59e2d32ae3d0 .scope function.vec4.s1, "less_than_signed" "less_than_signed" 9 262, 9 262 0, S_0x59e2d36bf0e0;
 .timescale 0 0;
; Variable less_than_signed is vec4 return value of scope S_0x59e2d32ae3d0
v0x59e2d34cc3d0_0 .var "v", 31 0;
v0x59e2d34cacd0_0 .var "x", 31 0;
v0x59e2d34cadc0_0 .var "y", 31 0;
TD_tb_muls.u_dut.u_exec1.less_than_signed ;
    %load/vec4 v0x59e2d34cacd0_0;
    %load/vec4 v0x59e2d34cadc0_0;
    %sub;
    %store/vec4 v0x59e2d34cc3d0_0, 0, 32;
    %load/vec4 v0x59e2d34cacd0_0;
    %parti/s 1, 31, 6;
    %load/vec4 v0x59e2d34cadc0_0;
    %parti/s 1, 31, 6;
    %cmp/ne;
    %jmp/0xz  T_5.12, 4;
    %load/vec4 v0x59e2d34cacd0_0;
    %parti/s 1, 31, 6;
    %ret/vec4 0, 0, 1;  Assign to less_than_signed (store_vec4_to_lval)
    %jmp T_5.13;
T_5.12 ;
    %load/vec4 v0x59e2d34cc3d0_0;
    %parti/s 1, 31, 6;
    %ret/vec4 0, 0, 1;  Assign to less_than_signed (store_vec4_to_lval)
T_5.13 ;
    %end;
S_0x59e2d32accf0 .scope module, "u_alu" "biriscv_alu" 9 236, 10 25 0, S_0x59e2d36bf0e0;
 .timescale 0 0;
    .port_info 0 /INPUT 4 "alu_op_i";
    .port_info 1 /INPUT 32 "alu_a_i";
    .port_info 2 /INPUT 32 "alu_b_i";
    .port_info 3 /OUTPUT 32 "alu_p_o";
L_0x59e2d3847a50 .functor BUFZ 32, v0x59e2d34c9310_0, C4<00000000000000000000000000000000>, C4<00000000000000000000000000000000>, C4<00000000000000000000000000000000>;
v0x59e2d34cbb90_0 .net "alu_a_i", 31 0, v0x59e2d35b2130_0;  1 drivers
v0x59e2d34cbc70_0 .net "alu_b_i", 31 0, v0x59e2d35b1db0_0;  1 drivers
v0x59e2d34cbf40_0 .net "alu_op_i", 3 0, v0x59e2d35b2590_0;  1 drivers
v0x59e2d34cc030_0 .net "alu_p_o", 31 0, L_0x59e2d3847a50;  alias, 1 drivers
v0x59e2d34c9310_0 .var "result_r", 31 0;
v0x59e2d34c96c0_0 .var "shift_left_1_r", 31 0;
v0x59e2d34c97a0_0 .var "shift_left_2_r", 31 0;
v0x59e2d34c9e10_0 .var "shift_left_4_r", 31 0;
v0x59e2d34c9ef0_0 .var "shift_left_8_r", 31 0;
v0x59e2d34ca570_0 .var "shift_right_1_r", 31 0;
v0x59e2d34ca630_0 .var "shift_right_2_r", 31 0;
v0x59e2d35b2bb0_0 .var "shift_right_4_r", 31 0;
v0x59e2d35b2c90_0 .var "shift_right_8_r", 31 0;
v0x59e2d35b2830_0 .var "shift_right_fill_r", 31 16;
v0x59e2d35b28f0_0 .net "sub_res_w", 31 0, L_0x59e2d38479b0;  1 drivers
E_0x59e2d30b0f20 .event anyedge, v0x59e2d35b28f0_0, v0x59e2d34cbc70_0, v0x59e2d34cbb90_0, v0x59e2d34cbf40_0;
L_0x59e2d38479b0 .arith/sub 32, v0x59e2d35b2130_0, v0x59e2d35b1db0_0;
S_0x59e2d3652fb0 .scope module, "u_frontend" "biriscv_frontend" 4 337, 11 26 0, S_0x59e2d34cce00;
 .timescale 0 0;
    .port_info 0 /INPUT 1 "clk_i";
    .port_info 1 /INPUT 1 "rst_i";
    .port_info 2 /INPUT 1 "icache_accept_i";
    .port_info 3 /INPUT 1 "icache_valid_i";
    .port_info 4 /INPUT 1 "icache_error_i";
    .port_info 5 /INPUT 64 "icache_inst_i";
    .port_info 6 /INPUT 1 "icache_page_fault_i";
    .port_info 7 /INPUT 1 "fetch0_accept_i";
    .port_info 8 /INPUT 1 "fetch1_accept_i";
    .port_info 9 /INPUT 1 "fetch_invalidate_i";
    .port_info 10 /INPUT 1 "branch_request_i";
    .port_info 11 /INPUT 32 "branch_pc_i";
    .port_info 12 /INPUT 2 "branch_priv_i";
    .port_info 13 /INPUT 1 "branch_info_request_i";
    .port_info 14 /INPUT 1 "branch_info_is_taken_i";
    .port_info 15 /INPUT 1 "branch_info_is_not_taken_i";
    .port_info 16 /INPUT 32 "branch_info_source_i";
    .port_info 17 /INPUT 1 "branch_info_is_call_i";
    .port_info 18 /INPUT 1 "branch_info_is_ret_i";
    .port_info 19 /INPUT 1 "branch_info_is_jmp_i";
    .port_info 20 /INPUT 32 "branch_info_pc_i";
    .port_info 21 /OUTPUT 1 "icache_rd_o";
    .port_info 22 /OUTPUT 1 "icache_flush_o";
    .port_info 23 /OUTPUT 1 "icache_invalidate_o";
    .port_info 24 /OUTPUT 32 "icache_pc_o";
    .port_info 25 /OUTPUT 2 "icache_priv_o";
    .port_info 26 /OUTPUT 1 "fetch0_valid_o";
    .port_info 27 /OUTPUT 32 "fetch0_instr_o";
    .port_info 28 /OUTPUT 32 "fetch0_pc_o";
    .port_info 29 /OUTPUT 1 "fetch0_fault_fetch_o";
    .port_info 30 /OUTPUT 1 "fetch0_fault_page_o";
    .port_info 31 /OUTPUT 1 "fetch0_instr_exec_o";
    .port_info 32 /OUTPUT 1 "fetch0_instr_lsu_o";
    .port_info 33 /OUTPUT 1 "fetch0_instr_branch_o";
    .port_info 34 /OUTPUT 1 "fetch0_instr_mul_o";
    .port_info 35 /OUTPUT 1 "fetch0_instr_div_o";
    .port_info 36 /OUTPUT 1 "fetch0_instr_csr_o";
    .port_info 37 /OUTPUT 1 "fetch0_instr_rd_valid_o";
    .port_info 38 /OUTPUT 1 "fetch0_instr_invalid_o";
    .port_info 39 /OUTPUT 1 "fetch0_instr_mule_o";
    .port_info 40 /OUTPUT 1 "fetch0_instr_muls_o";
    .port_info 41 /OUTPUT 1 "fetch0_instr_cbm_o";
    .port_info 42 /OUTPUT 1 "fetch0_instr_mulp_o";
    .port_info 43 /OUTPUT 1 "fetch1_valid_o";
    .port_info 44 /OUTPUT 32 "fetch1_instr_o";
    .port_info 45 /OUTPUT 32 "fetch1_pc_o";
    .port_info 46 /OUTPUT 1 "fetch1_fault_fetch_o";
    .port_info 47 /OUTPUT 1 "fetch1_fault_page_o";
    .port_info 48 /OUTPUT 1 "fetch1_instr_exec_o";
    .port_info 49 /OUTPUT 1 "fetch1_instr_lsu_o";
    .port_info 50 /OUTPUT 1 "fetch1_instr_branch_o";
    .port_info 51 /OUTPUT 1 "fetch1_instr_mul_o";
    .port_info 52 /OUTPUT 1 "fetch1_instr_div_o";
    .port_info 53 /OUTPUT 1 "fetch1_instr_csr_o";
    .port_info 54 /OUTPUT 1 "fetch1_instr_rd_valid_o";
    .port_info 55 /OUTPUT 1 "fetch1_instr_invalid_o";
    .port_info 56 /OUTPUT 1 "fetch1_instr_mule_o";
    .port_info 57 /OUTPUT 1 "fetch1_instr_muls_o";
    .port_info 58 /OUTPUT 1 "fetch1_instr_cbm_o";
    .port_info 59 /OUTPUT 1 "fetch1_instr_mulp_o";
P_0x59e2d2ef19f0 .param/l "BHT_ENABLE" 0 11 41, +C4<00000000000000000000000000000001>;
P_0x59e2d2ef1a30 .param/l "EXTRA_DECODE_STAGE" 0 11 34, +C4<00000000000000000000000000000000>;
P_0x59e2d2ef1a70 .param/l "GSHARE_ENABLE" 0 11 40, +C4<00000000000000000000000000000000>;
P_0x59e2d2ef1ab0 .param/l "NUM_BHT_ENTRIES" 0 11 37, +C4<00000000000000000000001000000000>;
P_0x59e2d2ef1af0 .param/l "NUM_BHT_ENTRIES_W" 0 11 38, +C4<00000000000000000000000000001001>;
P_0x59e2d2ef1b30 .param/l "NUM_BTB_ENTRIES" 0 11 35, +C4<00000000000000000000000000100000>;
P_0x59e2d2ef1b70 .param/l "NUM_BTB_ENTRIES_W" 0 11 36, +C4<00000000000000000000000000000101>;
P_0x59e2d2ef1bb0 .param/l "NUM_RAS_ENTRIES" 0 11 42, +C4<00000000000000000000000000001000>;
P_0x59e2d2ef1bf0 .param/l "NUM_RAS_ENTRIES_W" 0 11 43, +C4<00000000000000000000000000000011>;
P_0x59e2d2ef1c30 .param/l "RAS_ENABLE" 0 11 39, +C4<00000000000000000000000000000001>;
P_0x59e2d2ef1c70 .param/l "SUPPORT_BRANCH_PREDICTION" 0 11 31, +C4<00000000000000000000000000000001>;
P_0x59e2d2ef1cb0 .param/l "SUPPORT_MMU" 0 11 33, +C4<00000000000000000000000000000000>;
P_0x59e2d2ef1cf0 .param/l "SUPPORT_MULDIV" 0 11 32, +C4<00000000000000000000000000000001>;
v0x59e2d370d730_0 .net "branch_info_is_call_i", 0 0, L_0x59e2d3836c30;  alias, 1 drivers
v0x59e2d370d7d0_0 .net "branch_info_is_jmp_i", 0 0, L_0x59e2d3837150;  alias, 1 drivers
v0x59e2d370d870_0 .net "branch_info_is_not_taken_i", 0 0, L_0x59e2d3836b30;  alias, 1 drivers
v0x59e2d370d910_0 .net "branch_info_is_ret_i", 0 0, L_0x59e2d3837050;  alias, 1 drivers
v0x59e2d370d9b0_0 .net "branch_info_is_taken_i", 0 0, L_0x59e2d3836820;  alias, 1 drivers
v0x59e2d370da50_0 .net "branch_info_pc_i", 31 0, L_0x59e2d3837520;  alias, 1 drivers
v0x59e2d370daf0_0 .net "branch_info_request_i", 0 0, L_0x59e2d38363d0;  alias, 1 drivers
v0x59e2d370db90_0 .net "branch_info_source_i", 31 0, L_0x59e2d3836a20;  alias, 1 drivers
v0x59e2d370dc30_0 .net "branch_pc_i", 31 0, L_0x59e2d382a040;  alias, 1 drivers
v0x59e2d370dcd0_0 .net "branch_priv_i", 1 0, L_0x59e2d382a4c0;  alias, 1 drivers
v0x59e2d370dd70_0 .net "branch_request_i", 0 0, L_0x59e2d382a450;  alias, 1 drivers
v0x59e2d370de10_0 .net "clk_i", 0 0, v0x59e2d3787d50_0;  alias, 1 drivers
v0x59e2d370deb0_0 .net "fetch0_accept_i", 0 0, L_0x59e2d383b450;  alias, 1 drivers
v0x59e2d370df50_0 .net "fetch0_fault_fetch_o", 0 0, L_0x59e2d37a1540;  alias, 1 drivers
v0x59e2d370dff0_0 .net "fetch0_fault_page_o", 0 0, L_0x59e2d37a14a0;  alias, 1 drivers
v0x59e2d370e090_0 .net "fetch0_instr_branch_o", 0 0, L_0x59e2d37d0860;  alias, 1 drivers
v0x59e2d370e130_0 .net "fetch0_instr_cbm_o", 0 0, L_0x59e2d37d5970;  alias, 1 drivers
v0x59e2d370e2e0_0 .net "fetch0_instr_csr_o", 0 0, L_0x59e2d37d4b40;  alias, 1 drivers
v0x59e2d370e380_0 .net "fetch0_instr_div_o", 0 0, L_0x59e2d37d2100;  alias, 1 drivers
v0x59e2d370e420_0 .net "fetch0_instr_exec_o", 0 0, L_0x59e2d37ce460;  alias, 1 drivers
v0x59e2d370e4c0_0 .net "fetch0_instr_invalid_o", 0 0, L_0x59e2d37b9920;  alias, 1 drivers
v0x59e2d370e560_0 .net "fetch0_instr_lsu_o", 0 0, L_0x59e2d37ce630;  alias, 1 drivers
v0x59e2d370e600_0 .net "fetch0_instr_mul_o", 0 0, L_0x59e2d37d1ba0;  alias, 1 drivers
v0x59e2d370e6a0_0 .net "fetch0_instr_mule_o", 0 0, L_0x59e2d37d5360;  alias, 1 drivers
v0x59e2d370e740_0 .net "fetch0_instr_mulp_o", 0 0, L_0x59e2d37d5c30;  alias, 1 drivers
v0x59e2d370e7e0_0 .net "fetch0_instr_muls_o", 0 0, L_0x59e2d37d56b0;  alias, 1 drivers
v0x59e2d370e880_0 .net "fetch0_instr_o", 31 0, L_0x59e2d37a00c0;  alias, 1 drivers
v0x59e2d370e920_0 .net "fetch0_instr_rd_valid_o", 0 0, L_0x59e2d37c66d0;  alias, 1 drivers
v0x59e2d370e9c0_0 .net "fetch0_pc_o", 31 0, L_0x59e2d379fab0;  alias, 1 drivers
v0x59e2d370ea60_0 .net "fetch0_valid_o", 0 0, L_0x59e2d379eba0;  alias, 1 drivers
v0x59e2d370eb00_0 .net "fetch1_accept_i", 0 0, L_0x59e2d383bc10;  alias, 1 drivers
v0x59e2d370eba0_0 .net "fetch1_fault_fetch_o", 0 0, L_0x59e2d37a17e0;  alias, 1 drivers
v0x59e2d370ec40_0 .net "fetch1_fault_page_o", 0 0, L_0x59e2d37a1670;  alias, 1 drivers
v0x59e2d370ece0_0 .net "fetch1_instr_branch_o", 0 0, L_0x59e2d3805060;  alias, 1 drivers
v0x59e2d370ed80_0 .net "fetch1_instr_cbm_o", 0 0, L_0x59e2d380a170;  alias, 1 drivers
v0x59e2d370ee20_0 .net "fetch1_instr_csr_o", 0 0, L_0x59e2d3809340;  alias, 1 drivers
v0x59e2d370eec0_0 .net "fetch1_instr_div_o", 0 0, L_0x59e2d3806900;  alias, 1 drivers
v0x59e2d370ef60_0 .net "fetch1_instr_exec_o", 0 0, L_0x59e2d3802c60;  alias, 1 drivers
v0x59e2d370f000_0 .net "fetch1_instr_invalid_o", 0 0, L_0x59e2d37eda20;  alias, 1 drivers
v0x59e2d370f0a0_0 .net "fetch1_instr_lsu_o", 0 0, L_0x59e2d3802e30;  alias, 1 drivers
v0x59e2d370f140_0 .net "fetch1_instr_mul_o", 0 0, L_0x59e2d38063a0;  alias, 1 drivers
v0x59e2d370f1e0_0 .net "fetch1_instr_mule_o", 0 0, L_0x59e2d3809b60;  alias, 1 drivers
v0x59e2d370f280_0 .net "fetch1_instr_mulp_o", 0 0, L_0x59e2d380a430;  alias, 1 drivers
v0x59e2d370f320_0 .net "fetch1_instr_muls_o", 0 0, L_0x59e2d3809eb0;  alias, 1 drivers
v0x59e2d370f3c0_0 .net "fetch1_instr_o", 31 0, L_0x59e2d37a06e0;  alias, 1 drivers
v0x59e2d370f460_0 .net "fetch1_instr_rd_valid_o", 0 0, L_0x59e2d37fbfe0;  alias, 1 drivers
v0x59e2d370f500_0 .net "fetch1_pc_o", 31 0, L_0x59e2d379ff80;  alias, 1 drivers
v0x59e2d370f5a0_0 .net "fetch1_valid_o", 0 0, L_0x59e2d379f300;  alias, 1 drivers
v0x59e2d370f640_0 .net "fetch_accept_w", 0 0, L_0x59e2d379f680;  1 drivers
v0x59e2d370f6e0_0 .net "fetch_fault_fetch_w", 0 0, L_0x59e2d380cf00;  1 drivers
v0x59e2d370f780_0 .net "fetch_fault_page_w", 0 0, L_0x59e2d380d170;  1 drivers
v0x59e2d370f820_0 .net "fetch_instr_w", 63 0, L_0x59e2d380c8a0;  1 drivers
v0x59e2d370f8c0_0 .net "fetch_invalidate_i", 0 0, v0x59e2d3624590_0;  alias, 1 drivers
v0x59e2d370f960_0 .net "fetch_pc_accept_w", 0 0, L_0x59e2d380d210;  1 drivers
v0x59e2d370fa00_0 .net "fetch_pc_f_w", 31 0, L_0x59e2d380c830;  1 drivers
v0x59e2d370faa0_0 .net "fetch_pc_w", 31 0, L_0x59e2d380c570;  1 drivers
v0x59e2d370fb40_0 .net "fetch_pred_branch_w", 1 0, L_0x59e2d380cb80;  1 drivers
v0x59e2d370fbe0_0 .net "fetch_valid_w", 0 0, L_0x59e2d380c280;  1 drivers
v0x59e2d370fc80_0 .net "icache_accept_i", 0 0, L_0x59e2d380d680;  alias, 1 drivers
v0x59e2d370fd20_0 .net "icache_error_i", 0 0, L_0x59e2d380d880;  alias, 1 drivers
v0x59e2d370fdc0_0 .net "icache_flush_o", 0 0, L_0x59e2d3809a00;  alias, 1 drivers
v0x59e2d370fe60_0 .net "icache_inst_i", 63 0, L_0x59e2d380d980;  alias, 1 drivers
v0x59e2d370ff00_0 .net "icache_invalidate_o", 0 0, L_0x78152e1c3db0;  alias, 1 drivers
v0x59e2d370ffa0_0 .net "icache_page_fault_i", 0 0, L_0x78152e1c3e40;  alias, 1 drivers
v0x59e2d3710040_0 .net "icache_pc_o", 31 0, L_0x59e2d38098a0;  alias, 1 drivers
v0x59e2d37104f0_0 .net "icache_priv_o", 1 0, L_0x59e2d3809990;  alias, 1 drivers
v0x59e2d3710590_0 .net "icache_rd_o", 0 0, L_0x59e2d38096f0;  alias, 1 drivers
v0x59e2d3710630_0 .net "icache_valid_i", 0 0, L_0x59e2d380d780;  alias, 1 drivers
v0x59e2d37106d0_0 .net "next_pc_f_w", 31 0, L_0x59e2d379cca0;  1 drivers
v0x59e2d3710770_0 .net "next_taken_f_w", 1 0, L_0x59e2d379d550;  1 drivers
v0x59e2d3710810_0 .net "rst_i", 0 0, v0x59e2d3789c80_0;  alias, 1 drivers
S_0x59e2d3650b00 .scope module, "u_decode" "biriscv_decode" 11 168, 12 26 0, S_0x59e2d3652fb0;
 .timescale 0 0;
    .port_info 0 /INPUT 1 "clk_i";
    .port_info 1 /INPUT 1 "rst_i";
    .port_info 2 /INPUT 1 "fetch_in_valid_i";
    .port_info 3 /INPUT 64 "fetch_in_instr_i";
    .port_info 4 /INPUT 2 "fetch_in_pred_branch_i";
    .port_info 5 /INPUT 1 "fetch_in_fault_fetch_i";
    .port_info 6 /INPUT 1 "fetch_in_fault_page_i";
    .port_info 7 /INPUT 32 "fetch_in_pc_i";
    .port_info 8 /INPUT 1 "fetch_out0_accept_i";
    .port_info 9 /INPUT 1 "fetch_out1_accept_i";
    .port_info 10 /INPUT 1 "branch_request_i";
    .port_info 11 /INPUT 32 "branch_pc_i";
    .port_info 12 /INPUT 2 "branch_priv_i";
    .port_info 13 /OUTPUT 1 "fetch_in_accept_o";
    .port_info 14 /OUTPUT 1 "fetch_out0_valid_o";
    .port_info 15 /OUTPUT 32 "fetch_out0_instr_o";
    .port_info 16 /OUTPUT 32 "fetch_out0_pc_o";
    .port_info 17 /OUTPUT 1 "fetch_out0_fault_fetch_o";
    .port_info 18 /OUTPUT 1 "fetch_out0_fault_page_o";
    .port_info 19 /OUTPUT 1 "fetch_out0_instr_exec_o";
    .port_info 20 /OUTPUT 1 "fetch_out0_instr_lsu_o";
    .port_info 21 /OUTPUT 1 "fetch_out0_instr_branch_o";
    .port_info 22 /OUTPUT 1 "fetch_out0_instr_mul_o";
    .port_info 23 /OUTPUT 1 "fetch_out0_instr_div_o";
    .port_info 24 /OUTPUT 1 "fetch_out0_instr_csr_o";
    .port_info 25 /OUTPUT 1 "fetch_out0_instr_rd_valid_o";
    .port_info 26 /OUTPUT 1 "fetch_out0_instr_invalid_o";
    .port_info 27 /OUTPUT 1 "fetch_out0_instr_mule_o";
    .port_info 28 /OUTPUT 1 "fetch_out0_instr_muls_o";
    .port_info 29 /OUTPUT 1 "fetch_out0_instr_cbm_o";
    .port_info 30 /OUTPUT 1 "fetch_out0_instr_mulp_o";
    .port_info 31 /OUTPUT 1 "fetch_out1_valid_o";
    .port_info 32 /OUTPUT 32 "fetch_out1_instr_o";
    .port_info 33 /OUTPUT 32 "fetch_out1_pc_o";
    .port_info 34 /OUTPUT 1 "fetch_out1_fault_fetch_o";
    .port_info 35 /OUTPUT 1 "fetch_out1_fault_page_o";
    .port_info 36 /OUTPUT 1 "fetch_out1_instr_exec_o";
    .port_info 37 /OUTPUT 1 "fetch_out1_instr_lsu_o";
    .port_info 38 /OUTPUT 1 "fetch_out1_instr_branch_o";
    .port_info 39 /OUTPUT 1 "fetch_out1_instr_mul_o";
    .port_info 40 /OUTPUT 1 "fetch_out1_instr_div_o";
    .port_info 41 /OUTPUT 1 "fetch_out1_instr_csr_o";
    .port_info 42 /OUTPUT 1 "fetch_out1_instr_rd_valid_o";
    .port_info 43 /OUTPUT 1 "fetch_out1_instr_invalid_o";
    .port_info 44 /OUTPUT 1 "fetch_out1_instr_mule_o";
    .port_info 45 /OUTPUT 1 "fetch_out1_instr_muls_o";
    .port_info 46 /OUTPUT 1 "fetch_out1_instr_cbm_o";
    .port_info 47 /OUTPUT 1 "fetch_out1_instr_mulp_o";
P_0x59e2d36ce590 .param/l "EXTRA_DECODE_STAGE" 0 12 32, +C4<00000000000000000000000000000000>;
P_0x59e2d36ce5d0 .param/l "SUPPORT_MULDIV" 0 12 31, +C4<00000000000000000000000000000001>;
v0x59e2d3701b20_0 .net "branch_pc_i", 31 0, L_0x59e2d382a040;  alias, 1 drivers
v0x59e2d3701bc0_0 .net "branch_priv_i", 1 0, L_0x59e2d382a4c0;  alias, 1 drivers
v0x59e2d3701c60_0 .net "branch_request_i", 0 0, L_0x59e2d382a450;  alias, 1 drivers
v0x59e2d3701d00_0 .net "clk_i", 0 0, v0x59e2d3787d50_0;  alias, 1 drivers
L_0x78152e1c3c90 .functor BUFT 1, C4<1>, C4<0>, C4<0>, C4<0>;
v0x59e2d3701da0_0 .net "enable_muldiv_w", 0 0, L_0x78152e1c3c90;  1 drivers
v0x59e2d3701e40_0 .net "fetch_in_accept_o", 0 0, L_0x59e2d379f680;  alias, 1 drivers
v0x59e2d3701ee0_0 .net "fetch_in_fault_fetch_i", 0 0, L_0x59e2d380cf00;  alias, 1 drivers
v0x59e2d3701f80_0 .net "fetch_in_fault_page_i", 0 0, L_0x59e2d380d170;  alias, 1 drivers
v0x59e2d3702020_0 .net "fetch_in_instr_i", 63 0, L_0x59e2d380c8a0;  alias, 1 drivers
v0x59e2d37020c0_0 .net "fetch_in_pc_i", 31 0, L_0x59e2d380c570;  alias, 1 drivers
v0x59e2d3702160_0 .net "fetch_in_pred_branch_i", 1 0, L_0x59e2d380cb80;  alias, 1 drivers
v0x59e2d3702200_0 .net "fetch_in_valid_i", 0 0, L_0x59e2d380c280;  alias, 1 drivers
v0x59e2d37022a0_0 .net "fetch_out0_accept_i", 0 0, L_0x59e2d383b450;  alias, 1 drivers
v0x59e2d3702340_0 .net "fetch_out0_fault_fetch_o", 0 0, L_0x59e2d37a1540;  alias, 1 drivers
v0x59e2d37023e0_0 .net "fetch_out0_fault_page_o", 0 0, L_0x59e2d37a14a0;  alias, 1 drivers
v0x59e2d3702480_0 .net "fetch_out0_instr_branch_o", 0 0, L_0x59e2d37d0860;  alias, 1 drivers
v0x59e2d3702520_0 .net "fetch_out0_instr_cbm_o", 0 0, L_0x59e2d37d5970;  alias, 1 drivers
v0x59e2d37025c0_0 .net "fetch_out0_instr_csr_o", 0 0, L_0x59e2d37d4b40;  alias, 1 drivers
v0x59e2d3702660_0 .net "fetch_out0_instr_div_o", 0 0, L_0x59e2d37d2100;  alias, 1 drivers
v0x59e2d3702700_0 .net "fetch_out0_instr_exec_o", 0 0, L_0x59e2d37ce460;  alias, 1 drivers
v0x59e2d37027a0_0 .net "fetch_out0_instr_invalid_o", 0 0, L_0x59e2d37b9920;  alias, 1 drivers
v0x59e2d3702840_0 .net "fetch_out0_instr_lsu_o", 0 0, L_0x59e2d37ce630;  alias, 1 drivers
v0x59e2d37028e0_0 .net "fetch_out0_instr_mul_o", 0 0, L_0x59e2d37d1ba0;  alias, 1 drivers
v0x59e2d3702980_0 .net "fetch_out0_instr_mule_o", 0 0, L_0x59e2d37d5360;  alias, 1 drivers
v0x59e2d3702a20_0 .net "fetch_out0_instr_mulp_o", 0 0, L_0x59e2d37d5c30;  alias, 1 drivers
v0x59e2d3702ac0_0 .net "fetch_out0_instr_muls_o", 0 0, L_0x59e2d37d56b0;  alias, 1 drivers
v0x59e2d3702b60_0 .net "fetch_out0_instr_o", 31 0, L_0x59e2d37a00c0;  alias, 1 drivers
v0x59e2d3702c00_0 .net "fetch_out0_instr_rd_valid_o", 0 0, L_0x59e2d37c66d0;  alias, 1 drivers
v0x59e2d3702ca0_0 .net "fetch_out0_pc_o", 31 0, L_0x59e2d379fab0;  alias, 1 drivers
v0x59e2d3702d40_0 .net "fetch_out0_valid_o", 0 0, L_0x59e2d379eba0;  alias, 1 drivers
v0x59e2d3702de0_0 .net "fetch_out1_accept_i", 0 0, L_0x59e2d383bc10;  alias, 1 drivers
v0x59e2d3702e80_0 .net "fetch_out1_fault_fetch_o", 0 0, L_0x59e2d37a17e0;  alias, 1 drivers
v0x59e2d3702f20_0 .net "fetch_out1_fault_page_o", 0 0, L_0x59e2d37a1670;  alias, 1 drivers
v0x59e2d3702fc0_0 .net "fetch_out1_instr_branch_o", 0 0, L_0x59e2d3805060;  alias, 1 drivers
v0x59e2d3703060_0 .net "fetch_out1_instr_cbm_o", 0 0, L_0x59e2d380a170;  alias, 1 drivers
v0x59e2d3703100_0 .net "fetch_out1_instr_csr_o", 0 0, L_0x59e2d3809340;  alias, 1 drivers
v0x59e2d37031a0_0 .net "fetch_out1_instr_div_o", 0 0, L_0x59e2d3806900;  alias, 1 drivers
v0x59e2d3703240_0 .net "fetch_out1_instr_exec_o", 0 0, L_0x59e2d3802c60;  alias, 1 drivers
v0x59e2d37032e0_0 .net "fetch_out1_instr_invalid_o", 0 0, L_0x59e2d37eda20;  alias, 1 drivers
v0x59e2d3703380_0 .net "fetch_out1_instr_lsu_o", 0 0, L_0x59e2d3802e30;  alias, 1 drivers
v0x59e2d3703420_0 .net "fetch_out1_instr_mul_o", 0 0, L_0x59e2d38063a0;  alias, 1 drivers
v0x59e2d37034c0_0 .net "fetch_out1_instr_mule_o", 0 0, L_0x59e2d3809b60;  alias, 1 drivers
v0x59e2d3703560_0 .net "fetch_out1_instr_mulp_o", 0 0, L_0x59e2d380a430;  alias, 1 drivers
v0x59e2d3703600_0 .net "fetch_out1_instr_muls_o", 0 0, L_0x59e2d3809eb0;  alias, 1 drivers
v0x59e2d37036a0_0 .net "fetch_out1_instr_o", 31 0, L_0x59e2d37a06e0;  alias, 1 drivers
v0x59e2d3703740_0 .net "fetch_out1_instr_rd_valid_o", 0 0, L_0x59e2d37fbfe0;  alias, 1 drivers
v0x59e2d37037e0_0 .net "fetch_out1_pc_o", 31 0, L_0x59e2d379ff80;  alias, 1 drivers
v0x59e2d3703880_0 .net "fetch_out1_valid_o", 0 0, L_0x59e2d379f300;  alias, 1 drivers
v0x59e2d3703920_0 .net "rst_i", 0 0, v0x59e2d3789c80_0;  alias, 1 drivers
S_0x59e2d3651200 .scope generate, "genblk1" "genblk1" 12 99, 12 99 0, S_0x59e2d3650b00;
 .timescale 0 0;
L_0x59e2d379f520 .functor OR 1, L_0x59e2d380d170, L_0x59e2d380cf00, C4<0>, C4<0>;
L_0x59e2d37d5cf0 .functor OR 1, L_0x59e2d37a1540, L_0x59e2d37a14a0, C4<0>, C4<0>;
L_0x59e2d380a4f0 .functor OR 1, L_0x59e2d37a17e0, L_0x59e2d37a1670, C4<0>, C4<0>;
v0x59e2d37019e0_0 .net *"_ivl_0", 0 0, L_0x59e2d379f520;  1 drivers
L_0x78152e1b79a8 .functor BUFT 1, C4<0000000000000000000000000000000000000000000000000000000000000000>, C4<0>, C4<0>, C4<0>;
v0x59e2d3701a80_0 .net/2u *"_ivl_2", 63 0, L_0x78152e1b79a8;  1 drivers
L_0x59e2d37a1220 .functor MUXZ 64, L_0x59e2d380c8a0, L_0x78152e1b79a8, L_0x59e2d379f520, C4<>;
L_0x59e2d37a1360 .concat [ 1 1 0 0], L_0x59e2d380cf00, L_0x59e2d380d170;
L_0x59e2d37a1400 .concat [ 1 1 0 0], L_0x59e2d380cf00, L_0x59e2d380d170;
L_0x59e2d37a14a0 .part L_0x59e2d379f900, 1, 1;
L_0x59e2d37a1540 .part L_0x59e2d379f900, 0, 1;
L_0x59e2d37a1670 .part L_0x59e2d37a1090, 1, 1;
L_0x59e2d37a17e0 .part L_0x59e2d37a1090, 0, 1;
S_0x59e2d3651580 .scope module, "u_dec0" "biriscv_decoder" 12 262, 13 27 0, S_0x59e2d3651200;
 .timescale 0 0;
    .port_info 0 /INPUT 1 "valid_i";
    .port_info 1 /INPUT 1 "fetch_fault_i";
    .port_info 2 /INPUT 1 "enable_muldiv_i";
    .port_info 3 /INPUT 32 "opcode_i";
    .port_info 4 /OUTPUT 1 "invalid_o";
    .port_info 5 /OUTPUT 1 "exec_o";
    .port_info 6 /OUTPUT 1 "lsu_o";
    .port_info 7 /OUTPUT 1 "branch_o";
    .port_info 8 /OUTPUT 1 "mul_o";
    .port_info 9 /OUTPUT 1 "div_o";
    .port_info 10 /OUTPUT 1 "csr_o";
    .port_info 11 /OUTPUT 1 "mule_o";
    .port_info 12 /OUTPUT 1 "muls_o";
    .port_info 13 /OUTPUT 1 "cbm_o";
    .port_info 14 /OUTPUT 1 "mulp_o";
    .port_info 15 /OUTPUT 1 "rd_valid_o";
L_0x78152e1b79f0 .functor BUFT 1, C4<00000000000000000111000001111111>, C4<0>, C4<0>, C4<0>;
L_0x59e2d37a1910 .functor AND 32, L_0x59e2d37a00c0, L_0x78152e1b79f0, C4<11111111111111111111111111111111>, C4<11111111111111111111111111111111>;
L_0x78152e1b7a80 .functor BUFT 1, C4<00000000000000000111000001111111>, C4<0>, C4<0>, C4<0>;
L_0x59e2d37a1a20 .functor AND 32, L_0x59e2d37a00c0, L_0x78152e1b7a80, C4<11111111111111111111111111111111>, C4<11111111111111111111111111111111>;
L_0x59e2d37a1ce0 .functor OR 1, L_0x59e2d37a1980, L_0x59e2d37a1ba0, C4<0>, C4<0>;
L_0x78152e1b7b10 .functor BUFT 1, C4<00000000000000000111000001111111>, C4<0>, C4<0>, C4<0>;
L_0x59e2d37a1df0 .functor AND 32, L_0x59e2d37a00c0, L_0x78152e1b7b10, C4<11111111111111111111111111111111>, C4<11111111111111111111111111111111>;
L_0x59e2d37a1ff0 .functor OR 1, L_0x59e2d37a1ce0, L_0x59e2d37a1eb0, C4<0>, C4<0>;
L_0x78152e1b7ba0 .functor BUFT 1, C4<00000000000000000111000001111111>, C4<0>, C4<0>, C4<0>;
L_0x59e2d37a2100 .functor AND 32, L_0x59e2d37a00c0, L_0x78152e1b7ba0, C4<11111111111111111111111111111111>, C4<11111111111111111111111111111111>;
L_0x59e2d37a2340 .functor OR 1, L_0x59e2d37a1ff0, L_0x59e2d37a2200, C4<0>, C4<0>;
L_0x78152e1b7c30 .functor BUFT 1, C4<00000000000000000111000001111111>, C4<0>, C4<0>, C4<0>;
L_0x59e2d37a2450 .functor AND 32, L_0x59e2d37a00c0, L_0x78152e1b7c30, C4<11111111111111111111111111111111>, C4<11111111111111111111111111111111>;
L_0x59e2d37a26a0 .functor OR 1, L_0x59e2d37a2340, L_0x59e2d37a2560, C4<0>, C4<0>;
L_0x78152e1b7cc0 .functor BUFT 1, C4<00000000000000000111000001111111>, C4<0>, C4<0>, C4<0>;
L_0x59e2d37a27b0 .functor AND 32, L_0x59e2d37a00c0, L_0x78152e1b7cc0, C4<11111111111111111111111111111111>, C4<11111111111111111111111111111111>;
L_0x59e2d37a29a0 .functor OR 1, L_0x59e2d37a26a0, L_0x59e2d37a2870, C4<0>, C4<0>;
L_0x78152e1b7d50 .functor BUFT 1, C4<11111100000000000111000001111111>, C4<0>, C4<0>, C4<0>;
L_0x59e2d37a2ab0 .functor AND 32, L_0x59e2d37a00c0, L_0x78152e1b7d50, C4<11111111111111111111111111111111>, C4<11111111111111111111111111111111>;
L_0x59e2d37a2d20 .functor OR 1, L_0x59e2d37a29a0, L_0x59e2d37a2be0, C4<0>, C4<0>;
L_0x78152e1b7de0 .functor BUFT 1, C4<11111100000000000111000001111111>, C4<0>, C4<0>, C4<0>;
L_0x59e2d37a2e30 .functor AND 32, L_0x59e2d37a00c0, L_0x78152e1b7de0, C4<11111111111111111111111111111111>, C4<11111111111111111111111111111111>;
L_0x59e2d37a2b70 .functor OR 1, L_0x59e2d37a2d20, L_0x59e2d37a2f70, C4<0>, C4<0>;
L_0x78152e1b7e70 .functor BUFT 1, C4<11111100000000000111000001111111>, C4<0>, C4<0>, C4<0>;
L_0x59e2d37a31a0 .functor AND 32, L_0x59e2d37a00c0, L_0x78152e1b7e70, C4<11111111111111111111111111111111>, C4<11111111111111111111111111111111>;
L_0x59e2d37a3430 .functor OR 1, L_0x59e2d37a2b70, L_0x59e2d37a32f0, C4<0>, C4<0>;
L_0x78152e1b7f00 .functor BUFT 1, C4<00000000000000000000000001111111>, C4<0>, C4<0>, C4<0>;
L_0x59e2d37a3540 .functor AND 32, L_0x59e2d37a00c0, L_0x78152e1b7f00, C4<11111111111111111111111111111111>, C4<11111111111111111111111111111111>;
L_0x59e2d37a39f0 .functor OR 1, L_0x59e2d37a3430, L_0x59e2d37a38b0, C4<0>, C4<0>;
L_0x78152e1b7f90 .functor BUFT 1, C4<00000000000000000000000001111111>, C4<0>, C4<0>, C4<0>;
L_0x59e2d37a3ab0 .functor AND 32, L_0x59e2d37a00c0, L_0x78152e1b7f90, C4<11111111111111111111111111111111>, C4<11111111111111111111111111111111>;
L_0x59e2d37a3cc0 .functor OR 1, L_0x59e2d37a39f0, L_0x59e2d37a3810, C4<0>, C4<0>;
L_0x78152e1b8020 .functor BUFT 1, C4<11111110000000000111000001111111>, C4<0>, C4<0>, C4<0>;
L_0x59e2d37a3dd0 .functor AND 32, L_0x59e2d37a00c0, L_0x78152e1b8020, C4<11111111111111111111111111111111>, C4<11111111111111111111111111111111>;
L_0x59e2d37a4100 .functor OR 1, L_0x59e2d37a3cc0, L_0x59e2d37a3f50, C4<0>, C4<0>;
L_0x78152e1b80b0 .functor BUFT 1, C4<11111110000000000111000001111111>, C4<0>, C4<0>, C4<0>;
L_0x59e2d37a4210 .functor AND 32, L_0x59e2d37a00c0, L_0x78152e1b80b0, C4<11111111111111111111111111111111>, C4<11111111111111111111111111111111>;
L_0x59e2d37a44e0 .functor OR 1, L_0x59e2d37a4100, L_0x59e2d37a43a0, C4<0>, C4<0>;
L_0x78152e1b8140 .functor BUFT 1, C4<11111110000000000111000001111111>, C4<0>, C4<0>, C4<0>;
L_0x59e2d37a45f0 .functor AND 32, L_0x59e2d37a00c0, L_0x78152e1b8140, C4<11111111111111111111111111111111>, C4<11111111111111111111111111111111>;
L_0x59e2d37a4090 .functor OR 1, L_0x59e2d37a44e0, L_0x59e2d37a4790, C4<0>, C4<0>;
L_0x78152e1b81d0 .functor BUFT 1, C4<11111110000000000111000001111111>, C4<0>, C4<0>, C4<0>;
L_0x59e2d37a49f0 .functor AND 32, L_0x59e2d37a00c0, L_0x78152e1b81d0, C4<11111111111111111111111111111111>, C4<11111111111111111111111111111111>;
L_0x59e2d37a4ce0 .functor OR 1, L_0x59e2d37a4090, L_0x59e2d37a4ba0, C4<0>, C4<0>;
L_0x78152e1b8260 .functor BUFT 1, C4<11111110000000000111000001111111>, C4<0>, C4<0>, C4<0>;
L_0x59e2d37a4df0 .functor AND 32, L_0x59e2d37a00c0, L_0x78152e1b8260, C4<11111111111111111111111111111111>, C4<11111111111111111111111111111111>;
L_0x59e2d37a5180 .functor OR 1, L_0x59e2d37a4ce0, L_0x59e2d37a4fb0, C4<0>, C4<0>;
L_0x78152e1b82f0 .functor BUFT 1, C4<11111110000000000111000001111111>, C4<0>, C4<0>, C4<0>;
L_0x59e2d37a5290 .functor AND 32, L_0x59e2d37a00c0, L_0x78152e1b82f0, C4<11111111111111111111111111111111>, C4<11111111111111111111111111111111>;
L_0x59e2d37a55a0 .functor OR 1, L_0x59e2d37a5180, L_0x59e2d37a5460, C4<0>, C4<0>;
L_0x78152e1b8380 .functor BUFT 1, C4<11111110000000000111000001111111>, C4<0>, C4<0>, C4<0>;
L_0x59e2d37a56b0 .functor AND 32, L_0x59e2d37a00c0, L_0x78152e1b8380, C4<11111111111111111111111111111111>, C4<11111111111111111111111111111111>;
L_0x59e2d37a5a70 .functor OR 1, L_0x59e2d37a55a0, L_0x59e2d37a5890, C4<0>, C4<0>;
L_0x78152e1b8410 .functor BUFT 1, C4<11111110000000000111000001111111>, C4<0>, C4<0>, C4<0>;
L_0x59e2d37a5b80 .functor AND 32, L_0x59e2d37a00c0, L_0x78152e1b8410, C4<11111111111111111111111111111111>, C4<11111111111111111111111111111111>;
L_0x59e2d37a5eb0 .functor OR 1, L_0x59e2d37a5a70, L_0x59e2d37a5d70, C4<0>, C4<0>;
L_0x78152e1b84a0 .functor BUFT 1, C4<11111110000000000111000001111111>, C4<0>, C4<0>, C4<0>;
L_0x59e2d37a5fc0 .functor AND 32, L_0x59e2d37a00c0, L_0x78152e1b84a0, C4<11111111111111111111111111111111>, C4<11111111111111111111111111111111>;
L_0x59e2d37a63b0 .functor OR 1, L_0x59e2d37a5eb0, L_0x59e2d37a61c0, C4<0>, C4<0>;
L_0x78152e1b8530 .functor BUFT 1, C4<11111110000000000111000001111111>, C4<0>, C4<0>, C4<0>;
L_0x59e2d37a64c0 .functor AND 32, L_0x59e2d37a00c0, L_0x78152e1b8530, C4<11111111111111111111111111111111>, C4<11111111111111111111111111111111>;
L_0x59e2d37a6770 .functor OR 1, L_0x59e2d37a63b0, L_0x59e2d37a59d0, C4<0>, C4<0>;
L_0x78152e1b85c0 .functor BUFT 1, C4<00000000000000000000000001111111>, C4<0>, C4<0>, C4<0>;
L_0x59e2d37a6880 .functor AND 32, L_0x59e2d37a00c0, L_0x78152e1b85c0, C4<11111111111111111111111111111111>, C4<11111111111111111111111111111111>;
L_0x59e2d37a6ca0 .functor OR 1, L_0x59e2d37a6770, L_0x59e2d37a6aa0, C4<0>, C4<0>;
L_0x78152e1b8650 .functor BUFT 1, C4<00000000000000000111000001111111>, C4<0>, C4<0>, C4<0>;
L_0x59e2d37a6db0 .functor AND 32, L_0x59e2d37a00c0, L_0x78152e1b8650, C4<11111111111111111111111111111111>, C4<11111111111111111111111111111111>;
L_0x59e2d37a70d0 .functor OR 1, L_0x59e2d37a6ca0, L_0x59e2d37a6fe0, C4<0>, C4<0>;
L_0x78152e1b86e0 .functor BUFT 1, C4<00000000000000000111000001111111>, C4<0>, C4<0>, C4<0>;
L_0x59e2d37a71e0 .functor AND 32, L_0x59e2d37a00c0, L_0x78152e1b86e0, C4<11111111111111111111111111111111>, C4<11111111111111111111111111111111>;
L_0x59e2d37a7630 .functor OR 1, L_0x59e2d37a70d0, L_0x59e2d37a7420, C4<0>, C4<0>;
L_0x78152e1b8770 .functor BUFT 1, C4<00000000000000000111000001111111>, C4<0>, C4<0>, C4<0>;
L_0x59e2d37a7740 .functor AND 32, L_0x59e2d37a00c0, L_0x78152e1b8770, C4<11111111111111111111111111111111>, C4<11111111111111111111111111111111>;
L_0x59e2d37a7ad0 .functor OR 1, L_0x59e2d37a7630, L_0x59e2d37a7990, C4<0>, C4<0>;
L_0x78152e1b8800 .functor BUFT 1, C4<00000000000000000111000001111111>, C4<0>, C4<0>, C4<0>;
L_0x59e2d37a7be0 .functor AND 32, L_0x59e2d37a00c0, L_0x78152e1b8800, C4<11111111111111111111111111111111>, C4<11111111111111111111111111111111>;
L_0x59e2d37a8470 .functor OR 1, L_0x59e2d37a7ad0, L_0x59e2d37a8250, C4<0>, C4<0>;
L_0x78152e1b8890 .functor BUFT 1, C4<00000000000000000111000001111111>, C4<0>, C4<0>, C4<0>;
L_0x59e2d37a8580 .functor AND 32, L_0x59e2d37a00c0, L_0x78152e1b8890, C4<11111111111111111111111111111111>, C4<11111111111111111111111111111111>;
L_0x59e2d37a8930 .functor OR 1, L_0x59e2d37a8470, L_0x59e2d37a87f0, C4<0>, C4<0>;
L_0x78152e1b8920 .functor BUFT 1, C4<00000000000000000111000001111111>, C4<0>, C4<0>, C4<0>;
L_0x59e2d37a8a40 .functor AND 32, L_0x59e2d37a00c0, L_0x78152e1b8920, C4<11111111111111111111111111111111>, C4<11111111111111111111111111111111>;
L_0x59e2d37a8ef0 .functor OR 1, L_0x59e2d37a8930, L_0x59e2d37a8cc0, C4<0>, C4<0>;
L_0x78152e1b89b0 .functor BUFT 1, C4<00000000000000000111000001111111>, C4<0>, C4<0>, C4<0>;
L_0x59e2d37a9000 .functor AND 32, L_0x59e2d37a00c0, L_0x78152e1b89b0, C4<11111111111111111111111111111111>, C4<11111111111111111111111111111111>;
L_0x59e2d37a93d0 .functor OR 1, L_0x59e2d37a8ef0, L_0x59e2d37a9290, C4<0>, C4<0>;
L_0x78152e1b8a40 .functor BUFT 1, C4<00000000000000000111000001111111>, C4<0>, C4<0>, C4<0>;
L_0x59e2d37a94e0 .functor AND 32, L_0x59e2d37a00c0, L_0x78152e1b8a40, C4<11111111111111111111111111111111>, C4<11111111111111111111111111111111>;
L_0x59e2d37a99c0 .functor OR 1, L_0x59e2d37a93d0, L_0x59e2d37a9780, C4<0>, C4<0>;
L_0x78152e1b8ad0 .functor BUFT 1, C4<00000000000000000111000001111111>, C4<0>, C4<0>, C4<0>;
L_0x59e2d37a9ad0 .functor AND 32, L_0x59e2d37a00c0, L_0x78152e1b8ad0, C4<11111111111111111111111111111111>, C4<11111111111111111111111111111111>;
L_0x59e2d37a9ec0 .functor OR 1, L_0x59e2d37a99c0, L_0x59e2d37a9d80, C4<0>, C4<0>;
L_0x78152e1b8b60 .functor BUFT 1, C4<00000000000000000111000001111111>, C4<0>, C4<0>, C4<0>;
L_0x59e2d37a9fd0 .functor AND 32, L_0x59e2d37a00c0, L_0x78152e1b8b60, C4<11111111111111111111111111111111>, C4<11111111111111111111111111111111>;
L_0x59e2d37aa4e0 .functor OR 1, L_0x59e2d37a9ec0, L_0x59e2d37aa290, C4<0>, C4<0>;
L_0x78152e1b8bf0 .functor BUFT 1, C4<00000000000000000111000001111111>, C4<0>, C4<0>, C4<0>;
L_0x59e2d37aa5f0 .functor AND 32, L_0x59e2d37a00c0, L_0x78152e1b8bf0, C4<11111111111111111111111111111111>, C4<11111111111111111111111111111111>;
L_0x59e2d37aaa00 .functor OR 1, L_0x59e2d37aa4e0, L_0x59e2d37aa8c0, C4<0>, C4<0>;
L_0x78152e1b8c80 .functor BUFT 1, C4<00000000000000000111000001111111>, C4<0>, C4<0>, C4<0>;
L_0x59e2d37aab10 .functor AND 32, L_0x59e2d37a00c0, L_0x78152e1b8c80, C4<11111111111111111111111111111111>, C4<11111111111111111111111111111111>;
L_0x59e2d37ab050 .functor OR 1, L_0x59e2d37aaa00, L_0x59e2d37aadf0, C4<0>, C4<0>;
L_0x78152e1b8d10 .functor BUFT 1, C4<00000000000000000111000001111111>, C4<0>, C4<0>, C4<0>;
L_0x59e2d37ab160 .functor AND 32, L_0x59e2d37a00c0, L_0x78152e1b8d10, C4<11111111111111111111111111111111>, C4<11111111111111111111111111111111>;
L_0x59e2d37ab590 .functor OR 1, L_0x59e2d37ab050, L_0x59e2d37ab450, C4<0>, C4<0>;
L_0x78152e1b8da0 .functor BUFT 1, C4<00000000000000000111000001111111>, C4<0>, C4<0>, C4<0>;
L_0x59e2d37ab6a0 .functor AND 32, L_0x59e2d37a00c0, L_0x78152e1b8da0, C4<11111111111111111111111111111111>, C4<11111111111111111111111111111111>;
L_0x59e2d37aaf30 .functor OR 1, L_0x59e2d37ab590, L_0x59e2d37ab9a0, C4<0>, C4<0>;
L_0x78152e1b8e30 .functor BUFT 1, C4<00000000000000000111000001111111>, C4<0>, C4<0>, C4<0>;
L_0x59e2d37abc10 .functor AND 32, L_0x59e2d37a00c0, L_0x78152e1b8e30, C4<11111111111111111111111111111111>, C4<11111111111111111111111111111111>;
L_0x59e2d37ac060 .functor OR 1, L_0x59e2d37aaf30, L_0x59e2d37abf20, C4<0>, C4<0>;
L_0x78152e1b8ec0 .functor BUFT 1, C4<00000000000000000111000001111111>, C4<0>, C4<0>, C4<0>;
L_0x59e2d37ac170 .functor AND 32, L_0x59e2d37a00c0, L_0x78152e1b8ec0, C4<11111111111111111111111111111111>, C4<11111111111111111111111111111111>;
L_0x59e2d37ac710 .functor OR 1, L_0x59e2d37ac060, L_0x59e2d37ac490, C4<0>, C4<0>;
L_0x78152e1b8f50 .functor BUFT 1, C4<11111111111111111111111111111111>, C4<0>, C4<0>, C4<0>;
L_0x59e2d37ac820 .functor AND 32, L_0x59e2d37a00c0, L_0x78152e1b8f50, C4<11111111111111111111111111111111>, C4<11111111111111111111111111111111>;
L_0x59e2d37acc90 .functor OR 1, L_0x59e2d37ac710, L_0x59e2d37acb50, C4<0>, C4<0>;
L_0x78152e1b8fe0 .functor BUFT 1, C4<11111111111111111111111111111111>, C4<0>, C4<0>, C4<0>;
L_0x59e2d37acda0 .functor AND 32, L_0x59e2d37a00c0, L_0x78152e1b8fe0, C4<11111111111111111111111111111111>, C4<11111111111111111111111111111111>;
L_0x59e2d37ad370 .functor OR 1, L_0x59e2d37acc90, L_0x59e2d37ad0e0, C4<0>, C4<0>;
L_0x78152e1b9070 .functor BUFT 1, C4<11001111111111111111111111111111>, C4<0>, C4<0>, C4<0>;
L_0x59e2d37ad480 .functor AND 32, L_0x59e2d37a00c0, L_0x78152e1b9070, C4<11111111111111111111111111111111>, C4<11111111111111111111111111111111>;
L_0x59e2d37ad910 .functor OR 1, L_0x59e2d37ad370, L_0x59e2d37ad7d0, C4<0>, C4<0>;
L_0x78152e1b9100 .functor BUFT 1, C4<00000000000000000111000001111111>, C4<0>, C4<0>, C4<0>;
L_0x59e2d37ada20 .functor AND 32, L_0x59e2d37a00c0, L_0x78152e1b9100, C4<11111111111111111111111111111111>, C4<11111111111111111111111111111111>;
L_0x59e2d37ae020 .functor OR 1, L_0x59e2d37ad910, L_0x59e2d37add80, C4<0>, C4<0>;
L_0x78152e1b9190 .functor BUFT 1, C4<00000000000000000111000001111111>, C4<0>, C4<0>, C4<0>;
L_0x59e2d37ae130 .functor AND 32, L_0x59e2d37a00c0, L_0x78152e1b9190, C4<11111111111111111111111111111111>, C4<11111111111111111111111111111111>;
L_0x59e2d37ae5e0 .functor OR 1, L_0x59e2d37ae020, L_0x59e2d37ae4a0, C4<0>, C4<0>;
L_0x78152e1b9220 .functor BUFT 1, C4<00000000000000000111000001111111>, C4<0>, C4<0>, C4<0>;
L_0x59e2d37ae6f0 .functor AND 32, L_0x59e2d37a00c0, L_0x78152e1b9220, C4<11111111111111111111111111111111>, C4<11111111111111111111111111111111>;
L_0x59e2d37aed20 .functor OR 1, L_0x59e2d37ae5e0, L_0x59e2d37aea70, C4<0>, C4<0>;
L_0x78152e1b92b0 .functor BUFT 1, C4<00000000000000000111000001111111>, C4<0>, C4<0>, C4<0>;
L_0x59e2d37aee30 .functor AND 32, L_0x59e2d37a00c0, L_0x78152e1b92b0, C4<11111111111111111111111111111111>, C4<11111111111111111111111111111111>;
L_0x59e2d37af300 .functor OR 1, L_0x59e2d37aed20, L_0x59e2d37af1c0, C4<0>, C4<0>;
L_0x78152e1b9340 .functor BUFT 1, C4<00000000000000000111000001111111>, C4<0>, C4<0>, C4<0>;
L_0x59e2d37af410 .functor AND 32, L_0x59e2d37a00c0, L_0x78152e1b9340, C4<11111111111111111111111111111111>, C4<11111111111111111111111111111111>;
L_0x59e2d37afa70 .functor OR 1, L_0x59e2d37af300, L_0x59e2d37af7b0, C4<0>, C4<0>;
L_0x78152e1b93d0 .functor BUFT 1, C4<00000000000000000111000001111111>, C4<0>, C4<0>, C4<0>;
L_0x59e2d37afb80 .functor AND 32, L_0x59e2d37a00c0, L_0x78152e1b93d0, C4<11111111111111111111111111111111>, C4<11111111111111111111111111111111>;
L_0x59e2d37b07e0 .functor OR 1, L_0x59e2d37afa70, L_0x59e2d37b0740, C4<0>, C4<0>;
L_0x78152e1b9460 .functor BUFT 1, C4<11111111111111111000111111111111>, C4<0>, C4<0>, C4<0>;
L_0x59e2d37b08f0 .functor AND 32, L_0x59e2d37a00c0, L_0x78152e1b9460, C4<11111111111111111111111111111111>, C4<11111111111111111111111111111111>;
L_0x59e2d37b0f80 .functor OR 1, L_0x59e2d37b07e0, L_0x59e2d37b0cb0, C4<0>, C4<0>;
L_0x78152e1b94f0 .functor BUFT 1, C4<00000000000000000111000001111111>, C4<0>, C4<0>, C4<0>;
L_0x59e2d37b1090 .functor AND 32, L_0x59e2d37a00c0, L_0x78152e1b94f0, C4<11111111111111111111111111111111>, C4<11111111111111111111111111111111>;
L_0x59e2d37b15a0 .functor OR 1, L_0x59e2d37b0f80, L_0x59e2d37b1460, C4<0>, C4<0>;
L_0x78152e1b9580 .functor BUFT 1, C4<00000000000000000111000001111111>, C4<0>, C4<0>, C4<0>;
L_0x59e2d37b16b0 .functor AND 32, L_0x59e2d37a00c0, L_0x78152e1b9580, C4<11111111111111111111111111111111>, C4<11111111111111111111111111111111>;
L_0x59e2d37b1d70 .functor OR 1, L_0x59e2d37b15a0, L_0x59e2d37b1a90, C4<0>, C4<0>;
L_0x78152e1b9610 .functor BUFT 1, C4<11111110000000000111111111111111>, C4<0>, C4<0>, C4<0>;
L_0x59e2d37b1e80 .functor AND 32, L_0x59e2d37a00c0, L_0x78152e1b9610, C4<11111111111111111111111111111111>, C4<11111111111111111111111111111111>;
L_0x59e2d37b23b0 .functor OR 1, L_0x59e2d37b1d70, L_0x59e2d37b2270, C4<0>, C4<0>;
L_0x78152e1b96a0 .functor BUFT 1, C4<11111110000000000111000001111111>, C4<0>, C4<0>, C4<0>;
L_0x59e2d37b24c0 .functor AND 32, L_0x59e2d37a00c0, L_0x78152e1b96a0, C4<11111111111111111111111111111111>, C4<11111111111111111111111111111111>;
L_0x59e2d37b2bb0 .functor AND 1, L_0x78152e1c3c90, L_0x59e2d37b28c0, C4<1>, C4<1>;
L_0x59e2d37b2c70 .functor OR 1, L_0x59e2d37b23b0, L_0x59e2d37b2bb0, C4<0>, C4<0>;
L_0x78152e1b9730 .functor BUFT 1, C4<11111110000000000111000001111111>, C4<0>, C4<0>, C4<0>;
L_0x59e2d37b30d0 .functor AND 32, L_0x59e2d37a00c0, L_0x78152e1b9730, C4<11111111111111111111111111111111>, C4<11111111111111111111111111111111>;
L_0x59e2d37b32d0 .functor AND 1, L_0x78152e1c3c90, L_0x59e2d37b3190, C4<1>, C4<1>;
L_0x59e2d37b36a0 .functor OR 1, L_0x59e2d37b2c70, L_0x59e2d37b32d0, C4<0>, C4<0>;
L_0x78152e1b97c0 .functor BUFT 1, C4<11111110000000000111000001111111>, C4<0>, C4<0>, C4<0>;
L_0x59e2d37b37b0 .functor AND 32, L_0x59e2d37a00c0, L_0x78152e1b97c0, C4<11111111111111111111111111111111>, C4<11111111111111111111111111111111>;
L_0x59e2d37b3ee0 .functor AND 1, L_0x78152e1c3c90, L_0x59e2d37b3be0, C4<1>, C4<1>;
L_0x59e2d37b3fa0 .functor OR 1, L_0x59e2d37b36a0, L_0x59e2d37b3ee0, C4<0>, C4<0>;
L_0x78152e1b9850 .functor BUFT 1, C4<11111110000000000111000001111111>, C4<0>, C4<0>, C4<0>;
L_0x59e2d37b4430 .functor AND 32, L_0x59e2d37a00c0, L_0x78152e1b9850, C4<11111111111111111111111111111111>, C4<11111111111111111111111111111111>;
L_0x59e2d37b4630 .functor AND 1, L_0x78152e1c3c90, L_0x59e2d37b44f0, C4<1>, C4<1>;
L_0x59e2d37b4a80 .functor OR 1, L_0x59e2d37b3fa0, L_0x59e2d37b4630, C4<0>, C4<0>;
L_0x78152e1b98e0 .functor BUFT 1, C4<11111110000000000111000001111111>, C4<0>, C4<0>, C4<0>;
L_0x59e2d37b4b90 .functor AND 32, L_0x59e2d37a00c0, L_0x78152e1b98e0, C4<11111111111111111111111111111111>, C4<11111111111111111111111111111111>;
L_0x59e2d37b5300 .functor AND 1, L_0x78152e1c3c90, L_0x59e2d37b4ff0, C4<1>, C4<1>;
L_0x59e2d37b53c0 .functor OR 1, L_0x59e2d37b4a80, L_0x59e2d37b5300, C4<0>, C4<0>;
L_0x78152e1b9970 .functor BUFT 1, C4<11111110000000000111000001111111>, C4<0>, C4<0>, C4<0>;
L_0x59e2d37b5880 .functor AND 32, L_0x59e2d37a00c0, L_0x78152e1b9970, C4<11111111111111111111111111111111>, C4<11111111111111111111111111111111>;
L_0x59e2d37b5a80 .functor AND 1, L_0x78152e1c3c90, L_0x59e2d37b5940, C4<1>, C4<1>;
L_0x59e2d37b5f00 .functor OR 1, L_0x59e2d37b53c0, L_0x59e2d37b5a80, C4<0>, C4<0>;
L_0x78152e1b9a00 .functor BUFT 1, C4<11111110000000000111000001111111>, C4<0>, C4<0>, C4<0>;
L_0x59e2d37b6010 .functor AND 32, L_0x59e2d37a00c0, L_0x78152e1b9a00, C4<11111111111111111111111111111111>, C4<11111111111111111111111111111111>;
L_0x59e2d37b6f30 .functor AND 1, L_0x78152e1c3c90, L_0x59e2d37b6c60, C4<1>, C4<1>;
L_0x59e2d37b6ff0 .functor OR 1, L_0x59e2d37b5f00, L_0x59e2d37b6f30, C4<0>, C4<0>;
L_0x78152e1b9a90 .functor BUFT 1, C4<11111110000000000111000001111111>, C4<0>, C4<0>, C4<0>;
L_0x59e2d37b74e0 .functor AND 32, L_0x59e2d37a00c0, L_0x78152e1b9a90, C4<11111111111111111111111111111111>, C4<11111111111111111111111111111111>;
L_0x59e2d37b76e0 .functor AND 1, L_0x78152e1c3c90, L_0x59e2d37b75a0, C4<1>, C4<1>;
L_0x59e2d37b7b90 .functor OR 1, L_0x59e2d37b6ff0, L_0x59e2d37b76e0, C4<0>, C4<0>;
L_0x78152e1b9b20 .functor BUFT 1, C4<11111110000000000111000001111111>, C4<0>, C4<0>, C4<0>;
L_0x59e2d37b7ca0 .functor AND 32, L_0x59e2d37a00c0, L_0x78152e1b9b20, C4<11111111111111111111111111111111>, C4<11111111111111111111111111111111>;
L_0x59e2d37b8490 .functor AND 1, L_0x78152e1c3c90, L_0x59e2d37b8160, C4<1>, C4<1>;
L_0x59e2d37b8550 .functor OR 1, L_0x59e2d37b7b90, L_0x59e2d37b8490, C4<0>, C4<0>;
L_0x78152e1b9bb0 .functor BUFT 1, C4<11111110000000000111000001111111>, C4<0>, C4<0>, C4<0>;
L_0x59e2d37b8a70 .functor AND 32, L_0x59e2d37a00c0, L_0x78152e1b9bb0, C4<11111111111111111111111111111111>, C4<11111111111111111111111111111111>;
L_0x59e2d37b8c70 .functor AND 1, L_0x78152e1c3c90, L_0x59e2d37b8b30, C4<1>, C4<1>;
L_0x59e2d37b9150 .functor OR 1, L_0x59e2d37b8550, L_0x59e2d37b8c70, C4<0>, C4<0>;
L_0x78152e1b9c40 .functor BUFT 1, C4<11111110000000000111000001111111>, C4<0>, C4<0>, C4<0>;
L_0x59e2d37b9260 .functor AND 32, L_0x59e2d37a00c0, L_0x78152e1b9c40, C4<11111111111111111111111111111111>, C4<11111111111111111111111111111111>;
L_0x59e2d37b9070 .functor AND 1, L_0x78152e1c3c90, L_0x59e2d37b8d30, C4<1>, C4<1>;
L_0x59e2d37b9750 .functor OR 1, L_0x59e2d37b9150, L_0x59e2d37b9070, C4<0>, C4<0>;
L_0x78152e1b9cd0 .functor BUFT 1, C4<11111110000000000111000001111111>, C4<0>, C4<0>, C4<0>;
L_0x59e2d37b9320 .functor AND 32, L_0x59e2d37a00c0, L_0x78152e1b9cd0, C4<11111111111111111111111111111111>, C4<11111111111111111111111111111111>;
L_0x59e2d37b9520 .functor AND 1, L_0x78152e1c3c90, L_0x59e2d37b93e0, C4<1>, C4<1>;
L_0x59e2d37b95e0 .functor OR 1, L_0x59e2d37b9750, L_0x59e2d37b9520, C4<0>, C4<0>;
L_0x59e2d37b9cb0 .functor NOT 1, L_0x59e2d37b95e0, C4<0>, C4<0>, C4<0>;
L_0x59e2d37b9860 .functor AND 1, L_0x59e2d379eba0, L_0x59e2d37b9cb0, C4<1>, C4<1>;
L_0x59e2d37b9920 .functor BUFZ 1, L_0x59e2d37b9860, C4<0>, C4<0>, C4<0>;
L_0x78152e1b9d60 .functor BUFT 1, C4<00000000000000000111000001111111>, C4<0>, C4<0>, C4<0>;
L_0x59e2d37b99e0 .functor AND 32, L_0x59e2d37a00c0, L_0x78152e1b9d60, C4<11111111111111111111111111111111>, C4<11111111111111111111111111111111>;
L_0x78152e1b9df0 .functor BUFT 1, C4<00000000000000000000000001111111>, C4<0>, C4<0>, C4<0>;
L_0x59e2d37b9be0 .functor AND 32, L_0x59e2d37a00c0, L_0x78152e1b9df0, C4<11111111111111111111111111111111>, C4<11111111111111111111111111111111>;
L_0x59e2d37b9e60 .functor OR 1, L_0x59e2d37b9aa0, L_0x59e2d37b9d20, C4<0>, C4<0>;
L_0x78152e1b9e80 .functor BUFT 1, C4<00000000000000000000000001111111>, C4<0>, C4<0>, C4<0>;
L_0x59e2d37b9f70 .functor AND 32, L_0x59e2d37a00c0, L_0x78152e1b9e80, C4<11111111111111111111111111111111>, C4<11111111111111111111111111111111>;
L_0x59e2d37baa50 .functor OR 1, L_0x59e2d37b9e60, L_0x59e2d37ba030, C4<0>, C4<0>;
L_0x78152e1b9f10 .functor BUFT 1, C4<00000000000000000000000001111111>, C4<0>, C4<0>, C4<0>;
L_0x59e2d37bab60 .functor AND 32, L_0x59e2d37a00c0, L_0x78152e1b9f10, C4<11111111111111111111111111111111>, C4<11111111111111111111111111111111>;
L_0x59e2d37ba4e0 .functor OR 1, L_0x59e2d37baa50, L_0x59e2d37ba3a0, C4<0>, C4<0>;
L_0x78152e1b9fa0 .functor BUFT 1, C4<00000000000000000111000001111111>, C4<0>, C4<0>, C4<0>;
L_0x59e2d37ba5f0 .functor AND 32, L_0x59e2d37a00c0, L_0x78152e1b9fa0, C4<11111111111111111111111111111111>, C4<11111111111111111111111111111111>;
L_0x59e2d37bb300 .functor OR 1, L_0x59e2d37ba4e0, L_0x59e2d37ba6b0, C4<0>, C4<0>;
L_0x78152e1ba030 .functor BUFT 1, C4<11111100000000000111000001111111>, C4<0>, C4<0>, C4<0>;
L_0x59e2d37bb410 .functor AND 32, L_0x59e2d37a00c0, L_0x78152e1ba030, C4<11111111111111111111111111111111>, C4<11111111111111111111111111111111>;
L_0x59e2d37bad60 .functor OR 1, L_0x59e2d37bb300, L_0x59e2d37bac20, C4<0>, C4<0>;
L_0x78152e1ba0c0 .functor BUFT 1, C4<00000000000000000111000001111111>, C4<0>, C4<0>, C4<0>;
L_0x59e2d37bae70 .functor AND 32, L_0x59e2d37a00c0, L_0x78152e1ba0c0, C4<11111111111111111111111111111111>, C4<11111111111111111111111111111111>;
L_0x59e2d37bbbe0 .functor OR 1, L_0x59e2d37bad60, L_0x59e2d37baf30, C4<0>, C4<0>;
L_0x78152e1ba150 .functor BUFT 1, C4<00000000000000000111000001111111>, C4<0>, C4<0>, C4<0>;
L_0x59e2d37bbca0 .functor AND 32, L_0x59e2d37a00c0, L_0x78152e1ba150, C4<11111111111111111111111111111111>, C4<11111111111111111111111111111111>;
L_0x59e2d37bb610 .functor OR 1, L_0x59e2d37bbbe0, L_0x59e2d37bb4d0, C4<0>, C4<0>;
L_0x78152e1ba1e0 .functor BUFT 1, C4<00000000000000000111000001111111>, C4<0>, C4<0>, C4<0>;
L_0x59e2d37bb720 .functor AND 32, L_0x59e2d37a00c0, L_0x78152e1ba1e0, C4<11111111111111111111111111111111>, C4<11111111111111111111111111111111>;
L_0x59e2d37bb920 .functor OR 1, L_0x59e2d37bb610, L_0x59e2d37bb7e0, C4<0>, C4<0>;
L_0x78152e1ba270 .functor BUFT 1, C4<11111100000000000111000001111111>, C4<0>, C4<0>, C4<0>;
L_0x59e2d37bc540 .functor AND 32, L_0x59e2d37a00c0, L_0x78152e1ba270, C4<11111111111111111111111111111111>, C4<11111111111111111111111111111111>;
L_0x59e2d37bbea0 .functor OR 1, L_0x59e2d37bb920, L_0x59e2d37bbd60, C4<0>, C4<0>;
L_0x78152e1ba300 .functor BUFT 1, C4<11111100000000000111000001111111>, C4<0>, C4<0>, C4<0>;
L_0x59e2d37bbfb0 .functor AND 32, L_0x59e2d37a00c0, L_0x78152e1ba300, C4<11111111111111111111111111111111>, C4<11111111111111111111111111111111>;
L_0x59e2d37bc1b0 .functor OR 1, L_0x59e2d37bbea0, L_0x59e2d37bc070, C4<0>, C4<0>;
L_0x78152e1ba390 .functor BUFT 1, C4<00000000000000000111000001111111>, C4<0>, C4<0>, C4<0>;
L_0x59e2d37bce10 .functor AND 32, L_0x59e2d37a00c0, L_0x78152e1ba390, C4<11111111111111111111111111111111>, C4<11111111111111111111111111111111>;
L_0x59e2d37bc740 .functor OR 1, L_0x59e2d37bc1b0, L_0x59e2d37bc600, C4<0>, C4<0>;
L_0x78152e1ba420 .functor BUFT 1, C4<00000000000000000111000001111111>, C4<0>, C4<0>, C4<0>;
L_0x59e2d37bc850 .functor AND 32, L_0x59e2d37a00c0, L_0x78152e1ba420, C4<11111111111111111111111111111111>, C4<11111111111111111111111111111111>;
L_0x59e2d37bca50 .functor OR 1, L_0x59e2d37bc740, L_0x59e2d37bc910, C4<0>, C4<0>;
L_0x78152e1ba4b0 .functor BUFT 1, C4<11111110000000000111000001111111>, C4<0>, C4<0>, C4<0>;
L_0x59e2d37bd6c0 .functor AND 32, L_0x59e2d37a00c0, L_0x78152e1ba4b0, C4<11111111111111111111111111111111>, C4<11111111111111111111111111111111>;
L_0x59e2d37bd010 .functor OR 1, L_0x59e2d37bca50, L_0x59e2d37bced0, C4<0>, C4<0>;
L_0x78152e1ba540 .functor BUFT 1, C4<11111110000000000111000001111111>, C4<0>, C4<0>, C4<0>;
L_0x59e2d37bd120 .functor AND 32, L_0x59e2d37a00c0, L_0x78152e1ba540, C4<11111111111111111111111111111111>, C4<11111111111111111111111111111111>;
L_0x59e2d37bd320 .functor OR 1, L_0x59e2d37bd010, L_0x59e2d37bd1e0, C4<0>, C4<0>;
L_0x78152e1ba5d0 .functor BUFT 1, C4<11111110000000000111000001111111>, C4<0>, C4<0>, C4<0>;
L_0x59e2d37bdfa0 .functor AND 32, L_0x59e2d37a00c0, L_0x78152e1ba5d0, C4<11111111111111111111111111111111>, C4<11111111111111111111111111111111>;
L_0x59e2d37bd8c0 .functor OR 1, L_0x59e2d37bd320, L_0x59e2d37bd780, C4<0>, C4<0>;
L_0x78152e1ba660 .functor BUFT 1, C4<11111110000000000111000001111111>, C4<0>, C4<0>, C4<0>;
L_0x59e2d37bd9d0 .functor AND 32, L_0x59e2d37a00c0, L_0x78152e1ba660, C4<11111111111111111111111111111111>, C4<11111111111111111111111111111111>;
L_0x59e2d37bdbd0 .functor OR 1, L_0x59e2d37bd8c0, L_0x59e2d37bda90, C4<0>, C4<0>;
L_0x78152e1ba6f0 .functor BUFT 1, C4<11111110000000000111000001111111>, C4<0>, C4<0>, C4<0>;
L_0x59e2d37be860 .functor AND 32, L_0x59e2d37a00c0, L_0x78152e1ba6f0, C4<11111111111111111111111111111111>, C4<11111111111111111111111111111111>;
L_0x59e2d37be1a0 .functor OR 1, L_0x59e2d37bdbd0, L_0x59e2d37be060, C4<0>, C4<0>;
L_0x78152e1ba780 .functor BUFT 1, C4<11111110000000000111000001111111>, C4<0>, C4<0>, C4<0>;
L_0x59e2d37be2b0 .functor AND 32, L_0x59e2d37a00c0, L_0x78152e1ba780, C4<11111111111111111111111111111111>, C4<11111111111111111111111111111111>;
L_0x59e2d37be4b0 .functor OR 1, L_0x59e2d37be1a0, L_0x59e2d37be370, C4<0>, C4<0>;
L_0x78152e1ba810 .functor BUFT 1, C4<11111110000000000111000001111111>, C4<0>, C4<0>, C4<0>;
L_0x59e2d37bf150 .functor AND 32, L_0x59e2d37a00c0, L_0x78152e1ba810, C4<11111111111111111111111111111111>, C4<11111111111111111111111111111111>;
L_0x59e2d37bea60 .functor OR 1, L_0x59e2d37be4b0, L_0x59e2d37be920, C4<0>, C4<0>;
L_0x78152e1ba8a0 .functor BUFT 1, C4<11111110000000000111000001111111>, C4<0>, C4<0>, C4<0>;
L_0x59e2d37beb70 .functor AND 32, L_0x59e2d37a00c0, L_0x78152e1ba8a0, C4<11111111111111111111111111111111>, C4<11111111111111111111111111111111>;
L_0x59e2d37bed70 .functor OR 1, L_0x59e2d37bea60, L_0x59e2d37bec30, C4<0>, C4<0>;
L_0x78152e1ba930 .functor BUFT 1, C4<11111110000000000111000001111111>, C4<0>, C4<0>, C4<0>;
L_0x59e2d37bfa20 .functor AND 32, L_0x59e2d37a00c0, L_0x78152e1ba930, C4<11111111111111111111111111111111>, C4<11111111111111111111111111111111>;
L_0x59e2d37bf300 .functor OR 1, L_0x59e2d37bed70, L_0x59e2d37bf1c0, C4<0>, C4<0>;
L_0x78152e1ba9c0 .functor BUFT 1, C4<11111110000000000111000001111111>, C4<0>, C4<0>, C4<0>;
L_0x59e2d37bf410 .functor AND 32, L_0x59e2d37a00c0, L_0x78152e1ba9c0, C4<11111111111111111111111111111111>, C4<11111111111111111111111111111111>;
L_0x59e2d37bf610 .functor OR 1, L_0x59e2d37bf300, L_0x59e2d37bf4d0, C4<0>, C4<0>;
L_0x78152e1baa50 .functor BUFT 1, C4<00000000000000000111000001111111>, C4<0>, C4<0>, C4<0>;
L_0x59e2d37c0370 .functor AND 32, L_0x59e2d37a00c0, L_0x78152e1baa50, C4<11111111111111111111111111111111>, C4<11111111111111111111111111111111>;
L_0x59e2d37bfc20 .functor OR 1, L_0x59e2d37bf610, L_0x59e2d37bfae0, C4<0>, C4<0>;
L_0x78152e1baae0 .functor BUFT 1, C4<00000000000000000111000001111111>, C4<0>, C4<0>, C4<0>;
L_0x59e2d37bfd30 .functor AND 32, L_0x59e2d37a00c0, L_0x78152e1baae0, C4<11111111111111111111111111111111>, C4<11111111111111111111111111111111>;
L_0x59e2d37bff30 .functor OR 1, L_0x59e2d37bfc20, L_0x59e2d37bfdf0, C4<0>, C4<0>;
L_0x78152e1bab70 .functor BUFT 1, C4<00000000000000000111000001111111>, C4<0>, C4<0>, C4<0>;
L_0x59e2d37c0040 .functor AND 32, L_0x59e2d37a00c0, L_0x78152e1bab70, C4<11111111111111111111111111111111>, C4<11111111111111111111111111111111>;
L_0x59e2d37c0520 .functor OR 1, L_0x59e2d37bff30, L_0x59e2d37c03e0, C4<0>, C4<0>;
L_0x78152e1bac00 .functor BUFT 1, C4<00000000000000000111000001111111>, C4<0>, C4<0>, C4<0>;
L_0x59e2d37c0630 .functor AND 32, L_0x59e2d37a00c0, L_0x78152e1bac00, C4<11111111111111111111111111111111>, C4<11111111111111111111111111111111>;
L_0x59e2d37c0830 .functor OR 1, L_0x59e2d37c0520, L_0x59e2d37c06f0, C4<0>, C4<0>;
L_0x78152e1bac90 .functor BUFT 1, C4<00000000000000000111000001111111>, C4<0>, C4<0>, C4<0>;
L_0x59e2d37c0940 .functor AND 32, L_0x59e2d37a00c0, L_0x78152e1bac90, C4<11111111111111111111111111111111>, C4<11111111111111111111111111111111>;
L_0x59e2d37c0de0 .functor OR 1, L_0x59e2d37c0830, L_0x59e2d37c0ca0, C4<0>, C4<0>;
L_0x78152e1bad20 .functor BUFT 1, C4<00000000000000000111000001111111>, C4<0>, C4<0>, C4<0>;
L_0x59e2d37c0ef0 .functor AND 32, L_0x59e2d37a00c0, L_0x78152e1bad20, C4<11111111111111111111111111111111>, C4<11111111111111111111111111111111>;
L_0x59e2d37c10f0 .functor OR 1, L_0x59e2d37c0de0, L_0x59e2d37c0fb0, C4<0>, C4<0>;
L_0x78152e1badb0 .functor BUFT 1, C4<11111110000000000111000001111111>, C4<0>, C4<0>, C4<0>;
L_0x59e2d37c1200 .functor AND 32, L_0x59e2d37a00c0, L_0x78152e1badb0, C4<11111111111111111111111111111111>, C4<11111111111111111111111111111111>;
L_0x59e2d37c1720 .functor OR 1, L_0x59e2d37c10f0, L_0x59e2d37c15e0, C4<0>, C4<0>;
L_0x78152e1bae40 .functor BUFT 1, C4<11111110000000000111000001111111>, C4<0>, C4<0>, C4<0>;
L_0x59e2d37c1830 .functor AND 32, L_0x59e2d37a00c0, L_0x78152e1bae40, C4<11111111111111111111111111111111>, C4<11111111111111111111111111111111>;
L_0x59e2d37c1a30 .functor OR 1, L_0x59e2d37c1720, L_0x59e2d37c18f0, C4<0>, C4<0>;
L_0x78152e1baed0 .functor BUFT 1, C4<11111110000000000111000001111111>, C4<0>, C4<0>, C4<0>;
L_0x59e2d37c1b40 .functor AND 32, L_0x59e2d37a00c0, L_0x78152e1baed0, C4<11111111111111111111111111111111>, C4<11111111111111111111111111111111>;
L_0x59e2d37c2090 .functor OR 1, L_0x59e2d37c1a30, L_0x59e2d37c1f50, C4<0>, C4<0>;
L_0x78152e1baf60 .functor BUFT 1, C4<11111110000000000111000001111111>, C4<0>, C4<0>, C4<0>;
L_0x59e2d37c21a0 .functor AND 32, L_0x59e2d37a00c0, L_0x78152e1baf60, C4<11111111111111111111111111111111>, C4<11111111111111111111111111111111>;
L_0x59e2d37c23a0 .functor OR 1, L_0x59e2d37c2090, L_0x59e2d37c2260, C4<0>, C4<0>;
L_0x78152e1baff0 .functor BUFT 1, C4<11111110000000000111000001111111>, C4<0>, C4<0>, C4<0>;
L_0x59e2d37c24b0 .functor AND 32, L_0x59e2d37a00c0, L_0x78152e1baff0, C4<11111111111111111111111111111111>, C4<11111111111111111111111111111111>;
L_0x59e2d37c29e0 .functor OR 1, L_0x59e2d37c23a0, L_0x59e2d37c28a0, C4<0>, C4<0>;
L_0x78152e1bb080 .functor BUFT 1, C4<11111110000000000111000001111111>, C4<0>, C4<0>, C4<0>;
L_0x59e2d37c2af0 .functor AND 32, L_0x59e2d37a00c0, L_0x78152e1bb080, C4<11111111111111111111111111111111>, C4<11111111111111111111111111111111>;
L_0x59e2d37c2cf0 .functor OR 1, L_0x59e2d37c29e0, L_0x59e2d37c2bb0, C4<0>, C4<0>;
L_0x78152e1bb110 .functor BUFT 1, C4<11111110000000000111000001111111>, C4<0>, C4<0>, C4<0>;
L_0x59e2d37c2e00 .functor AND 32, L_0x59e2d37a00c0, L_0x78152e1bb110, C4<11111111111111111111111111111111>, C4<11111111111111111111111111111111>;
L_0x59e2d37c3310 .functor OR 1, L_0x59e2d37c2cf0, L_0x59e2d37c3220, C4<0>, C4<0>;
L_0x78152e1bb1a0 .functor BUFT 1, C4<11111110000000000111000001111111>, C4<0>, C4<0>, C4<0>;
L_0x59e2d37c3420 .functor AND 32, L_0x59e2d37a00c0, L_0x78152e1bb1a0, C4<11111111111111111111111111111111>, C4<11111111111111111111111111111111>;
L_0x59e2d37c3620 .functor OR 1, L_0x59e2d37c3310, L_0x59e2d37c34e0, C4<0>, C4<0>;
L_0x78152e1bb230 .functor BUFT 1, C4<11111110000000000111000001111111>, C4<0>, C4<0>, C4<0>;
L_0x59e2d37c3730 .functor AND 32, L_0x59e2d37a00c0, L_0x78152e1bb230, C4<11111111111111111111111111111111>, C4<11111111111111111111111111111111>;
L_0x59e2d37c3c20 .functor OR 1, L_0x59e2d37c3620, L_0x59e2d37c37f0, C4<0>, C4<0>;
L_0x78152e1bb2c0 .functor BUFT 1, C4<11111110000000000111000001111111>, C4<0>, C4<0>, C4<0>;
L_0x59e2d37c3d30 .functor AND 32, L_0x59e2d37a00c0, L_0x78152e1bb2c0, C4<11111111111111111111111111111111>, C4<11111111111111111111111111111111>;
L_0x59e2d37c4c80 .functor OR 1, L_0x59e2d37c3c20, L_0x59e2d37c3df0, C4<0>, C4<0>;
L_0x78152e1bb350 .functor BUFT 1, C4<11111110000000000111000001111111>, C4<0>, C4<0>, C4<0>;
L_0x59e2d37c4d90 .functor AND 32, L_0x59e2d37a00c0, L_0x78152e1bb350, C4<11111111111111111111111111111111>, C4<11111111111111111111111111111111>;
L_0x59e2d37c46f0 .functor OR 1, L_0x59e2d37c4c80, L_0x59e2d37c45b0, C4<0>, C4<0>;
L_0x78152e1bb3e0 .functor BUFT 1, C4<00000000000000000111000001111111>, C4<0>, C4<0>, C4<0>;
L_0x59e2d37c4800 .functor AND 32, L_0x59e2d37a00c0, L_0x78152e1bb3e0, C4<11111111111111111111111111111111>, C4<11111111111111111111111111111111>;
L_0x59e2d37c4a00 .functor OR 1, L_0x59e2d37c46f0, L_0x59e2d37c48c0, C4<0>, C4<0>;
L_0x78152e1bb470 .functor BUFT 1, C4<00000000000000000111000001111111>, C4<0>, C4<0>, C4<0>;
L_0x59e2d37c4b10 .functor AND 32, L_0x59e2d37a00c0, L_0x78152e1bb470, C4<11111111111111111111111111111111>, C4<11111111111111111111111111111111>;
L_0x59e2d37c55a0 .functor OR 1, L_0x59e2d37c4a00, L_0x59e2d37c4bd0, C4<0>, C4<0>;
L_0x78152e1bb500 .functor BUFT 1, C4<00000000000000000111000001111111>, C4<0>, C4<0>, C4<0>;
L_0x59e2d37c56b0 .functor AND 32, L_0x59e2d37a00c0, L_0x78152e1bb500, C4<11111111111111111111111111111111>, C4<11111111111111111111111111111111>;
L_0x59e2d37c52f0 .functor OR 1, L_0x59e2d37c55a0, L_0x59e2d37c4e50, C4<0>, C4<0>;
L_0x78152e1bb590 .functor BUFT 1, C4<00000000000000000111000001111111>, C4<0>, C4<0>, C4<0>;
L_0x59e2d37c5400 .functor AND 32, L_0x59e2d37a00c0, L_0x78152e1bb590, C4<11111111111111111111111111111111>, C4<11111111111111111111111111111111>;
L_0x59e2d37c5f80 .functor OR 1, L_0x59e2d37c52f0, L_0x59e2d37c5e90, C4<0>, C4<0>;
L_0x78152e1bb620 .functor BUFT 1, C4<00000000000000000111000001111111>, C4<0>, C4<0>, C4<0>;
L_0x59e2d37c6090 .functor AND 32, L_0x59e2d37a00c0, L_0x78152e1bb620, C4<11111111111111111111111111111111>, C4<11111111111111111111111111111111>;
L_0x59e2d37c5c20 .functor OR 1, L_0x59e2d37c5f80, L_0x59e2d37c5770, C4<0>, C4<0>;
L_0x78152e1bb6b0 .functor BUFT 1, C4<00000000000000000111000001111111>, C4<0>, C4<0>, C4<0>;
L_0x59e2d37c5d30 .functor AND 32, L_0x59e2d37a00c0, L_0x78152e1bb6b0, C4<11111111111111111111111111111111>, C4<11111111111111111111111111111111>;
L_0x59e2d37c68e0 .functor OR 1, L_0x59e2d37c5c20, L_0x59e2d37c5df0, C4<0>, C4<0>;
L_0x78152e1bb740 .functor BUFT 1, C4<11111110000000000111000001111111>, C4<0>, C4<0>, C4<0>;
L_0x59e2d37c69f0 .functor AND 32, L_0x59e2d37a00c0, L_0x78152e1bb740, C4<11111111111111111111111111111111>, C4<11111111111111111111111111111111>;
L_0x59e2d37c6610 .functor AND 1, L_0x78152e1c3c90, L_0x59e2d37c6150, C4<1>, C4<1>;
L_0x59e2d37c66d0 .functor OR 1, L_0x59e2d37c68e0, L_0x59e2d37c6610, C4<0>, C4<0>;
L_0x78152e1bb7d0 .functor BUFT 1, C4<00000000000000000111000001111111>, C4<0>, C4<0>, C4<0>;
L_0x59e2d37c67e0 .functor AND 32, L_0x59e2d37a00c0, L_0x78152e1bb7d0, C4<11111111111111111111111111111111>, C4<11111111111111111111111111111111>;
L_0x78152e1bb860 .functor BUFT 1, C4<00000000000000000111000001111111>, C4<0>, C4<0>, C4<0>;
L_0x59e2d37b0070 .functor AND 32, L_0x59e2d37a00c0, L_0x78152e1bb860, C4<11111111111111111111111111111111>, C4<11111111111111111111111111111111>;
L_0x59e2d37b0600 .functor OR 1, L_0x59e2d37aff30, L_0x59e2d37b0130, C4<0>, C4<0>;
L_0x78152e1bb8f0 .functor BUFT 1, C4<00000000000000000111000001111111>, C4<0>, C4<0>, C4<0>;
L_0x59e2d37c6ab0 .functor AND 32, L_0x59e2d37a00c0, L_0x78152e1bb8f0, C4<11111111111111111111111111111111>, C4<11111111111111111111111111111111>;
L_0x59e2d37c6cb0 .functor OR 1, L_0x59e2d37b0600, L_0x59e2d37c6b70, C4<0>, C4<0>;
L_0x78152e1bb980 .functor BUFT 1, C4<00000000000000000111000001111111>, C4<0>, C4<0>, C4<0>;
L_0x59e2d37c6dc0 .functor AND 32, L_0x59e2d37a00c0, L_0x78152e1bb980, C4<11111111111111111111111111111111>, C4<11111111111111111111111111111111>;
L_0x59e2d37c6fc0 .functor OR 1, L_0x59e2d37c6cb0, L_0x59e2d37c6e80, C4<0>, C4<0>;
L_0x78152e1bba10 .functor BUFT 1, C4<00000000000000000111000001111111>, C4<0>, C4<0>, C4<0>;
L_0x59e2d37c70d0 .functor AND 32, L_0x59e2d37a00c0, L_0x78152e1bba10, C4<11111111111111111111111111111111>, C4<11111111111111111111111111111111>;
L_0x59e2d37c83b0 .functor OR 1, L_0x59e2d37c6fc0, L_0x59e2d37c8270, C4<0>, C4<0>;
L_0x78152e1bbaa0 .functor BUFT 1, C4<00000000000000000111000001111111>, C4<0>, C4<0>, C4<0>;
L_0x59e2d37c84c0 .functor AND 32, L_0x59e2d37a00c0, L_0x78152e1bbaa0, C4<11111111111111111111111111111111>, C4<11111111111111111111111111111111>;
L_0x59e2d37c7190 .functor OR 1, L_0x59e2d37c83b0, L_0x59e2d37c8580, C4<0>, C4<0>;
L_0x78152e1bbb30 .functor BUFT 1, C4<11111100000000000111000001111111>, C4<0>, C4<0>, C4<0>;
L_0x59e2d37c8710 .functor AND 32, L_0x59e2d37a00c0, L_0x78152e1bbb30, C4<11111111111111111111111111111111>, C4<11111111111111111111111111111111>;
L_0x59e2d37c8910 .functor OR 1, L_0x59e2d37c7190, L_0x59e2d37c87d0, C4<0>, C4<0>;
L_0x78152e1bbbc0 .functor BUFT 1, C4<11111100000000000111000001111111>, C4<0>, C4<0>, C4<0>;
L_0x59e2d37c8df0 .functor AND 32, L_0x59e2d37a00c0, L_0x78152e1bbbc0, C4<11111111111111111111111111111111>, C4<11111111111111111111111111111111>;
L_0x59e2d37c93b0 .functor OR 1, L_0x59e2d37c8910, L_0x59e2d37c8eb0, C4<0>, C4<0>;
L_0x78152e1bbc50 .functor BUFT 1, C4<11111100000000000111000001111111>, C4<0>, C4<0>, C4<0>;
L_0x59e2d37c94c0 .functor AND 32, L_0x59e2d37a00c0, L_0x78152e1bbc50, C4<11111111111111111111111111111111>, C4<11111111111111111111111111111111>;
L_0x59e2d37c9a40 .functor OR 1, L_0x59e2d37c93b0, L_0x59e2d37c9900, C4<0>, C4<0>;
L_0x78152e1bbce0 .functor BUFT 1, C4<00000000000000000000000001111111>, C4<0>, C4<0>, C4<0>;
L_0x59e2d37c9b50 .functor AND 32, L_0x59e2d37a00c0, L_0x78152e1bbce0, C4<11111111111111111111111111111111>, C4<11111111111111111111111111111111>;
L_0x59e2d37c9d50 .functor OR 1, L_0x59e2d37c9a40, L_0x59e2d37c9c10, C4<0>, C4<0>;
L_0x78152e1bbd70 .functor BUFT 1, C4<00000000000000000000000001111111>, C4<0>, C4<0>, C4<0>;
L_0x59e2d37c9e60 .functor AND 32, L_0x59e2d37a00c0, L_0x78152e1bbd70, C4<11111111111111111111111111111111>, C4<11111111111111111111111111111111>;
L_0x59e2d37ca060 .functor OR 1, L_0x59e2d37c9d50, L_0x59e2d37c9f20, C4<0>, C4<0>;
L_0x78152e1bbe00 .functor BUFT 1, C4<11111110000000000111000001111111>, C4<0>, C4<0>, C4<0>;
L_0x59e2d37ca1c0 .functor AND 32, L_0x59e2d37a00c0, L_0x78152e1bbe00, C4<11111111111111111111111111111111>, C4<11111111111111111111111111111111>;
L_0x59e2d37ca3c0 .functor OR 1, L_0x59e2d37ca060, L_0x59e2d37ca280, C4<0>, C4<0>;
L_0x78152e1bbe90 .functor BUFT 1, C4<11111110000000000111000001111111>, C4<0>, C4<0>, C4<0>;
L_0x59e2d37ca4d0 .functor AND 32, L_0x59e2d37a00c0, L_0x78152e1bbe90, C4<11111111111111111111111111111111>, C4<11111111111111111111111111111111>;
L_0x59e2d37ca6d0 .functor OR 1, L_0x59e2d37ca3c0, L_0x59e2d37ca590, C4<0>, C4<0>;
L_0x78152e1bbf20 .functor BUFT 1, C4<11111110000000000111000001111111>, C4<0>, C4<0>, C4<0>;
L_0x59e2d37ca7e0 .functor AND 32, L_0x59e2d37a00c0, L_0x78152e1bbf20, C4<11111111111111111111111111111111>, C4<11111111111111111111111111111111>;
L_0x59e2d37ca8a0 .functor OR 1, L_0x59e2d37ca6d0, L_0x59e2d37cacf0, C4<0>, C4<0>;
L_0x78152e1bbfb0 .functor BUFT 1, C4<11111110000000000111000001111111>, C4<0>, C4<0>, C4<0>;
L_0x59e2d37cb2c0 .functor AND 32, L_0x59e2d37a00c0, L_0x78152e1bbfb0, C4<11111111111111111111111111111111>, C4<11111111111111111111111111111111>;
L_0x59e2d37b6080 .functor OR 1, L_0x59e2d37ca8a0, L_0x59e2d37cb380, C4<0>, C4<0>;
L_0x78152e1bc040 .functor BUFT 1, C4<11111110000000000111000001111111>, C4<0>, C4<0>, C4<0>;
L_0x59e2d37b6190 .functor AND 32, L_0x59e2d37a00c0, L_0x78152e1bc040, C4<11111111111111111111111111111111>, C4<11111111111111111111111111111111>;
L_0x59e2d37b6790 .functor OR 1, L_0x59e2d37b6080, L_0x59e2d37b6250, C4<0>, C4<0>;
L_0x78152e1bc0d0 .functor BUFT 1, C4<11111110000000000111000001111111>, C4<0>, C4<0>, C4<0>;
L_0x59e2d37ccd90 .functor AND 32, L_0x59e2d37a00c0, L_0x78152e1bc0d0, C4<11111111111111111111111111111111>, C4<11111111111111111111111111111111>;
L_0x59e2d37cc630 .functor OR 1, L_0x59e2d37b6790, L_0x59e2d37cc4f0, C4<0>, C4<0>;
L_0x78152e1bc160 .functor BUFT 1, C4<11111110000000000111000001111111>, C4<0>, C4<0>, C4<0>;
L_0x59e2d37cc740 .functor AND 32, L_0x59e2d37a00c0, L_0x78152e1bc160, C4<11111111111111111111111111111111>, C4<11111111111111111111111111111111>;
L_0x59e2d37cc940 .functor OR 1, L_0x59e2d37cc630, L_0x59e2d37cc800, C4<0>, C4<0>;
L_0x78152e1bc1f0 .functor BUFT 1, C4<11111110000000000111000001111111>, C4<0>, C4<0>, C4<0>;
L_0x59e2d37cca50 .functor AND 32, L_0x59e2d37a00c0, L_0x78152e1bc1f0, C4<11111111111111111111111111111111>, C4<11111111111111111111111111111111>;
L_0x59e2d37ccc50 .functor OR 1, L_0x59e2d37cc940, L_0x59e2d37ccb10, C4<0>, C4<0>;
L_0x78152e1bc280 .functor BUFT 1, C4<11111110000000000111000001111111>, C4<0>, C4<0>, C4<0>;
L_0x59e2d37cce50 .functor AND 32, L_0x59e2d37a00c0, L_0x78152e1bc280, C4<11111111111111111111111111111111>, C4<11111111111111111111111111111111>;
L_0x59e2d37cd470 .functor OR 1, L_0x59e2d37ccc50, L_0x59e2d37ccf10, C4<0>, C4<0>;
L_0x78152e1bc310 .functor BUFT 1, C4<11111110000000000111000001111111>, C4<0>, C4<0>, C4<0>;
L_0x59e2d37cd580 .functor AND 32, L_0x59e2d37a00c0, L_0x78152e1bc310, C4<11111111111111111111111111111111>, C4<11111111111111111111111111111111>;
L_0x59e2d37ce460 .functor OR 1, L_0x59e2d37cd470, L_0x59e2d37ce370, C4<0>, C4<0>;
L_0x78152e1bc3a0 .functor BUFT 1, C4<00000000000000000111000001111111>, C4<0>, C4<0>, C4<0>;
L_0x59e2d37ce570 .functor AND 32, L_0x59e2d37a00c0, L_0x78152e1bc3a0, C4<11111111111111111111111111111111>, C4<11111111111111111111111111111111>;
L_0x78152e1bc430 .functor BUFT 1, C4<00000000000000000111000001111111>, C4<0>, C4<0>, C4<0>;
L_0x59e2d37ce040 .functor AND 32, L_0x59e2d37a00c0, L_0x78152e1bc430, C4<11111111111111111111111111111111>, C4<11111111111111111111111111111111>;
L_0x59e2d37ce240 .functor OR 1, L_0x59e2d37cdad0, L_0x59e2d37ce100, C4<0>, C4<0>;
L_0x78152e1bc4c0 .functor BUFT 1, C4<00000000000000000111000001111111>, C4<0>, C4<0>, C4<0>;
L_0x59e2d37cd050 .functor AND 32, L_0x59e2d37a00c0, L_0x78152e1bc4c0, C4<11111111111111111111111111111111>, C4<11111111111111111111111111111111>;
L_0x59e2d37cd250 .functor OR 1, L_0x59e2d37ce240, L_0x59e2d37cd110, C4<0>, C4<0>;
L_0x78152e1bc550 .functor BUFT 1, C4<00000000000000000111000001111111>, C4<0>, C4<0>, C4<0>;
L_0x59e2d37cd360 .functor AND 32, L_0x59e2d37a00c0, L_0x78152e1bc550, C4<11111111111111111111111111111111>, C4<11111111111111111111111111111111>;
L_0x59e2d37cdd00 .functor OR 1, L_0x59e2d37cd250, L_0x59e2d37cdc10, C4<0>, C4<0>;
L_0x78152e1bc5e0 .functor BUFT 1, C4<00000000000000000111000001111111>, C4<0>, C4<0>, C4<0>;
L_0x59e2d37cde10 .functor AND 32, L_0x59e2d37a00c0, L_0x78152e1bc5e0, C4<11111111111111111111111111111111>, C4<11111111111111111111111111111111>;
L_0x59e2d37cea80 .functor OR 1, L_0x59e2d37cdd00, L_0x59e2d37cded0, C4<0>, C4<0>;
L_0x78152e1bc670 .functor BUFT 1, C4<00000000000000000111000001111111>, C4<0>, C4<0>, C4<0>;
L_0x59e2d37ceb90 .functor AND 32, L_0x59e2d37a00c0, L_0x78152e1bc670, C4<11111111111111111111111111111111>, C4<11111111111111111111111111111111>;
L_0x59e2d37ced90 .functor OR 1, L_0x59e2d37cea80, L_0x59e2d37cec50, C4<0>, C4<0>;
L_0x78152e1bc700 .functor BUFT 1, C4<00000000000000000111000001111111>, C4<0>, C4<0>, C4<0>;
L_0x59e2d37ceea0 .functor AND 32, L_0x59e2d37a00c0, L_0x78152e1bc700, C4<11111111111111111111111111111111>, C4<11111111111111111111111111111111>;
L_0x59e2d37cf0a0 .functor OR 1, L_0x59e2d37ced90, L_0x59e2d37cef60, C4<0>, C4<0>;
L_0x78152e1bc790 .functor BUFT 1, C4<00000000000000000111000001111111>, C4<0>, C4<0>, C4<0>;
L_0x59e2d37cf1b0 .functor AND 32, L_0x59e2d37a00c0, L_0x78152e1bc790, C4<11111111111111111111111111111111>, C4<11111111111111111111111111111111>;
L_0x59e2d37cf3b0 .functor OR 1, L_0x59e2d37cf0a0, L_0x59e2d37cf270, C4<0>, C4<0>;
L_0x78152e1bc820 .functor BUFT 1, C4<00000000000000000111000001111111>, C4<0>, C4<0>, C4<0>;
L_0x59e2d37cf4c0 .functor AND 32, L_0x59e2d37a00c0, L_0x78152e1bc820, C4<11111111111111111111111111111111>, C4<11111111111111111111111111111111>;
L_0x59e2d37ce630 .functor OR 1, L_0x59e2d37cf3b0, L_0x59e2d37cf580, C4<0>, C4<0>;
L_0x78152e1bc8b0 .functor BUFT 1, C4<00000000000000000000000001111111>, C4<0>, C4<0>, C4<0>;
L_0x59e2d37ce740 .functor AND 32, L_0x59e2d37a00c0, L_0x78152e1bc8b0, C4<11111111111111111111111111111111>, C4<11111111111111111111111111111111>;
L_0x78152e1bc940 .functor BUFT 1, C4<00000000000000000111000001111111>, C4<0>, C4<0>, C4<0>;
L_0x59e2d37ce940 .functor AND 32, L_0x59e2d37a00c0, L_0x78152e1bc940, C4<11111111111111111111111111111111>, C4<11111111111111111111111111111111>;
L_0x59e2d37cea00 .functor OR 1, L_0x59e2d37ce800, L_0x59e2d37cfb30, C4<0>, C4<0>;
L_0x78152e1bc9d0 .functor BUFT 1, C4<00000000000000000111000001111111>, C4<0>, C4<0>, C4<0>;
L_0x59e2d37cfd10 .functor AND 32, L_0x59e2d37a00c0, L_0x78152e1bc9d0, C4<11111111111111111111111111111111>, C4<11111111111111111111111111111111>;
L_0x59e2d37cff10 .functor OR 1, L_0x59e2d37cea00, L_0x59e2d37cfdd0, C4<0>, C4<0>;
L_0x78152e1bca60 .functor BUFT 1, C4<00000000000000000111000001111111>, C4<0>, C4<0>, C4<0>;
L_0x59e2d37d0020 .functor AND 32, L_0x59e2d37a00c0, L_0x78152e1bca60, C4<11111111111111111111111111111111>, C4<11111111111111111111111111111111>;
L_0x59e2d37cf6c0 .functor OR 1, L_0x59e2d37cff10, L_0x59e2d37d00e0, C4<0>, C4<0>;
L_0x78152e1bcaf0 .functor BUFT 1, C4<00000000000000000111000001111111>, C4<0>, C4<0>, C4<0>;
L_0x59e2d37cf7d0 .functor AND 32, L_0x59e2d37a00c0, L_0x78152e1bcaf0, C4<11111111111111111111111111111111>, C4<11111111111111111111111111111111>;
L_0x59e2d37cf9d0 .functor OR 1, L_0x59e2d37cf6c0, L_0x59e2d37cf890, C4<0>, C4<0>;
L_0x78152e1bcb80 .functor BUFT 1, C4<00000000000000000111000001111111>, C4<0>, C4<0>, C4<0>;
L_0x59e2d37d06b0 .functor AND 32, L_0x59e2d37a00c0, L_0x78152e1bcb80, C4<11111111111111111111111111111111>, C4<11111111111111111111111111111111>;
L_0x59e2d37d0d00 .functor OR 1, L_0x59e2d37cf9d0, L_0x59e2d37d0720, C4<0>, C4<0>;
L_0x78152e1bcc10 .functor BUFT 1, C4<00000000000000000111000001111111>, C4<0>, C4<0>, C4<0>;
L_0x59e2d37d0220 .functor AND 32, L_0x59e2d37a00c0, L_0x78152e1bcc10, C4<11111111111111111111111111111111>, C4<11111111111111111111111111111111>;
L_0x59e2d37d0420 .functor OR 1, L_0x59e2d37d0d00, L_0x59e2d37d02e0, C4<0>, C4<0>;
L_0x78152e1bcca0 .functor BUFT 1, C4<00000000000000000111000001111111>, C4<0>, C4<0>, C4<0>;
L_0x59e2d37d0530 .functor AND 32, L_0x59e2d37a00c0, L_0x78152e1bcca0, C4<11111111111111111111111111111111>, C4<11111111111111111111111111111111>;
L_0x59e2d37d0860 .functor OR 1, L_0x59e2d37d0420, L_0x59e2d37d05f0, C4<0>, C4<0>;
L_0x78152e1bcd30 .functor BUFT 1, C4<11111110000000000111000001111111>, C4<0>, C4<0>, C4<0>;
L_0x59e2d37d0970 .functor AND 32, L_0x59e2d37a00c0, L_0x78152e1bcd30, C4<11111111111111111111111111111111>, C4<11111111111111111111111111111111>;
L_0x78152e1bcdc0 .functor BUFT 1, C4<11111110000000000111000001111111>, C4<0>, C4<0>, C4<0>;
L_0x59e2d37d0b70 .functor AND 32, L_0x59e2d37a00c0, L_0x78152e1bcdc0, C4<11111111111111111111111111111111>, C4<11111111111111111111111111111111>;
L_0x59e2d37d1370 .functor OR 1, L_0x59e2d37d0a30, L_0x59e2d37d0c30, C4<0>, C4<0>;
L_0x78152e1bce50 .functor BUFT 1, C4<11111110000000000111000001111111>, C4<0>, C4<0>, C4<0>;
L_0x59e2d37d1480 .functor AND 32, L_0x59e2d37a00c0, L_0x78152e1bce50, C4<11111111111111111111111111111111>, C4<11111111111111111111111111111111>;
L_0x59e2d37d1680 .functor OR 1, L_0x59e2d37d1370, L_0x59e2d37d1540, C4<0>, C4<0>;
L_0x78152e1bcee0 .functor BUFT 1, C4<11111110000000000111000001111111>, C4<0>, C4<0>, C4<0>;
L_0x59e2d37d1890 .functor AND 32, L_0x59e2d37a00c0, L_0x78152e1bcee0, C4<11111111111111111111111111111111>, C4<11111111111111111111111111111111>;
L_0x59e2d37d1a90 .functor OR 1, L_0x59e2d37d1680, L_0x59e2d37d1950, C4<0>, C4<0>;
L_0x59e2d37d1ba0 .functor AND 1, L_0x78152e1c3c90, L_0x59e2d37d1a90, C4<1>, C4<1>;
L_0x78152e1bcf70 .functor BUFT 1, C4<11111110000000000111000001111111>, C4<0>, C4<0>, C4<0>;
L_0x59e2d37d1c60 .functor AND 32, L_0x59e2d37a00c0, L_0x78152e1bcf70, C4<11111111111111111111111111111111>, C4<11111111111111111111111111111111>;
L_0x78152e1bd000 .functor BUFT 1, C4<11111110000000000111000001111111>, C4<0>, C4<0>, C4<0>;
L_0x59e2d37d1e60 .functor AND 32, L_0x59e2d37a00c0, L_0x78152e1bd000, C4<11111111111111111111111111111111>, C4<11111111111111111111111111111111>;
L_0x59e2d37d0eb0 .functor OR 1, L_0x59e2d37d1d20, L_0x59e2d37d1f20, C4<0>, C4<0>;
L_0x78152e1bd090 .functor BUFT 1, C4<11111110000000000111000001111111>, C4<0>, C4<0>, C4<0>;
L_0x59e2d37d0fc0 .functor AND 32, L_0x59e2d37a00c0, L_0x78152e1bd090, C4<11111111111111111111111111111111>, C4<11111111111111111111111111111111>;
L_0x59e2d37d11c0 .functor OR 1, L_0x59e2d37d0eb0, L_0x59e2d37d1080, C4<0>, C4<0>;
L_0x78152e1bd120 .functor BUFT 1, C4<11111110000000000111000001111111>, C4<0>, C4<0>, C4<0>;
L_0x59e2d37d12d0 .functor AND 32, L_0x59e2d37a00c0, L_0x78152e1bd120, C4<11111111111111111111111111111111>, C4<11111111111111111111111111111111>;
L_0x59e2d37d2b70 .functor OR 1, L_0x59e2d37d11c0, L_0x59e2d37d2540, C4<0>, C4<0>;
L_0x59e2d37d2100 .functor AND 1, L_0x78152e1c3c90, L_0x59e2d37d2b70, C4<1>, C4<1>;
L_0x78152e1bd1b0 .functor BUFT 1, C4<11111111111111111111111111111111>, C4<0>, C4<0>, C4<0>;
L_0x59e2d37d21c0 .functor AND 32, L_0x59e2d37a00c0, L_0x78152e1bd1b0, C4<11111111111111111111111111111111>, C4<11111111111111111111111111111111>;
L_0x78152e1bd240 .functor BUFT 1, C4<11111111111111111111111111111111>, C4<0>, C4<0>, C4<0>;
L_0x59e2d37d23c0 .functor AND 32, L_0x59e2d37a00c0, L_0x78152e1bd240, C4<11111111111111111111111111111111>, C4<11111111111111111111111111111111>;
L_0x59e2d37d2680 .functor OR 1, L_0x59e2d37d2280, L_0x59e2d37d2480, C4<0>, C4<0>;
L_0x78152e1bd2d0 .functor BUFT 1, C4<11001111111111111111111111111111>, C4<0>, C4<0>, C4<0>;
L_0x59e2d37d2790 .functor AND 32, L_0x59e2d37a00c0, L_0x78152e1bd2d0, C4<11111111111111111111111111111111>, C4<11111111111111111111111111111111>;
L_0x59e2d37d2990 .functor OR 1, L_0x59e2d37d2680, L_0x59e2d37d2850, C4<0>, C4<0>;
L_0x78152e1bd360 .functor BUFT 1, C4<00000000000000000111000001111111>, C4<0>, C4<0>, C4<0>;
L_0x59e2d37d2aa0 .functor AND 32, L_0x59e2d37a00c0, L_0x78152e1bd360, C4<11111111111111111111111111111111>, C4<11111111111111111111111111111111>;
L_0x59e2d37d3230 .functor OR 1, L_0x59e2d37d2990, L_0x59e2d37d2be0, C4<0>, C4<0>;
L_0x78152e1bd3f0 .functor BUFT 1, C4<00000000000000000111000001111111>, C4<0>, C4<0>, C4<0>;
L_0x59e2d37d3340 .functor AND 32, L_0x59e2d37a00c0, L_0x78152e1bd3f0, C4<11111111111111111111111111111111>, C4<11111111111111111111111111111111>;
L_0x59e2d37d3540 .functor OR 1, L_0x59e2d37d3230, L_0x59e2d37d3400, C4<0>, C4<0>;
L_0x78152e1bd480 .functor BUFT 1, C4<00000000000000000111000001111111>, C4<0>, C4<0>, C4<0>;
L_0x59e2d37d3700 .functor AND 32, L_0x59e2d37a00c0, L_0x78152e1bd480, C4<11111111111111111111111111111111>, C4<11111111111111111111111111111111>;
L_0x59e2d37d3900 .functor OR 1, L_0x59e2d37d3540, L_0x59e2d37d37c0, C4<0>, C4<0>;
L_0x78152e1bd510 .functor BUFT 1, C4<00000000000000000111000001111111>, C4<0>, C4<0>, C4<0>;
L_0x59e2d37d3a10 .functor AND 32, L_0x59e2d37a00c0, L_0x78152e1bd510, C4<11111111111111111111111111111111>, C4<11111111111111111111111111111111>;
L_0x59e2d37d3c10 .functor OR 1, L_0x59e2d37d3900, L_0x59e2d37d3ad0, C4<0>, C4<0>;
L_0x78152e1bd5a0 .functor BUFT 1, C4<00000000000000000111000001111111>, C4<0>, C4<0>, C4<0>;
L_0x59e2d37d3d20 .functor AND 32, L_0x59e2d37a00c0, L_0x78152e1bd5a0, C4<11111111111111111111111111111111>, C4<11111111111111111111111111111111>;
L_0x59e2d37d2d20 .functor OR 1, L_0x59e2d37d3c10, L_0x59e2d37d3de0, C4<0>, C4<0>;
L_0x78152e1bd630 .functor BUFT 1, C4<00000000000000000111000001111111>, C4<0>, C4<0>, C4<0>;
L_0x59e2d37d2e30 .functor AND 32, L_0x59e2d37a00c0, L_0x78152e1bd630, C4<11111111111111111111111111111111>, C4<11111111111111111111111111111111>;
L_0x59e2d37d3030 .functor OR 1, L_0x59e2d37d2d20, L_0x59e2d37d2ef0, C4<0>, C4<0>;
L_0x78152e1bd6c0 .functor BUFT 1, C4<11111111111111111000111111111111>, C4<0>, C4<0>, C4<0>;
L_0x59e2d37d3140 .functor AND 32, L_0x59e2d37a00c0, L_0x78152e1bd6c0, C4<11111111111111111111111111111111>, C4<11111111111111111111111111111111>;
L_0x59e2d37d4ad0 .functor OR 1, L_0x59e2d37d3030, L_0x59e2d37d4450, C4<0>, C4<0>;
L_0x78152e1bd750 .functor BUFT 1, C4<00000000000000000111000001111111>, C4<0>, C4<0>, C4<0>;
L_0x59e2d37d3fc0 .functor AND 32, L_0x59e2d37a00c0, L_0x78152e1bd750, C4<11111111111111111111111111111111>, C4<11111111111111111111111111111111>;
L_0x59e2d37d41c0 .functor OR 1, L_0x59e2d37d4ad0, L_0x59e2d37d4080, C4<0>, C4<0>;
L_0x78152e1bd7e0 .functor BUFT 1, C4<00000000000000000111000001111111>, C4<0>, C4<0>, C4<0>;
L_0x59e2d37d42d0 .functor AND 32, L_0x59e2d37a00c0, L_0x78152e1bd7e0, C4<11111111111111111111111111111111>, C4<11111111111111111111111111111111>;
L_0x59e2d37d4590 .functor OR 1, L_0x59e2d37d41c0, L_0x59e2d37d4390, C4<0>, C4<0>;
L_0x78152e1bd870 .functor BUFT 1, C4<11111110000000000111111111111111>, C4<0>, C4<0>, C4<0>;
L_0x59e2d37d46a0 .functor AND 32, L_0x59e2d37a00c0, L_0x78152e1bd870, C4<11111111111111111111111111111111>, C4<11111111111111111111111111111111>;
L_0x59e2d37d48a0 .functor OR 1, L_0x59e2d37d4590, L_0x59e2d37d4760, C4<0>, C4<0>;
L_0x59e2d37d49b0 .functor OR 1, L_0x59e2d37d48a0, L_0x59e2d37b9860, C4<0>, C4<0>;
L_0x59e2d37d4b40 .functor OR 1, L_0x59e2d37d49b0, L_0x59e2d37d5cf0, C4<0>, C4<0>;
L_0x78152e1bd900 .functor BUFT 1, C4<11111110000000000111000001111111>, C4<0>, C4<0>, C4<0>;
L_0x59e2d37d4c00 .functor AND 32, L_0x59e2d37a00c0, L_0x78152e1bd900, C4<11111111111111111111111111111111>, C4<11111111111111111111111111111111>;
L_0x59e2d37d5360 .functor AND 1, L_0x78152e1c3c90, L_0x59e2d37d4cc0, C4<1>, C4<1>;
L_0x78152e1bd990 .functor BUFT 1, C4<11111110000000000111000001111111>, C4<0>, C4<0>, C4<0>;
L_0x59e2d37d5420 .functor AND 32, L_0x59e2d37a00c0, L_0x78152e1bd990, C4<11111111111111111111111111111111>, C4<11111111111111111111111111111111>;
L_0x59e2d37d56b0 .functor AND 1, L_0x78152e1c3c90, L_0x59e2d37d54e0, C4<1>, C4<1>;
L_0x78152e1bda20 .functor BUFT 1, C4<11111110000000000111000001111111>, C4<0>, C4<0>, C4<0>;
L_0x59e2d37d5770 .functor AND 32, L_0x59e2d37a00c0, L_0x78152e1bda20, C4<11111111111111111111111111111111>, C4<11111111111111111111111111111111>;
L_0x59e2d37d5970 .functor AND 1, L_0x78152e1c3c90, L_0x59e2d37d5830, C4<1>, C4<1>;
L_0x78152e1bdab0 .functor BUFT 1, C4<11111110000000000111000001111111>, C4<0>, C4<0>, C4<0>;
L_0x59e2d37d5a30 .functor AND 32, L_0x59e2d37a00c0, L_0x78152e1bdab0, C4<11111111111111111111111111111111>, C4<11111111111111111111111111111111>;
L_0x59e2d37d5c30 .functor AND 1, L_0x78152e1c3c90, L_0x59e2d37d5af0, C4<1>, C4<1>;
v0x59e2d3650780_0 .net/2u *"_ivl_0", 31 0, L_0x78152e1b79f0;  1 drivers
v0x59e2d3650400_0 .net *"_ivl_10", 31 0, L_0x59e2d37a1a20;  1 drivers
v0x59e2d36504e0_0 .net *"_ivl_100", 31 0, L_0x59e2d37a3ab0;  1 drivers
L_0x78152e1bb0c8 .functor BUFT 1, C4<00000010000000000101000000110011>, C4<0>, C4<0>, C4<0>;
v0x59e2d3650080_0 .net/2u *"_ivl_1000", 31 0, L_0x78152e1bb0c8;  1 drivers
v0x59e2d3650140_0 .net *"_ivl_1002", 0 0, L_0x59e2d37c2bb0;  1 drivers
v0x59e2d364f900_0 .net *"_ivl_1005", 0 0, L_0x59e2d37c2cf0;  1 drivers
v0x59e2d364f9c0_0 .net/2u *"_ivl_1006", 31 0, L_0x78152e1bb110;  1 drivers
v0x59e2d364f580_0 .net *"_ivl_1008", 31 0, L_0x59e2d37c2e00;  1 drivers
L_0x78152e1bb158 .functor BUFT 1, C4<00000010000000000110000000110011>, C4<0>, C4<0>, C4<0>;
v0x59e2d364f660_0 .net/2u *"_ivl_1010", 31 0, L_0x78152e1bb158;  1 drivers
v0x59e2d364f200_0 .net *"_ivl_1012", 0 0, L_0x59e2d37c3220;  1 drivers
v0x59e2d364f2c0_0 .net *"_ivl_1015", 0 0, L_0x59e2d37c3310;  1 drivers
v0x59e2d364ee80_0 .net/2u *"_ivl_1016", 31 0, L_0x78152e1bb1a0;  1 drivers
v0x59e2d364ef60_0 .net *"_ivl_1018", 31 0, L_0x59e2d37c3420;  1 drivers
L_0x78152e1b7fd8 .functor BUFT 1, C4<00000000000000000000000000010111>, C4<0>, C4<0>, C4<0>;
v0x59e2d364eb00_0 .net/2u *"_ivl_102", 31 0, L_0x78152e1b7fd8;  1 drivers
L_0x78152e1bb1e8 .functor BUFT 1, C4<00000010000000000111000000110011>, C4<0>, C4<0>, C4<0>;
v0x59e2d364ebe0_0 .net/2u *"_ivl_1020", 31 0, L_0x78152e1bb1e8;  1 drivers
v0x59e2d364e780_0 .net *"_ivl_1022", 0 0, L_0x59e2d37c34e0;  1 drivers
v0x59e2d364e840_0 .net *"_ivl_1025", 0 0, L_0x59e2d37c3620;  1 drivers
v0x59e2d364e400_0 .net/2u *"_ivl_1026", 31 0, L_0x78152e1bb230;  1 drivers
v0x59e2d364e4e0_0 .net *"_ivl_1028", 31 0, L_0x59e2d37c3730;  1 drivers
L_0x78152e1bb278 .functor BUFT 1, C4<00001000000000000000000000001011>, C4<0>, C4<0>, C4<0>;
v0x59e2d36496f0_0 .net/2u *"_ivl_1030", 31 0, L_0x78152e1bb278;  1 drivers
v0x59e2d36497d0_0 .net *"_ivl_1032", 0 0, L_0x59e2d37c37f0;  1 drivers
v0x59e2d3649340_0 .net *"_ivl_1035", 0 0, L_0x59e2d37c3c20;  1 drivers
v0x59e2d3649400_0 .net/2u *"_ivl_1036", 31 0, L_0x78152e1bb2c0;  1 drivers
v0x59e2d361c320_0 .net *"_ivl_1038", 31 0, L_0x59e2d37c3d30;  1 drivers
v0x59e2d361c400_0 .net *"_ivl_104", 0 0, L_0x59e2d37a3810;  1 drivers
L_0x78152e1bb308 .functor BUFT 1, C4<00000100000000000000000000001011>, C4<0>, C4<0>, C4<0>;
v0x59e2d3619560_0 .net/2u *"_ivl_1040", 31 0, L_0x78152e1bb308;  1 drivers
v0x59e2d3619620_0 .net *"_ivl_1042", 0 0, L_0x59e2d37c3df0;  1 drivers
v0x59e2d35abe00_0 .net *"_ivl_1045", 0 0, L_0x59e2d37c4c80;  1 drivers
v0x59e2d35abec0_0 .net/2u *"_ivl_1046", 31 0, L_0x78152e1bb350;  1 drivers
v0x59e2d360e410_0 .net *"_ivl_1048", 31 0, L_0x59e2d37c4d90;  1 drivers
L_0x78152e1bb398 .functor BUFT 1, C4<00000010000000000001000000001011>, C4<0>, C4<0>, C4<0>;
v0x59e2d360e4f0_0 .net/2u *"_ivl_1050", 31 0, L_0x78152e1bb398;  1 drivers
v0x59e2d3626530_0 .net *"_ivl_1052", 0 0, L_0x59e2d37c45b0;  1 drivers
v0x59e2d36265d0_0 .net *"_ivl_1055", 0 0, L_0x59e2d37c46f0;  1 drivers
v0x59e2d2f0eb60_0 .net/2u *"_ivl_1056", 31 0, L_0x78152e1bb3e0;  1 drivers
v0x59e2d2f0ec40_0 .net *"_ivl_1058", 31 0, L_0x59e2d37c4800;  1 drivers
L_0x78152e1bb428 .functor BUFT 1, C4<00000000000000000001000001110011>, C4<0>, C4<0>, C4<0>;
v0x59e2d362dbd0_0 .net/2u *"_ivl_1060", 31 0, L_0x78152e1bb428;  1 drivers
v0x59e2d362dcb0_0 .net *"_ivl_1062", 0 0, L_0x59e2d37c48c0;  1 drivers
v0x59e2d3626150_0 .net *"_ivl_1065", 0 0, L_0x59e2d37c4a00;  1 drivers
v0x59e2d3626210_0 .net/2u *"_ivl_1066", 31 0, L_0x78152e1bb470;  1 drivers
v0x59e2d362d7f0_0 .net *"_ivl_1068", 31 0, L_0x59e2d37c4b10;  1 drivers
v0x59e2d362d8d0_0 .net *"_ivl_107", 0 0, L_0x59e2d37a3cc0;  1 drivers
L_0x78152e1bb4b8 .functor BUFT 1, C4<00000000000000000010000001110011>, C4<0>, C4<0>, C4<0>;
v0x59e2d362d410_0 .net/2u *"_ivl_1070", 31 0, L_0x78152e1bb4b8;  1 drivers
v0x59e2d362d4f0_0 .net *"_ivl_1072", 0 0, L_0x59e2d37c4bd0;  1 drivers
v0x59e2d362d030_0 .net *"_ivl_1075", 0 0, L_0x59e2d37c55a0;  1 drivers
v0x59e2d362d0f0_0 .net/2u *"_ivl_1076", 31 0, L_0x78152e1bb500;  1 drivers
v0x59e2d362cc50_0 .net *"_ivl_1078", 31 0, L_0x59e2d37c56b0;  1 drivers
v0x59e2d362cd10_0 .net/2u *"_ivl_108", 31 0, L_0x78152e1b8020;  1 drivers
L_0x78152e1bb548 .functor BUFT 1, C4<00000000000000000011000001110011>, C4<0>, C4<0>, C4<0>;
v0x59e2d362c870_0 .net/2u *"_ivl_1080", 31 0, L_0x78152e1bb548;  1 drivers
v0x59e2d362c950_0 .net *"_ivl_1082", 0 0, L_0x59e2d37c4e50;  1 drivers
v0x59e2d362c490_0 .net *"_ivl_1085", 0 0, L_0x59e2d37c52f0;  1 drivers
v0x59e2d362c550_0 .net/2u *"_ivl_1086", 31 0, L_0x78152e1bb590;  1 drivers
v0x59e2d362c0b0_0 .net *"_ivl_1088", 31 0, L_0x59e2d37c5400;  1 drivers
L_0x78152e1bb5d8 .functor BUFT 1, C4<00000000000000000101000001110011>, C4<0>, C4<0>, C4<0>;
v0x59e2d362c170_0 .net/2u *"_ivl_1090", 31 0, L_0x78152e1bb5d8;  1 drivers
v0x59e2d362bcd0_0 .net *"_ivl_1092", 0 0, L_0x59e2d37c5e90;  1 drivers
v0x59e2d362bd90_0 .net *"_ivl_1095", 0 0, L_0x59e2d37c5f80;  1 drivers
v0x59e2d362b8f0_0 .net/2u *"_ivl_1096", 31 0, L_0x78152e1bb620;  1 drivers
v0x59e2d362b9d0_0 .net *"_ivl_1098", 31 0, L_0x59e2d37c6090;  1 drivers
v0x59e2d362b510_0 .net *"_ivl_110", 31 0, L_0x59e2d37a3dd0;  1 drivers
L_0x78152e1bb668 .functor BUFT 1, C4<00000000000000000110000001110011>, C4<0>, C4<0>, C4<0>;
v0x59e2d362b5d0_0 .net/2u *"_ivl_1100", 31 0, L_0x78152e1bb668;  1 drivers
v0x59e2d3625d70_0 .net *"_ivl_1102", 0 0, L_0x59e2d37c5770;  1 drivers
v0x59e2d3625e30_0 .net *"_ivl_1105", 0 0, L_0x59e2d37c5c20;  1 drivers
v0x59e2d362b130_0 .net/2u *"_ivl_1106", 31 0, L_0x78152e1bb6b0;  1 drivers
v0x59e2d362b210_0 .net *"_ivl_1108", 31 0, L_0x59e2d37c5d30;  1 drivers
L_0x78152e1bb6f8 .functor BUFT 1, C4<00000000000000000111000001110011>, C4<0>, C4<0>, C4<0>;
v0x59e2d362ad50_0 .net/2u *"_ivl_1110", 31 0, L_0x78152e1bb6f8;  1 drivers
v0x59e2d362ae10_0 .net *"_ivl_1112", 0 0, L_0x59e2d37c5df0;  1 drivers
v0x59e2d362a970_0 .net *"_ivl_1115", 0 0, L_0x59e2d37c68e0;  1 drivers
v0x59e2d362aa30_0 .net/2u *"_ivl_1116", 31 0, L_0x78152e1bb740;  1 drivers
v0x59e2d362a590_0 .net *"_ivl_1118", 31 0, L_0x59e2d37c69f0;  1 drivers
L_0x78152e1b8068 .functor BUFT 1, C4<00000000000000000000000000110011>, C4<0>, C4<0>, C4<0>;
v0x59e2d362a670_0 .net/2u *"_ivl_112", 31 0, L_0x78152e1b8068;  1 drivers
L_0x78152e1bb788 .functor BUFT 1, C4<00000010000000000000000000001011>, C4<0>, C4<0>, C4<0>;
v0x59e2d362a1b0_0 .net/2u *"_ivl_1120", 31 0, L_0x78152e1bb788;  1 drivers
v0x59e2d362a290_0 .net *"_ivl_1122", 0 0, L_0x59e2d37c6150;  1 drivers
v0x59e2d3629dd0_0 .net *"_ivl_1125", 0 0, L_0x59e2d37c6610;  1 drivers
v0x59e2d3629e90_0 .net/2u *"_ivl_1128", 31 0, L_0x78152e1bb7d0;  1 drivers
v0x59e2d36299f0_0 .net *"_ivl_1130", 31 0, L_0x59e2d37c67e0;  1 drivers
L_0x78152e1bb818 .functor BUFT 1, C4<00000000000000000111000000010011>, C4<0>, C4<0>, C4<0>;
v0x59e2d3629ad0_0 .net/2u *"_ivl_1132", 31 0, L_0x78152e1bb818;  1 drivers
v0x59e2d3629610_0 .net *"_ivl_1134", 0 0, L_0x59e2d37aff30;  1 drivers
v0x59e2d36296d0_0 .net/2u *"_ivl_1136", 31 0, L_0x78152e1bb860;  1 drivers
v0x59e2d3629230_0 .net *"_ivl_1138", 31 0, L_0x59e2d37b0070;  1 drivers
v0x59e2d3629310_0 .net *"_ivl_114", 0 0, L_0x59e2d37a3f50;  1 drivers
L_0x78152e1bb8a8 .functor BUFT 1, C4<00000000000000000000000000010011>, C4<0>, C4<0>, C4<0>;
v0x59e2d3628e50_0 .net/2u *"_ivl_1140", 31 0, L_0x78152e1bb8a8;  1 drivers
v0x59e2d3628f30_0 .net *"_ivl_1142", 0 0, L_0x59e2d37b0130;  1 drivers
v0x59e2d3625990_0 .net *"_ivl_1145", 0 0, L_0x59e2d37b0600;  1 drivers
v0x59e2d3625a30_0 .net/2u *"_ivl_1146", 31 0, L_0x78152e1bb8f0;  1 drivers
v0x59e2d3628a70_0 .net *"_ivl_1148", 31 0, L_0x59e2d37c6ab0;  1 drivers
L_0x78152e1bb938 .functor BUFT 1, C4<00000000000000000010000000010011>, C4<0>, C4<0>, C4<0>;
v0x59e2d3628b50_0 .net/2u *"_ivl_1150", 31 0, L_0x78152e1bb938;  1 drivers
v0x59e2d3628690_0 .net *"_ivl_1152", 0 0, L_0x59e2d37c6b70;  1 drivers
v0x59e2d3628750_0 .net *"_ivl_1155", 0 0, L_0x59e2d37c6cb0;  1 drivers
v0x59e2d3628310_0 .net/2u *"_ivl_1156", 31 0, L_0x78152e1bb980;  1 drivers
v0x59e2d36283f0_0 .net *"_ivl_1158", 31 0, L_0x59e2d37c6dc0;  1 drivers
L_0x78152e1bb9c8 .functor BUFT 1, C4<00000000000000000011000000010011>, C4<0>, C4<0>, C4<0>;
v0x59e2d3627f90_0 .net/2u *"_ivl_1160", 31 0, L_0x78152e1bb9c8;  1 drivers
v0x59e2d3628070_0 .net *"_ivl_1162", 0 0, L_0x59e2d37c6e80;  1 drivers
v0x59e2d3627c10_0 .net *"_ivl_1165", 0 0, L_0x59e2d37c6fc0;  1 drivers
v0x59e2d3627cd0_0 .net/2u *"_ivl_1166", 31 0, L_0x78152e1bba10;  1 drivers
v0x59e2d3627890_0 .net *"_ivl_1168", 31 0, L_0x59e2d37c70d0;  1 drivers
v0x59e2d3627970_0 .net *"_ivl_117", 0 0, L_0x59e2d37a4100;  1 drivers
L_0x78152e1bba58 .functor BUFT 1, C4<00000000000000000110000000010011>, C4<0>, C4<0>, C4<0>;
v0x59e2d36274b0_0 .net/2u *"_ivl_1170", 31 0, L_0x78152e1bba58;  1 drivers
v0x59e2d3627570_0 .net *"_ivl_1172", 0 0, L_0x59e2d37c8270;  1 drivers
v0x59e2d36270d0_0 .net *"_ivl_1175", 0 0, L_0x59e2d37c83b0;  1 drivers
v0x59e2d3627190_0 .net/2u *"_ivl_1176", 31 0, L_0x78152e1bbaa0;  1 drivers
v0x59e2d3626cf0_0 .net *"_ivl_1178", 31 0, L_0x59e2d37c84c0;  1 drivers
v0x59e2d3626dd0_0 .net/2u *"_ivl_118", 31 0, L_0x78152e1b80b0;  1 drivers
L_0x78152e1bbae8 .functor BUFT 1, C4<00000000000000000100000000010011>, C4<0>, C4<0>, C4<0>;
v0x59e2d3626910_0 .net/2u *"_ivl_1180", 31 0, L_0x78152e1bbae8;  1 drivers
v0x59e2d36269d0_0 .net *"_ivl_1182", 0 0, L_0x59e2d37c8580;  1 drivers
v0x59e2d35e2960_0 .net *"_ivl_1185", 0 0, L_0x59e2d37c7190;  1 drivers
v0x59e2d35e2a20_0 .net/2u *"_ivl_1186", 31 0, L_0x78152e1bbb30;  1 drivers
v0x59e2d35eab00_0 .net *"_ivl_1188", 31 0, L_0x59e2d37c8710;  1 drivers
L_0x78152e1bbb78 .functor BUFT 1, C4<00000000000000000001000000010011>, C4<0>, C4<0>, C4<0>;
v0x59e2d35eabe0_0 .net/2u *"_ivl_1190", 31 0, L_0x78152e1bbb78;  1 drivers
v0x59e2d35e68b0_0 .net *"_ivl_1192", 0 0, L_0x59e2d37c87d0;  1 drivers
v0x59e2d35e6950_0 .net *"_ivl_1195", 0 0, L_0x59e2d37c8910;  1 drivers
v0x59e2d35e64d0_0 .net/2u *"_ivl_1196", 31 0, L_0x78152e1bbbc0;  1 drivers
v0x59e2d35e65b0_0 .net *"_ivl_1198", 31 0, L_0x59e2d37c8df0;  1 drivers
L_0x78152e1b7ac8 .functor BUFT 1, C4<00000000000000000000000000010011>, C4<0>, C4<0>, C4<0>;
v0x59e2d35e60f0_0 .net/2u *"_ivl_12", 31 0, L_0x78152e1b7ac8;  1 drivers
v0x59e2d35e61d0_0 .net *"_ivl_120", 31 0, L_0x59e2d37a4210;  1 drivers
L_0x78152e1bbc08 .functor BUFT 1, C4<00000000000000000101000000010011>, C4<0>, C4<0>, C4<0>;
v0x59e2d35e5e00_0 .net/2u *"_ivl_1200", 31 0, L_0x78152e1bbc08;  1 drivers
v0x59e2d35e5ec0_0 .net *"_ivl_1202", 0 0, L_0x59e2d37c8eb0;  1 drivers
v0x59e2d35f6a00_0 .net *"_ivl_1205", 0 0, L_0x59e2d37c93b0;  1 drivers
v0x59e2d35f6ac0_0 .net/2u *"_ivl_1206", 31 0, L_0x78152e1bbc50;  1 drivers
v0x59e2d35f60c0_0 .net *"_ivl_1208", 31 0, L_0x59e2d37c94c0;  1 drivers
L_0x78152e1bbc98 .functor BUFT 1, C4<01000000000000000101000000010011>, C4<0>, C4<0>, C4<0>;
v0x59e2d35f61a0_0 .net/2u *"_ivl_1210", 31 0, L_0x78152e1bbc98;  1 drivers
v0x59e2d35f5ce0_0 .net *"_ivl_1212", 0 0, L_0x59e2d37c9900;  1 drivers
v0x59e2d35f5d80_0 .net *"_ivl_1215", 0 0, L_0x59e2d37c9a40;  1 drivers
v0x59e2d35f5900_0 .net/2u *"_ivl_1216", 31 0, L_0x78152e1bbce0;  1 drivers
v0x59e2d35f59e0_0 .net *"_ivl_1218", 31 0, L_0x59e2d37c9b50;  1 drivers
L_0x78152e1b80f8 .functor BUFT 1, C4<01000000000000000000000000110011>, C4<0>, C4<0>, C4<0>;
v0x59e2d35f5520_0 .net/2u *"_ivl_122", 31 0, L_0x78152e1b80f8;  1 drivers
L_0x78152e1bbd28 .functor BUFT 1, C4<00000000000000000000000000110111>, C4<0>, C4<0>, C4<0>;
v0x59e2d35f5600_0 .net/2u *"_ivl_1220", 31 0, L_0x78152e1bbd28;  1 drivers
v0x59e2d35f5140_0 .net *"_ivl_1222", 0 0, L_0x59e2d37c9c10;  1 drivers
v0x59e2d35f51e0_0 .net *"_ivl_1225", 0 0, L_0x59e2d37c9d50;  1 drivers
v0x59e2d35f4dc0_0 .net/2u *"_ivl_1226", 31 0, L_0x78152e1bbd70;  1 drivers
v0x59e2d35f4ea0_0 .net *"_ivl_1228", 31 0, L_0x59e2d37c9e60;  1 drivers
L_0x78152e1bbdb8 .functor BUFT 1, C4<00000000000000000000000000010111>, C4<0>, C4<0>, C4<0>;
v0x59e2d35f4a70_0 .net/2u *"_ivl_1230", 31 0, L_0x78152e1bbdb8;  1 drivers
v0x59e2d35f4b50_0 .net *"_ivl_1232", 0 0, L_0x59e2d37c9f20;  1 drivers
v0x59e2d35b5ff0_0 .net *"_ivl_1235", 0 0, L_0x59e2d37ca060;  1 drivers
v0x59e2d35b60b0_0 .net/2u *"_ivl_1236", 31 0, L_0x78152e1bbe00;  1 drivers
v0x59e2d35be190_0 .net *"_ivl_1238", 31 0, L_0x59e2d37ca1c0;  1 drivers
v0x59e2d35be250_0 .net *"_ivl_124", 0 0, L_0x59e2d37a43a0;  1 drivers
L_0x78152e1bbe48 .functor BUFT 1, C4<00000000000000000000000000110011>, C4<0>, C4<0>, C4<0>;
v0x59e2d35b9f40_0 .net/2u *"_ivl_1240", 31 0, L_0x78152e1bbe48;  1 drivers
v0x59e2d35ba020_0 .net *"_ivl_1242", 0 0, L_0x59e2d37ca280;  1 drivers
v0x59e2d35b9b60_0 .net *"_ivl_1245", 0 0, L_0x59e2d37ca3c0;  1 drivers
v0x59e2d35b9c20_0 .net/2u *"_ivl_1246", 31 0, L_0x78152e1bbe90;  1 drivers
v0x59e2d35b9780_0 .net *"_ivl_1248", 31 0, L_0x59e2d37ca4d0;  1 drivers
L_0x78152e1bbed8 .functor BUFT 1, C4<01000000000000000000000000110011>, C4<0>, C4<0>, C4<0>;
v0x59e2d35b9860_0 .net/2u *"_ivl_1250", 31 0, L_0x78152e1bbed8;  1 drivers
v0x59e2d35b9490_0 .net *"_ivl_1252", 0 0, L_0x59e2d37ca590;  1 drivers
v0x59e2d35b9550_0 .net *"_ivl_1255", 0 0, L_0x59e2d37ca6d0;  1 drivers
v0x59e2d35ca090_0 .net/2u *"_ivl_1256", 31 0, L_0x78152e1bbf20;  1 drivers
v0x59e2d35ca170_0 .net *"_ivl_1258", 31 0, L_0x59e2d37ca7e0;  1 drivers
L_0x78152e1bbf68 .functor BUFT 1, C4<00000000000000000010000000110011>, C4<0>, C4<0>, C4<0>;
v0x59e2d35c9750_0 .net/2u *"_ivl_1260", 31 0, L_0x78152e1bbf68;  1 drivers
v0x59e2d35c9830_0 .net *"_ivl_1262", 0 0, L_0x59e2d37cacf0;  1 drivers
v0x59e2d35c9370_0 .net *"_ivl_1265", 0 0, L_0x59e2d37ca8a0;  1 drivers
v0x59e2d35c9410_0 .net/2u *"_ivl_1266", 31 0, L_0x78152e1bbfb0;  1 drivers
v0x59e2d35c8f90_0 .net *"_ivl_1268", 31 0, L_0x59e2d37cb2c0;  1 drivers
v0x59e2d35c9070_0 .net *"_ivl_127", 0 0, L_0x59e2d37a44e0;  1 drivers
L_0x78152e1bbff8 .functor BUFT 1, C4<00000000000000000011000000110011>, C4<0>, C4<0>, C4<0>;
v0x59e2d35c8bb0_0 .net/2u *"_ivl_1270", 31 0, L_0x78152e1bbff8;  1 drivers
v0x59e2d35c8c90_0 .net *"_ivl_1272", 0 0, L_0x59e2d37cb380;  1 drivers
v0x59e2d35c87d0_0 .net *"_ivl_1275", 0 0, L_0x59e2d37b6080;  1 drivers
v0x59e2d35c8890_0 .net/2u *"_ivl_1276", 31 0, L_0x78152e1bc040;  1 drivers
v0x59e2d35c8450_0 .net *"_ivl_1278", 31 0, L_0x59e2d37b6190;  1 drivers
v0x59e2d35c8510_0 .net/2u *"_ivl_128", 31 0, L_0x78152e1b8140;  1 drivers
L_0x78152e1bc088 .functor BUFT 1, C4<00000000000000000100000000110011>, C4<0>, C4<0>, C4<0>;
v0x59e2d35c8100_0 .net/2u *"_ivl_1280", 31 0, L_0x78152e1bc088;  1 drivers
v0x59e2d35c81e0_0 .net *"_ivl_1282", 0 0, L_0x59e2d37b6250;  1 drivers
v0x59e2d31f0ef0_0 .net *"_ivl_1285", 0 0, L_0x59e2d37b6790;  1 drivers
v0x59e2d31f0fb0_0 .net/2u *"_ivl_1286", 31 0, L_0x78152e1bc0d0;  1 drivers
v0x59e2d32bc9a0_0 .net *"_ivl_1288", 31 0, L_0x59e2d37ccd90;  1 drivers
L_0x78152e1bc118 .functor BUFT 1, C4<00000000000000000110000000110011>, C4<0>, C4<0>, C4<0>;
v0x59e2d32bca60_0 .net/2u *"_ivl_1290", 31 0, L_0x78152e1bc118;  1 drivers
v0x59e2d32bc680_0 .net *"_ivl_1292", 0 0, L_0x59e2d37cc4f0;  1 drivers
v0x59e2d32bc740_0 .net *"_ivl_1295", 0 0, L_0x59e2d37cc630;  1 drivers
v0x59e2d34c24f0_0 .net/2u *"_ivl_1296", 31 0, L_0x78152e1bc160;  1 drivers
v0x59e2d34c25d0_0 .net *"_ivl_1298", 31 0, L_0x59e2d37cc740;  1 drivers
v0x59e2d34bcc30_0 .net *"_ivl_130", 31 0, L_0x59e2d37a45f0;  1 drivers
L_0x78152e1bc1a8 .functor BUFT 1, C4<00000000000000000111000000110011>, C4<0>, C4<0>, C4<0>;
v0x59e2d34bccf0_0 .net/2u *"_ivl_1300", 31 0, L_0x78152e1bc1a8;  1 drivers
v0x59e2d34ba220_0 .net *"_ivl_1302", 0 0, L_0x59e2d37cc800;  1 drivers
v0x59e2d34ba2e0_0 .net *"_ivl_1305", 0 0, L_0x59e2d37cc940;  1 drivers
v0x59e2d32e1600_0 .net/2u *"_ivl_1306", 31 0, L_0x78152e1bc1f0;  1 drivers
v0x59e2d32e16e0_0 .net *"_ivl_1308", 31 0, L_0x59e2d37cca50;  1 drivers
L_0x78152e1bc238 .functor BUFT 1, C4<00000000000000000001000000110011>, C4<0>, C4<0>, C4<0>;
v0x59e2d32e07b0_0 .net/2u *"_ivl_1310", 31 0, L_0x78152e1bc238;  1 drivers
v0x59e2d32e0870_0 .net *"_ivl_1312", 0 0, L_0x59e2d37ccb10;  1 drivers
v0x59e2d342acd0_0 .net *"_ivl_1315", 0 0, L_0x59e2d37ccc50;  1 drivers
v0x59e2d342ad90_0 .net/2u *"_ivl_1316", 31 0, L_0x78152e1bc280;  1 drivers
v0x59e2d369ff60_0 .net *"_ivl_1318", 31 0, L_0x59e2d37cce50;  1 drivers
L_0x78152e1b8188 .functor BUFT 1, C4<00000000000000000010000000110011>, C4<0>, C4<0>, C4<0>;
v0x59e2d36a0040_0 .net/2u *"_ivl_132", 31 0, L_0x78152e1b8188;  1 drivers
L_0x78152e1bc2c8 .functor BUFT 1, C4<00000000000000000101000000110011>, C4<0>, C4<0>, C4<0>;
v0x59e2d369f2e0_0 .net/2u *"_ivl_1320", 31 0, L_0x78152e1bc2c8;  1 drivers
v0x59e2d369f3a0_0 .net *"_ivl_1322", 0 0, L_0x59e2d37ccf10;  1 drivers
v0x59e2d35a2ab0_0 .net *"_ivl_1325", 0 0, L_0x59e2d37cd470;  1 drivers
v0x59e2d35a2b70_0 .net/2u *"_ivl_1326", 31 0, L_0x78152e1bc310;  1 drivers
v0x59e2d35a26d0_0 .net *"_ivl_1328", 31 0, L_0x59e2d37cd580;  1 drivers
L_0x78152e1bc358 .functor BUFT 1, C4<01000000000000000101000000110011>, C4<0>, C4<0>, C4<0>;
v0x59e2d35a27b0_0 .net/2u *"_ivl_1330", 31 0, L_0x78152e1bc358;  1 drivers
v0x59e2d3552270_0 .net *"_ivl_1332", 0 0, L_0x59e2d37ce370;  1 drivers
v0x59e2d3552310_0 .net/2u *"_ivl_1336", 31 0, L_0x78152e1bc3a0;  1 drivers
v0x59e2d3551f20_0 .net *"_ivl_1338", 31 0, L_0x59e2d37ce570;  1 drivers
v0x59e2d3552000_0 .net *"_ivl_134", 0 0, L_0x59e2d37a4790;  1 drivers
L_0x78152e1bc3e8 .functor BUFT 1, C4<00000000000000000000000000000011>, C4<0>, C4<0>, C4<0>;
v0x59e2d35500d0_0 .net/2u *"_ivl_1340", 31 0, L_0x78152e1bc3e8;  1 drivers
v0x59e2d35501b0_0 .net *"_ivl_1342", 0 0, L_0x59e2d37cdad0;  1 drivers
v0x59e2d354fcf0_0 .net/2u *"_ivl_1344", 31 0, L_0x78152e1bc430;  1 drivers
v0x59e2d354fdd0_0 .net *"_ivl_1346", 31 0, L_0x59e2d37ce040;  1 drivers
L_0x78152e1bc478 .functor BUFT 1, C4<00000000000000000001000000000011>, C4<0>, C4<0>, C4<0>;
v0x59e2d354f910_0 .net/2u *"_ivl_1348", 31 0, L_0x78152e1bc478;  1 drivers
v0x59e2d354f9f0_0 .net *"_ivl_1350", 0 0, L_0x59e2d37ce100;  1 drivers
v0x59e2d3530450_0 .net *"_ivl_1353", 0 0, L_0x59e2d37ce240;  1 drivers
v0x59e2d3530510_0 .net/2u *"_ivl_1354", 31 0, L_0x78152e1bc4c0;  1 drivers
v0x59e2d352e520_0 .net *"_ivl_1356", 31 0, L_0x59e2d37cd050;  1 drivers
L_0x78152e1bc508 .functor BUFT 1, C4<00000000000000000010000000000011>, C4<0>, C4<0>, C4<0>;
v0x59e2d352e600_0 .net/2u *"_ivl_1358", 31 0, L_0x78152e1bc508;  1 drivers
v0x59e2d352e140_0 .net *"_ivl_1360", 0 0, L_0x59e2d37cd110;  1 drivers
v0x59e2d352e200_0 .net *"_ivl_1363", 0 0, L_0x59e2d37cd250;  1 drivers
v0x59e2d352ddf0_0 .net/2u *"_ivl_1364", 31 0, L_0x78152e1bc550;  1 drivers
v0x59e2d352ded0_0 .net *"_ivl_1366", 31 0, L_0x59e2d37cd360;  1 drivers
L_0x78152e1bc598 .functor BUFT 1, C4<00000000000000000100000000000011>, C4<0>, C4<0>, C4<0>;
v0x59e2d352daa0_0 .net/2u *"_ivl_1368", 31 0, L_0x78152e1bc598;  1 drivers
v0x59e2d352db80_0 .net *"_ivl_137", 0 0, L_0x59e2d37a4090;  1 drivers
v0x59e2d352b980_0 .net *"_ivl_1370", 0 0, L_0x59e2d37cdc10;  1 drivers
v0x59e2d352ba20_0 .net *"_ivl_1373", 0 0, L_0x59e2d37cdd00;  1 drivers
v0x59e2d357c790_0 .net/2u *"_ivl_1374", 31 0, L_0x78152e1bc5e0;  1 drivers
v0x59e2d357c870_0 .net *"_ivl_1376", 31 0, L_0x59e2d37cde10;  1 drivers
L_0x78152e1bc628 .functor BUFT 1, C4<00000000000000000101000000000011>, C4<0>, C4<0>, C4<0>;
v0x59e2d357c3b0_0 .net/2u *"_ivl_1378", 31 0, L_0x78152e1bc628;  1 drivers
v0x59e2d357c490_0 .net/2u *"_ivl_138", 31 0, L_0x78152e1b81d0;  1 drivers
v0x59e2d3583b00_0 .net *"_ivl_1380", 0 0, L_0x59e2d37cded0;  1 drivers
v0x59e2d3583ba0_0 .net *"_ivl_1383", 0 0, L_0x59e2d37cea80;  1 drivers
v0x59e2d357bfd0_0 .net/2u *"_ivl_1384", 31 0, L_0x78152e1bc670;  1 drivers
v0x59e2d357c0b0_0 .net *"_ivl_1386", 31 0, L_0x59e2d37ceb90;  1 drivers
L_0x78152e1bc6b8 .functor BUFT 1, C4<00000000000000000110000000000011>, C4<0>, C4<0>, C4<0>;
v0x59e2d3581b20_0 .net/2u *"_ivl_1388", 31 0, L_0x78152e1bc6b8;  1 drivers
v0x59e2d3581c00_0 .net *"_ivl_1390", 0 0, L_0x59e2d37cec50;  1 drivers
v0x59e2d35816b0_0 .net *"_ivl_1393", 0 0, L_0x59e2d37ced90;  1 drivers
v0x59e2d3581770_0 .net/2u *"_ivl_1394", 31 0, L_0x78152e1bc700;  1 drivers
v0x59e2d35df430_0 .net *"_ivl_1396", 31 0, L_0x59e2d37ceea0;  1 drivers
L_0x78152e1bc748 .functor BUFT 1, C4<00000000000000000000000000100011>, C4<0>, C4<0>, C4<0>;
v0x59e2d35df4f0_0 .net/2u *"_ivl_1398", 31 0, L_0x78152e1bc748;  1 drivers
v0x59e2d3579bb0_0 .net *"_ivl_14", 0 0, L_0x59e2d37a1ba0;  1 drivers
v0x59e2d3579c70_0 .net *"_ivl_140", 31 0, L_0x59e2d37a49f0;  1 drivers
v0x59e2d350a6a0_0 .net *"_ivl_1400", 0 0, L_0x59e2d37cef60;  1 drivers
v0x59e2d350a760_0 .net *"_ivl_1403", 0 0, L_0x59e2d37cf0a0;  1 drivers
v0x59e2d350ad30_0 .net/2u *"_ivl_1404", 31 0, L_0x78152e1bc790;  1 drivers
v0x59e2d350adf0_0 .net *"_ivl_1406", 31 0, L_0x59e2d37cf1b0;  1 drivers
L_0x78152e1bc7d8 .functor BUFT 1, C4<00000000000000000001000000100011>, C4<0>, C4<0>, C4<0>;
v0x59e2d3658f00_0 .net/2u *"_ivl_1408", 31 0, L_0x78152e1bc7d8;  1 drivers
v0x59e2d3658fe0_0 .net *"_ivl_1410", 0 0, L_0x59e2d37cf270;  1 drivers
v0x59e2d3659580_0 .net *"_ivl_1413", 0 0, L_0x59e2d37cf3b0;  1 drivers
v0x59e2d3659640_0 .net/2u *"_ivl_1414", 31 0, L_0x78152e1bc820;  1 drivers
v0x59e2d34c31d0_0 .net *"_ivl_1416", 31 0, L_0x59e2d37cf4c0;  1 drivers
L_0x78152e1bc868 .functor BUFT 1, C4<00000000000000000010000000100011>, C4<0>, C4<0>, C4<0>;
v0x59e2d34c32b0_0 .net/2u *"_ivl_1418", 31 0, L_0x78152e1bc868;  1 drivers
L_0x78152e1b8218 .functor BUFT 1, C4<00000000000000000011000000110011>, C4<0>, C4<0>, C4<0>;
v0x59e2d34c3770_0 .net/2u *"_ivl_142", 31 0, L_0x78152e1b8218;  1 drivers
v0x59e2d34c3850_0 .net *"_ivl_1420", 0 0, L_0x59e2d37cf580;  1 drivers
v0x59e2d34c4020_0 .net/2u *"_ivl_1424", 31 0, L_0x78152e1bc8b0;  1 drivers
v0x59e2d34c4100_0 .net *"_ivl_1426", 31 0, L_0x59e2d37ce740;  1 drivers
L_0x78152e1bc8f8 .functor BUFT 1, C4<00000000000000000000000001101111>, C4<0>, C4<0>, C4<0>;
v0x59e2d34c4870_0 .net/2u *"_ivl_1428", 31 0, L_0x78152e1bc8f8;  1 drivers
v0x59e2d34c4930_0 .net *"_ivl_1430", 0 0, L_0x59e2d37ce800;  1 drivers
v0x59e2d34c53f0_0 .net/2u *"_ivl_1432", 31 0, L_0x78152e1bc940;  1 drivers
v0x59e2d34c54b0_0 .net *"_ivl_1434", 31 0, L_0x59e2d37ce940;  1 drivers
L_0x78152e1bc988 .functor BUFT 1, C4<00000000000000000000000001100111>, C4<0>, C4<0>, C4<0>;
v0x59e2d34c5a80_0 .net/2u *"_ivl_1436", 31 0, L_0x78152e1bc988;  1 drivers
v0x59e2d34c5b60_0 .net *"_ivl_1438", 0 0, L_0x59e2d37cfb30;  1 drivers
v0x59e2d34c6320_0 .net *"_ivl_144", 0 0, L_0x59e2d37a4ba0;  1 drivers
v0x59e2d34c63e0_0 .net *"_ivl_1441", 0 0, L_0x59e2d37cea00;  1 drivers
v0x59e2d3559620_0 .net/2u *"_ivl_1442", 31 0, L_0x78152e1bc9d0;  1 drivers
v0x59e2d35596e0_0 .net *"_ivl_1444", 31 0, L_0x59e2d37cfd10;  1 drivers
L_0x78152e1bca18 .functor BUFT 1, C4<00000000000000000000000001100011>, C4<0>, C4<0>, C4<0>;
v0x59e2d3504090_0 .net/2u *"_ivl_1446", 31 0, L_0x78152e1bca18;  1 drivers
v0x59e2d3504170_0 .net *"_ivl_1448", 0 0, L_0x59e2d37cfdd0;  1 drivers
v0x59e2d36bbf40_0 .net *"_ivl_1451", 0 0, L_0x59e2d37cff10;  1 drivers
v0x59e2d36bc000_0 .net/2u *"_ivl_1452", 31 0, L_0x78152e1bca60;  1 drivers
v0x59e2d36bfd90_0 .net *"_ivl_1454", 31 0, L_0x59e2d37d0020;  1 drivers
L_0x78152e1bcaa8 .functor BUFT 1, C4<00000000000000000001000001100011>, C4<0>, C4<0>, C4<0>;
v0x59e2d36bfe70_0 .net/2u *"_ivl_1456", 31 0, L_0x78152e1bcaa8;  1 drivers
v0x59e2d36bdfe0_0 .net *"_ivl_1458", 0 0, L_0x59e2d37d00e0;  1 drivers
v0x59e2d36be0a0_0 .net *"_ivl_1461", 0 0, L_0x59e2d37cf6c0;  1 drivers
v0x59e2d36bd170_0 .net/2u *"_ivl_1462", 31 0, L_0x78152e1bcaf0;  1 drivers
v0x59e2d36bd230_0 .net *"_ivl_1464", 31 0, L_0x59e2d37cf7d0;  1 drivers
L_0x78152e1bcb38 .functor BUFT 1, C4<00000000000000000100000001100011>, C4<0>, C4<0>, C4<0>;
v0x59e2d36b5d70_0 .net/2u *"_ivl_1466", 31 0, L_0x78152e1bcb38;  1 drivers
v0x59e2d36b5e50_0 .net *"_ivl_1468", 0 0, L_0x59e2d37cf890;  1 drivers
v0x59e2d358fd10_0 .net *"_ivl_147", 0 0, L_0x59e2d37a4ce0;  1 drivers
v0x59e2d358fdd0_0 .net *"_ivl_1471", 0 0, L_0x59e2d37cf9d0;  1 drivers
v0x59e2d356e180_0 .net/2u *"_ivl_1472", 31 0, L_0x78152e1bcb80;  1 drivers
v0x59e2d356e240_0 .net *"_ivl_1474", 31 0, L_0x59e2d37d06b0;  1 drivers
L_0x78152e1bcbc8 .functor BUFT 1, C4<00000000000000000101000001100011>, C4<0>, C4<0>, C4<0>;
v0x59e2d356b8a0_0 .net/2u *"_ivl_1476", 31 0, L_0x78152e1bcbc8;  1 drivers
v0x59e2d356b980_0 .net *"_ivl_1478", 0 0, L_0x59e2d37d0720;  1 drivers
v0x59e2d356a3b0_0 .net/2u *"_ivl_148", 31 0, L_0x78152e1b8260;  1 drivers
v0x59e2d356a490_0 .net *"_ivl_1481", 0 0, L_0x59e2d37d0d00;  1 drivers
v0x59e2d3509c10_0 .net/2u *"_ivl_1482", 31 0, L_0x78152e1bcc10;  1 drivers
v0x59e2d3509cf0_0 .net *"_ivl_1484", 31 0, L_0x59e2d37d0220;  1 drivers
L_0x78152e1bcc58 .functor BUFT 1, C4<00000000000000000110000001100011>, C4<0>, C4<0>, C4<0>;
v0x59e2d3505630_0 .net/2u *"_ivl_1486", 31 0, L_0x78152e1bcc58;  1 drivers
v0x59e2d3505710_0 .net *"_ivl_1488", 0 0, L_0x59e2d37d02e0;  1 drivers
v0x59e2d34f8930_0 .net *"_ivl_1491", 0 0, L_0x59e2d37d0420;  1 drivers
v0x59e2d34f89f0_0 .net/2u *"_ivl_1492", 31 0, L_0x78152e1bcca0;  1 drivers
v0x59e2d34f7db0_0 .net *"_ivl_1494", 31 0, L_0x59e2d37d0530;  1 drivers
L_0x78152e1bcce8 .functor BUFT 1, C4<00000000000000000111000001100011>, C4<0>, C4<0>, C4<0>;
v0x59e2d34f7e90_0 .net/2u *"_ivl_1496", 31 0, L_0x78152e1bcce8;  1 drivers
v0x59e2d34f7360_0 .net *"_ivl_1498", 0 0, L_0x59e2d37d05f0;  1 drivers
v0x59e2d34f7400_0 .net *"_ivl_150", 31 0, L_0x59e2d37a4df0;  1 drivers
v0x59e2d34cfbd0_0 .net/2u *"_ivl_1502", 31 0, L_0x78152e1bcd30;  1 drivers
v0x59e2d34cfc90_0 .net *"_ivl_1504", 31 0, L_0x59e2d37d0970;  1 drivers
L_0x78152e1bcd78 .functor BUFT 1, C4<00000010000000000000000000110011>, C4<0>, C4<0>, C4<0>;
v0x59e2d35e12c0_0 .net/2u *"_ivl_1506", 31 0, L_0x78152e1bcd78;  1 drivers
v0x59e2d35e13a0_0 .net *"_ivl_1508", 0 0, L_0x59e2d37d0a30;  1 drivers
v0x59e2d35b4700_0 .net/2u *"_ivl_1510", 31 0, L_0x78152e1bcdc0;  1 drivers
v0x59e2d35b47e0_0 .net *"_ivl_1512", 31 0, L_0x59e2d37d0b70;  1 drivers
L_0x78152e1bce08 .functor BUFT 1, C4<00000010000000000001000000110011>, C4<0>, C4<0>, C4<0>;
v0x59e2d35b11e0_0 .net/2u *"_ivl_1514", 31 0, L_0x78152e1bce08;  1 drivers
v0x59e2d35b12c0_0 .net *"_ivl_1516", 0 0, L_0x59e2d37d0c30;  1 drivers
v0x59e2d35b0da0_0 .net *"_ivl_1519", 0 0, L_0x59e2d37d1370;  1 drivers
L_0x78152e1b82a8 .functor BUFT 1, C4<00000000000000000100000000110011>, C4<0>, C4<0>, C4<0>;
v0x59e2d35b0e60_0 .net/2u *"_ivl_152", 31 0, L_0x78152e1b82a8;  1 drivers
v0x59e2d36560e0_0 .net/2u *"_ivl_1520", 31 0, L_0x78152e1bce50;  1 drivers
v0x59e2d36561c0_0 .net *"_ivl_1522", 31 0, L_0x59e2d37d1480;  1 drivers
L_0x78152e1bce98 .functor BUFT 1, C4<00000010000000000010000000110011>, C4<0>, C4<0>, C4<0>;
v0x59e2d3652020_0 .net/2u *"_ivl_1524", 31 0, L_0x78152e1bce98;  1 drivers
v0x59e2d3652100_0 .net *"_ivl_1526", 0 0, L_0x59e2d37d1540;  1 drivers
v0x59e2d3648990_0 .net *"_ivl_1529", 0 0, L_0x59e2d37d1680;  1 drivers
v0x59e2d3648a50_0 .net/2u *"_ivl_1530", 31 0, L_0x78152e1bcee0;  1 drivers
v0x59e2d36486a0_0 .net *"_ivl_1532", 31 0, L_0x59e2d37d1890;  1 drivers
L_0x78152e1bcf28 .functor BUFT 1, C4<00000010000000000011000000110011>, C4<0>, C4<0>, C4<0>;
v0x59e2d3648780_0 .net/2u *"_ivl_1534", 31 0, L_0x78152e1bcf28;  1 drivers
v0x59e2d36483b0_0 .net *"_ivl_1536", 0 0, L_0x59e2d37d1950;  1 drivers
v0x59e2d3648450_0 .net *"_ivl_1539", 0 0, L_0x59e2d37d1a90;  1 drivers
v0x59e2d36480c0_0 .net *"_ivl_154", 0 0, L_0x59e2d37a4fb0;  1 drivers
v0x59e2d3648180_0 .net/2u *"_ivl_1542", 31 0, L_0x78152e1bcf70;  1 drivers
v0x59e2d3647dd0_0 .net *"_ivl_1544", 31 0, L_0x59e2d37d1c60;  1 drivers
L_0x78152e1bcfb8 .functor BUFT 1, C4<00000010000000000100000000110011>, C4<0>, C4<0>, C4<0>;
v0x59e2d3647eb0_0 .net/2u *"_ivl_1546", 31 0, L_0x78152e1bcfb8;  1 drivers
v0x59e2d3647ae0_0 .net *"_ivl_1548", 0 0, L_0x59e2d37d1d20;  1 drivers
v0x59e2d3647b80_0 .net/2u *"_ivl_1550", 31 0, L_0x78152e1bd000;  1 drivers
v0x59e2d3620000_0 .net *"_ivl_1552", 31 0, L_0x59e2d37d1e60;  1 drivers
L_0x78152e1bd048 .functor BUFT 1, C4<00000010000000000101000000110011>, C4<0>, C4<0>, C4<0>;
v0x59e2d36200c0_0 .net/2u *"_ivl_1554", 31 0, L_0x78152e1bd048;  1 drivers
v0x59e2d361f060_0 .net *"_ivl_1556", 0 0, L_0x59e2d37d1f20;  1 drivers
v0x59e2d361f120_0 .net *"_ivl_1559", 0 0, L_0x59e2d37d0eb0;  1 drivers
v0x59e2d361e060_0 .net/2u *"_ivl_1560", 31 0, L_0x78152e1bd090;  1 drivers
v0x59e2d361e120_0 .net *"_ivl_1562", 31 0, L_0x59e2d37d0fc0;  1 drivers
L_0x78152e1bd0d8 .functor BUFT 1, C4<00000010000000000110000000110011>, C4<0>, C4<0>, C4<0>;
v0x59e2d361cd40_0 .net/2u *"_ivl_1564", 31 0, L_0x78152e1bd0d8;  1 drivers
v0x59e2d361ce20_0 .net *"_ivl_1566", 0 0, L_0x59e2d37d1080;  1 drivers
v0x59e2d361b9b0_0 .net *"_ivl_1569", 0 0, L_0x59e2d37d11c0;  1 drivers
v0x59e2d361ba70_0 .net *"_ivl_157", 0 0, L_0x59e2d37a5180;  1 drivers
v0x59e2d361b180_0 .net/2u *"_ivl_1570", 31 0, L_0x78152e1bd120;  1 drivers
v0x59e2d361b240_0 .net *"_ivl_1572", 31 0, L_0x59e2d37d12d0;  1 drivers
L_0x78152e1bd168 .functor BUFT 1, C4<00000010000000000111000000110011>, C4<0>, C4<0>, C4<0>;
v0x59e2d361a950_0 .net/2u *"_ivl_1574", 31 0, L_0x78152e1bd168;  1 drivers
v0x59e2d361aa30_0 .net *"_ivl_1576", 0 0, L_0x59e2d37d2540;  1 drivers
v0x59e2d3619ce0_0 .net *"_ivl_1579", 0 0, L_0x59e2d37d2b70;  1 drivers
v0x59e2d3619da0_0 .net/2u *"_ivl_158", 31 0, L_0x78152e1b82f0;  1 drivers
v0x59e2d3619050_0 .net/2u *"_ivl_1582", 31 0, L_0x78152e1bd1b0;  1 drivers
v0x59e2d3619130_0 .net *"_ivl_1584", 31 0, L_0x59e2d37d21c0;  1 drivers
L_0x78152e1bd1f8 .functor BUFT 1, C4<00000000000000000000000001110011>, C4<0>, C4<0>, C4<0>;
v0x59e2d35ac6e0_0 .net/2u *"_ivl_1586", 31 0, L_0x78152e1bd1f8;  1 drivers
v0x59e2d35ac7c0_0 .net *"_ivl_1588", 0 0, L_0x59e2d37d2280;  1 drivers
v0x59e2d35ac2a0_0 .net/2u *"_ivl_1590", 31 0, L_0x78152e1bd240;  1 drivers
v0x59e2d35ac380_0 .net *"_ivl_1592", 31 0, L_0x59e2d37d23c0;  1 drivers
L_0x78152e1bd288 .functor BUFT 1, C4<00000000000100000000000001110011>, C4<0>, C4<0>, C4<0>;
v0x59e2d3614370_0 .net/2u *"_ivl_1594", 31 0, L_0x78152e1bd288;  1 drivers
v0x59e2d3614450_0 .net *"_ivl_1596", 0 0, L_0x59e2d37d2480;  1 drivers
v0x59e2d3612100_0 .net *"_ivl_1599", 0 0, L_0x59e2d37d2680;  1 drivers
v0x59e2d36121c0_0 .net *"_ivl_160", 31 0, L_0x59e2d37a5290;  1 drivers
v0x59e2d3611480_0 .net/2u *"_ivl_1600", 31 0, L_0x78152e1bd2d0;  1 drivers
v0x59e2d3611560_0 .net *"_ivl_1602", 31 0, L_0x59e2d37d2790;  1 drivers
L_0x78152e1bd318 .functor BUFT 1, C4<00000000001000000000000001110011>, C4<0>, C4<0>, C4<0>;
v0x59e2d3610800_0 .net/2u *"_ivl_1604", 31 0, L_0x78152e1bd318;  1 drivers
v0x59e2d36108c0_0 .net *"_ivl_1606", 0 0, L_0x59e2d37d2850;  1 drivers
v0x59e2d360fb80_0 .net *"_ivl_1609", 0 0, L_0x59e2d37d2990;  1 drivers
v0x59e2d360fc20_0 .net/2u *"_ivl_1610", 31 0, L_0x78152e1bd360;  1 drivers
v0x59e2d360ef00_0 .net *"_ivl_1612", 31 0, L_0x59e2d37d2aa0;  1 drivers
L_0x78152e1bd3a8 .functor BUFT 1, C4<00000000000000000001000001110011>, C4<0>, C4<0>, C4<0>;
v0x59e2d360efc0_0 .net/2u *"_ivl_1614", 31 0, L_0x78152e1bd3a8;  1 drivers
v0x59e2d360c540_0 .net *"_ivl_1616", 0 0, L_0x59e2d37d2be0;  1 drivers
v0x59e2d360c600_0 .net *"_ivl_1619", 0 0, L_0x59e2d37d3230;  1 drivers
L_0x78152e1b8338 .functor BUFT 1, C4<00000000000000000110000000110011>, C4<0>, C4<0>, C4<0>;
v0x59e2d360c200_0 .net/2u *"_ivl_162", 31 0, L_0x78152e1b8338;  1 drivers
v0x59e2d360c2c0_0 .net/2u *"_ivl_1620", 31 0, L_0x78152e1bd3f0;  1 drivers
v0x59e2d360bec0_0 .net *"_ivl_1622", 31 0, L_0x59e2d37d3340;  1 drivers
L_0x78152e1bd438 .functor BUFT 1, C4<00000000000000000010000001110011>, C4<0>, C4<0>, C4<0>;
v0x59e2d360bfa0_0 .net/2u *"_ivl_1624", 31 0, L_0x78152e1bd438;  1 drivers
v0x59e2d360b840_0 .net *"_ivl_1626", 0 0, L_0x59e2d37d3400;  1 drivers
v0x59e2d360b900_0 .net *"_ivl_1629", 0 0, L_0x59e2d37d3540;  1 drivers
v0x59e2d35ea620_0 .net/2u *"_ivl_1630", 31 0, L_0x78152e1bd480;  1 drivers
v0x59e2d35ea6e0_0 .net *"_ivl_1632", 31 0, L_0x59e2d37d3700;  1 drivers
L_0x78152e1bd4c8 .functor BUFT 1, C4<00000000000000000011000001110011>, C4<0>, C4<0>, C4<0>;
v0x59e2d35e7e20_0 .net/2u *"_ivl_1634", 31 0, L_0x78152e1bd4c8;  1 drivers
v0x59e2d35e7f00_0 .net *"_ivl_1636", 0 0, L_0x59e2d37d37c0;  1 drivers
v0x59e2d35e6f10_0 .net *"_ivl_1639", 0 0, L_0x59e2d37d3900;  1 drivers
v0x59e2d35e6fd0_0 .net *"_ivl_164", 0 0, L_0x59e2d37a5460;  1 drivers
v0x59e2d35e5920_0 .net/2u *"_ivl_1640", 31 0, L_0x78152e1bd510;  1 drivers
v0x59e2d35e59e0_0 .net *"_ivl_1642", 31 0, L_0x59e2d37d3a10;  1 drivers
L_0x78152e1bd558 .functor BUFT 1, C4<00000000000000000101000001110011>, C4<0>, C4<0>, C4<0>;
v0x59e2d35f6730_0 .net/2u *"_ivl_1644", 31 0, L_0x78152e1bd558;  1 drivers
v0x59e2d35f6810_0 .net *"_ivl_1646", 0 0, L_0x59e2d37d3ad0;  1 drivers
v0x59e2d35f4590_0 .net *"_ivl_1649", 0 0, L_0x59e2d37d3c10;  1 drivers
v0x59e2d35f4650_0 .net/2u *"_ivl_1650", 31 0, L_0x78152e1bd5a0;  1 drivers
v0x59e2d35f27e0_0 .net *"_ivl_1652", 31 0, L_0x59e2d37d3d20;  1 drivers
L_0x78152e1bd5e8 .functor BUFT 1, C4<00000000000000000110000001110011>, C4<0>, C4<0>, C4<0>;
v0x59e2d35f28c0_0 .net/2u *"_ivl_1654", 31 0, L_0x78152e1bd5e8;  1 drivers
v0x59e2d35f1b00_0 .net *"_ivl_1656", 0 0, L_0x59e2d37d3de0;  1 drivers
v0x59e2d35f1bc0_0 .net *"_ivl_1659", 0 0, L_0x59e2d37d2d20;  1 drivers
v0x59e2d35f1340_0 .net/2u *"_ivl_1660", 31 0, L_0x78152e1bd630;  1 drivers
v0x59e2d35f1400_0 .net *"_ivl_1662", 31 0, L_0x59e2d37d2e30;  1 drivers
L_0x78152e1bd678 .functor BUFT 1, C4<00000000000000000111000001110011>, C4<0>, C4<0>, C4<0>;
v0x59e2d35bdcb0_0 .net/2u *"_ivl_1664", 31 0, L_0x78152e1bd678;  1 drivers
v0x59e2d35bdd90_0 .net *"_ivl_1666", 0 0, L_0x59e2d37d2ef0;  1 drivers
v0x59e2d35bb4b0_0 .net *"_ivl_1669", 0 0, L_0x59e2d37d3030;  1 drivers
v0x59e2d35bb570_0 .net *"_ivl_167", 0 0, L_0x59e2d37a55a0;  1 drivers
v0x59e2d35ba5a0_0 .net/2u *"_ivl_1670", 31 0, L_0x78152e1bd6c0;  1 drivers
v0x59e2d35ba660_0 .net *"_ivl_1672", 31 0, L_0x59e2d37d3140;  1 drivers
L_0x78152e1bd708 .functor BUFT 1, C4<00010000010100000000000001110011>, C4<0>, C4<0>, C4<0>;
v0x59e2d35b8fb0_0 .net/2u *"_ivl_1674", 31 0, L_0x78152e1bd708;  1 drivers
v0x59e2d35b9090_0 .net *"_ivl_1676", 0 0, L_0x59e2d37d4450;  1 drivers
v0x59e2d35c9dc0_0 .net *"_ivl_1679", 0 0, L_0x59e2d37d4ad0;  1 drivers
v0x59e2d35c9e80_0 .net/2u *"_ivl_168", 31 0, L_0x78152e1b8380;  1 drivers
v0x59e2d35c7c20_0 .net/2u *"_ivl_1680", 31 0, L_0x78152e1bd750;  1 drivers
v0x59e2d35c7d00_0 .net *"_ivl_1682", 31 0, L_0x59e2d37d3fc0;  1 drivers
L_0x78152e1bd798 .functor BUFT 1, C4<00000000000000000000000000001111>, C4<0>, C4<0>, C4<0>;
v0x59e2d35c5e70_0 .net/2u *"_ivl_1684", 31 0, L_0x78152e1bd798;  1 drivers
v0x59e2d35c5f30_0 .net *"_ivl_1686", 0 0, L_0x59e2d37d4080;  1 drivers
v0x59e2d35c5190_0 .net *"_ivl_1689", 0 0, L_0x59e2d37d41c0;  1 drivers
v0x59e2d35c5230_0 .net/2u *"_ivl_1690", 31 0, L_0x78152e1bd7e0;  1 drivers
v0x59e2d35c49d0_0 .net *"_ivl_1692", 31 0, L_0x59e2d37d42d0;  1 drivers
L_0x78152e1bd828 .functor BUFT 1, C4<00000000000000000001000000001111>, C4<0>, C4<0>, C4<0>;
v0x59e2d35c4a90_0 .net/2u *"_ivl_1694", 31 0, L_0x78152e1bd828;  1 drivers
v0x59e2d32bcf30_0 .net *"_ivl_1696", 0 0, L_0x59e2d37d4390;  1 drivers
v0x59e2d32bcff0_0 .net *"_ivl_1699", 0 0, L_0x59e2d37d4590;  1 drivers
v0x59e2d32c1800_0 .net *"_ivl_17", 0 0, L_0x59e2d37a1ce0;  1 drivers
v0x59e2d32c18a0_0 .net *"_ivl_170", 31 0, L_0x59e2d37a56b0;  1 drivers
v0x59e2d32c0c50_0 .net/2u *"_ivl_1700", 31 0, L_0x78152e1bd870;  1 drivers
v0x59e2d32c0d10_0 .net *"_ivl_1702", 31 0, L_0x59e2d37d46a0;  1 drivers
L_0x78152e1bd8b8 .functor BUFT 1, C4<00010010000000000000000001110011>, C4<0>, C4<0>, C4<0>;
v0x59e2d32bfc20_0 .net/2u *"_ivl_1704", 31 0, L_0x78152e1bd8b8;  1 drivers
v0x59e2d32bfd00_0 .net *"_ivl_1706", 0 0, L_0x59e2d37d4760;  1 drivers
v0x59e2d34bfb60_0 .net *"_ivl_1709", 0 0, L_0x59e2d37d48a0;  1 drivers
v0x59e2d34bfc20_0 .net *"_ivl_1711", 0 0, L_0x59e2d37d49b0;  1 drivers
v0x59e2d34be590_0 .net/2u *"_ivl_1714", 31 0, L_0x78152e1bd900;  1 drivers
v0x59e2d34be650_0 .net *"_ivl_1716", 31 0, L_0x59e2d37d4c00;  1 drivers
L_0x78152e1bd948 .functor BUFT 1, C4<00000010000000000000000000001011>, C4<0>, C4<0>, C4<0>;
v0x59e2d34bc870_0 .net/2u *"_ivl_1718", 31 0, L_0x78152e1bd948;  1 drivers
L_0x78152e1b83c8 .functor BUFT 1, C4<00000000000000000111000000110011>, C4<0>, C4<0>, C4<0>;
v0x59e2d34bc950_0 .net/2u *"_ivl_172", 31 0, L_0x78152e1b83c8;  1 drivers
v0x59e2d34bbaf0_0 .net *"_ivl_1720", 0 0, L_0x59e2d37d4cc0;  1 drivers
v0x59e2d34bbbb0_0 .net/2u *"_ivl_1724", 31 0, L_0x78152e1bd990;  1 drivers
v0x59e2d34b9980_0 .net *"_ivl_1726", 31 0, L_0x59e2d37d5420;  1 drivers
L_0x78152e1bd9d8 .functor BUFT 1, C4<00000100000000000000000000001011>, C4<0>, C4<0>, C4<0>;
v0x59e2d34b9a60_0 .net/2u *"_ivl_1728", 31 0, L_0x78152e1bd9d8;  1 drivers
v0x59e2d34b79c0_0 .net *"_ivl_1730", 0 0, L_0x59e2d37d54e0;  1 drivers
v0x59e2d34b7a80_0 .net/2u *"_ivl_1734", 31 0, L_0x78152e1bda20;  1 drivers
v0x59e2d32e8990_0 .net *"_ivl_1736", 31 0, L_0x59e2d37d5770;  1 drivers
L_0x78152e1bda68 .functor BUFT 1, C4<00001000000000000000000000001011>, C4<0>, C4<0>, C4<0>;
v0x59e2d32e8a70_0 .net/2u *"_ivl_1738", 31 0, L_0x78152e1bda68;  1 drivers
v0x59e2d32df500_0 .net *"_ivl_174", 0 0, L_0x59e2d37a5890;  1 drivers
v0x59e2d32df5a0_0 .net *"_ivl_1740", 0 0, L_0x59e2d37d5830;  1 drivers
v0x59e2d32ddef0_0 .net/2u *"_ivl_1744", 31 0, L_0x78152e1bdab0;  1 drivers
v0x59e2d32ddfd0_0 .net *"_ivl_1746", 31 0, L_0x59e2d37d5a30;  1 drivers
L_0x78152e1bdaf8 .functor BUFT 1, C4<00000010000000000001000000001011>, C4<0>, C4<0>, C4<0>;
v0x59e2d369e890_0 .net/2u *"_ivl_1748", 31 0, L_0x78152e1bdaf8;  1 drivers
v0x59e2d369e950_0 .net *"_ivl_1750", 0 0, L_0x59e2d37d5af0;  1 drivers
v0x59e2d369e5a0_0 .net *"_ivl_177", 0 0, L_0x59e2d37a5a70;  1 drivers
v0x59e2d369e640_0 .net/2u *"_ivl_178", 31 0, L_0x78152e1b8410;  1 drivers
v0x59e2d369eb80_0 .net/2u *"_ivl_18", 31 0, L_0x78152e1b7b10;  1 drivers
v0x59e2d369ec40_0 .net *"_ivl_180", 31 0, L_0x59e2d37a5b80;  1 drivers
L_0x78152e1b8458 .functor BUFT 1, C4<00000000000000000001000000110011>, C4<0>, C4<0>, C4<0>;
v0x59e2d367db80_0 .net/2u *"_ivl_182", 31 0, L_0x78152e1b8458;  1 drivers
v0x59e2d367dc60_0 .net *"_ivl_184", 0 0, L_0x59e2d37a5d70;  1 drivers
v0x59e2d367d890_0 .net *"_ivl_187", 0 0, L_0x59e2d37a5eb0;  1 drivers
v0x59e2d367d950_0 .net/2u *"_ivl_188", 31 0, L_0x78152e1b84a0;  1 drivers
v0x59e2d367de70_0 .net *"_ivl_190", 31 0, L_0x59e2d37a5fc0;  1 drivers
L_0x78152e1b84e8 .functor BUFT 1, C4<00000000000000000101000000110011>, C4<0>, C4<0>, C4<0>;
v0x59e2d367df50_0 .net/2u *"_ivl_192", 31 0, L_0x78152e1b84e8;  1 drivers
v0x59e2d35a2100_0 .net *"_ivl_194", 0 0, L_0x59e2d37a61c0;  1 drivers
v0x59e2d35a21c0_0 .net *"_ivl_197", 0 0, L_0x59e2d37a63b0;  1 drivers
v0x59e2d3551b10_0 .net/2u *"_ivl_198", 31 0, L_0x78152e1b8530;  1 drivers
v0x59e2d3551bd0_0 .net *"_ivl_2", 31 0, L_0x59e2d37a1910;  1 drivers
v0x59e2d3550c80_0 .net *"_ivl_20", 31 0, L_0x59e2d37a1df0;  1 drivers
v0x59e2d3550d60_0 .net *"_ivl_200", 31 0, L_0x59e2d37a64c0;  1 drivers
L_0x78152e1b8578 .functor BUFT 1, C4<01000000000000000101000000110011>, C4<0>, C4<0>, C4<0>;
v0x59e2d354f5c0_0 .net/2u *"_ivl_202", 31 0, L_0x78152e1b8578;  1 drivers
v0x59e2d354f6a0_0 .net *"_ivl_204", 0 0, L_0x59e2d37a59d0;  1 drivers
v0x59e2d354f2d0_0 .net *"_ivl_207", 0 0, L_0x59e2d37a6770;  1 drivers
v0x59e2d354f390_0 .net/2u *"_ivl_208", 31 0, L_0x78152e1b85c0;  1 drivers
v0x59e2d354efe0_0 .net *"_ivl_210", 31 0, L_0x59e2d37a6880;  1 drivers
L_0x78152e1b8608 .functor BUFT 1, C4<00000000000000000000000001101111>, C4<0>, C4<0>, C4<0>;
v0x59e2d354f0c0_0 .net/2u *"_ivl_212", 31 0, L_0x78152e1b8608;  1 drivers
v0x59e2d354ecf0_0 .net *"_ivl_214", 0 0, L_0x59e2d37a6aa0;  1 drivers
v0x59e2d354ed90_0 .net *"_ivl_217", 0 0, L_0x59e2d37a6ca0;  1 drivers
v0x59e2d352d560_0 .net/2u *"_ivl_218", 31 0, L_0x78152e1b8650;  1 drivers
L_0x78152e1b7b58 .functor BUFT 1, C4<00000000000000000010000000010011>, C4<0>, C4<0>, C4<0>;
v0x59e2d352d640_0 .net/2u *"_ivl_22", 31 0, L_0x78152e1b7b58;  1 drivers
v0x59e2d3586100_0 .net *"_ivl_220", 31 0, L_0x59e2d37a6db0;  1 drivers
L_0x78152e1b8698 .functor BUFT 1, C4<00000000000000000000000001100111>, C4<0>, C4<0>, C4<0>;
v0x59e2d35861c0_0 .net/2u *"_ivl_222", 31 0, L_0x78152e1b8698;  1 drivers
v0x59e2d3585050_0 .net *"_ivl_224", 0 0, L_0x59e2d37a6fe0;  1 drivers
v0x59e2d3585110_0 .net *"_ivl_227", 0 0, L_0x59e2d37a70d0;  1 drivers
v0x59e2d35810a0_0 .net/2u *"_ivl_228", 31 0, L_0x78152e1b86e0;  1 drivers
v0x59e2d3581160_0 .net *"_ivl_230", 31 0, L_0x59e2d37a71e0;  1 drivers
L_0x78152e1b8728 .functor BUFT 1, C4<00000000000000000000000001100011>, C4<0>, C4<0>, C4<0>;
v0x59e2d357ff90_0 .net/2u *"_ivl_232", 31 0, L_0x78152e1b8728;  1 drivers
v0x59e2d3580070_0 .net *"_ivl_234", 0 0, L_0x59e2d37a7420;  1 drivers
v0x59e2d31dbb40_0 .net *"_ivl_237", 0 0, L_0x59e2d37a7630;  1 drivers
v0x59e2d31dbc00_0 .net/2u *"_ivl_238", 31 0, L_0x78152e1b8770;  1 drivers
v0x59e2d3568ec0_0 .net *"_ivl_24", 0 0, L_0x59e2d37a1eb0;  1 drivers
v0x59e2d3568f80_0 .net *"_ivl_240", 31 0, L_0x59e2d37a7740;  1 drivers
L_0x78152e1b87b8 .functor BUFT 1, C4<00000000000000000001000001100011>, C4<0>, C4<0>, C4<0>;
v0x59e2d355e540_0 .net/2u *"_ivl_242", 31 0, L_0x78152e1b87b8;  1 drivers
v0x59e2d355e620_0 .net *"_ivl_244", 0 0, L_0x59e2d37a7990;  1 drivers
v0x59e2d34d7e40_0 .net *"_ivl_247", 0 0, L_0x59e2d37a7ad0;  1 drivers
v0x59e2d34d7f00_0 .net/2u *"_ivl_248", 31 0, L_0x78152e1b8800;  1 drivers
v0x59e2d35062e0_0 .net *"_ivl_250", 31 0, L_0x59e2d37a7be0;  1 drivers
L_0x78152e1b8848 .functor BUFT 1, C4<00000000000000000100000001100011>, C4<0>, C4<0>, C4<0>;
v0x59e2d35063c0_0 .net/2u *"_ivl_252", 31 0, L_0x78152e1b8848;  1 drivers
v0x59e2d3503da0_0 .net *"_ivl_254", 0 0, L_0x59e2d37a8250;  1 drivers
v0x59e2d3503e60_0 .net *"_ivl_257", 0 0, L_0x59e2d37a8470;  1 drivers
v0x59e2d34fc240_0 .net/2u *"_ivl_258", 31 0, L_0x78152e1b8890;  1 drivers
v0x59e2d34fc320_0 .net *"_ivl_260", 31 0, L_0x59e2d37a8580;  1 drivers
L_0x78152e1b88d8 .functor BUFT 1, C4<00000000000000000101000001100011>, C4<0>, C4<0>, C4<0>;
v0x59e2d34f66b0_0 .net/2u *"_ivl_262", 31 0, L_0x78152e1b88d8;  1 drivers
v0x59e2d34f6790_0 .net *"_ivl_264", 0 0, L_0x59e2d37a87f0;  1 drivers
v0x59e2d34f4660_0 .net *"_ivl_267", 0 0, L_0x59e2d37a8930;  1 drivers
v0x59e2d34f4720_0 .net/2u *"_ivl_268", 31 0, L_0x78152e1b8920;  1 drivers
v0x59e2d34f2610_0 .net *"_ivl_27", 0 0, L_0x59e2d37a1ff0;  1 drivers
v0x59e2d34f26d0_0 .net *"_ivl_270", 31 0, L_0x59e2d37a8a40;  1 drivers
L_0x78152e1b8968 .functor BUFT 1, C4<00000000000000000110000001100011>, C4<0>, C4<0>, C4<0>;
v0x59e2d34f05c0_0 .net/2u *"_ivl_272", 31 0, L_0x78152e1b8968;  1 drivers
v0x59e2d34f06a0_0 .net *"_ivl_274", 0 0, L_0x59e2d37a8cc0;  1 drivers
v0x59e2d34ecc60_0 .net *"_ivl_277", 0 0, L_0x59e2d37a8ef0;  1 drivers
v0x59e2d34ecd20_0 .net/2u *"_ivl_278", 31 0, L_0x78152e1b89b0;  1 drivers
v0x59e2d34d08a0_0 .net/2u *"_ivl_28", 31 0, L_0x78152e1b7ba0;  1 drivers
v0x59e2d34d0980_0 .net *"_ivl_280", 31 0, L_0x59e2d37a9000;  1 drivers
L_0x78152e1b89f8 .functor BUFT 1, C4<00000000000000000111000001100011>, C4<0>, C4<0>, C4<0>;
v0x59e2d34e6060_0 .net/2u *"_ivl_282", 31 0, L_0x78152e1b89f8;  1 drivers
v0x59e2d34e6140_0 .net *"_ivl_284", 0 0, L_0x59e2d37a9290;  1 drivers
v0x59e2d34e3b40_0 .net *"_ivl_287", 0 0, L_0x59e2d37a93d0;  1 drivers
v0x59e2d34e3c00_0 .net/2u *"_ivl_288", 31 0, L_0x78152e1b8a40;  1 drivers
v0x59e2d34e1620_0 .net *"_ivl_290", 31 0, L_0x59e2d37a94e0;  1 drivers
L_0x78152e1b8a88 .functor BUFT 1, C4<00000000000000000000000000000011>, C4<0>, C4<0>, C4<0>;
v0x59e2d34e1700_0 .net/2u *"_ivl_292", 31 0, L_0x78152e1b8a88;  1 drivers
v0x59e2d34df100_0 .net *"_ivl_294", 0 0, L_0x59e2d37a9780;  1 drivers
v0x59e2d34df1a0_0 .net *"_ivl_297", 0 0, L_0x59e2d37a99c0;  1 drivers
v0x59e2d34cf4e0_0 .net/2u *"_ivl_298", 31 0, L_0x78152e1b8ad0;  1 drivers
v0x59e2d34cf5c0_0 .net *"_ivl_30", 31 0, L_0x59e2d37a2100;  1 drivers
v0x59e2d34db7a0_0 .net *"_ivl_300", 31 0, L_0x59e2d37a9ad0;  1 drivers
L_0x78152e1b8b18 .functor BUFT 1, C4<00000000000000000001000000000011>, C4<0>, C4<0>, C4<0>;
v0x59e2d34db880_0 .net/2u *"_ivl_302", 31 0, L_0x78152e1b8b18;  1 drivers
v0x59e2d3623300_0 .net *"_ivl_304", 0 0, L_0x59e2d37a9d80;  1 drivers
v0x59e2d36233c0_0 .net *"_ivl_307", 0 0, L_0x59e2d37a9ec0;  1 drivers
v0x59e2d36223c0_0 .net/2u *"_ivl_308", 31 0, L_0x78152e1b8b60;  1 drivers
v0x59e2d36224a0_0 .net *"_ivl_310", 31 0, L_0x59e2d37a9fd0;  1 drivers
L_0x78152e1b8ba8 .functor BUFT 1, C4<00000000000000000010000000000011>, C4<0>, C4<0>, C4<0>;
v0x59e2d3621480_0 .net/2u *"_ivl_312", 31 0, L_0x78152e1b8ba8;  1 drivers
v0x59e2d3621560_0 .net *"_ivl_314", 0 0, L_0x59e2d37aa290;  1 drivers
v0x59e2d36184f0_0 .net *"_ivl_317", 0 0, L_0x59e2d37aa4e0;  1 drivers
v0x59e2d36185b0_0 .net/2u *"_ivl_318", 31 0, L_0x78152e1b8bf0;  1 drivers
L_0x78152e1b7be8 .functor BUFT 1, C4<00000000000000000011000000010011>, C4<0>, C4<0>, C4<0>;
v0x59e2d35e2410_0 .net/2u *"_ivl_32", 31 0, L_0x78152e1b7be8;  1 drivers
v0x59e2d35e24f0_0 .net *"_ivl_320", 31 0, L_0x59e2d37aa5f0;  1 drivers
L_0x78152e1b8c38 .functor BUFT 1, C4<00000000000000000100000000000011>, C4<0>, C4<0>, C4<0>;
v0x59e2d35eff40_0 .net/2u *"_ivl_322", 31 0, L_0x78152e1b8c38;  1 drivers
v0x59e2d35f0020_0 .net *"_ivl_324", 0 0, L_0x59e2d37aa8c0;  1 drivers
v0x59e2d35b5aa0_0 .net *"_ivl_327", 0 0, L_0x59e2d37aaa00;  1 drivers
v0x59e2d35b5b60_0 .net/2u *"_ivl_328", 31 0, L_0x78152e1b8c80;  1 drivers
v0x59e2d35c35d0_0 .net *"_ivl_330", 31 0, L_0x59e2d37aab10;  1 drivers
L_0x78152e1b8cc8 .functor BUFT 1, C4<00000000000000000101000000000011>, C4<0>, C4<0>, C4<0>;
v0x59e2d35c36b0_0 .net/2u *"_ivl_332", 31 0, L_0x78152e1b8cc8;  1 drivers
v0x59e2d32ba720_0 .net *"_ivl_334", 0 0, L_0x59e2d37aadf0;  1 drivers
v0x59e2d32ba7e0_0 .net *"_ivl_337", 0 0, L_0x59e2d37ab050;  1 drivers
v0x59e2d34bb060_0 .net/2u *"_ivl_338", 31 0, L_0x78152e1b8d10;  1 drivers
v0x59e2d34bb140_0 .net *"_ivl_34", 0 0, L_0x59e2d37a2200;  1 drivers
v0x59e2d34bdb10_0 .net *"_ivl_340", 31 0, L_0x59e2d37ab160;  1 drivers
L_0x78152e1b8d58 .functor BUFT 1, C4<00000000000000000110000000000011>, C4<0>, C4<0>, C4<0>;
v0x59e2d34bdbf0_0 .net/2u *"_ivl_342", 31 0, L_0x78152e1b8d58;  1 drivers
v0x59e2d342a8c0_0 .net *"_ivl_344", 0 0, L_0x59e2d37ab450;  1 drivers
v0x59e2d342a980_0 .net *"_ivl_347", 0 0, L_0x59e2d37ab590;  1 drivers
v0x59e2d34b5c30_0 .net/2u *"_ivl_348", 31 0, L_0x78152e1b8da0;  1 drivers
v0x59e2d34b5d10_0 .net *"_ivl_350", 31 0, L_0x59e2d37ab6a0;  1 drivers
L_0x78152e1b8de8 .functor BUFT 1, C4<00000000000000000000000000100011>, C4<0>, C4<0>, C4<0>;
v0x59e2d34b1e80_0 .net/2u *"_ivl_352", 31 0, L_0x78152e1b8de8;  1 drivers
v0x59e2d34b1f60_0 .net *"_ivl_354", 0 0, L_0x59e2d37ab9a0;  1 drivers
v0x59e2d34b09c0_0 .net *"_ivl_357", 0 0, L_0x59e2d37aaf30;  1 drivers
v0x59e2d34b0a80_0 .net/2u *"_ivl_358", 31 0, L_0x78152e1b8e30;  1 drivers
v0x59e2d349fe80_0 .net *"_ivl_360", 31 0, L_0x59e2d37abc10;  1 drivers
L_0x78152e1b8e78 .functor BUFT 1, C4<00000000000000000001000000100011>, C4<0>, C4<0>, C4<0>;
v0x59e2d349ff60_0 .net/2u *"_ivl_362", 31 0, L_0x78152e1b8e78;  1 drivers
v0x59e2d3495be0_0 .net *"_ivl_364", 0 0, L_0x59e2d37abf20;  1 drivers
v0x59e2d3495c80_0 .net *"_ivl_367", 0 0, L_0x59e2d37ac060;  1 drivers
v0x59e2d3480a60_0 .net/2u *"_ivl_368", 31 0, L_0x78152e1b8ec0;  1 drivers
v0x59e2d3480b40_0 .net *"_ivl_37", 0 0, L_0x59e2d37a2340;  1 drivers
v0x59e2d3466480_0 .net *"_ivl_370", 31 0, L_0x59e2d37ac170;  1 drivers
L_0x78152e1b8f08 .functor BUFT 1, C4<00000000000000000010000000100011>, C4<0>, C4<0>, C4<0>;
v0x59e2d3466560_0 .net/2u *"_ivl_372", 31 0, L_0x78152e1b8f08;  1 drivers
v0x59e2d333c420_0 .net *"_ivl_374", 0 0, L_0x59e2d37ac490;  1 drivers
v0x59e2d333c4e0_0 .net *"_ivl_377", 0 0, L_0x59e2d37ac710;  1 drivers
v0x59e2d33d77a0_0 .net/2u *"_ivl_378", 31 0, L_0x78152e1b8f50;  1 drivers
v0x59e2d33d7880_0 .net/2u *"_ivl_38", 31 0, L_0x78152e1b7c30;  1 drivers
v0x59e2d33d6310_0 .net *"_ivl_380", 31 0, L_0x59e2d37ac820;  1 drivers
L_0x78152e1b8f98 .functor BUFT 1, C4<00000000000000000000000001110011>, C4<0>, C4<0>, C4<0>;
v0x59e2d33d63f0_0 .net/2u *"_ivl_382", 31 0, L_0x78152e1b8f98;  1 drivers
v0x59e2d33d4e80_0 .net *"_ivl_384", 0 0, L_0x59e2d37acb50;  1 drivers
v0x59e2d33d4f40_0 .net *"_ivl_387", 0 0, L_0x59e2d37acc90;  1 drivers
v0x59e2d33d39f0_0 .net/2u *"_ivl_388", 31 0, L_0x78152e1b8fe0;  1 drivers
v0x59e2d33d3ad0_0 .net *"_ivl_390", 31 0, L_0x59e2d37acda0;  1 drivers
L_0x78152e1b9028 .functor BUFT 1, C4<00000000000100000000000001110011>, C4<0>, C4<0>, C4<0>;
v0x59e2d33d2530_0 .net/2u *"_ivl_392", 31 0, L_0x78152e1b9028;  1 drivers
v0x59e2d33d2610_0 .net *"_ivl_394", 0 0, L_0x59e2d37ad0e0;  1 drivers
v0x59e2d33c19f0_0 .net *"_ivl_397", 0 0, L_0x59e2d37ad370;  1 drivers
v0x59e2d33c1ab0_0 .net/2u *"_ivl_398", 31 0, L_0x78152e1b9070;  1 drivers
L_0x78152e1b7a38 .functor BUFT 1, C4<00000000000000000111000000010011>, C4<0>, C4<0>, C4<0>;
v0x59e2d33b7750_0 .net/2u *"_ivl_4", 31 0, L_0x78152e1b7a38;  1 drivers
v0x59e2d33b7830_0 .net *"_ivl_40", 31 0, L_0x59e2d37a2450;  1 drivers
v0x59e2d33ad8b0_0 .net *"_ivl_400", 31 0, L_0x59e2d37ad480;  1 drivers
L_0x78152e1b90b8 .functor BUFT 1, C4<00000000001000000000000001110011>, C4<0>, C4<0>, C4<0>;
v0x59e2d33ad990_0 .net/2u *"_ivl_402", 31 0, L_0x78152e1b90b8;  1 drivers
v0x59e2d33a25d0_0 .net *"_ivl_404", 0 0, L_0x59e2d37ad7d0;  1 drivers
v0x59e2d33a2690_0 .net *"_ivl_407", 0 0, L_0x59e2d37ad910;  1 drivers
v0x59e2d369fac0_0 .net/2u *"_ivl_408", 31 0, L_0x78152e1b9100;  1 drivers
v0x59e2d369fba0_0 .net *"_ivl_410", 31 0, L_0x59e2d37ada20;  1 drivers
L_0x78152e1b9148 .functor BUFT 1, C4<00000000000000000001000001110011>, C4<0>, C4<0>, C4<0>;
v0x59e2d359eda0_0 .net/2u *"_ivl_412", 31 0, L_0x78152e1b9148;  1 drivers
v0x59e2d359ee80_0 .net *"_ivl_414", 0 0, L_0x59e2d37add80;  1 drivers
v0x59e2d359c880_0 .net *"_ivl_417", 0 0, L_0x59e2d37ae020;  1 drivers
v0x59e2d359c940_0 .net/2u *"_ivl_418", 31 0, L_0x78152e1b9190;  1 drivers
L_0x78152e1b7c78 .functor BUFT 1, C4<00000000000000000110000000010011>, C4<0>, C4<0>, C4<0>;
v0x59e2d35a12c0_0 .net/2u *"_ivl_42", 31 0, L_0x78152e1b7c78;  1 drivers
v0x59e2d35a13a0_0 .net *"_ivl_420", 31 0, L_0x59e2d37ae130;  1 drivers
L_0x78152e1b91d8 .functor BUFT 1, C4<00000000000000000010000001110011>, C4<0>, C4<0>, C4<0>;
v0x59e2d3523a20_0 .net/2u *"_ivl_422", 31 0, L_0x78152e1b91d8;  1 drivers
v0x59e2d3523ae0_0 .net *"_ivl_424", 0 0, L_0x59e2d37ae4a0;  1 drivers
v0x59e2d3522590_0 .net *"_ivl_427", 0 0, L_0x59e2d37ae5e0;  1 drivers
v0x59e2d3522650_0 .net/2u *"_ivl_428", 31 0, L_0x78152e1b9220;  1 drivers
v0x59e2d3521100_0 .net *"_ivl_430", 31 0, L_0x59e2d37ae6f0;  1 drivers
L_0x78152e1b9268 .functor BUFT 1, C4<00000000000000000011000001110011>, C4<0>, C4<0>, C4<0>;
v0x59e2d35211e0_0 .net/2u *"_ivl_432", 31 0, L_0x78152e1b9268;  1 drivers
v0x59e2d351fc70_0 .net *"_ivl_434", 0 0, L_0x59e2d37aea70;  1 drivers
v0x59e2d351fd30_0 .net *"_ivl_437", 0 0, L_0x59e2d37aed20;  1 drivers
v0x59e2d351e7e0_0 .net/2u *"_ivl_438", 31 0, L_0x78152e1b92b0;  1 drivers
v0x59e2d351e8c0_0 .net *"_ivl_44", 0 0, L_0x59e2d37a2560;  1 drivers
v0x59e2d351d350_0 .net *"_ivl_440", 31 0, L_0x59e2d37aee30;  1 drivers
L_0x78152e1b92f8 .functor BUFT 1, C4<00000000000000000101000001110011>, C4<0>, C4<0>, C4<0>;
v0x59e2d351d430_0 .net/2u *"_ivl_442", 31 0, L_0x78152e1b92f8;  1 drivers
v0x59e2d351ba80_0 .net *"_ivl_444", 0 0, L_0x59e2d37af1c0;  1 drivers
v0x59e2d351bb40_0 .net *"_ivl_447", 0 0, L_0x59e2d37af300;  1 drivers
v0x59e2d352a970_0 .net/2u *"_ivl_448", 31 0, L_0x78152e1b9340;  1 drivers
v0x59e2d352aa50_0 .net *"_ivl_450", 31 0, L_0x59e2d37af410;  1 drivers
L_0x78152e1b9388 .functor BUFT 1, C4<00000000000000000110000001110011>, C4<0>, C4<0>, C4<0>;
v0x59e2d3528c60_0 .net/2u *"_ivl_452", 31 0, L_0x78152e1b9388;  1 drivers
v0x59e2d3528d40_0 .net *"_ivl_454", 0 0, L_0x59e2d37af7b0;  1 drivers
v0x59e2d35277d0_0 .net *"_ivl_457", 0 0, L_0x59e2d37afa70;  1 drivers
v0x59e2d3527890_0 .net/2u *"_ivl_458", 31 0, L_0x78152e1b93d0;  1 drivers
v0x59e2d3526340_0 .net *"_ivl_460", 31 0, L_0x59e2d37afb80;  1 drivers
L_0x78152e1b9418 .functor BUFT 1, C4<00000000000000000111000001110011>, C4<0>, C4<0>, C4<0>;
v0x59e2d3526420_0 .net/2u *"_ivl_462", 31 0, L_0x78152e1b9418;  1 drivers
v0x59e2d3524eb0_0 .net *"_ivl_464", 0 0, L_0x59e2d37b0740;  1 drivers
v0x59e2d3524f70_0 .net *"_ivl_467", 0 0, L_0x59e2d37b07e0;  1 drivers
v0x59e2d3584910_0 .net/2u *"_ivl_468", 31 0, L_0x78152e1b9460;  1 drivers
v0x59e2d35849f0_0 .net *"_ivl_47", 0 0, L_0x59e2d37a26a0;  1 drivers
v0x59e2d333c830_0 .net *"_ivl_470", 31 0, L_0x59e2d37b08f0;  1 drivers
L_0x78152e1b94a8 .functor BUFT 1, C4<00010000010100000000000001110011>, C4<0>, C4<0>, C4<0>;
v0x59e2d333c910_0 .net/2u *"_ivl_472", 31 0, L_0x78152e1b94a8;  1 drivers
v0x59e2d356ee80_0 .net *"_ivl_474", 0 0, L_0x59e2d37b0cb0;  1 drivers
v0x59e2d356ef20_0 .net *"_ivl_477", 0 0, L_0x59e2d37b0f80;  1 drivers
v0x59e2d3576980_0 .net/2u *"_ivl_478", 31 0, L_0x78152e1b94f0;  1 drivers
v0x59e2d3576a60_0 .net/2u *"_ivl_48", 31 0, L_0x78152e1b7cc0;  1 drivers
v0x59e2d358f620_0 .net *"_ivl_480", 31 0, L_0x59e2d37b1090;  1 drivers
L_0x78152e1b9538 .functor BUFT 1, C4<00000000000000000000000000001111>, C4<0>, C4<0>, C4<0>;
v0x59e2d358f700_0 .net/2u *"_ivl_482", 31 0, L_0x78152e1b9538;  1 drivers
v0x59e2d3566f10_0 .net *"_ivl_484", 0 0, L_0x59e2d37b1460;  1 drivers
v0x59e2d3566fd0_0 .net *"_ivl_487", 0 0, L_0x59e2d37b15a0;  1 drivers
v0x59e2d3560c80_0 .net/2u *"_ivl_488", 31 0, L_0x78152e1b9580;  1 drivers
v0x59e2d3560d60_0 .net *"_ivl_490", 31 0, L_0x59e2d37b16b0;  1 drivers
L_0x78152e1b95c8 .functor BUFT 1, C4<00000000000000000001000000001111>, C4<0>, C4<0>, C4<0>;
v0x59e2d34c8830_0 .net/2u *"_ivl_492", 31 0, L_0x78152e1b95c8;  1 drivers
v0x59e2d34c8910_0 .net *"_ivl_494", 0 0, L_0x59e2d37b1a90;  1 drivers
v0x59e2d34ff1d0_0 .net *"_ivl_497", 0 0, L_0x59e2d37b1d70;  1 drivers
v0x59e2d34ff290_0 .net/2u *"_ivl_498", 31 0, L_0x78152e1b9610;  1 drivers
v0x59e2d32b64a0_0 .net *"_ivl_50", 31 0, L_0x59e2d37a27b0;  1 drivers
v0x59e2d32b6580_0 .net *"_ivl_500", 31 0, L_0x59e2d37b1e80;  1 drivers
L_0x78152e1b9658 .functor BUFT 1, C4<00010010000000000000000001110011>, C4<0>, C4<0>, C4<0>;
v0x59e2d32b32a0_0 .net/2u *"_ivl_502", 31 0, L_0x78152e1b9658;  1 drivers
v0x59e2d32b3380_0 .net *"_ivl_504", 0 0, L_0x59e2d37b2270;  1 drivers
v0x59e2d32affe0_0 .net *"_ivl_507", 0 0, L_0x59e2d37b23b0;  1 drivers
v0x59e2d32b00a0_0 .net/2u *"_ivl_508", 31 0, L_0x78152e1b96a0;  1 drivers
v0x59e2d32e2f30_0 .net *"_ivl_510", 31 0, L_0x59e2d37b24c0;  1 drivers
L_0x78152e1b96e8 .functor BUFT 1, C4<00000010000000000000000000110011>, C4<0>, C4<0>, C4<0>;
v0x59e2d32e3010_0 .net/2u *"_ivl_512", 31 0, L_0x78152e1b96e8;  1 drivers
v0x59e2d32e2260_0 .net *"_ivl_514", 0 0, L_0x59e2d37b28c0;  1 drivers
v0x59e2d32e2320_0 .net *"_ivl_517", 0 0, L_0x59e2d37b2bb0;  1 drivers
v0x59e2d36b5a40_0 .net *"_ivl_519", 0 0, L_0x59e2d37b2c70;  1 drivers
L_0x78152e1b7d08 .functor BUFT 1, C4<00000000000000000100000000010011>, C4<0>, C4<0>, C4<0>;
v0x59e2d36b5b00_0 .net/2u *"_ivl_52", 31 0, L_0x78152e1b7d08;  1 drivers
v0x59e2d34b47a0_0 .net/2u *"_ivl_520", 31 0, L_0x78152e1b9730;  1 drivers
v0x59e2d34b4880_0 .net *"_ivl_522", 31 0, L_0x59e2d37b30d0;  1 drivers
L_0x78152e1b9778 .functor BUFT 1, C4<00000010000000000001000000110011>, C4<0>, C4<0>, C4<0>;
v0x59e2d34b3310_0 .net/2u *"_ivl_524", 31 0, L_0x78152e1b9778;  1 drivers
v0x59e2d34b33f0_0 .net *"_ivl_526", 0 0, L_0x59e2d37b3190;  1 drivers
v0x59e2d349ad30_0 .net *"_ivl_529", 0 0, L_0x59e2d37b32d0;  1 drivers
v0x59e2d349adf0_0 .net *"_ivl_531", 0 0, L_0x59e2d37b36a0;  1 drivers
v0x59e2d348bd40_0 .net/2u *"_ivl_532", 31 0, L_0x78152e1b97c0;  1 drivers
v0x59e2d348be20_0 .net *"_ivl_534", 31 0, L_0x59e2d37b37b0;  1 drivers
L_0x78152e1b9808 .functor BUFT 1, C4<00000010000000000010000000110011>, C4<0>, C4<0>, C4<0>;
v0x59e2d33bc8a0_0 .net/2u *"_ivl_536", 31 0, L_0x78152e1b9808;  1 drivers
v0x59e2d33bc980_0 .net *"_ivl_538", 0 0, L_0x59e2d37b3be0;  1 drivers
v0x59e2d3387ff0_0 .net *"_ivl_54", 0 0, L_0x59e2d37a2870;  1 drivers
v0x59e2d33880b0_0 .net *"_ivl_541", 0 0, L_0x59e2d37b3ee0;  1 drivers
v0x59e2d367ea80_0 .net *"_ivl_543", 0 0, L_0x59e2d37b3fa0;  1 drivers
v0x59e2d367eb40_0 .net/2u *"_ivl_544", 31 0, L_0x78152e1b9850;  1 drivers
v0x59e2d34ca920_0 .net *"_ivl_546", 31 0, L_0x59e2d37b4430;  1 drivers
L_0x78152e1b9898 .functor BUFT 1, C4<00000010000000000011000000110011>, C4<0>, C4<0>, C4<0>;
v0x59e2d34caa00_0 .net/2u *"_ivl_548", 31 0, L_0x78152e1b9898;  1 drivers
v0x59e2d34ca1c0_0 .net *"_ivl_550", 0 0, L_0x59e2d37b44f0;  1 drivers
v0x59e2d34ca280_0 .net *"_ivl_553", 0 0, L_0x59e2d37b4630;  1 drivers
v0x59e2d2fafa70_0 .net *"_ivl_555", 0 0, L_0x59e2d37b4a80;  1 drivers
v0x59e2d2fafb30_0 .net/2u *"_ivl_556", 31 0, L_0x78152e1b98e0;  1 drivers
v0x59e2d2fafc10_0 .net *"_ivl_558", 31 0, L_0x59e2d37b4b90;  1 drivers
L_0x78152e1b9928 .functor BUFT 1, C4<00000010000000000100000000110011>, C4<0>, C4<0>, C4<0>;
v0x59e2d2fafcf0_0 .net/2u *"_ivl_560", 31 0, L_0x78152e1b9928;  1 drivers
v0x59e2d2fafdd0_0 .net *"_ivl_562", 0 0, L_0x59e2d37b4ff0;  1 drivers
v0x59e2d2fe3c90_0 .net *"_ivl_565", 0 0, L_0x59e2d37b5300;  1 drivers
v0x59e2d2fe3d50_0 .net *"_ivl_567", 0 0, L_0x59e2d37b53c0;  1 drivers
v0x59e2d2fe3e10_0 .net/2u *"_ivl_568", 31 0, L_0x78152e1b9970;  1 drivers
v0x59e2d2fe3ef0_0 .net *"_ivl_57", 0 0, L_0x59e2d37a29a0;  1 drivers
v0x59e2d2fe3fb0_0 .net *"_ivl_570", 31 0, L_0x59e2d37b5880;  1 drivers
L_0x78152e1b99b8 .functor BUFT 1, C4<00000010000000000101000000110011>, C4<0>, C4<0>, C4<0>;
v0x59e2d2febaa0_0 .net/2u *"_ivl_572", 31 0, L_0x78152e1b99b8;  1 drivers
v0x59e2d2febb80_0 .net *"_ivl_574", 0 0, L_0x59e2d37b5940;  1 drivers
v0x59e2d2febc40_0 .net *"_ivl_577", 0 0, L_0x59e2d37b5a80;  1 drivers
v0x59e2d2febd00_0 .net *"_ivl_579", 0 0, L_0x59e2d37b5f00;  1 drivers
v0x59e2d2febdc0_0 .net/2u *"_ivl_58", 31 0, L_0x78152e1b7d50;  1 drivers
v0x59e2d302b200_0 .net/2u *"_ivl_580", 31 0, L_0x78152e1b9a00;  1 drivers
v0x59e2d302b2e0_0 .net *"_ivl_582", 31 0, L_0x59e2d37b6010;  1 drivers
L_0x78152e1b9a48 .functor BUFT 1, C4<00000010000000000110000000110011>, C4<0>, C4<0>, C4<0>;
v0x59e2d302b3c0_0 .net/2u *"_ivl_584", 31 0, L_0x78152e1b9a48;  1 drivers
v0x59e2d302b4a0_0 .net *"_ivl_586", 0 0, L_0x59e2d37b6c60;  1 drivers
v0x59e2d302b560_0 .net *"_ivl_589", 0 0, L_0x59e2d37b6f30;  1 drivers
v0x59e2d3039610_0 .net *"_ivl_591", 0 0, L_0x59e2d37b6ff0;  1 drivers
v0x59e2d30396d0_0 .net/2u *"_ivl_592", 31 0, L_0x78152e1b9a90;  1 drivers
v0x59e2d30397b0_0 .net *"_ivl_594", 31 0, L_0x59e2d37b74e0;  1 drivers
L_0x78152e1b9ad8 .functor BUFT 1, C4<00000010000000000111000000110011>, C4<0>, C4<0>, C4<0>;
v0x59e2d3039890_0 .net/2u *"_ivl_596", 31 0, L_0x78152e1b9ad8;  1 drivers
v0x59e2d3039970_0 .net *"_ivl_598", 0 0, L_0x59e2d37b75a0;  1 drivers
v0x59e2d304c360_0 .net *"_ivl_6", 0 0, L_0x59e2d37a1980;  1 drivers
v0x59e2d304c420_0 .net *"_ivl_60", 31 0, L_0x59e2d37a2ab0;  1 drivers
v0x59e2d304c500_0 .net *"_ivl_601", 0 0, L_0x59e2d37b76e0;  1 drivers
v0x59e2d304c5c0_0 .net *"_ivl_603", 0 0, L_0x59e2d37b7b90;  1 drivers
v0x59e2d304c680_0 .net/2u *"_ivl_604", 31 0, L_0x78152e1b9b20;  1 drivers
v0x59e2d3059840_0 .net *"_ivl_606", 31 0, L_0x59e2d37b7ca0;  1 drivers
L_0x78152e1b9b68 .functor BUFT 1, C4<00000010000000000000000000001011>, C4<0>, C4<0>, C4<0>;
v0x59e2d3059920_0 .net/2u *"_ivl_608", 31 0, L_0x78152e1b9b68;  1 drivers
v0x59e2d3059a00_0 .net *"_ivl_610", 0 0, L_0x59e2d37b8160;  1 drivers
v0x59e2d3059ac0_0 .net *"_ivl_613", 0 0, L_0x59e2d37b8490;  1 drivers
v0x59e2d3059b80_0 .net *"_ivl_615", 0 0, L_0x59e2d37b8550;  1 drivers
v0x59e2d30644b0_0 .net/2u *"_ivl_616", 31 0, L_0x78152e1b9bb0;  1 drivers
v0x59e2d3064590_0 .net *"_ivl_618", 31 0, L_0x59e2d37b8a70;  1 drivers
L_0x78152e1b7d98 .functor BUFT 1, C4<00000000000000000001000000010011>, C4<0>, C4<0>, C4<0>;
v0x59e2d3064670_0 .net/2u *"_ivl_62", 31 0, L_0x78152e1b7d98;  1 drivers
L_0x78152e1b9bf8 .functor BUFT 1, C4<00000100000000000000000000001011>, C4<0>, C4<0>, C4<0>;
v0x59e2d3064750_0 .net/2u *"_ivl_620", 31 0, L_0x78152e1b9bf8;  1 drivers
v0x59e2d3064830_0 .net *"_ivl_622", 0 0, L_0x59e2d37b8b30;  1 drivers
v0x59e2d308ed40_0 .net *"_ivl_625", 0 0, L_0x59e2d37b8c70;  1 drivers
v0x59e2d308ee00_0 .net *"_ivl_627", 0 0, L_0x59e2d37b9150;  1 drivers
v0x59e2d308eec0_0 .net/2u *"_ivl_628", 31 0, L_0x78152e1b9c40;  1 drivers
v0x59e2d308efa0_0 .net *"_ivl_630", 31 0, L_0x59e2d37b9260;  1 drivers
L_0x78152e1b9c88 .functor BUFT 1, C4<00001000000000000000000000001011>, C4<0>, C4<0>, C4<0>;
v0x59e2d308f080_0 .net/2u *"_ivl_632", 31 0, L_0x78152e1b9c88;  1 drivers
v0x59e2d3092900_0 .net *"_ivl_634", 0 0, L_0x59e2d37b8d30;  1 drivers
v0x59e2d30929c0_0 .net *"_ivl_637", 0 0, L_0x59e2d37b9070;  1 drivers
v0x59e2d3092a80_0 .net *"_ivl_639", 0 0, L_0x59e2d37b9750;  1 drivers
v0x59e2d3092b40_0 .net *"_ivl_64", 0 0, L_0x59e2d37a2be0;  1 drivers
v0x59e2d3092c00_0 .net/2u *"_ivl_640", 31 0, L_0x78152e1b9cd0;  1 drivers
v0x59e2d3092ce0_0 .net *"_ivl_642", 31 0, L_0x59e2d37b9320;  1 drivers
L_0x78152e1b9d18 .functor BUFT 1, C4<00000010000000000001000000001011>, C4<0>, C4<0>, C4<0>;
v0x59e2d30d08f0_0 .net/2u *"_ivl_644", 31 0, L_0x78152e1b9d18;  1 drivers
v0x59e2d30d09d0_0 .net *"_ivl_646", 0 0, L_0x59e2d37b93e0;  1 drivers
v0x59e2d30d0a90_0 .net *"_ivl_649", 0 0, L_0x59e2d37b9520;  1 drivers
v0x59e2d30d0b50_0 .net *"_ivl_651", 0 0, L_0x59e2d37b95e0;  1 drivers
v0x59e2d30d0c10_0 .net *"_ivl_652", 0 0, L_0x59e2d37b9cb0;  1 drivers
v0x59e2d311a0f0_0 .net/2u *"_ivl_658", 31 0, L_0x78152e1b9d60;  1 drivers
v0x59e2d311a1d0_0 .net *"_ivl_660", 31 0, L_0x59e2d37b99e0;  1 drivers
L_0x78152e1b9da8 .functor BUFT 1, C4<00000000000000000000000001100111>, C4<0>, C4<0>, C4<0>;
v0x59e2d311a2b0_0 .net/2u *"_ivl_662", 31 0, L_0x78152e1b9da8;  1 drivers
v0x59e2d311a390_0 .net *"_ivl_664", 0 0, L_0x59e2d37b9aa0;  1 drivers
v0x59e2d311a450_0 .net/2u *"_ivl_666", 31 0, L_0x78152e1b9df0;  1 drivers
v0x59e2d311b140_0 .net *"_ivl_668", 31 0, L_0x59e2d37b9be0;  1 drivers
v0x59e2d311b220_0 .net *"_ivl_67", 0 0, L_0x59e2d37a2d20;  1 drivers
L_0x78152e1b9e38 .functor BUFT 1, C4<00000000000000000000000001101111>, C4<0>, C4<0>, C4<0>;
v0x59e2d311b2e0_0 .net/2u *"_ivl_670", 31 0, L_0x78152e1b9e38;  1 drivers
v0x59e2d311b3c0_0 .net *"_ivl_672", 0 0, L_0x59e2d37b9d20;  1 drivers
v0x59e2d311b480_0 .net *"_ivl_675", 0 0, L_0x59e2d37b9e60;  1 drivers
v0x59e2d3127ca0_0 .net/2u *"_ivl_676", 31 0, L_0x78152e1b9e80;  1 drivers
v0x59e2d3127d80_0 .net *"_ivl_678", 31 0, L_0x59e2d37b9f70;  1 drivers
v0x59e2d3127e60_0 .net/2u *"_ivl_68", 31 0, L_0x78152e1b7de0;  1 drivers
L_0x78152e1b9ec8 .functor BUFT 1, C4<00000000000000000000000000110111>, C4<0>, C4<0>, C4<0>;
v0x59e2d3127f40_0 .net/2u *"_ivl_680", 31 0, L_0x78152e1b9ec8;  1 drivers
v0x59e2d3128020_0 .net *"_ivl_682", 0 0, L_0x59e2d37ba030;  1 drivers
v0x59e2d2e6ff40_0 .net *"_ivl_685", 0 0, L_0x59e2d37baa50;  1 drivers
v0x59e2d2e70000_0 .net/2u *"_ivl_686", 31 0, L_0x78152e1b9f10;  1 drivers
v0x59e2d2e700e0_0 .net *"_ivl_688", 31 0, L_0x59e2d37bab60;  1 drivers
L_0x78152e1b9f58 .functor BUFT 1, C4<00000000000000000000000000010111>, C4<0>, C4<0>, C4<0>;
v0x59e2d2e701c0_0 .net/2u *"_ivl_690", 31 0, L_0x78152e1b9f58;  1 drivers
v0x59e2d2e702a0_0 .net *"_ivl_692", 0 0, L_0x59e2d37ba3a0;  1 drivers
v0x59e2d31416e0_0 .net *"_ivl_695", 0 0, L_0x59e2d37ba4e0;  1 drivers
v0x59e2d31417a0_0 .net/2u *"_ivl_696", 31 0, L_0x78152e1b9fa0;  1 drivers
v0x59e2d3141880_0 .net *"_ivl_698", 31 0, L_0x59e2d37ba5f0;  1 drivers
v0x59e2d3141960_0 .net *"_ivl_70", 31 0, L_0x59e2d37a2e30;  1 drivers
L_0x78152e1b9fe8 .functor BUFT 1, C4<00000000000000000000000000010011>, C4<0>, C4<0>, C4<0>;
v0x59e2d3141a40_0 .net/2u *"_ivl_700", 31 0, L_0x78152e1b9fe8;  1 drivers
v0x59e2d318b5f0_0 .net *"_ivl_702", 0 0, L_0x59e2d37ba6b0;  1 drivers
v0x59e2d318b6b0_0 .net *"_ivl_705", 0 0, L_0x59e2d37bb300;  1 drivers
v0x59e2d318b770_0 .net/2u *"_ivl_706", 31 0, L_0x78152e1ba030;  1 drivers
v0x59e2d318b850_0 .net *"_ivl_708", 31 0, L_0x59e2d37bb410;  1 drivers
L_0x78152e1ba078 .functor BUFT 1, C4<00000000000000000001000000010011>, C4<0>, C4<0>, C4<0>;
v0x59e2d318b930_0 .net/2u *"_ivl_710", 31 0, L_0x78152e1ba078;  1 drivers
v0x59e2d31a2fc0_0 .net *"_ivl_712", 0 0, L_0x59e2d37bac20;  1 drivers
v0x59e2d31a3080_0 .net *"_ivl_715", 0 0, L_0x59e2d37bad60;  1 drivers
v0x59e2d31a3140_0 .net/2u *"_ivl_716", 31 0, L_0x78152e1ba0c0;  1 drivers
v0x59e2d31a3220_0 .net *"_ivl_718", 31 0, L_0x59e2d37bae70;  1 drivers
L_0x78152e1b7e28 .functor BUFT 1, C4<00000000000000000101000000010011>, C4<0>, C4<0>, C4<0>;
v0x59e2d31a3300_0 .net/2u *"_ivl_72", 31 0, L_0x78152e1b7e28;  1 drivers
L_0x78152e1ba108 .functor BUFT 1, C4<00000000000000000010000000010011>, C4<0>, C4<0>, C4<0>;
v0x59e2d31b20c0_0 .net/2u *"_ivl_720", 31 0, L_0x78152e1ba108;  1 drivers
v0x59e2d31b21a0_0 .net *"_ivl_722", 0 0, L_0x59e2d37baf30;  1 drivers
v0x59e2d31b2260_0 .net *"_ivl_725", 0 0, L_0x59e2d37bbbe0;  1 drivers
v0x59e2d31b2320_0 .net/2u *"_ivl_726", 31 0, L_0x78152e1ba150;  1 drivers
v0x59e2d31b2400_0 .net *"_ivl_728", 31 0, L_0x59e2d37bbca0;  1 drivers
L_0x78152e1ba198 .functor BUFT 1, C4<00000000000000000011000000010011>, C4<0>, C4<0>, C4<0>;
v0x59e2d2da3490_0 .net/2u *"_ivl_730", 31 0, L_0x78152e1ba198;  1 drivers
v0x59e2d2da3570_0 .net *"_ivl_732", 0 0, L_0x59e2d37bb4d0;  1 drivers
v0x59e2d2da3630_0 .net *"_ivl_735", 0 0, L_0x59e2d37bb610;  1 drivers
v0x59e2d2da36f0_0 .net/2u *"_ivl_736", 31 0, L_0x78152e1ba1e0;  1 drivers
v0x59e2d2da37d0_0 .net *"_ivl_738", 31 0, L_0x59e2d37bb720;  1 drivers
v0x59e2d36d0c40_0 .net *"_ivl_74", 0 0, L_0x59e2d37a2f70;  1 drivers
L_0x78152e1ba228 .functor BUFT 1, C4<00000000000000000100000000010011>, C4<0>, C4<0>, C4<0>;
v0x59e2d36d0d00_0 .net/2u *"_ivl_740", 31 0, L_0x78152e1ba228;  1 drivers
v0x59e2d36d0de0_0 .net *"_ivl_742", 0 0, L_0x59e2d37bb7e0;  1 drivers
v0x59e2d36d0ea0_0 .net *"_ivl_745", 0 0, L_0x59e2d37bb920;  1 drivers
v0x59e2d36d0f60_0 .net/2u *"_ivl_746", 31 0, L_0x78152e1ba270;  1 drivers
v0x59e2d36d1040_0 .net *"_ivl_748", 31 0, L_0x59e2d37bc540;  1 drivers
L_0x78152e1ba2b8 .functor BUFT 1, C4<00000000000000000101000000010011>, C4<0>, C4<0>, C4<0>;
v0x59e2d36d1120_0 .net/2u *"_ivl_750", 31 0, L_0x78152e1ba2b8;  1 drivers
v0x59e2d36d1200_0 .net *"_ivl_752", 0 0, L_0x59e2d37bbd60;  1 drivers
v0x59e2d36d12c0_0 .net *"_ivl_755", 0 0, L_0x59e2d37bbea0;  1 drivers
v0x59e2d36d1380_0 .net/2u *"_ivl_756", 31 0, L_0x78152e1ba300;  1 drivers
v0x59e2d36d1460_0 .net *"_ivl_758", 31 0, L_0x59e2d37bbfb0;  1 drivers
L_0x78152e1ba348 .functor BUFT 1, C4<01000000000000000101000000010011>, C4<0>, C4<0>, C4<0>;
v0x59e2d36d1540_0 .net/2u *"_ivl_760", 31 0, L_0x78152e1ba348;  1 drivers
v0x59e2d36d1620_0 .net *"_ivl_762", 0 0, L_0x59e2d37bc070;  1 drivers
v0x59e2d36d16e0_0 .net *"_ivl_765", 0 0, L_0x59e2d37bc1b0;  1 drivers
v0x59e2d36d17a0_0 .net/2u *"_ivl_766", 31 0, L_0x78152e1ba390;  1 drivers
v0x59e2d36d1880_0 .net *"_ivl_768", 31 0, L_0x59e2d37bce10;  1 drivers
v0x59e2d36d1960_0 .net *"_ivl_77", 0 0, L_0x59e2d37a2b70;  1 drivers
L_0x78152e1ba3d8 .functor BUFT 1, C4<00000000000000000110000000010011>, C4<0>, C4<0>, C4<0>;
v0x59e2d36d1a20_0 .net/2u *"_ivl_770", 31 0, L_0x78152e1ba3d8;  1 drivers
v0x59e2d36d1b00_0 .net *"_ivl_772", 0 0, L_0x59e2d37bc600;  1 drivers
v0x59e2d36d1bc0_0 .net *"_ivl_775", 0 0, L_0x59e2d37bc740;  1 drivers
v0x59e2d36d1c80_0 .net/2u *"_ivl_776", 31 0, L_0x78152e1ba420;  1 drivers
v0x59e2d36d1d60_0 .net *"_ivl_778", 31 0, L_0x59e2d37bc850;  1 drivers
v0x59e2d36d1e40_0 .net/2u *"_ivl_78", 31 0, L_0x78152e1b7e70;  1 drivers
L_0x78152e1ba468 .functor BUFT 1, C4<00000000000000000111000000010011>, C4<0>, C4<0>, C4<0>;
v0x59e2d36d1f20_0 .net/2u *"_ivl_780", 31 0, L_0x78152e1ba468;  1 drivers
v0x59e2d36d2000_0 .net *"_ivl_782", 0 0, L_0x59e2d37bc910;  1 drivers
v0x59e2d36d20c0_0 .net *"_ivl_785", 0 0, L_0x59e2d37bca50;  1 drivers
v0x59e2d36d2180_0 .net/2u *"_ivl_786", 31 0, L_0x78152e1ba4b0;  1 drivers
v0x59e2d36d2260_0 .net *"_ivl_788", 31 0, L_0x59e2d37bd6c0;  1 drivers
L_0x78152e1ba4f8 .functor BUFT 1, C4<00000000000000000000000000110011>, C4<0>, C4<0>, C4<0>;
v0x59e2d36d2340_0 .net/2u *"_ivl_790", 31 0, L_0x78152e1ba4f8;  1 drivers
v0x59e2d36d4470_0 .net *"_ivl_792", 0 0, L_0x59e2d37bced0;  1 drivers
v0x59e2d36d4510_0 .net *"_ivl_795", 0 0, L_0x59e2d37bd010;  1 drivers
v0x59e2d36d45b0_0 .net/2u *"_ivl_796", 31 0, L_0x78152e1ba540;  1 drivers
v0x59e2d36d4650_0 .net *"_ivl_798", 31 0, L_0x59e2d37bd120;  1 drivers
v0x59e2d36d46f0_0 .net/2u *"_ivl_8", 31 0, L_0x78152e1b7a80;  1 drivers
v0x59e2d36d4790_0 .net *"_ivl_80", 31 0, L_0x59e2d37a31a0;  1 drivers
L_0x78152e1ba588 .functor BUFT 1, C4<01000000000000000000000000110011>, C4<0>, C4<0>, C4<0>;
v0x59e2d36d4830_0 .net/2u *"_ivl_800", 31 0, L_0x78152e1ba588;  1 drivers
v0x59e2d36d48d0_0 .net *"_ivl_802", 0 0, L_0x59e2d37bd1e0;  1 drivers
v0x59e2d36d4970_0 .net *"_ivl_805", 0 0, L_0x59e2d37bd320;  1 drivers
v0x59e2d36d4a10_0 .net/2u *"_ivl_806", 31 0, L_0x78152e1ba5d0;  1 drivers
v0x59e2d36d4ab0_0 .net *"_ivl_808", 31 0, L_0x59e2d37bdfa0;  1 drivers
L_0x78152e1ba618 .functor BUFT 1, C4<00000000000000000001000000110011>, C4<0>, C4<0>, C4<0>;
v0x59e2d36d4b50_0 .net/2u *"_ivl_810", 31 0, L_0x78152e1ba618;  1 drivers
v0x59e2d36d4bf0_0 .net *"_ivl_812", 0 0, L_0x59e2d37bd780;  1 drivers
v0x59e2d36d4c90_0 .net *"_ivl_815", 0 0, L_0x59e2d37bd8c0;  1 drivers
v0x59e2d36d4d30_0 .net/2u *"_ivl_816", 31 0, L_0x78152e1ba660;  1 drivers
v0x59e2d36d4dd0_0 .net *"_ivl_818", 31 0, L_0x59e2d37bd9d0;  1 drivers
L_0x78152e1b7eb8 .functor BUFT 1, C4<01000000000000000101000000010011>, C4<0>, C4<0>, C4<0>;
v0x59e2d36d4e70_0 .net/2u *"_ivl_82", 31 0, L_0x78152e1b7eb8;  1 drivers
L_0x78152e1ba6a8 .functor BUFT 1, C4<00000000000000000010000000110011>, C4<0>, C4<0>, C4<0>;
v0x59e2d36d4f10_0 .net/2u *"_ivl_820", 31 0, L_0x78152e1ba6a8;  1 drivers
v0x59e2d36d4fb0_0 .net *"_ivl_822", 0 0, L_0x59e2d37bda90;  1 drivers
v0x59e2d36d5050_0 .net *"_ivl_825", 0 0, L_0x59e2d37bdbd0;  1 drivers
v0x59e2d36d50f0_0 .net/2u *"_ivl_826", 31 0, L_0x78152e1ba6f0;  1 drivers
v0x59e2d36d5190_0 .net *"_ivl_828", 31 0, L_0x59e2d37be860;  1 drivers
L_0x78152e1ba738 .functor BUFT 1, C4<00000000000000000011000000110011>, C4<0>, C4<0>, C4<0>;
v0x59e2d36d5230_0 .net/2u *"_ivl_830", 31 0, L_0x78152e1ba738;  1 drivers
v0x59e2d36d52d0_0 .net *"_ivl_832", 0 0, L_0x59e2d37be060;  1 drivers
v0x59e2d36d5370_0 .net *"_ivl_835", 0 0, L_0x59e2d37be1a0;  1 drivers
v0x59e2d36d5410_0 .net/2u *"_ivl_836", 31 0, L_0x78152e1ba780;  1 drivers
v0x59e2d36d54b0_0 .net *"_ivl_838", 31 0, L_0x59e2d37be2b0;  1 drivers
v0x59e2d36d5550_0 .net *"_ivl_84", 0 0, L_0x59e2d37a32f0;  1 drivers
L_0x78152e1ba7c8 .functor BUFT 1, C4<00000000000000000100000000110011>, C4<0>, C4<0>, C4<0>;
v0x59e2d36d55f0_0 .net/2u *"_ivl_840", 31 0, L_0x78152e1ba7c8;  1 drivers
v0x59e2d36d5690_0 .net *"_ivl_842", 0 0, L_0x59e2d37be370;  1 drivers
v0x59e2d36d5730_0 .net *"_ivl_845", 0 0, L_0x59e2d37be4b0;  1 drivers
v0x59e2d36d57d0_0 .net/2u *"_ivl_846", 31 0, L_0x78152e1ba810;  1 drivers
v0x59e2d36d5870_0 .net *"_ivl_848", 31 0, L_0x59e2d37bf150;  1 drivers
L_0x78152e1ba858 .functor BUFT 1, C4<00000000000000000101000000110011>, C4<0>, C4<0>, C4<0>;
v0x59e2d36d5910_0 .net/2u *"_ivl_850", 31 0, L_0x78152e1ba858;  1 drivers
v0x59e2d36d59b0_0 .net *"_ivl_852", 0 0, L_0x59e2d37be920;  1 drivers
v0x59e2d36d5a50_0 .net *"_ivl_855", 0 0, L_0x59e2d37bea60;  1 drivers
v0x59e2d36d5af0_0 .net/2u *"_ivl_856", 31 0, L_0x78152e1ba8a0;  1 drivers
v0x59e2d36d5b90_0 .net *"_ivl_858", 31 0, L_0x59e2d37beb70;  1 drivers
L_0x78152e1ba8e8 .functor BUFT 1, C4<01000000000000000101000000110011>, C4<0>, C4<0>, C4<0>;
v0x59e2d36d5c30_0 .net/2u *"_ivl_860", 31 0, L_0x78152e1ba8e8;  1 drivers
v0x59e2d36d5cd0_0 .net *"_ivl_862", 0 0, L_0x59e2d37bec30;  1 drivers
v0x59e2d36d5d70_0 .net *"_ivl_865", 0 0, L_0x59e2d37bed70;  1 drivers
v0x59e2d36d5e10_0 .net/2u *"_ivl_866", 31 0, L_0x78152e1ba930;  1 drivers
v0x59e2d36d5eb0_0 .net *"_ivl_868", 31 0, L_0x59e2d37bfa20;  1 drivers
v0x59e2d36d5f50_0 .net *"_ivl_87", 0 0, L_0x59e2d37a3430;  1 drivers
L_0x78152e1ba978 .functor BUFT 1, C4<00000000000000000110000000110011>, C4<0>, C4<0>, C4<0>;
v0x59e2d36d5ff0_0 .net/2u *"_ivl_870", 31 0, L_0x78152e1ba978;  1 drivers
v0x59e2d36d6090_0 .net *"_ivl_872", 0 0, L_0x59e2d37bf1c0;  1 drivers
v0x59e2d36d6130_0 .net *"_ivl_875", 0 0, L_0x59e2d37bf300;  1 drivers
v0x59e2d36d61d0_0 .net/2u *"_ivl_876", 31 0, L_0x78152e1ba9c0;  1 drivers
v0x59e2d36d6270_0 .net *"_ivl_878", 31 0, L_0x59e2d37bf410;  1 drivers
v0x59e2d36d6310_0 .net/2u *"_ivl_88", 31 0, L_0x78152e1b7f00;  1 drivers
L_0x78152e1baa08 .functor BUFT 1, C4<00000000000000000111000000110011>, C4<0>, C4<0>, C4<0>;
v0x59e2d36d63b0_0 .net/2u *"_ivl_880", 31 0, L_0x78152e1baa08;  1 drivers
v0x59e2d36d6450_0 .net *"_ivl_882", 0 0, L_0x59e2d37bf4d0;  1 drivers
v0x59e2d36d64f0_0 .net *"_ivl_885", 0 0, L_0x59e2d37bf610;  1 drivers
v0x59e2d36d6590_0 .net/2u *"_ivl_886", 31 0, L_0x78152e1baa50;  1 drivers
v0x59e2d36d6630_0 .net *"_ivl_888", 31 0, L_0x59e2d37c0370;  1 drivers
L_0x78152e1baa98 .functor BUFT 1, C4<00000000000000000000000000000011>, C4<0>, C4<0>, C4<0>;
v0x59e2d36d66d0_0 .net/2u *"_ivl_890", 31 0, L_0x78152e1baa98;  1 drivers
v0x59e2d36d6770_0 .net *"_ivl_892", 0 0, L_0x59e2d37bfae0;  1 drivers
v0x59e2d36d6810_0 .net *"_ivl_895", 0 0, L_0x59e2d37bfc20;  1 drivers
v0x59e2d36d68b0_0 .net/2u *"_ivl_896", 31 0, L_0x78152e1baae0;  1 drivers
v0x59e2d36d6950_0 .net *"_ivl_898", 31 0, L_0x59e2d37bfd30;  1 drivers
v0x59e2d36d69f0_0 .net *"_ivl_90", 31 0, L_0x59e2d37a3540;  1 drivers
L_0x78152e1bab28 .functor BUFT 1, C4<00000000000000000001000000000011>, C4<0>, C4<0>, C4<0>;
v0x59e2d36d6a90_0 .net/2u *"_ivl_900", 31 0, L_0x78152e1bab28;  1 drivers
v0x59e2d36d6b30_0 .net *"_ivl_902", 0 0, L_0x59e2d37bfdf0;  1 drivers
v0x59e2d36d6bd0_0 .net *"_ivl_905", 0 0, L_0x59e2d37bff30;  1 drivers
v0x59e2d36d6c70_0 .net/2u *"_ivl_906", 31 0, L_0x78152e1bab70;  1 drivers
v0x59e2d36d6d10_0 .net *"_ivl_908", 31 0, L_0x59e2d37c0040;  1 drivers
L_0x78152e1babb8 .functor BUFT 1, C4<00000000000000000010000000000011>, C4<0>, C4<0>, C4<0>;
v0x59e2d36d6db0_0 .net/2u *"_ivl_910", 31 0, L_0x78152e1babb8;  1 drivers
v0x59e2d36d6e50_0 .net *"_ivl_912", 0 0, L_0x59e2d37c03e0;  1 drivers
v0x59e2d36d6ef0_0 .net *"_ivl_915", 0 0, L_0x59e2d37c0520;  1 drivers
v0x59e2d36d6f90_0 .net/2u *"_ivl_916", 31 0, L_0x78152e1bac00;  1 drivers
v0x59e2d36d7030_0 .net *"_ivl_918", 31 0, L_0x59e2d37c0630;  1 drivers
L_0x78152e1b7f48 .functor BUFT 1, C4<00000000000000000000000000110111>, C4<0>, C4<0>, C4<0>;
v0x59e2d36d70d0_0 .net/2u *"_ivl_92", 31 0, L_0x78152e1b7f48;  1 drivers
L_0x78152e1bac48 .functor BUFT 1, C4<00000000000000000100000000000011>, C4<0>, C4<0>, C4<0>;
v0x59e2d36d7170_0 .net/2u *"_ivl_920", 31 0, L_0x78152e1bac48;  1 drivers
v0x59e2d36d7210_0 .net *"_ivl_922", 0 0, L_0x59e2d37c06f0;  1 drivers
v0x59e2d36d72b0_0 .net *"_ivl_925", 0 0, L_0x59e2d37c0830;  1 drivers
v0x59e2d36d7350_0 .net/2u *"_ivl_926", 31 0, L_0x78152e1bac90;  1 drivers
v0x59e2d36d73f0_0 .net *"_ivl_928", 31 0, L_0x59e2d37c0940;  1 drivers
L_0x78152e1bacd8 .functor BUFT 1, C4<00000000000000000101000000000011>, C4<0>, C4<0>, C4<0>;
v0x59e2d36d7490_0 .net/2u *"_ivl_930", 31 0, L_0x78152e1bacd8;  1 drivers
v0x59e2d36d7530_0 .net *"_ivl_932", 0 0, L_0x59e2d37c0ca0;  1 drivers
v0x59e2d36d75d0_0 .net *"_ivl_935", 0 0, L_0x59e2d37c0de0;  1 drivers
v0x59e2d36d7670_0 .net/2u *"_ivl_936", 31 0, L_0x78152e1bad20;  1 drivers
v0x59e2d36d7710_0 .net *"_ivl_938", 31 0, L_0x59e2d37c0ef0;  1 drivers
v0x59e2d36d77b0_0 .net *"_ivl_94", 0 0, L_0x59e2d37a38b0;  1 drivers
L_0x78152e1bad68 .functor BUFT 1, C4<00000000000000000110000000000011>, C4<0>, C4<0>, C4<0>;
v0x59e2d36d7850_0 .net/2u *"_ivl_940", 31 0, L_0x78152e1bad68;  1 drivers
v0x59e2d36d78f0_0 .net *"_ivl_942", 0 0, L_0x59e2d37c0fb0;  1 drivers
v0x59e2d36d7990_0 .net *"_ivl_945", 0 0, L_0x59e2d37c10f0;  1 drivers
v0x59e2d36d7a30_0 .net/2u *"_ivl_946", 31 0, L_0x78152e1badb0;  1 drivers
v0x59e2d36d7ad0_0 .net *"_ivl_948", 31 0, L_0x59e2d37c1200;  1 drivers
L_0x78152e1badf8 .functor BUFT 1, C4<00000010000000000000000000110011>, C4<0>, C4<0>, C4<0>;
v0x59e2d36d7b70_0 .net/2u *"_ivl_950", 31 0, L_0x78152e1badf8;  1 drivers
v0x59e2d36d7c10_0 .net *"_ivl_952", 0 0, L_0x59e2d37c15e0;  1 drivers
v0x59e2d36d7cb0_0 .net *"_ivl_955", 0 0, L_0x59e2d37c1720;  1 drivers
v0x59e2d36d7d50_0 .net/2u *"_ivl_956", 31 0, L_0x78152e1bae40;  1 drivers
v0x59e2d36d7df0_0 .net *"_ivl_958", 31 0, L_0x59e2d37c1830;  1 drivers
L_0x78152e1bae88 .functor BUFT 1, C4<00000010000000000001000000110011>, C4<0>, C4<0>, C4<0>;
v0x59e2d36d7e90_0 .net/2u *"_ivl_960", 31 0, L_0x78152e1bae88;  1 drivers
v0x59e2d36d7f30_0 .net *"_ivl_962", 0 0, L_0x59e2d37c18f0;  1 drivers
v0x59e2d36d7fd0_0 .net *"_ivl_965", 0 0, L_0x59e2d37c1a30;  1 drivers
v0x59e2d36d8070_0 .net/2u *"_ivl_966", 31 0, L_0x78152e1baed0;  1 drivers
v0x59e2d36d8110_0 .net *"_ivl_968", 31 0, L_0x59e2d37c1b40;  1 drivers
v0x59e2d36d81b0_0 .net *"_ivl_97", 0 0, L_0x59e2d37a39f0;  1 drivers
L_0x78152e1baf18 .functor BUFT 1, C4<00000010000000000010000000110011>, C4<0>, C4<0>, C4<0>;
v0x59e2d36d8250_0 .net/2u *"_ivl_970", 31 0, L_0x78152e1baf18;  1 drivers
v0x59e2d36d82f0_0 .net *"_ivl_972", 0 0, L_0x59e2d37c1f50;  1 drivers
v0x59e2d36d8390_0 .net *"_ivl_975", 0 0, L_0x59e2d37c2090;  1 drivers
v0x59e2d36d8430_0 .net/2u *"_ivl_976", 31 0, L_0x78152e1baf60;  1 drivers
v0x59e2d36d84d0_0 .net *"_ivl_978", 31 0, L_0x59e2d37c21a0;  1 drivers
v0x59e2d36d8570_0 .net/2u *"_ivl_98", 31 0, L_0x78152e1b7f90;  1 drivers
L_0x78152e1bafa8 .functor BUFT 1, C4<00000010000000000011000000110011>, C4<0>, C4<0>, C4<0>;
v0x59e2d36d8610_0 .net/2u *"_ivl_980", 31 0, L_0x78152e1bafa8;  1 drivers
v0x59e2d36d86b0_0 .net *"_ivl_982", 0 0, L_0x59e2d37c2260;  1 drivers
v0x59e2d36d8750_0 .net *"_ivl_985", 0 0, L_0x59e2d37c23a0;  1 drivers
v0x59e2d36d87f0_0 .net/2u *"_ivl_986", 31 0, L_0x78152e1baff0;  1 drivers
v0x59e2d36d8890_0 .net *"_ivl_988", 31 0, L_0x59e2d37c24b0;  1 drivers
L_0x78152e1bb038 .functor BUFT 1, C4<00000010000000000100000000110011>, C4<0>, C4<0>, C4<0>;
v0x59e2d36d8930_0 .net/2u *"_ivl_990", 31 0, L_0x78152e1bb038;  1 drivers
v0x59e2d36d89d0_0 .net *"_ivl_992", 0 0, L_0x59e2d37c28a0;  1 drivers
v0x59e2d36d8a70_0 .net *"_ivl_995", 0 0, L_0x59e2d37c29e0;  1 drivers
v0x59e2d36d8b10_0 .net/2u *"_ivl_996", 31 0, L_0x78152e1bb080;  1 drivers
v0x59e2d36d8bb0_0 .net *"_ivl_998", 31 0, L_0x59e2d37c2af0;  1 drivers
v0x59e2d36d8c50_0 .net "branch_o", 0 0, L_0x59e2d37d0860;  alias, 1 drivers
v0x59e2d36d8cf0_0 .net "cbm_o", 0 0, L_0x59e2d37d5970;  alias, 1 drivers
v0x59e2d36d8d90_0 .net "csr_o", 0 0, L_0x59e2d37d4b40;  alias, 1 drivers
v0x59e2d36d8e30_0 .net "div_o", 0 0, L_0x59e2d37d2100;  alias, 1 drivers
v0x59e2d36d8ed0_0 .net "enable_muldiv_i", 0 0, L_0x78152e1c3c90;  alias, 1 drivers
v0x59e2d36d8f70_0 .net "exec_o", 0 0, L_0x59e2d37ce460;  alias, 1 drivers
v0x59e2d36d9010_0 .net "fetch_fault_i", 0 0, L_0x59e2d37d5cf0;  1 drivers
v0x59e2d36d90b0_0 .net "invalid_o", 0 0, L_0x59e2d37b9920;  alias, 1 drivers
v0x59e2d36d9150_0 .net "invalid_w", 0 0, L_0x59e2d37b9860;  1 drivers
v0x59e2d36d91f0_0 .net "lsu_o", 0 0, L_0x59e2d37ce630;  alias, 1 drivers
v0x59e2d36d9290_0 .net "mul_o", 0 0, L_0x59e2d37d1ba0;  alias, 1 drivers
v0x59e2d36d9330_0 .net "mule_o", 0 0, L_0x59e2d37d5360;  alias, 1 drivers
v0x59e2d36d93d0_0 .net "mulp_o", 0 0, L_0x59e2d37d5c30;  alias, 1 drivers
v0x59e2d36d9470_0 .net "muls_o", 0 0, L_0x59e2d37d56b0;  alias, 1 drivers
v0x59e2d36d9510_0 .net "opcode_i", 31 0, L_0x59e2d37a00c0;  alias, 1 drivers
v0x59e2d36d95b0_0 .net "rd_valid_o", 0 0, L_0x59e2d37c66d0;  alias, 1 drivers
v0x59e2d36d9650_0 .net "valid_i", 0 0, L_0x59e2d379eba0;  alias, 1 drivers
L_0x59e2d37a1980 .cmp/eq 32, L_0x59e2d37a1910, L_0x78152e1b7a38;
L_0x59e2d37a1ba0 .cmp/eq 32, L_0x59e2d37a1a20, L_0x78152e1b7ac8;
L_0x59e2d37a1eb0 .cmp/eq 32, L_0x59e2d37a1df0, L_0x78152e1b7b58;
L_0x59e2d37a2200 .cmp/eq 32, L_0x59e2d37a2100, L_0x78152e1b7be8;
L_0x59e2d37a2560 .cmp/eq 32, L_0x59e2d37a2450, L_0x78152e1b7c78;
L_0x59e2d37a2870 .cmp/eq 32, L_0x59e2d37a27b0, L_0x78152e1b7d08;
L_0x59e2d37a2be0 .cmp/eq 32, L_0x59e2d37a2ab0, L_0x78152e1b7d98;
L_0x59e2d37a2f70 .cmp/eq 32, L_0x59e2d37a2e30, L_0x78152e1b7e28;
L_0x59e2d37a32f0 .cmp/eq 32, L_0x59e2d37a31a0, L_0x78152e1b7eb8;
L_0x59e2d37a38b0 .cmp/eq 32, L_0x59e2d37a3540, L_0x78152e1b7f48;
L_0x59e2d37a3810 .cmp/eq 32, L_0x59e2d37a3ab0, L_0x78152e1b7fd8;
L_0x59e2d37a3f50 .cmp/eq 32, L_0x59e2d37a3dd0, L_0x78152e1b8068;
L_0x59e2d37a43a0 .cmp/eq 32, L_0x59e2d37a4210, L_0x78152e1b80f8;
L_0x59e2d37a4790 .cmp/eq 32, L_0x59e2d37a45f0, L_0x78152e1b8188;
L_0x59e2d37a4ba0 .cmp/eq 32, L_0x59e2d37a49f0, L_0x78152e1b8218;
L_0x59e2d37a4fb0 .cmp/eq 32, L_0x59e2d37a4df0, L_0x78152e1b82a8;
L_0x59e2d37a5460 .cmp/eq 32, L_0x59e2d37a5290, L_0x78152e1b8338;
L_0x59e2d37a5890 .cmp/eq 32, L_0x59e2d37a56b0, L_0x78152e1b83c8;
L_0x59e2d37a5d70 .cmp/eq 32, L_0x59e2d37a5b80, L_0x78152e1b8458;
L_0x59e2d37a61c0 .cmp/eq 32, L_0x59e2d37a5fc0, L_0x78152e1b84e8;
L_0x59e2d37a59d0 .cmp/eq 32, L_0x59e2d37a64c0, L_0x78152e1b8578;
L_0x59e2d37a6aa0 .cmp/eq 32, L_0x59e2d37a6880, L_0x78152e1b8608;
L_0x59e2d37a6fe0 .cmp/eq 32, L_0x59e2d37a6db0, L_0x78152e1b8698;
L_0x59e2d37a7420 .cmp/eq 32, L_0x59e2d37a71e0, L_0x78152e1b8728;
L_0x59e2d37a7990 .cmp/eq 32, L_0x59e2d37a7740, L_0x78152e1b87b8;
L_0x59e2d37a8250 .cmp/eq 32, L_0x59e2d37a7be0, L_0x78152e1b8848;
L_0x59e2d37a87f0 .cmp/eq 32, L_0x59e2d37a8580, L_0x78152e1b88d8;
L_0x59e2d37a8cc0 .cmp/eq 32, L_0x59e2d37a8a40, L_0x78152e1b8968;
L_0x59e2d37a9290 .cmp/eq 32, L_0x59e2d37a9000, L_0x78152e1b89f8;
L_0x59e2d37a9780 .cmp/eq 32, L_0x59e2d37a94e0, L_0x78152e1b8a88;
L_0x59e2d37a9d80 .cmp/eq 32, L_0x59e2d37a9ad0, L_0x78152e1b8b18;
L_0x59e2d37aa290 .cmp/eq 32, L_0x59e2d37a9fd0, L_0x78152e1b8ba8;
L_0x59e2d37aa8c0 .cmp/eq 32, L_0x59e2d37aa5f0, L_0x78152e1b8c38;
L_0x59e2d37aadf0 .cmp/eq 32, L_0x59e2d37aab10, L_0x78152e1b8cc8;
L_0x59e2d37ab450 .cmp/eq 32, L_0x59e2d37ab160, L_0x78152e1b8d58;
L_0x59e2d37ab9a0 .cmp/eq 32, L_0x59e2d37ab6a0, L_0x78152e1b8de8;
L_0x59e2d37abf20 .cmp/eq 32, L_0x59e2d37abc10, L_0x78152e1b8e78;
L_0x59e2d37ac490 .cmp/eq 32, L_0x59e2d37ac170, L_0x78152e1b8f08;
L_0x59e2d37acb50 .cmp/eq 32, L_0x59e2d37ac820, L_0x78152e1b8f98;
L_0x59e2d37ad0e0 .cmp/eq 32, L_0x59e2d37acda0, L_0x78152e1b9028;
L_0x59e2d37ad7d0 .cmp/eq 32, L_0x59e2d37ad480, L_0x78152e1b90b8;
L_0x59e2d37add80 .cmp/eq 32, L_0x59e2d37ada20, L_0x78152e1b9148;
L_0x59e2d37ae4a0 .cmp/eq 32, L_0x59e2d37ae130, L_0x78152e1b91d8;
L_0x59e2d37aea70 .cmp/eq 32, L_0x59e2d37ae6f0, L_0x78152e1b9268;
L_0x59e2d37af1c0 .cmp/eq 32, L_0x59e2d37aee30, L_0x78152e1b92f8;
L_0x59e2d37af7b0 .cmp/eq 32, L_0x59e2d37af410, L_0x78152e1b9388;
L_0x59e2d37b0740 .cmp/eq 32, L_0x59e2d37afb80, L_0x78152e1b9418;
L_0x59e2d37b0cb0 .cmp/eq 32, L_0x59e2d37b08f0, L_0x78152e1b94a8;
L_0x59e2d37b1460 .cmp/eq 32, L_0x59e2d37b1090, L_0x78152e1b9538;
L_0x59e2d37b1a90 .cmp/eq 32, L_0x59e2d37b16b0, L_0x78152e1b95c8;
L_0x59e2d37b2270 .cmp/eq 32, L_0x59e2d37b1e80, L_0x78152e1b9658;
L_0x59e2d37b28c0 .cmp/eq 32, L_0x59e2d37b24c0, L_0x78152e1b96e8;
L_0x59e2d37b3190 .cmp/eq 32, L_0x59e2d37b30d0, L_0x78152e1b9778;
L_0x59e2d37b3be0 .cmp/eq 32, L_0x59e2d37b37b0, L_0x78152e1b9808;
L_0x59e2d37b44f0 .cmp/eq 32, L_0x59e2d37b4430, L_0x78152e1b9898;
L_0x59e2d37b4ff0 .cmp/eq 32, L_0x59e2d37b4b90, L_0x78152e1b9928;
L_0x59e2d37b5940 .cmp/eq 32, L_0x59e2d37b5880, L_0x78152e1b99b8;
L_0x59e2d37b6c60 .cmp/eq 32, L_0x59e2d37b6010, L_0x78152e1b9a48;
L_0x59e2d37b75a0 .cmp/eq 32, L_0x59e2d37b74e0, L_0x78152e1b9ad8;
L_0x59e2d37b8160 .cmp/eq 32, L_0x59e2d37b7ca0, L_0x78152e1b9b68;
L_0x59e2d37b8b30 .cmp/eq 32, L_0x59e2d37b8a70, L_0x78152e1b9bf8;
L_0x59e2d37b8d30 .cmp/eq 32, L_0x59e2d37b9260, L_0x78152e1b9c88;
L_0x59e2d37b93e0 .cmp/eq 32, L_0x59e2d37b9320, L_0x78152e1b9d18;
L_0x59e2d37b9aa0 .cmp/eq 32, L_0x59e2d37b99e0, L_0x78152e1b9da8;
L_0x59e2d37b9d20 .cmp/eq 32, L_0x59e2d37b9be0, L_0x78152e1b9e38;
L_0x59e2d37ba030 .cmp/eq 32, L_0x59e2d37b9f70, L_0x78152e1b9ec8;
L_0x59e2d37ba3a0 .cmp/eq 32, L_0x59e2d37bab60, L_0x78152e1b9f58;
L_0x59e2d37ba6b0 .cmp/eq 32, L_0x59e2d37ba5f0, L_0x78152e1b9fe8;
L_0x59e2d37bac20 .cmp/eq 32, L_0x59e2d37bb410, L_0x78152e1ba078;
L_0x59e2d37baf30 .cmp/eq 32, L_0x59e2d37bae70, L_0x78152e1ba108;
L_0x59e2d37bb4d0 .cmp/eq 32, L_0x59e2d37bbca0, L_0x78152e1ba198;
L_0x59e2d37bb7e0 .cmp/eq 32, L_0x59e2d37bb720, L_0x78152e1ba228;
L_0x59e2d37bbd60 .cmp/eq 32, L_0x59e2d37bc540, L_0x78152e1ba2b8;
L_0x59e2d37bc070 .cmp/eq 32, L_0x59e2d37bbfb0, L_0x78152e1ba348;
L_0x59e2d37bc600 .cmp/eq 32, L_0x59e2d37bce10, L_0x78152e1ba3d8;
L_0x59e2d37bc910 .cmp/eq 32, L_0x59e2d37bc850, L_0x78152e1ba468;
L_0x59e2d37bced0 .cmp/eq 32, L_0x59e2d37bd6c0, L_0x78152e1ba4f8;
L_0x59e2d37bd1e0 .cmp/eq 32, L_0x59e2d37bd120, L_0x78152e1ba588;
L_0x59e2d37bd780 .cmp/eq 32, L_0x59e2d37bdfa0, L_0x78152e1ba618;
L_0x59e2d37bda90 .cmp/eq 32, L_0x59e2d37bd9d0, L_0x78152e1ba6a8;
L_0x59e2d37be060 .cmp/eq 32, L_0x59e2d37be860, L_0x78152e1ba738;
L_0x59e2d37be370 .cmp/eq 32, L_0x59e2d37be2b0, L_0x78152e1ba7c8;
L_0x59e2d37be920 .cmp/eq 32, L_0x59e2d37bf150, L_0x78152e1ba858;
L_0x59e2d37bec30 .cmp/eq 32, L_0x59e2d37beb70, L_0x78152e1ba8e8;
L_0x59e2d37bf1c0 .cmp/eq 32, L_0x59e2d37bfa20, L_0x78152e1ba978;
L_0x59e2d37bf4d0 .cmp/eq 32, L_0x59e2d37bf410, L_0x78152e1baa08;
L_0x59e2d37bfae0 .cmp/eq 32, L_0x59e2d37c0370, L_0x78152e1baa98;
L_0x59e2d37bfdf0 .cmp/eq 32, L_0x59e2d37bfd30, L_0x78152e1bab28;
L_0x59e2d37c03e0 .cmp/eq 32, L_0x59e2d37c0040, L_0x78152e1babb8;
L_0x59e2d37c06f0 .cmp/eq 32, L_0x59e2d37c0630, L_0x78152e1bac48;
L_0x59e2d37c0ca0 .cmp/eq 32, L_0x59e2d37c0940, L_0x78152e1bacd8;
L_0x59e2d37c0fb0 .cmp/eq 32, L_0x59e2d37c0ef0, L_0x78152e1bad68;
L_0x59e2d37c15e0 .cmp/eq 32, L_0x59e2d37c1200, L_0x78152e1badf8;
L_0x59e2d37c18f0 .cmp/eq 32, L_0x59e2d37c1830, L_0x78152e1bae88;
L_0x59e2d37c1f50 .cmp/eq 32, L_0x59e2d37c1b40, L_0x78152e1baf18;
L_0x59e2d37c2260 .cmp/eq 32, L_0x59e2d37c21a0, L_0x78152e1bafa8;
L_0x59e2d37c28a0 .cmp/eq 32, L_0x59e2d37c24b0, L_0x78152e1bb038;
L_0x59e2d37c2bb0 .cmp/eq 32, L_0x59e2d37c2af0, L_0x78152e1bb0c8;
L_0x59e2d37c3220 .cmp/eq 32, L_0x59e2d37c2e00, L_0x78152e1bb158;
L_0x59e2d37c34e0 .cmp/eq 32, L_0x59e2d37c3420, L_0x78152e1bb1e8;
L_0x59e2d37c37f0 .cmp/eq 32, L_0x59e2d37c3730, L_0x78152e1bb278;
L_0x59e2d37c3df0 .cmp/eq 32, L_0x59e2d37c3d30, L_0x78152e1bb308;
L_0x59e2d37c45b0 .cmp/eq 32, L_0x59e2d37c4d90, L_0x78152e1bb398;
L_0x59e2d37c48c0 .cmp/eq 32, L_0x59e2d37c4800, L_0x78152e1bb428;
L_0x59e2d37c4bd0 .cmp/eq 32, L_0x59e2d37c4b10, L_0x78152e1bb4b8;
L_0x59e2d37c4e50 .cmp/eq 32, L_0x59e2d37c56b0, L_0x78152e1bb548;
L_0x59e2d37c5e90 .cmp/eq 32, L_0x59e2d37c5400, L_0x78152e1bb5d8;
L_0x59e2d37c5770 .cmp/eq 32, L_0x59e2d37c6090, L_0x78152e1bb668;
L_0x59e2d37c5df0 .cmp/eq 32, L_0x59e2d37c5d30, L_0x78152e1bb6f8;
L_0x59e2d37c6150 .cmp/eq 32, L_0x59e2d37c69f0, L_0x78152e1bb788;
L_0x59e2d37aff30 .cmp/eq 32, L_0x59e2d37c67e0, L_0x78152e1bb818;
L_0x59e2d37b0130 .cmp/eq 32, L_0x59e2d37b0070, L_0x78152e1bb8a8;
L_0x59e2d37c6b70 .cmp/eq 32, L_0x59e2d37c6ab0, L_0x78152e1bb938;
L_0x59e2d37c6e80 .cmp/eq 32, L_0x59e2d37c6dc0, L_0x78152e1bb9c8;
L_0x59e2d37c8270 .cmp/eq 32, L_0x59e2d37c70d0, L_0x78152e1bba58;
L_0x59e2d37c8580 .cmp/eq 32, L_0x59e2d37c84c0, L_0x78152e1bbae8;
L_0x59e2d37c87d0 .cmp/eq 32, L_0x59e2d37c8710, L_0x78152e1bbb78;
L_0x59e2d37c8eb0 .cmp/eq 32, L_0x59e2d37c8df0, L_0x78152e1bbc08;
L_0x59e2d37c9900 .cmp/eq 32, L_0x59e2d37c94c0, L_0x78152e1bbc98;
L_0x59e2d37c9c10 .cmp/eq 32, L_0x59e2d37c9b50, L_0x78152e1bbd28;
L_0x59e2d37c9f20 .cmp/eq 32, L_0x59e2d37c9e60, L_0x78152e1bbdb8;
L_0x59e2d37ca280 .cmp/eq 32, L_0x59e2d37ca1c0, L_0x78152e1bbe48;
L_0x59e2d37ca590 .cmp/eq 32, L_0x59e2d37ca4d0, L_0x78152e1bbed8;
L_0x59e2d37cacf0 .cmp/eq 32, L_0x59e2d37ca7e0, L_0x78152e1bbf68;
L_0x59e2d37cb380 .cmp/eq 32, L_0x59e2d37cb2c0, L_0x78152e1bbff8;
L_0x59e2d37b6250 .cmp/eq 32, L_0x59e2d37b6190, L_0x78152e1bc088;
L_0x59e2d37cc4f0 .cmp/eq 32, L_0x59e2d37ccd90, L_0x78152e1bc118;
L_0x59e2d37cc800 .cmp/eq 32, L_0x59e2d37cc740, L_0x78152e1bc1a8;
L_0x59e2d37ccb10 .cmp/eq 32, L_0x59e2d37cca50, L_0x78152e1bc238;
L_0x59e2d37ccf10 .cmp/eq 32, L_0x59e2d37cce50, L_0x78152e1bc2c8;
L_0x59e2d37ce370 .cmp/eq 32, L_0x59e2d37cd580, L_0x78152e1bc358;
L_0x59e2d37cdad0 .cmp/eq 32, L_0x59e2d37ce570, L_0x78152e1bc3e8;
L_0x59e2d37ce100 .cmp/eq 32, L_0x59e2d37ce040, L_0x78152e1bc478;
L_0x59e2d37cd110 .cmp/eq 32, L_0x59e2d37cd050, L_0x78152e1bc508;
L_0x59e2d37cdc10 .cmp/eq 32, L_0x59e2d37cd360, L_0x78152e1bc598;
L_0x59e2d37cded0 .cmp/eq 32, L_0x59e2d37cde10, L_0x78152e1bc628;
L_0x59e2d37cec50 .cmp/eq 32, L_0x59e2d37ceb90, L_0x78152e1bc6b8;
L_0x59e2d37cef60 .cmp/eq 32, L_0x59e2d37ceea0, L_0x78152e1bc748;
L_0x59e2d37cf270 .cmp/eq 32, L_0x59e2d37cf1b0, L_0x78152e1bc7d8;
L_0x59e2d37cf580 .cmp/eq 32, L_0x59e2d37cf4c0, L_0x78152e1bc868;
L_0x59e2d37ce800 .cmp/eq 32, L_0x59e2d37ce740, L_0x78152e1bc8f8;
L_0x59e2d37cfb30 .cmp/eq 32, L_0x59e2d37ce940, L_0x78152e1bc988;
L_0x59e2d37cfdd0 .cmp/eq 32, L_0x59e2d37cfd10, L_0x78152e1bca18;
L_0x59e2d37d00e0 .cmp/eq 32, L_0x59e2d37d0020, L_0x78152e1bcaa8;
L_0x59e2d37cf890 .cmp/eq 32, L_0x59e2d37cf7d0, L_0x78152e1bcb38;
L_0x59e2d37d0720 .cmp/eq 32, L_0x59e2d37d06b0, L_0x78152e1bcbc8;
L_0x59e2d37d02e0 .cmp/eq 32, L_0x59e2d37d0220, L_0x78152e1bcc58;
L_0x59e2d37d05f0 .cmp/eq 32, L_0x59e2d37d0530, L_0x78152e1bcce8;
L_0x59e2d37d0a30 .cmp/eq 32, L_0x59e2d37d0970, L_0x78152e1bcd78;
L_0x59e2d37d0c30 .cmp/eq 32, L_0x59e2d37d0b70, L_0x78152e1bce08;
L_0x59e2d37d1540 .cmp/eq 32, L_0x59e2d37d1480, L_0x78152e1bce98;
L_0x59e2d37d1950 .cmp/eq 32, L_0x59e2d37d1890, L_0x78152e1bcf28;
L_0x59e2d37d1d20 .cmp/eq 32, L_0x59e2d37d1c60, L_0x78152e1bcfb8;
L_0x59e2d37d1f20 .cmp/eq 32, L_0x59e2d37d1e60, L_0x78152e1bd048;
L_0x59e2d37d1080 .cmp/eq 32, L_0x59e2d37d0fc0, L_0x78152e1bd0d8;
L_0x59e2d37d2540 .cmp/eq 32, L_0x59e2d37d12d0, L_0x78152e1bd168;
L_0x59e2d37d2280 .cmp/eq 32, L_0x59e2d37d21c0, L_0x78152e1bd1f8;
L_0x59e2d37d2480 .cmp/eq 32, L_0x59e2d37d23c0, L_0x78152e1bd288;
L_0x59e2d37d2850 .cmp/eq 32, L_0x59e2d37d2790, L_0x78152e1bd318;
L_0x59e2d37d2be0 .cmp/eq 32, L_0x59e2d37d2aa0, L_0x78152e1bd3a8;
L_0x59e2d37d3400 .cmp/eq 32, L_0x59e2d37d3340, L_0x78152e1bd438;
L_0x59e2d37d37c0 .cmp/eq 32, L_0x59e2d37d3700, L_0x78152e1bd4c8;
L_0x59e2d37d3ad0 .cmp/eq 32, L_0x59e2d37d3a10, L_0x78152e1bd558;
L_0x59e2d37d3de0 .cmp/eq 32, L_0x59e2d37d3d20, L_0x78152e1bd5e8;
L_0x59e2d37d2ef0 .cmp/eq 32, L_0x59e2d37d2e30, L_0x78152e1bd678;
L_0x59e2d37d4450 .cmp/eq 32, L_0x59e2d37d3140, L_0x78152e1bd708;
L_0x59e2d37d4080 .cmp/eq 32, L_0x59e2d37d3fc0, L_0x78152e1bd798;
L_0x59e2d37d4390 .cmp/eq 32, L_0x59e2d37d42d0, L_0x78152e1bd828;
L_0x59e2d37d4760 .cmp/eq 32, L_0x59e2d37d46a0, L_0x78152e1bd8b8;
L_0x59e2d37d4cc0 .cmp/eq 32, L_0x59e2d37d4c00, L_0x78152e1bd948;
L_0x59e2d37d54e0 .cmp/eq 32, L_0x59e2d37d5420, L_0x78152e1bd9d8;
L_0x59e2d37d5830 .cmp/eq 32, L_0x59e2d37d5770, L_0x78152e1bda68;
L_0x59e2d37d5af0 .cmp/eq 32, L_0x59e2d37d5a30, L_0x78152e1bdaf8;
S_0x59e2d36528b0 .scope module, "u_dec1" "biriscv_decoder" 12 284, 13 27 0, S_0x59e2d3651200;
 .timescale 0 0;
    .port_info 0 /INPUT 1 "valid_i";
    .port_info 1 /INPUT 1 "fetch_fault_i";
    .port_info 2 /INPUT 1 "enable_muldiv_i";
    .port_info 3 /INPUT 32 "opcode_i";
    .port_info 4 /OUTPUT 1 "invalid_o";
    .port_info 5 /OUTPUT 1 "exec_o";
    .port_info 6 /OUTPUT 1 "lsu_o";
    .port_info 7 /OUTPUT 1 "branch_o";
    .port_info 8 /OUTPUT 1 "mul_o";
    .port_info 9 /OUTPUT 1 "div_o";
    .port_info 10 /OUTPUT 1 "csr_o";
    .port_info 11 /OUTPUT 1 "mule_o";
    .port_info 12 /OUTPUT 1 "muls_o";
    .port_info 13 /OUTPUT 1 "cbm_o";
    .port_info 14 /OUTPUT 1 "mulp_o";
    .port_info 15 /OUTPUT 1 "rd_valid_o";
L_0x78152e1bdb40 .functor BUFT 1, C4<00000000000000000111000001111111>, C4<0>, C4<0>, C4<0>;
L_0x59e2d37d5db0 .functor AND 32, L_0x59e2d37a06e0, L_0x78152e1bdb40, C4<11111111111111111111111111111111>, C4<11111111111111111111111111111111>;
L_0x78152e1bdbd0 .functor BUFT 1, C4<00000000000000000111000001111111>, C4<0>, C4<0>, C4<0>;
L_0x59e2d37d5fb0 .functor AND 32, L_0x59e2d37a06e0, L_0x78152e1bdbd0, C4<11111111111111111111111111111111>, C4<11111111111111111111111111111111>;
L_0x59e2d37d61b0 .functor OR 1, L_0x59e2d37d5e70, L_0x59e2d37d6070, C4<0>, C4<0>;
L_0x78152e1bdc60 .functor BUFT 1, C4<00000000000000000111000001111111>, C4<0>, C4<0>, C4<0>;
L_0x59e2d37d62c0 .functor AND 32, L_0x59e2d37a06e0, L_0x78152e1bdc60, C4<11111111111111111111111111111111>, C4<11111111111111111111111111111111>;
L_0x59e2d37d64c0 .functor OR 1, L_0x59e2d37d61b0, L_0x59e2d37d6380, C4<0>, C4<0>;
L_0x78152e1bdcf0 .functor BUFT 1, C4<00000000000000000111000001111111>, C4<0>, C4<0>, C4<0>;
L_0x59e2d37d65d0 .functor AND 32, L_0x59e2d37a06e0, L_0x78152e1bdcf0, C4<11111111111111111111111111111111>, C4<11111111111111111111111111111111>;
L_0x59e2d37d4f40 .functor OR 1, L_0x59e2d37d64c0, L_0x59e2d37d4e00, C4<0>, C4<0>;
L_0x78152e1bdd80 .functor BUFT 1, C4<00000000000000000111000001111111>, C4<0>, C4<0>, C4<0>;
L_0x59e2d37d5050 .functor AND 32, L_0x59e2d37a06e0, L_0x78152e1bdd80, C4<11111111111111111111111111111111>, C4<11111111111111111111111111111111>;
L_0x59e2d37d52a0 .functor OR 1, L_0x59e2d37d4f40, L_0x59e2d37d5160, C4<0>, C4<0>;
L_0x78152e1bde10 .functor BUFT 1, C4<00000000000000000111000001111111>, C4<0>, C4<0>, C4<0>;
L_0x59e2d37d77d0 .functor AND 32, L_0x59e2d37a06e0, L_0x78152e1bde10, C4<11111111111111111111111111111111>, C4<11111111111111111111111111111111>;
L_0x59e2d37d79e0 .functor OR 1, L_0x59e2d37d52a0, L_0x59e2d37d78f0, C4<0>, C4<0>;
L_0x78152e1bdea0 .functor BUFT 1, C4<11111100000000000111000001111111>, C4<0>, C4<0>, C4<0>;
L_0x59e2d37d7af0 .functor AND 32, L_0x59e2d37a06e0, L_0x78152e1bdea0, C4<11111111111111111111111111111111>, C4<11111111111111111111111111111111>;
L_0x59e2d37d7d60 .functor OR 1, L_0x59e2d37d79e0, L_0x59e2d37d7c20, C4<0>, C4<0>;
L_0x78152e1bdf30 .functor BUFT 1, C4<11111100000000000111000001111111>, C4<0>, C4<0>, C4<0>;
L_0x59e2d37d7e70 .functor AND 32, L_0x59e2d37a06e0, L_0x78152e1bdf30, C4<11111111111111111111111111111111>, C4<11111111111111111111111111111111>;
L_0x59e2d37d7bb0 .functor OR 1, L_0x59e2d37d7d60, L_0x59e2d37d7fb0, C4<0>, C4<0>;
L_0x78152e1bdfc0 .functor BUFT 1, C4<11111100000000000111000001111111>, C4<0>, C4<0>, C4<0>;
L_0x59e2d37d81e0 .functor AND 32, L_0x59e2d37a06e0, L_0x78152e1bdfc0, C4<11111111111111111111111111111111>, C4<11111111111111111111111111111111>;
L_0x59e2d37d8470 .functor OR 1, L_0x59e2d37d7bb0, L_0x59e2d37d8330, C4<0>, C4<0>;
L_0x78152e1be050 .functor BUFT 1, C4<00000000000000000000000001111111>, C4<0>, C4<0>, C4<0>;
L_0x59e2d37d8580 .functor AND 32, L_0x59e2d37a06e0, L_0x78152e1be050, C4<11111111111111111111111111111111>, C4<11111111111111111111111111111111>;
L_0x59e2d37d8820 .functor OR 1, L_0x59e2d37d8470, L_0x59e2d37d86e0, C4<0>, C4<0>;
L_0x78152e1be0e0 .functor BUFT 1, C4<00000000000000000000000001111111>, C4<0>, C4<0>, C4<0>;
L_0x59e2d37d88e0 .functor AND 32, L_0x59e2d37a06e0, L_0x78152e1be0e0, C4<11111111111111111111111111111111>, C4<11111111111111111111111111111111>;
L_0x59e2d37d8af0 .functor OR 1, L_0x59e2d37d8820, L_0x59e2d37d8640, C4<0>, C4<0>;
L_0x78152e1be170 .functor BUFT 1, C4<11111110000000000111000001111111>, C4<0>, C4<0>, C4<0>;
L_0x59e2d37d8c00 .functor AND 32, L_0x59e2d37a06e0, L_0x78152e1be170, C4<11111111111111111111111111111111>, C4<11111111111111111111111111111111>;
L_0x59e2d37d8f30 .functor OR 1, L_0x59e2d37d8af0, L_0x59e2d37d8d80, C4<0>, C4<0>;
L_0x78152e1be200 .functor BUFT 1, C4<11111110000000000111000001111111>, C4<0>, C4<0>, C4<0>;
L_0x59e2d37d9040 .functor AND 32, L_0x59e2d37a06e0, L_0x78152e1be200, C4<11111111111111111111111111111111>, C4<11111111111111111111111111111111>;
L_0x59e2d37d9310 .functor OR 1, L_0x59e2d37d8f30, L_0x59e2d37d91d0, C4<0>, C4<0>;
L_0x78152e1be290 .functor BUFT 1, C4<11111110000000000111000001111111>, C4<0>, C4<0>, C4<0>;
L_0x59e2d37d9420 .functor AND 32, L_0x59e2d37a06e0, L_0x78152e1be290, C4<11111111111111111111111111111111>, C4<11111111111111111111111111111111>;
L_0x59e2d37d8ec0 .functor OR 1, L_0x59e2d37d9310, L_0x59e2d37d95c0, C4<0>, C4<0>;
L_0x78152e1be320 .functor BUFT 1, C4<11111110000000000111000001111111>, C4<0>, C4<0>, C4<0>;
L_0x59e2d37d97a0 .functor AND 32, L_0x59e2d37a06e0, L_0x78152e1be320, C4<11111111111111111111111111111111>, C4<11111111111111111111111111111111>;
L_0x59e2d37d9a90 .functor OR 1, L_0x59e2d37d8ec0, L_0x59e2d37d9950, C4<0>, C4<0>;
L_0x78152e1be3b0 .functor BUFT 1, C4<11111110000000000111000001111111>, C4<0>, C4<0>, C4<0>;
L_0x59e2d37d9ba0 .functor AND 32, L_0x59e2d37a06e0, L_0x78152e1be3b0, C4<11111111111111111111111111111111>, C4<11111111111111111111111111111111>;
L_0x59e2d37d9f30 .functor OR 1, L_0x59e2d37d9a90, L_0x59e2d37d9d60, C4<0>, C4<0>;
L_0x78152e1be440 .functor BUFT 1, C4<11111110000000000111000001111111>, C4<0>, C4<0>, C4<0>;
L_0x59e2d37da040 .functor AND 32, L_0x59e2d37a06e0, L_0x78152e1be440, C4<11111111111111111111111111111111>, C4<11111111111111111111111111111111>;
L_0x59e2d37da350 .functor OR 1, L_0x59e2d37d9f30, L_0x59e2d37da210, C4<0>, C4<0>;
L_0x78152e1be4d0 .functor BUFT 1, C4<11111110000000000111000001111111>, C4<0>, C4<0>, C4<0>;
L_0x59e2d37da460 .functor AND 32, L_0x59e2d37a06e0, L_0x78152e1be4d0, C4<11111111111111111111111111111111>, C4<11111111111111111111111111111111>;
L_0x59e2d37da820 .functor OR 1, L_0x59e2d37da350, L_0x59e2d37da640, C4<0>, C4<0>;
L_0x78152e1be560 .functor BUFT 1, C4<11111110000000000111000001111111>, C4<0>, C4<0>, C4<0>;
L_0x59e2d37da930 .functor AND 32, L_0x59e2d37a06e0, L_0x78152e1be560, C4<11111111111111111111111111111111>, C4<11111111111111111111111111111111>;
L_0x59e2d37dab70 .functor OR 1, L_0x59e2d37da820, L_0x59e2d37da520, C4<0>, C4<0>;
L_0x78152e1be5f0 .functor BUFT 1, C4<11111110000000000111000001111111>, C4<0>, C4<0>, C4<0>;
L_0x59e2d37dac80 .functor AND 32, L_0x59e2d37a06e0, L_0x78152e1be5f0, C4<11111111111111111111111111111111>, C4<11111111111111111111111111111111>;
L_0x59e2d37db070 .functor OR 1, L_0x59e2d37dab70, L_0x59e2d37dae80, C4<0>, C4<0>;
L_0x78152e1be680 .functor BUFT 1, C4<11111110000000000111000001111111>, C4<0>, C4<0>, C4<0>;
L_0x59e2d37db180 .functor AND 32, L_0x59e2d37a06e0, L_0x78152e1be680, C4<11111111111111111111111111111111>, C4<11111111111111111111111111111111>;
L_0x59e2d37db430 .functor OR 1, L_0x59e2d37db070, L_0x59e2d37da780, C4<0>, C4<0>;
L_0x78152e1be710 .functor BUFT 1, C4<00000000000000000000000001111111>, C4<0>, C4<0>, C4<0>;
L_0x59e2d37db540 .functor AND 32, L_0x59e2d37a06e0, L_0x78152e1be710, C4<11111111111111111111111111111111>, C4<11111111111111111111111111111111>;
L_0x59e2d37dafc0 .functor OR 1, L_0x59e2d37db430, L_0x59e2d37db760, C4<0>, C4<0>;
L_0x78152e1be7a0 .functor BUFT 1, C4<00000000000000000111000001111111>, C4<0>, C4<0>, C4<0>;
L_0x59e2d37dba00 .functor AND 32, L_0x59e2d37a06e0, L_0x78152e1be7a0, C4<11111111111111111111111111111111>, C4<11111111111111111111111111111111>;
L_0x59e2d37dbd70 .functor OR 1, L_0x59e2d37dafc0, L_0x59e2d37dbc30, C4<0>, C4<0>;
L_0x78152e1be830 .functor BUFT 1, C4<00000000000000000111000001111111>, C4<0>, C4<0>, C4<0>;
L_0x59e2d37dbe80 .functor AND 32, L_0x59e2d37a06e0, L_0x78152e1be830, C4<11111111111111111111111111111111>, C4<11111111111111111111111111111111>;
L_0x59e2d37dc2d0 .functor OR 1, L_0x59e2d37dbd70, L_0x59e2d37dc0c0, C4<0>, C4<0>;
L_0x78152e1be8c0 .functor BUFT 1, C4<00000000000000000111000001111111>, C4<0>, C4<0>, C4<0>;
L_0x59e2d37dc3e0 .functor AND 32, L_0x59e2d37a06e0, L_0x78152e1be8c0, C4<11111111111111111111111111111111>, C4<11111111111111111111111111111111>;
L_0x59e2d37dc770 .functor OR 1, L_0x59e2d37dc2d0, L_0x59e2d37dc630, C4<0>, C4<0>;
L_0x78152e1be950 .functor BUFT 1, C4<00000000000000000111000001111111>, C4<0>, C4<0>, C4<0>;
L_0x59e2d37dc880 .functor AND 32, L_0x59e2d37a06e0, L_0x78152e1be950, C4<11111111111111111111111111111111>, C4<11111111111111111111111111111111>;
L_0x59e2d37dcd00 .functor OR 1, L_0x59e2d37dc770, L_0x59e2d37dcae0, C4<0>, C4<0>;
L_0x78152e1be9e0 .functor BUFT 1, C4<00000000000000000111000001111111>, C4<0>, C4<0>, C4<0>;
L_0x59e2d37dce10 .functor AND 32, L_0x59e2d37a06e0, L_0x78152e1be9e0, C4<11111111111111111111111111111111>, C4<11111111111111111111111111111111>;
L_0x59e2d37dd1c0 .functor OR 1, L_0x59e2d37dcd00, L_0x59e2d37dd080, C4<0>, C4<0>;
L_0x78152e1bea70 .functor BUFT 1, C4<00000000000000000111000001111111>, C4<0>, C4<0>, C4<0>;
L_0x59e2d37dd2d0 .functor AND 32, L_0x59e2d37a06e0, L_0x78152e1bea70, C4<11111111111111111111111111111111>, C4<11111111111111111111111111111111>;
L_0x59e2d37dd780 .functor OR 1, L_0x59e2d37dd1c0, L_0x59e2d37dd550, C4<0>, C4<0>;
L_0x78152e1beb00 .functor BUFT 1, C4<00000000000000000111000001111111>, C4<0>, C4<0>, C4<0>;
L_0x59e2d37dd890 .functor AND 32, L_0x59e2d37a06e0, L_0x78152e1beb00, C4<11111111111111111111111111111111>, C4<11111111111111111111111111111111>;
L_0x59e2d37ddc60 .functor OR 1, L_0x59e2d37dd780, L_0x59e2d37ddb20, C4<0>, C4<0>;
L_0x78152e1beb90 .functor BUFT 1, C4<00000000000000000111000001111111>, C4<0>, C4<0>, C4<0>;
L_0x59e2d37ddd70 .functor AND 32, L_0x59e2d37a06e0, L_0x78152e1beb90, C4<11111111111111111111111111111111>, C4<11111111111111111111111111111111>;
L_0x59e2d37de250 .functor OR 1, L_0x59e2d37ddc60, L_0x59e2d37de010, C4<0>, C4<0>;
L_0x78152e1bec20 .functor BUFT 1, C4<00000000000000000111000001111111>, C4<0>, C4<0>, C4<0>;
L_0x59e2d37de360 .functor AND 32, L_0x59e2d37a06e0, L_0x78152e1bec20, C4<11111111111111111111111111111111>, C4<11111111111111111111111111111111>;
L_0x59e2d37de750 .functor OR 1, L_0x59e2d37de250, L_0x59e2d37de610, C4<0>, C4<0>;
L_0x78152e1becb0 .functor BUFT 1, C4<00000000000000000111000001111111>, C4<0>, C4<0>, C4<0>;
L_0x59e2d37de860 .functor AND 32, L_0x59e2d37a06e0, L_0x78152e1becb0, C4<11111111111111111111111111111111>, C4<11111111111111111111111111111111>;
L_0x59e2d37ded70 .functor OR 1, L_0x59e2d37de750, L_0x59e2d37deb20, C4<0>, C4<0>;
L_0x78152e1bed40 .functor BUFT 1, C4<00000000000000000111000001111111>, C4<0>, C4<0>, C4<0>;
L_0x59e2d37dee80 .functor AND 32, L_0x59e2d37a06e0, L_0x78152e1bed40, C4<11111111111111111111111111111111>, C4<11111111111111111111111111111111>;
L_0x59e2d37df290 .functor OR 1, L_0x59e2d37ded70, L_0x59e2d37df150, C4<0>, C4<0>;
L_0x78152e1bedd0 .functor BUFT 1, C4<00000000000000000111000001111111>, C4<0>, C4<0>, C4<0>;
L_0x59e2d37df3a0 .functor AND 32, L_0x59e2d37a06e0, L_0x78152e1bedd0, C4<11111111111111111111111111111111>, C4<11111111111111111111111111111111>;
L_0x59e2d37df8e0 .functor OR 1, L_0x59e2d37df290, L_0x59e2d37df680, C4<0>, C4<0>;
L_0x78152e1bee60 .functor BUFT 1, C4<00000000000000000111000001111111>, C4<0>, C4<0>, C4<0>;
L_0x59e2d37df9f0 .functor AND 32, L_0x59e2d37a06e0, L_0x78152e1bee60, C4<11111111111111111111111111111111>, C4<11111111111111111111111111111111>;
L_0x59e2d37dfe20 .functor OR 1, L_0x59e2d37df8e0, L_0x59e2d37dfce0, C4<0>, C4<0>;
L_0x78152e1beef0 .functor BUFT 1, C4<00000000000000000111000001111111>, C4<0>, C4<0>, C4<0>;
L_0x59e2d37dff30 .functor AND 32, L_0x59e2d37a06e0, L_0x78152e1beef0, C4<11111111111111111111111111111111>, C4<11111111111111111111111111111111>;
L_0x59e2d37df7c0 .functor OR 1, L_0x59e2d37dfe20, L_0x59e2d37e0230, C4<0>, C4<0>;
L_0x78152e1bef80 .functor BUFT 1, C4<00000000000000000111000001111111>, C4<0>, C4<0>, C4<0>;
L_0x59e2d37e04a0 .functor AND 32, L_0x59e2d37a06e0, L_0x78152e1bef80, C4<11111111111111111111111111111111>, C4<11111111111111111111111111111111>;
L_0x59e2d37e08f0 .functor OR 1, L_0x59e2d37df7c0, L_0x59e2d37e07b0, C4<0>, C4<0>;
L_0x78152e1bf010 .functor BUFT 1, C4<00000000000000000111000001111111>, C4<0>, C4<0>, C4<0>;
L_0x59e2d37e0a00 .functor AND 32, L_0x59e2d37a06e0, L_0x78152e1bf010, C4<11111111111111111111111111111111>, C4<11111111111111111111111111111111>;
L_0x59e2d37e0fa0 .functor OR 1, L_0x59e2d37e08f0, L_0x59e2d37e0d20, C4<0>, C4<0>;
L_0x78152e1bf0a0 .functor BUFT 1, C4<11111111111111111111111111111111>, C4<0>, C4<0>, C4<0>;
L_0x59e2d37e10b0 .functor AND 32, L_0x59e2d37a06e0, L_0x78152e1bf0a0, C4<11111111111111111111111111111111>, C4<11111111111111111111111111111111>;
L_0x59e2d37e1520 .functor OR 1, L_0x59e2d37e0fa0, L_0x59e2d37e13e0, C4<0>, C4<0>;
L_0x78152e1bf130 .functor BUFT 1, C4<11111111111111111111111111111111>, C4<0>, C4<0>, C4<0>;
L_0x59e2d37e1630 .functor AND 32, L_0x59e2d37a06e0, L_0x78152e1bf130, C4<11111111111111111111111111111111>, C4<11111111111111111111111111111111>;
L_0x59e2d37e1c00 .functor OR 1, L_0x59e2d37e1520, L_0x59e2d37e1970, C4<0>, C4<0>;
L_0x78152e1bf1c0 .functor BUFT 1, C4<11001111111111111111111111111111>, C4<0>, C4<0>, C4<0>;
L_0x59e2d37e1d10 .functor AND 32, L_0x59e2d37a06e0, L_0x78152e1bf1c0, C4<11111111111111111111111111111111>, C4<11111111111111111111111111111111>;
L_0x59e2d37e21a0 .functor OR 1, L_0x59e2d37e1c00, L_0x59e2d37e2060, C4<0>, C4<0>;
L_0x78152e1bf250 .functor BUFT 1, C4<00000000000000000111000001111111>, C4<0>, C4<0>, C4<0>;
L_0x59e2d37e22b0 .functor AND 32, L_0x59e2d37a06e0, L_0x78152e1bf250, C4<11111111111111111111111111111111>, C4<11111111111111111111111111111111>;
L_0x59e2d37e28b0 .functor OR 1, L_0x59e2d37e21a0, L_0x59e2d37e2610, C4<0>, C4<0>;
L_0x78152e1bf2e0 .functor BUFT 1, C4<00000000000000000111000001111111>, C4<0>, C4<0>, C4<0>;
L_0x59e2d37e29c0 .functor AND 32, L_0x59e2d37a06e0, L_0x78152e1bf2e0, C4<11111111111111111111111111111111>, C4<11111111111111111111111111111111>;
L_0x59e2d37e2e70 .functor OR 1, L_0x59e2d37e28b0, L_0x59e2d37e2d30, C4<0>, C4<0>;
L_0x78152e1bf370 .functor BUFT 1, C4<00000000000000000111000001111111>, C4<0>, C4<0>, C4<0>;
L_0x59e2d37e2f80 .functor AND 32, L_0x59e2d37a06e0, L_0x78152e1bf370, C4<11111111111111111111111111111111>, C4<11111111111111111111111111111111>;
L_0x59e2d37e35b0 .functor OR 1, L_0x59e2d37e2e70, L_0x59e2d37e3300, C4<0>, C4<0>;
L_0x78152e1bf400 .functor BUFT 1, C4<00000000000000000111000001111111>, C4<0>, C4<0>, C4<0>;
L_0x59e2d37e36c0 .functor AND 32, L_0x59e2d37a06e0, L_0x78152e1bf400, C4<11111111111111111111111111111111>, C4<11111111111111111111111111111111>;
L_0x59e2d37e3b90 .functor OR 1, L_0x59e2d37e35b0, L_0x59e2d37e3a50, C4<0>, C4<0>;
L_0x78152e1bf490 .functor BUFT 1, C4<00000000000000000111000001111111>, C4<0>, C4<0>, C4<0>;
L_0x59e2d37e3ca0 .functor AND 32, L_0x59e2d37a06e0, L_0x78152e1bf490, C4<11111111111111111111111111111111>, C4<11111111111111111111111111111111>;
L_0x59e2d37e4300 .functor OR 1, L_0x59e2d37e3b90, L_0x59e2d37e4040, C4<0>, C4<0>;
L_0x78152e1bf520 .functor BUFT 1, C4<00000000000000000111000001111111>, C4<0>, C4<0>, C4<0>;
L_0x59e2d37e4410 .functor AND 32, L_0x59e2d37a06e0, L_0x78152e1bf520, C4<11111111111111111111111111111111>, C4<11111111111111111111111111111111>;
L_0x59e2d37e4900 .functor OR 1, L_0x59e2d37e4300, L_0x59e2d37e47c0, C4<0>, C4<0>;
L_0x78152e1bf5b0 .functor BUFT 1, C4<11111111111111111000111111111111>, C4<0>, C4<0>, C4<0>;
L_0x59e2d37e4a10 .functor AND 32, L_0x59e2d37a06e0, L_0x78152e1bf5b0, C4<11111111111111111111111111111111>, C4<11111111111111111111111111111111>;
L_0x59e2d37e50a0 .functor OR 1, L_0x59e2d37e4900, L_0x59e2d37e4dd0, C4<0>, C4<0>;
L_0x78152e1bf640 .functor BUFT 1, C4<00000000000000000111000001111111>, C4<0>, C4<0>, C4<0>;
L_0x59e2d37e51b0 .functor AND 32, L_0x59e2d37a06e0, L_0x78152e1bf640, C4<11111111111111111111111111111111>, C4<11111111111111111111111111111111>;
L_0x59e2d37e56c0 .functor OR 1, L_0x59e2d37e50a0, L_0x59e2d37e5580, C4<0>, C4<0>;
L_0x78152e1bf6d0 .functor BUFT 1, C4<00000000000000000111000001111111>, C4<0>, C4<0>, C4<0>;
L_0x59e2d37e57d0 .functor AND 32, L_0x59e2d37a06e0, L_0x78152e1bf6d0, C4<11111111111111111111111111111111>, C4<11111111111111111111111111111111>;
L_0x59e2d37e5e90 .functor OR 1, L_0x59e2d37e56c0, L_0x59e2d37e5bb0, C4<0>, C4<0>;
L_0x78152e1bf760 .functor BUFT 1, C4<11111110000000000111111111111111>, C4<0>, C4<0>, C4<0>;
L_0x59e2d37e5fa0 .functor AND 32, L_0x59e2d37a06e0, L_0x78152e1bf760, C4<11111111111111111111111111111111>, C4<11111111111111111111111111111111>;
L_0x59e2d37e64d0 .functor OR 1, L_0x59e2d37e5e90, L_0x59e2d37e6390, C4<0>, C4<0>;
L_0x78152e1bf7f0 .functor BUFT 1, C4<11111110000000000111000001111111>, C4<0>, C4<0>, C4<0>;
L_0x59e2d37e65e0 .functor AND 32, L_0x59e2d37a06e0, L_0x78152e1bf7f0, C4<11111111111111111111111111111111>, C4<11111111111111111111111111111111>;
L_0x59e2d37e6cd0 .functor AND 1, L_0x78152e1c3c90, L_0x59e2d37e69e0, C4<1>, C4<1>;
L_0x59e2d37e6d90 .functor OR 1, L_0x59e2d37e64d0, L_0x59e2d37e6cd0, C4<0>, C4<0>;
L_0x78152e1bf880 .functor BUFT 1, C4<11111110000000000111000001111111>, C4<0>, C4<0>, C4<0>;
L_0x59e2d37e71f0 .functor AND 32, L_0x59e2d37a06e0, L_0x78152e1bf880, C4<11111111111111111111111111111111>, C4<11111111111111111111111111111111>;
L_0x59e2d37e73f0 .functor AND 1, L_0x78152e1c3c90, L_0x59e2d37e72b0, C4<1>, C4<1>;
L_0x59e2d37e7810 .functor OR 1, L_0x59e2d37e6d90, L_0x59e2d37e73f0, C4<0>, C4<0>;
L_0x78152e1bf910 .functor BUFT 1, C4<11111110000000000111000001111111>, C4<0>, C4<0>, C4<0>;
L_0x59e2d37e7920 .functor AND 32, L_0x59e2d37a06e0, L_0x78152e1bf910, C4<11111111111111111111111111111111>, C4<11111111111111111111111111111111>;
L_0x59e2d37e8050 .functor AND 1, L_0x78152e1c3c90, L_0x59e2d37e7d50, C4<1>, C4<1>;
L_0x59e2d37e8110 .functor OR 1, L_0x59e2d37e7810, L_0x59e2d37e8050, C4<0>, C4<0>;
L_0x78152e1bf9a0 .functor BUFT 1, C4<11111110000000000111000001111111>, C4<0>, C4<0>, C4<0>;
L_0x59e2d37e85a0 .functor AND 32, L_0x59e2d37a06e0, L_0x78152e1bf9a0, C4<11111111111111111111111111111111>, C4<11111111111111111111111111111111>;
L_0x59e2d37e87a0 .functor AND 1, L_0x78152e1c3c90, L_0x59e2d37e8660, C4<1>, C4<1>;
L_0x59e2d37e8bf0 .functor OR 1, L_0x59e2d37e8110, L_0x59e2d37e87a0, C4<0>, C4<0>;
L_0x78152e1bfa30 .functor BUFT 1, C4<11111110000000000111000001111111>, C4<0>, C4<0>, C4<0>;
L_0x59e2d37e8d00 .functor AND 32, L_0x59e2d37a06e0, L_0x78152e1bfa30, C4<11111111111111111111111111111111>, C4<11111111111111111111111111111111>;
L_0x59e2d37d7f30 .functor AND 1, L_0x78152e1c3c90, L_0x59e2d37e9160, C4<1>, C4<1>;
L_0x59e2d37e9420 .functor OR 1, L_0x59e2d37e8bf0, L_0x59e2d37d7f30, C4<0>, C4<0>;
L_0x78152e1bfac0 .functor BUFT 1, C4<11111110000000000111000001111111>, C4<0>, C4<0>, C4<0>;
L_0x59e2d37e98e0 .functor AND 32, L_0x59e2d37a06e0, L_0x78152e1bfac0, C4<11111111111111111111111111111111>, C4<11111111111111111111111111111111>;
L_0x59e2d37e9ae0 .functor AND 1, L_0x78152e1c3c90, L_0x59e2d37e99a0, C4<1>, C4<1>;
L_0x59e2d37e9f60 .functor OR 1, L_0x59e2d37e9420, L_0x59e2d37e9ae0, C4<0>, C4<0>;
L_0x78152e1bfb50 .functor BUFT 1, C4<11111110000000000111000001111111>, C4<0>, C4<0>, C4<0>;
L_0x59e2d37ea070 .functor AND 32, L_0x59e2d37a06e0, L_0x78152e1bfb50, C4<11111111111111111111111111111111>, C4<11111111111111111111111111111111>;
L_0x59e2d37eb030 .functor AND 1, L_0x78152e1c3c90, L_0x59e2d37ead10, C4<1>, C4<1>;
L_0x59e2d37eb0f0 .functor OR 1, L_0x59e2d37e9f60, L_0x59e2d37eb030, C4<0>, C4<0>;
L_0x78152e1bfbe0 .functor BUFT 1, C4<11111110000000000111000001111111>, C4<0>, C4<0>, C4<0>;
L_0x59e2d37eb5e0 .functor AND 32, L_0x59e2d37a06e0, L_0x78152e1bfbe0, C4<11111111111111111111111111111111>, C4<11111111111111111111111111111111>;
L_0x59e2d37eb7e0 .functor AND 1, L_0x78152e1c3c90, L_0x59e2d37eb6a0, C4<1>, C4<1>;
L_0x59e2d37ebc90 .functor OR 1, L_0x59e2d37eb0f0, L_0x59e2d37eb7e0, C4<0>, C4<0>;
L_0x78152e1bfc70 .functor BUFT 1, C4<11111110000000000111000001111111>, C4<0>, C4<0>, C4<0>;
L_0x59e2d37ebda0 .functor AND 32, L_0x59e2d37a06e0, L_0x78152e1bfc70, C4<11111111111111111111111111111111>, C4<11111111111111111111111111111111>;
L_0x59e2d37ec590 .functor AND 1, L_0x78152e1c3c90, L_0x59e2d37ec260, C4<1>, C4<1>;
L_0x59e2d37ec650 .functor OR 1, L_0x59e2d37ebc90, L_0x59e2d37ec590, C4<0>, C4<0>;
L_0x78152e1bfd00 .functor BUFT 1, C4<11111110000000000111000001111111>, C4<0>, C4<0>, C4<0>;
L_0x59e2d37ecb70 .functor AND 32, L_0x59e2d37a06e0, L_0x78152e1bfd00, C4<11111111111111111111111111111111>, C4<11111111111111111111111111111111>;
L_0x59e2d37ecd70 .functor AND 1, L_0x78152e1c3c90, L_0x59e2d37ecc30, C4<1>, C4<1>;
L_0x59e2d37ed250 .functor OR 1, L_0x59e2d37ec650, L_0x59e2d37ecd70, C4<0>, C4<0>;
L_0x78152e1bfd90 .functor BUFT 1, C4<11111110000000000111000001111111>, C4<0>, C4<0>, C4<0>;
L_0x59e2d37ed360 .functor AND 32, L_0x59e2d37a06e0, L_0x78152e1bfd90, C4<11111111111111111111111111111111>, C4<11111111111111111111111111111111>;
L_0x59e2d37ed170 .functor AND 1, L_0x78152e1c3c90, L_0x59e2d37ece30, C4<1>, C4<1>;
L_0x59e2d37ed850 .functor OR 1, L_0x59e2d37ed250, L_0x59e2d37ed170, C4<0>, C4<0>;
L_0x78152e1bfe20 .functor BUFT 1, C4<11111110000000000111000001111111>, C4<0>, C4<0>, C4<0>;
L_0x59e2d37ed420 .functor AND 32, L_0x59e2d37a06e0, L_0x78152e1bfe20, C4<11111111111111111111111111111111>, C4<11111111111111111111111111111111>;
L_0x59e2d37ed620 .functor AND 1, L_0x78152e1c3c90, L_0x59e2d37ed4e0, C4<1>, C4<1>;
L_0x59e2d37ed6e0 .functor OR 1, L_0x59e2d37ed850, L_0x59e2d37ed620, C4<0>, C4<0>;
L_0x59e2d37eddb0 .functor NOT 1, L_0x59e2d37ed6e0, C4<0>, C4<0>, C4<0>;
L_0x59e2d37ed960 .functor AND 1, L_0x59e2d379f300, L_0x59e2d37eddb0, C4<1>, C4<1>;
L_0x59e2d37eda20 .functor BUFZ 1, L_0x59e2d37ed960, C4<0>, C4<0>, C4<0>;
L_0x78152e1bfeb0 .functor BUFT 1, C4<00000000000000000111000001111111>, C4<0>, C4<0>, C4<0>;
L_0x59e2d37edae0 .functor AND 32, L_0x59e2d37a06e0, L_0x78152e1bfeb0, C4<11111111111111111111111111111111>, C4<11111111111111111111111111111111>;
L_0x78152e1bff40 .functor BUFT 1, C4<00000000000000000000000001111111>, C4<0>, C4<0>, C4<0>;
L_0x59e2d37edce0 .functor AND 32, L_0x59e2d37a06e0, L_0x78152e1bff40, C4<11111111111111111111111111111111>, C4<11111111111111111111111111111111>;
L_0x59e2d37edf60 .functor OR 1, L_0x59e2d37edba0, L_0x59e2d37ede20, C4<0>, C4<0>;
L_0x78152e1bffd0 .functor BUFT 1, C4<00000000000000000000000001111111>, C4<0>, C4<0>, C4<0>;
L_0x59e2d37ee070 .functor AND 32, L_0x59e2d37a06e0, L_0x78152e1bffd0, C4<11111111111111111111111111111111>, C4<11111111111111111111111111111111>;
L_0x59e2d37c7480 .functor OR 1, L_0x59e2d37edf60, L_0x59e2d37ee130, C4<0>, C4<0>;
L_0x78152e1c0060 .functor BUFT 1, C4<00000000000000000000000001111111>, C4<0>, C4<0>, C4<0>;
L_0x59e2d37c7590 .functor AND 32, L_0x59e2d37a06e0, L_0x78152e1c0060, C4<11111111111111111111111111111111>, C4<11111111111111111111111111111111>;
L_0x59e2d37ee5e0 .functor OR 1, L_0x59e2d37c7480, L_0x59e2d37ee4a0, C4<0>, C4<0>;
L_0x78152e1c00f0 .functor BUFT 1, C4<00000000000000000111000001111111>, C4<0>, C4<0>, C4<0>;
L_0x59e2d37ee6f0 .functor AND 32, L_0x59e2d37a06e0, L_0x78152e1c00f0, C4<11111111111111111111111111111111>, C4<11111111111111111111111111111111>;
L_0x59e2d37c7d30 .functor OR 1, L_0x59e2d37ee5e0, L_0x59e2d37ee7b0, C4<0>, C4<0>;
L_0x78152e1c0180 .functor BUFT 1, C4<11111100000000000111000001111111>, C4<0>, C4<0>, C4<0>;
L_0x59e2d37c7e40 .functor AND 32, L_0x59e2d37a06e0, L_0x78152e1c0180, C4<11111111111111111111111111111111>, C4<11111111111111111111111111111111>;
L_0x59e2d37c8040 .functor OR 1, L_0x59e2d37c7d30, L_0x59e2d37c7f00, C4<0>, C4<0>;
L_0x78152e1c0210 .functor BUFT 1, C4<00000000000000000111000001111111>, C4<0>, C4<0>, C4<0>;
L_0x59e2d37c8150 .functor AND 32, L_0x59e2d37a06e0, L_0x78152e1c0210, C4<11111111111111111111111111111111>, C4<11111111111111111111111111111111>;
L_0x59e2d37c79d0 .functor OR 1, L_0x59e2d37c8040, L_0x59e2d37c7650, C4<0>, C4<0>;
L_0x78152e1c02a0 .functor BUFT 1, C4<00000000000000000111000001111111>, C4<0>, C4<0>, C4<0>;
L_0x59e2d37c7a90 .functor AND 32, L_0x59e2d37a06e0, L_0x78152e1c02a0, C4<11111111111111111111111111111111>, C4<11111111111111111111111111111111>;
L_0x59e2d37f0a80 .functor OR 1, L_0x59e2d37c79d0, L_0x59e2d37f0940, C4<0>, C4<0>;
L_0x78152e1c0330 .functor BUFT 1, C4<00000000000000000111000001111111>, C4<0>, C4<0>, C4<0>;
L_0x59e2d37f0b90 .functor AND 32, L_0x59e2d37a06e0, L_0x78152e1c0330, C4<11111111111111111111111111111111>, C4<11111111111111111111111111111111>;
L_0x59e2d37f0d90 .functor OR 1, L_0x59e2d37f0a80, L_0x59e2d37f0c50, C4<0>, C4<0>;
L_0x78152e1c03c0 .functor BUFT 1, C4<11111100000000000111000001111111>, C4<0>, C4<0>, C4<0>;
L_0x59e2d37f1640 .functor AND 32, L_0x59e2d37a06e0, L_0x78152e1c03c0, C4<11111111111111111111111111111111>, C4<11111111111111111111111111111111>;
L_0x59e2d37f0fa0 .functor OR 1, L_0x59e2d37f0d90, L_0x59e2d37f0e60, C4<0>, C4<0>;
L_0x78152e1c0450 .functor BUFT 1, C4<11111100000000000111000001111111>, C4<0>, C4<0>, C4<0>;
L_0x59e2d37f10b0 .functor AND 32, L_0x59e2d37a06e0, L_0x78152e1c0450, C4<11111111111111111111111111111111>, C4<11111111111111111111111111111111>;
L_0x59e2d37f12b0 .functor OR 1, L_0x59e2d37f0fa0, L_0x59e2d37f1170, C4<0>, C4<0>;
L_0x78152e1c04e0 .functor BUFT 1, C4<00000000000000000111000001111111>, C4<0>, C4<0>, C4<0>;
L_0x59e2d37f1f10 .functor AND 32, L_0x59e2d37a06e0, L_0x78152e1c04e0, C4<11111111111111111111111111111111>, C4<11111111111111111111111111111111>;
L_0x59e2d37f1840 .functor OR 1, L_0x59e2d37f12b0, L_0x59e2d37f1700, C4<0>, C4<0>;
L_0x78152e1c0570 .functor BUFT 1, C4<00000000000000000111000001111111>, C4<0>, C4<0>, C4<0>;
L_0x59e2d37f1950 .functor AND 32, L_0x59e2d37a06e0, L_0x78152e1c0570, C4<11111111111111111111111111111111>, C4<11111111111111111111111111111111>;
L_0x59e2d37f1b50 .functor OR 1, L_0x59e2d37f1840, L_0x59e2d37f1a10, C4<0>, C4<0>;
L_0x78152e1c0600 .functor BUFT 1, C4<11111110000000000111000001111111>, C4<0>, C4<0>, C4<0>;
L_0x59e2d37f27c0 .functor AND 32, L_0x59e2d37a06e0, L_0x78152e1c0600, C4<11111111111111111111111111111111>, C4<11111111111111111111111111111111>;
L_0x59e2d37f2110 .functor OR 1, L_0x59e2d37f1b50, L_0x59e2d37f1fd0, C4<0>, C4<0>;
L_0x78152e1c0690 .functor BUFT 1, C4<11111110000000000111000001111111>, C4<0>, C4<0>, C4<0>;
L_0x59e2d37f2220 .functor AND 32, L_0x59e2d37a06e0, L_0x78152e1c0690, C4<11111111111111111111111111111111>, C4<11111111111111111111111111111111>;
L_0x59e2d37f2420 .functor OR 1, L_0x59e2d37f2110, L_0x59e2d37f22e0, C4<0>, C4<0>;
L_0x78152e1c0720 .functor BUFT 1, C4<11111110000000000111000001111111>, C4<0>, C4<0>, C4<0>;
L_0x59e2d37f30a0 .functor AND 32, L_0x59e2d37a06e0, L_0x78152e1c0720, C4<11111111111111111111111111111111>, C4<11111111111111111111111111111111>;
L_0x59e2d37f29c0 .functor OR 1, L_0x59e2d37f2420, L_0x59e2d37f2880, C4<0>, C4<0>;
L_0x78152e1c07b0 .functor BUFT 1, C4<11111110000000000111000001111111>, C4<0>, C4<0>, C4<0>;
L_0x59e2d37f2ad0 .functor AND 32, L_0x59e2d37a06e0, L_0x78152e1c07b0, C4<11111111111111111111111111111111>, C4<11111111111111111111111111111111>;
L_0x59e2d37f2cd0 .functor OR 1, L_0x59e2d37f29c0, L_0x59e2d37f2b90, C4<0>, C4<0>;
L_0x78152e1c0840 .functor BUFT 1, C4<11111110000000000111000001111111>, C4<0>, C4<0>, C4<0>;
L_0x59e2d37f39b0 .functor AND 32, L_0x59e2d37a06e0, L_0x78152e1c0840, C4<11111111111111111111111111111111>, C4<11111111111111111111111111111111>;
L_0x59e2d37f32a0 .functor OR 1, L_0x59e2d37f2cd0, L_0x59e2d37f3160, C4<0>, C4<0>;
L_0x78152e1c08d0 .functor BUFT 1, C4<11111110000000000111000001111111>, C4<0>, C4<0>, C4<0>;
L_0x59e2d37f33b0 .functor AND 32, L_0x59e2d37a06e0, L_0x78152e1c08d0, C4<11111111111111111111111111111111>, C4<11111111111111111111111111111111>;
L_0x59e2d37f35b0 .functor OR 1, L_0x59e2d37f32a0, L_0x59e2d37f3470, C4<0>, C4<0>;
L_0x78152e1c0960 .functor BUFT 1, C4<11111110000000000111000001111111>, C4<0>, C4<0>, C4<0>;
L_0x59e2d37f42a0 .functor AND 32, L_0x59e2d37a06e0, L_0x78152e1c0960, C4<11111111111111111111111111111111>, C4<11111111111111111111111111111111>;
L_0x59e2d37f3bb0 .functor OR 1, L_0x59e2d37f35b0, L_0x59e2d37f3a70, C4<0>, C4<0>;
L_0x78152e1c09f0 .functor BUFT 1, C4<11111110000000000111000001111111>, C4<0>, C4<0>, C4<0>;
L_0x59e2d37f3cc0 .functor AND 32, L_0x59e2d37a06e0, L_0x78152e1c09f0, C4<11111111111111111111111111111111>, C4<11111111111111111111111111111111>;
L_0x59e2d37f3ec0 .functor OR 1, L_0x59e2d37f3bb0, L_0x59e2d37f3d80, C4<0>, C4<0>;
L_0x78152e1c0a80 .functor BUFT 1, C4<11111110000000000111000001111111>, C4<0>, C4<0>, C4<0>;
L_0x59e2d37f4bc0 .functor AND 32, L_0x59e2d37a06e0, L_0x78152e1c0a80, C4<11111111111111111111111111111111>, C4<11111111111111111111111111111111>;
L_0x59e2d37f44a0 .functor OR 1, L_0x59e2d37f3ec0, L_0x59e2d37f4360, C4<0>, C4<0>;
L_0x78152e1c0b10 .functor BUFT 1, C4<11111110000000000111000001111111>, C4<0>, C4<0>, C4<0>;
L_0x59e2d37f45b0 .functor AND 32, L_0x59e2d37a06e0, L_0x78152e1c0b10, C4<11111111111111111111111111111111>, C4<11111111111111111111111111111111>;
L_0x59e2d37f47b0 .functor OR 1, L_0x59e2d37f44a0, L_0x59e2d37f4670, C4<0>, C4<0>;
L_0x78152e1c0ba0 .functor BUFT 1, C4<00000000000000000111000001111111>, C4<0>, C4<0>, C4<0>;
L_0x59e2d37f5510 .functor AND 32, L_0x59e2d37a06e0, L_0x78152e1c0ba0, C4<11111111111111111111111111111111>, C4<11111111111111111111111111111111>;
L_0x59e2d37f4dc0 .functor OR 1, L_0x59e2d37f47b0, L_0x59e2d37f4c80, C4<0>, C4<0>;
L_0x78152e1c0c30 .functor BUFT 1, C4<00000000000000000111000001111111>, C4<0>, C4<0>, C4<0>;
L_0x59e2d37f4ed0 .functor AND 32, L_0x59e2d37a06e0, L_0x78152e1c0c30, C4<11111111111111111111111111111111>, C4<11111111111111111111111111111111>;
L_0x59e2d37f50d0 .functor OR 1, L_0x59e2d37f4dc0, L_0x59e2d37f4f90, C4<0>, C4<0>;
L_0x78152e1c0cc0 .functor BUFT 1, C4<00000000000000000111000001111111>, C4<0>, C4<0>, C4<0>;
L_0x59e2d37f51e0 .functor AND 32, L_0x59e2d37a06e0, L_0x78152e1c0cc0, C4<11111111111111111111111111111111>, C4<11111111111111111111111111111111>;
L_0x59e2d37f56c0 .functor OR 1, L_0x59e2d37f50d0, L_0x59e2d37f5580, C4<0>, C4<0>;
L_0x78152e1c0d50 .functor BUFT 1, C4<00000000000000000111000001111111>, C4<0>, C4<0>, C4<0>;
L_0x59e2d37f57d0 .functor AND 32, L_0x59e2d37a06e0, L_0x78152e1c0d50, C4<11111111111111111111111111111111>, C4<11111111111111111111111111111111>;
L_0x59e2d37f59d0 .functor OR 1, L_0x59e2d37f56c0, L_0x59e2d37f5890, C4<0>, C4<0>;
L_0x78152e1c0de0 .functor BUFT 1, C4<00000000000000000111000001111111>, C4<0>, C4<0>, C4<0>;
L_0x59e2d37f5ae0 .functor AND 32, L_0x59e2d37a06e0, L_0x78152e1c0de0, C4<11111111111111111111111111111111>, C4<11111111111111111111111111111111>;
L_0x59e2d37f5fd0 .functor OR 1, L_0x59e2d37f59d0, L_0x59e2d37f5e90, C4<0>, C4<0>;
L_0x78152e1c0e70 .functor BUFT 1, C4<00000000000000000111000001111111>, C4<0>, C4<0>, C4<0>;
L_0x59e2d37f60e0 .functor AND 32, L_0x59e2d37a06e0, L_0x78152e1c0e70, C4<11111111111111111111111111111111>, C4<11111111111111111111111111111111>;
L_0x59e2d37f62e0 .functor OR 1, L_0x59e2d37f5fd0, L_0x59e2d37f61a0, C4<0>, C4<0>;
L_0x78152e1c0f00 .functor BUFT 1, C4<11111110000000000111000001111111>, C4<0>, C4<0>, C4<0>;
L_0x59e2d37f63f0 .functor AND 32, L_0x59e2d37a06e0, L_0x78152e1c0f00, C4<11111111111111111111111111111111>, C4<11111111111111111111111111111111>;
L_0x59e2d37f6910 .functor OR 1, L_0x59e2d37f62e0, L_0x59e2d37f67d0, C4<0>, C4<0>;
L_0x78152e1c0f90 .functor BUFT 1, C4<11111110000000000111000001111111>, C4<0>, C4<0>, C4<0>;
L_0x59e2d37f6a20 .functor AND 32, L_0x59e2d37a06e0, L_0x78152e1c0f90, C4<11111111111111111111111111111111>, C4<11111111111111111111111111111111>;
L_0x59e2d37f6c20 .functor OR 1, L_0x59e2d37f6910, L_0x59e2d37f6ae0, C4<0>, C4<0>;
L_0x78152e1c1020 .functor BUFT 1, C4<11111110000000000111000001111111>, C4<0>, C4<0>, C4<0>;
L_0x59e2d37f6d30 .functor AND 32, L_0x59e2d37a06e0, L_0x78152e1c1020, C4<11111111111111111111111111111111>, C4<11111111111111111111111111111111>;
L_0x59e2d37f7280 .functor OR 1, L_0x59e2d37f6c20, L_0x59e2d37f7140, C4<0>, C4<0>;
L_0x78152e1c10b0 .functor BUFT 1, C4<11111110000000000111000001111111>, C4<0>, C4<0>, C4<0>;
L_0x59e2d37f7390 .functor AND 32, L_0x59e2d37a06e0, L_0x78152e1c10b0, C4<11111111111111111111111111111111>, C4<11111111111111111111111111111111>;
L_0x59e2d37f7590 .functor OR 1, L_0x59e2d37f7280, L_0x59e2d37f7450, C4<0>, C4<0>;
L_0x78152e1c1140 .functor BUFT 1, C4<11111110000000000111000001111111>, C4<0>, C4<0>, C4<0>;
L_0x59e2d37f76a0 .functor AND 32, L_0x59e2d37a06e0, L_0x78152e1c1140, C4<11111111111111111111111111111111>, C4<11111111111111111111111111111111>;
L_0x59e2d37f7bd0 .functor OR 1, L_0x59e2d37f7590, L_0x59e2d37f7a90, C4<0>, C4<0>;
L_0x78152e1c11d0 .functor BUFT 1, C4<11111110000000000111000001111111>, C4<0>, C4<0>, C4<0>;
L_0x59e2d37f7ce0 .functor AND 32, L_0x59e2d37a06e0, L_0x78152e1c11d0, C4<11111111111111111111111111111111>, C4<11111111111111111111111111111111>;
L_0x59e2d37f7ee0 .functor OR 1, L_0x59e2d37f7bd0, L_0x59e2d37f7da0, C4<0>, C4<0>;
L_0x78152e1c1260 .functor BUFT 1, C4<11111110000000000111000001111111>, C4<0>, C4<0>, C4<0>;
L_0x59e2d37f7ff0 .functor AND 32, L_0x59e2d37a06e0, L_0x78152e1c1260, C4<11111111111111111111111111111111>, C4<11111111111111111111111111111111>;
L_0x59e2d37f8500 .functor OR 1, L_0x59e2d37f7ee0, L_0x59e2d37f8410, C4<0>, C4<0>;
L_0x78152e1c12f0 .functor BUFT 1, C4<11111110000000000111000001111111>, C4<0>, C4<0>, C4<0>;
L_0x59e2d37f8610 .functor AND 32, L_0x59e2d37a06e0, L_0x78152e1c12f0, C4<11111111111111111111111111111111>, C4<11111111111111111111111111111111>;
L_0x59e2d37f8810 .functor OR 1, L_0x59e2d37f8500, L_0x59e2d37f86d0, C4<0>, C4<0>;
L_0x78152e1c1380 .functor BUFT 1, C4<11111110000000000111000001111111>, C4<0>, C4<0>, C4<0>;
L_0x59e2d37f8920 .functor AND 32, L_0x59e2d37a06e0, L_0x78152e1c1380, C4<11111111111111111111111111111111>, C4<11111111111111111111111111111111>;
L_0x59e2d37f8e60 .functor OR 1, L_0x59e2d37f8810, L_0x59e2d37f89e0, C4<0>, C4<0>;
L_0x78152e1c1410 .functor BUFT 1, C4<11111110000000000111000001111111>, C4<0>, C4<0>, C4<0>;
L_0x59e2d37f8f70 .functor AND 32, L_0x59e2d37a06e0, L_0x78152e1c1410, C4<11111111111111111111111111111111>, C4<11111111111111111111111111111111>;
L_0x59e2d37f9170 .functor OR 1, L_0x59e2d37f8e60, L_0x59e2d37f9030, C4<0>, C4<0>;
L_0x78152e1c14a0 .functor BUFT 1, C4<11111110000000000111000001111111>, C4<0>, C4<0>, C4<0>;
L_0x59e2d37f9280 .functor AND 32, L_0x59e2d37a06e0, L_0x78152e1c14a0, C4<11111111111111111111111111111111>, C4<11111111111111111111111111111111>;
L_0x59e2d37f97f0 .functor OR 1, L_0x59e2d37f9170, L_0x59e2d37f9340, C4<0>, C4<0>;
L_0x78152e1c1530 .functor BUFT 1, C4<00000000000000000111000001111111>, C4<0>, C4<0>, C4<0>;
L_0x59e2d37f9900 .functor AND 32, L_0x59e2d37a06e0, L_0x78152e1c1530, C4<11111111111111111111111111111111>, C4<11111111111111111111111111111111>;
L_0x59e2d37fa8a0 .functor OR 1, L_0x59e2d37f97f0, L_0x59e2d37f99c0, C4<0>, C4<0>;
L_0x78152e1c15c0 .functor BUFT 1, C4<00000000000000000111000001111111>, C4<0>, C4<0>, C4<0>;
L_0x59e2d37fa9b0 .functor AND 32, L_0x59e2d37a06e0, L_0x78152e1c15c0, C4<11111111111111111111111111111111>, C4<11111111111111111111111111111111>;
L_0x59e2d37fa2f0 .functor OR 1, L_0x59e2d37fa8a0, L_0x59e2d37fa1b0, C4<0>, C4<0>;
L_0x78152e1c1650 .functor BUFT 1, C4<00000000000000000111000001111111>, C4<0>, C4<0>, C4<0>;
L_0x59e2d37fa400 .functor AND 32, L_0x59e2d37a06e0, L_0x78152e1c1650, C4<11111111111111111111111111111111>, C4<11111111111111111111111111111111>;
L_0x59e2d37fa600 .functor OR 1, L_0x59e2d37fa2f0, L_0x59e2d37fa4c0, C4<0>, C4<0>;
L_0x78152e1c16e0 .functor BUFT 1, C4<00000000000000000111000001111111>, C4<0>, C4<0>, C4<0>;
L_0x59e2d37fa710 .functor AND 32, L_0x59e2d37a06e0, L_0x78152e1c16e0, C4<11111111111111111111111111111111>, C4<11111111111111111111111111111111>;
L_0x59e2d37fb230 .functor OR 1, L_0x59e2d37fa600, L_0x59e2d37fa7d0, C4<0>, C4<0>;
L_0x78152e1c1770 .functor BUFT 1, C4<00000000000000000111000001111111>, C4<0>, C4<0>, C4<0>;
L_0x59e2d37fb340 .functor AND 32, L_0x59e2d37a06e0, L_0x78152e1c1770, C4<11111111111111111111111111111111>, C4<11111111111111111111111111111111>;
L_0x59e2d37fabb0 .functor OR 1, L_0x59e2d37fb230, L_0x59e2d37faa70, C4<0>, C4<0>;
L_0x78152e1c1800 .functor BUFT 1, C4<00000000000000000111000001111111>, C4<0>, C4<0>, C4<0>;
L_0x59e2d37facc0 .functor AND 32, L_0x59e2d37a06e0, L_0x78152e1c1800, C4<11111111111111111111111111111111>, C4<11111111111111111111111111111111>;
L_0x59e2d37faec0 .functor OR 1, L_0x59e2d37fabb0, L_0x59e2d37fad80, C4<0>, C4<0>;
L_0x78152e1c1890 .functor BUFT 1, C4<11111110000000000111000001111111>, C4<0>, C4<0>, C4<0>;
L_0x59e2d37fafd0 .functor AND 32, L_0x59e2d37a06e0, L_0x78152e1c1890, C4<11111111111111111111111111111111>, C4<11111111111111111111111111111111>;
L_0x59e2d37fbf20 .functor AND 1, L_0x78152e1c3c90, L_0x59e2d37fb090, C4<1>, C4<1>;
L_0x59e2d37fbfe0 .functor OR 1, L_0x59e2d37faec0, L_0x59e2d37fbf20, C4<0>, C4<0>;
L_0x78152e1c1920 .functor BUFT 1, C4<00000000000000000111000001111111>, C4<0>, C4<0>, C4<0>;
L_0x59e2d37fb400 .functor AND 32, L_0x59e2d37a06e0, L_0x78152e1c1920, C4<11111111111111111111111111111111>, C4<11111111111111111111111111111111>;
L_0x78152e1c19b0 .functor BUFT 1, C4<00000000000000000111000001111111>, C4<0>, C4<0>, C4<0>;
L_0x59e2d37fb600 .functor AND 32, L_0x59e2d37a06e0, L_0x78152e1c19b0, C4<11111111111111111111111111111111>, C4<11111111111111111111111111111111>;
L_0x59e2d37fb800 .functor OR 1, L_0x59e2d37fb4c0, L_0x59e2d37fb6c0, C4<0>, C4<0>;
L_0x78152e1c1a40 .functor BUFT 1, C4<00000000000000000111000001111111>, C4<0>, C4<0>, C4<0>;
L_0x59e2d37fb910 .functor AND 32, L_0x59e2d37a06e0, L_0x78152e1c1a40, C4<11111111111111111111111111111111>, C4<11111111111111111111111111111111>;
L_0x59e2d37fc0f0 .functor OR 1, L_0x59e2d37fb800, L_0x59e2d37fb9d0, C4<0>, C4<0>;
L_0x78152e1c1ad0 .functor BUFT 1, C4<00000000000000000111000001111111>, C4<0>, C4<0>, C4<0>;
L_0x59e2d37fc200 .functor AND 32, L_0x59e2d37a06e0, L_0x78152e1c1ad0, C4<11111111111111111111111111111111>, C4<11111111111111111111111111111111>;
L_0x59e2d37fc7a0 .functor OR 1, L_0x59e2d37fc0f0, L_0x59e2d37fc2c0, C4<0>, C4<0>;
L_0x78152e1c1b60 .functor BUFT 1, C4<00000000000000000111000001111111>, C4<0>, C4<0>, C4<0>;
L_0x59e2d37fd3d0 .functor AND 32, L_0x59e2d37a06e0, L_0x78152e1c1b60, C4<11111111111111111111111111111111>, C4<11111111111111111111111111111111>;
L_0x59e2d37fcd30 .functor OR 1, L_0x59e2d37fc7a0, L_0x59e2d37fcbf0, C4<0>, C4<0>;
L_0x78152e1c1bf0 .functor BUFT 1, C4<00000000000000000111000001111111>, C4<0>, C4<0>, C4<0>;
L_0x59e2d37fce40 .functor AND 32, L_0x59e2d37a06e0, L_0x78152e1c1bf0, C4<11111111111111111111111111111111>, C4<11111111111111111111111111111111>;
L_0x59e2d37fd040 .functor OR 1, L_0x59e2d37fcd30, L_0x59e2d37fcf00, C4<0>, C4<0>;
L_0x78152e1c1c80 .functor BUFT 1, C4<11111100000000000111000001111111>, C4<0>, C4<0>, C4<0>;
L_0x59e2d37fd150 .functor AND 32, L_0x59e2d37a06e0, L_0x78152e1c1c80, C4<11111111111111111111111111111111>, C4<11111111111111111111111111111111>;
L_0x59e2d37fd490 .functor OR 1, L_0x59e2d37fd040, L_0x59e2d37fd210, C4<0>, C4<0>;
L_0x78152e1c1d10 .functor BUFT 1, C4<11111100000000000111000001111111>, C4<0>, C4<0>, C4<0>;
L_0x59e2d37fd5a0 .functor AND 32, L_0x59e2d37a06e0, L_0x78152e1c1d10, C4<11111111111111111111111111111111>, C4<11111111111111111111111111111111>;
L_0x59e2d37fdb60 .functor OR 1, L_0x59e2d37fd490, L_0x59e2d37fd660, C4<0>, C4<0>;
L_0x78152e1c1da0 .functor BUFT 1, C4<11111100000000000111000001111111>, C4<0>, C4<0>, C4<0>;
L_0x59e2d37fe810 .functor AND 32, L_0x59e2d37a06e0, L_0x78152e1c1da0, C4<11111111111111111111111111111111>, C4<11111111111111111111111111111111>;
L_0x59e2d37fe130 .functor OR 1, L_0x59e2d37fdb60, L_0x59e2d37fdff0, C4<0>, C4<0>;
L_0x78152e1c1e30 .functor BUFT 1, C4<00000000000000000000000001111111>, C4<0>, C4<0>, C4<0>;
L_0x59e2d37fe240 .functor AND 32, L_0x59e2d37a06e0, L_0x78152e1c1e30, C4<11111111111111111111111111111111>, C4<11111111111111111111111111111111>;
L_0x59e2d37fe440 .functor OR 1, L_0x59e2d37fe130, L_0x59e2d37fe300, C4<0>, C4<0>;
L_0x78152e1c1ec0 .functor BUFT 1, C4<00000000000000000000000001111111>, C4<0>, C4<0>, C4<0>;
L_0x59e2d37fe550 .functor AND 32, L_0x59e2d37a06e0, L_0x78152e1c1ec0, C4<11111111111111111111111111111111>, C4<11111111111111111111111111111111>;
L_0x59e2d37fe750 .functor OR 1, L_0x59e2d37fe440, L_0x59e2d37fe610, C4<0>, C4<0>;
L_0x78152e1c1f50 .functor BUFT 1, C4<11111110000000000111000001111111>, C4<0>, C4<0>, C4<0>;
L_0x59e2d37fe970 .functor AND 32, L_0x59e2d37a06e0, L_0x78152e1c1f50, C4<11111111111111111111111111111111>, C4<11111111111111111111111111111111>;
L_0x59e2d37feb70 .functor OR 1, L_0x59e2d37fe750, L_0x59e2d37fea30, C4<0>, C4<0>;
L_0x78152e1c1fe0 .functor BUFT 1, C4<11111110000000000111000001111111>, C4<0>, C4<0>, C4<0>;
L_0x59e2d37fec80 .functor AND 32, L_0x59e2d37a06e0, L_0x78152e1c1fe0, C4<11111111111111111111111111111111>, C4<11111111111111111111111111111111>;
L_0x59e2d37fee80 .functor OR 1, L_0x59e2d37feb70, L_0x59e2d37fed40, C4<0>, C4<0>;
L_0x78152e1c2070 .functor BUFT 1, C4<11111110000000000111000001111111>, C4<0>, C4<0>, C4<0>;
L_0x59e2d37fef90 .functor AND 32, L_0x59e2d37a06e0, L_0x78152e1c2070, C4<11111111111111111111111111111111>, C4<11111111111111111111111111111111>;
L_0x59e2d37ff050 .functor OR 1, L_0x59e2d37fee80, L_0x59e2d37ff4a0, C4<0>, C4<0>;
L_0x78152e1c2100 .functor BUFT 1, C4<11111110000000000111000001111111>, C4<0>, C4<0>, C4<0>;
L_0x59e2d37ffa70 .functor AND 32, L_0x59e2d37a06e0, L_0x78152e1c2100, C4<11111111111111111111111111111111>, C4<11111111111111111111111111111111>;
L_0x59e2d37ea0e0 .functor OR 1, L_0x59e2d37ff050, L_0x59e2d37ffb30, C4<0>, C4<0>;
L_0x78152e1c2190 .functor BUFT 1, C4<11111110000000000111000001111111>, C4<0>, C4<0>, C4<0>;
L_0x59e2d37ea1f0 .functor AND 32, L_0x59e2d37a06e0, L_0x78152e1c2190, C4<11111111111111111111111111111111>, C4<11111111111111111111111111111111>;
L_0x59e2d37ea7f0 .functor OR 1, L_0x59e2d37ea0e0, L_0x59e2d37ea2b0, C4<0>, C4<0>;
L_0x78152e1c2220 .functor BUFT 1, C4<11111110000000000111000001111111>, C4<0>, C4<0>, C4<0>;
L_0x59e2d3801540 .functor AND 32, L_0x59e2d37a06e0, L_0x78152e1c2220, C4<11111111111111111111111111111111>, C4<11111111111111111111111111111111>;
L_0x59e2d3800de0 .functor OR 1, L_0x59e2d37ea7f0, L_0x59e2d3800ca0, C4<0>, C4<0>;
L_0x78152e1c22b0 .functor BUFT 1, C4<11111110000000000111000001111111>, C4<0>, C4<0>, C4<0>;
L_0x59e2d3800ef0 .functor AND 32, L_0x59e2d37a06e0, L_0x78152e1c22b0, C4<11111111111111111111111111111111>, C4<11111111111111111111111111111111>;
L_0x59e2d38010f0 .functor OR 1, L_0x59e2d3800de0, L_0x59e2d3800fb0, C4<0>, C4<0>;
L_0x78152e1c2340 .functor BUFT 1, C4<11111110000000000111000001111111>, C4<0>, C4<0>, C4<0>;
L_0x59e2d3801200 .functor AND 32, L_0x59e2d37a06e0, L_0x78152e1c2340, C4<11111111111111111111111111111111>, C4<11111111111111111111111111111111>;
L_0x59e2d3801400 .functor OR 1, L_0x59e2d38010f0, L_0x59e2d38012c0, C4<0>, C4<0>;
L_0x78152e1c23d0 .functor BUFT 1, C4<11111110000000000111000001111111>, C4<0>, C4<0>, C4<0>;
L_0x59e2d3801650 .functor AND 32, L_0x59e2d37a06e0, L_0x78152e1c23d0, C4<11111111111111111111111111111111>, C4<11111111111111111111111111111111>;
L_0x59e2d3801c70 .functor OR 1, L_0x59e2d3801400, L_0x59e2d3801710, C4<0>, C4<0>;
L_0x78152e1c2460 .functor BUFT 1, C4<11111110000000000111000001111111>, C4<0>, C4<0>, C4<0>;
L_0x59e2d3801d80 .functor AND 32, L_0x59e2d37a06e0, L_0x78152e1c2460, C4<11111111111111111111111111111111>, C4<11111111111111111111111111111111>;
L_0x59e2d3802c60 .functor OR 1, L_0x59e2d3801c70, L_0x59e2d3802b20, C4<0>, C4<0>;
L_0x78152e1c24f0 .functor BUFT 1, C4<00000000000000000111000001111111>, C4<0>, C4<0>, C4<0>;
L_0x59e2d3802d70 .functor AND 32, L_0x59e2d37a06e0, L_0x78152e1c24f0, C4<11111111111111111111111111111111>, C4<11111111111111111111111111111111>;
L_0x78152e1c2580 .functor BUFT 1, C4<00000000000000000111000001111111>, C4<0>, C4<0>, C4<0>;
L_0x59e2d38027f0 .functor AND 32, L_0x59e2d37a06e0, L_0x78152e1c2580, C4<11111111111111111111111111111111>, C4<11111111111111111111111111111111>;
L_0x59e2d38029f0 .functor OR 1, L_0x59e2d3802280, L_0x59e2d38028b0, C4<0>, C4<0>;
L_0x78152e1c2610 .functor BUFT 1, C4<00000000000000000111000001111111>, C4<0>, C4<0>, C4<0>;
L_0x59e2d3801850 .functor AND 32, L_0x59e2d37a06e0, L_0x78152e1c2610, C4<11111111111111111111111111111111>, C4<11111111111111111111111111111111>;
L_0x59e2d3801a50 .functor OR 1, L_0x59e2d38029f0, L_0x59e2d3801910, C4<0>, C4<0>;
L_0x78152e1c26a0 .functor BUFT 1, C4<00000000000000000111000001111111>, C4<0>, C4<0>, C4<0>;
L_0x59e2d3801b60 .functor AND 32, L_0x59e2d37a06e0, L_0x78152e1c26a0, C4<11111111111111111111111111111111>, C4<11111111111111111111111111111111>;
L_0x59e2d38024b0 .functor OR 1, L_0x59e2d3801a50, L_0x59e2d38023c0, C4<0>, C4<0>;
L_0x78152e1c2730 .functor BUFT 1, C4<00000000000000000111000001111111>, C4<0>, C4<0>, C4<0>;
L_0x59e2d38025c0 .functor AND 32, L_0x59e2d37a06e0, L_0x78152e1c2730, C4<11111111111111111111111111111111>, C4<11111111111111111111111111111111>;
L_0x59e2d3803280 .functor OR 1, L_0x59e2d38024b0, L_0x59e2d3802680, C4<0>, C4<0>;
L_0x78152e1c27c0 .functor BUFT 1, C4<00000000000000000111000001111111>, C4<0>, C4<0>, C4<0>;
L_0x59e2d3803390 .functor AND 32, L_0x59e2d37a06e0, L_0x78152e1c27c0, C4<11111111111111111111111111111111>, C4<11111111111111111111111111111111>;
L_0x59e2d3803590 .functor OR 1, L_0x59e2d3803280, L_0x59e2d3803450, C4<0>, C4<0>;
L_0x78152e1c2850 .functor BUFT 1, C4<00000000000000000111000001111111>, C4<0>, C4<0>, C4<0>;
L_0x59e2d38036a0 .functor AND 32, L_0x59e2d37a06e0, L_0x78152e1c2850, C4<11111111111111111111111111111111>, C4<11111111111111111111111111111111>;
L_0x59e2d38038a0 .functor OR 1, L_0x59e2d3803590, L_0x59e2d3803760, C4<0>, C4<0>;
L_0x78152e1c28e0 .functor BUFT 1, C4<00000000000000000111000001111111>, C4<0>, C4<0>, C4<0>;
L_0x59e2d38039b0 .functor AND 32, L_0x59e2d37a06e0, L_0x78152e1c28e0, C4<11111111111111111111111111111111>, C4<11111111111111111111111111111111>;
L_0x59e2d3803bb0 .functor OR 1, L_0x59e2d38038a0, L_0x59e2d3803a70, C4<0>, C4<0>;
L_0x78152e1c2970 .functor BUFT 1, C4<00000000000000000111000001111111>, C4<0>, C4<0>, C4<0>;
L_0x59e2d3803cc0 .functor AND 32, L_0x59e2d37a06e0, L_0x78152e1c2970, C4<11111111111111111111111111111111>, C4<11111111111111111111111111111111>;
L_0x59e2d3802e30 .functor OR 1, L_0x59e2d3803bb0, L_0x59e2d3803d80, C4<0>, C4<0>;
L_0x78152e1c2a00 .functor BUFT 1, C4<00000000000000000000000001111111>, C4<0>, C4<0>, C4<0>;
L_0x59e2d3802f40 .functor AND 32, L_0x59e2d37a06e0, L_0x78152e1c2a00, C4<11111111111111111111111111111111>, C4<11111111111111111111111111111111>;
L_0x78152e1c2a90 .functor BUFT 1, C4<00000000000000000111000001111111>, C4<0>, C4<0>, C4<0>;
L_0x59e2d3803140 .functor AND 32, L_0x59e2d37a06e0, L_0x78152e1c2a90, C4<11111111111111111111111111111111>, C4<11111111111111111111111111111111>;
L_0x59e2d3803200 .functor OR 1, L_0x59e2d3803000, L_0x59e2d3804330, C4<0>, C4<0>;
L_0x78152e1c2b20 .functor BUFT 1, C4<00000000000000000111000001111111>, C4<0>, C4<0>, C4<0>;
L_0x59e2d3804510 .functor AND 32, L_0x59e2d37a06e0, L_0x78152e1c2b20, C4<11111111111111111111111111111111>, C4<11111111111111111111111111111111>;
L_0x59e2d3804710 .functor OR 1, L_0x59e2d3803200, L_0x59e2d38045d0, C4<0>, C4<0>;
L_0x78152e1c2bb0 .functor BUFT 1, C4<00000000000000000111000001111111>, C4<0>, C4<0>, C4<0>;
L_0x59e2d3804820 .functor AND 32, L_0x59e2d37a06e0, L_0x78152e1c2bb0, C4<11111111111111111111111111111111>, C4<11111111111111111111111111111111>;
L_0x59e2d3803ec0 .functor OR 1, L_0x59e2d3804710, L_0x59e2d38048e0, C4<0>, C4<0>;
L_0x78152e1c2c40 .functor BUFT 1, C4<00000000000000000111000001111111>, C4<0>, C4<0>, C4<0>;
L_0x59e2d3803fd0 .functor AND 32, L_0x59e2d37a06e0, L_0x78152e1c2c40, C4<11111111111111111111111111111111>, C4<11111111111111111111111111111111>;
L_0x59e2d38041d0 .functor OR 1, L_0x59e2d3803ec0, L_0x59e2d3804090, C4<0>, C4<0>;
L_0x78152e1c2cd0 .functor BUFT 1, C4<00000000000000000111000001111111>, C4<0>, C4<0>, C4<0>;
L_0x59e2d3804eb0 .functor AND 32, L_0x59e2d37a06e0, L_0x78152e1c2cd0, C4<11111111111111111111111111111111>, C4<11111111111111111111111111111111>;
L_0x59e2d3805500 .functor OR 1, L_0x59e2d38041d0, L_0x59e2d3804f20, C4<0>, C4<0>;
L_0x78152e1c2d60 .functor BUFT 1, C4<00000000000000000111000001111111>, C4<0>, C4<0>, C4<0>;
L_0x59e2d3804a20 .functor AND 32, L_0x59e2d37a06e0, L_0x78152e1c2d60, C4<11111111111111111111111111111111>, C4<11111111111111111111111111111111>;
L_0x59e2d3804c20 .functor OR 1, L_0x59e2d3805500, L_0x59e2d3804ae0, C4<0>, C4<0>;
L_0x78152e1c2df0 .functor BUFT 1, C4<00000000000000000111000001111111>, C4<0>, C4<0>, C4<0>;
L_0x59e2d3804d30 .functor AND 32, L_0x59e2d37a06e0, L_0x78152e1c2df0, C4<11111111111111111111111111111111>, C4<11111111111111111111111111111111>;
L_0x59e2d3805060 .functor OR 1, L_0x59e2d3804c20, L_0x59e2d3804df0, C4<0>, C4<0>;
L_0x78152e1c2e80 .functor BUFT 1, C4<11111110000000000111000001111111>, C4<0>, C4<0>, C4<0>;
L_0x59e2d3805170 .functor AND 32, L_0x59e2d37a06e0, L_0x78152e1c2e80, C4<11111111111111111111111111111111>, C4<11111111111111111111111111111111>;
L_0x78152e1c2f10 .functor BUFT 1, C4<11111110000000000111000001111111>, C4<0>, C4<0>, C4<0>;
L_0x59e2d3805370 .functor AND 32, L_0x59e2d37a06e0, L_0x78152e1c2f10, C4<11111111111111111111111111111111>, C4<11111111111111111111111111111111>;
L_0x59e2d3805b70 .functor OR 1, L_0x59e2d3805230, L_0x59e2d3805430, C4<0>, C4<0>;
L_0x78152e1c2fa0 .functor BUFT 1, C4<11111110000000000111000001111111>, C4<0>, C4<0>, C4<0>;
L_0x59e2d3805c80 .functor AND 32, L_0x59e2d37a06e0, L_0x78152e1c2fa0, C4<11111111111111111111111111111111>, C4<11111111111111111111111111111111>;
L_0x59e2d3805e80 .functor OR 1, L_0x59e2d3805b70, L_0x59e2d3805d40, C4<0>, C4<0>;
L_0x78152e1c3030 .functor BUFT 1, C4<11111110000000000111000001111111>, C4<0>, C4<0>, C4<0>;
L_0x59e2d3806090 .functor AND 32, L_0x59e2d37a06e0, L_0x78152e1c3030, C4<11111111111111111111111111111111>, C4<11111111111111111111111111111111>;
L_0x59e2d3806290 .functor OR 1, L_0x59e2d3805e80, L_0x59e2d3806150, C4<0>, C4<0>;
L_0x59e2d38063a0 .functor AND 1, L_0x78152e1c3c90, L_0x59e2d3806290, C4<1>, C4<1>;
L_0x78152e1c30c0 .functor BUFT 1, C4<11111110000000000111000001111111>, C4<0>, C4<0>, C4<0>;
L_0x59e2d3806460 .functor AND 32, L_0x59e2d37a06e0, L_0x78152e1c30c0, C4<11111111111111111111111111111111>, C4<11111111111111111111111111111111>;
L_0x78152e1c3150 .functor BUFT 1, C4<11111110000000000111000001111111>, C4<0>, C4<0>, C4<0>;
L_0x59e2d3806660 .functor AND 32, L_0x59e2d37a06e0, L_0x78152e1c3150, C4<11111111111111111111111111111111>, C4<11111111111111111111111111111111>;
L_0x59e2d38056b0 .functor OR 1, L_0x59e2d3806520, L_0x59e2d3806720, C4<0>, C4<0>;
L_0x78152e1c31e0 .functor BUFT 1, C4<11111110000000000111000001111111>, C4<0>, C4<0>, C4<0>;
L_0x59e2d38057c0 .functor AND 32, L_0x59e2d37a06e0, L_0x78152e1c31e0, C4<11111111111111111111111111111111>, C4<11111111111111111111111111111111>;
L_0x59e2d38059c0 .functor OR 1, L_0x59e2d38056b0, L_0x59e2d3805880, C4<0>, C4<0>;
L_0x78152e1c3270 .functor BUFT 1, C4<11111110000000000111000001111111>, C4<0>, C4<0>, C4<0>;
L_0x59e2d3805ad0 .functor AND 32, L_0x59e2d37a06e0, L_0x78152e1c3270, C4<11111111111111111111111111111111>, C4<11111111111111111111111111111111>;
L_0x59e2d3807370 .functor OR 1, L_0x59e2d38059c0, L_0x59e2d3806d40, C4<0>, C4<0>;
L_0x59e2d3806900 .functor AND 1, L_0x78152e1c3c90, L_0x59e2d3807370, C4<1>, C4<1>;
L_0x78152e1c3300 .functor BUFT 1, C4<11111111111111111111111111111111>, C4<0>, C4<0>, C4<0>;
L_0x59e2d38069c0 .functor AND 32, L_0x59e2d37a06e0, L_0x78152e1c3300, C4<11111111111111111111111111111111>, C4<11111111111111111111111111111111>;
L_0x78152e1c3390 .functor BUFT 1, C4<11111111111111111111111111111111>, C4<0>, C4<0>, C4<0>;
L_0x59e2d3806bc0 .functor AND 32, L_0x59e2d37a06e0, L_0x78152e1c3390, C4<11111111111111111111111111111111>, C4<11111111111111111111111111111111>;
L_0x59e2d3806e80 .functor OR 1, L_0x59e2d3806a80, L_0x59e2d3806c80, C4<0>, C4<0>;
L_0x78152e1c3420 .functor BUFT 1, C4<11001111111111111111111111111111>, C4<0>, C4<0>, C4<0>;
L_0x59e2d3806f90 .functor AND 32, L_0x59e2d37a06e0, L_0x78152e1c3420, C4<11111111111111111111111111111111>, C4<11111111111111111111111111111111>;
L_0x59e2d3807190 .functor OR 1, L_0x59e2d3806e80, L_0x59e2d3807050, C4<0>, C4<0>;
L_0x78152e1c34b0 .functor BUFT 1, C4<00000000000000000111000001111111>, C4<0>, C4<0>, C4<0>;
L_0x59e2d38072a0 .functor AND 32, L_0x59e2d37a06e0, L_0x78152e1c34b0, C4<11111111111111111111111111111111>, C4<11111111111111111111111111111111>;
L_0x59e2d3807a30 .functor OR 1, L_0x59e2d3807190, L_0x59e2d38073e0, C4<0>, C4<0>;
L_0x78152e1c3540 .functor BUFT 1, C4<00000000000000000111000001111111>, C4<0>, C4<0>, C4<0>;
L_0x59e2d3807b40 .functor AND 32, L_0x59e2d37a06e0, L_0x78152e1c3540, C4<11111111111111111111111111111111>, C4<11111111111111111111111111111111>;
L_0x59e2d3807d40 .functor OR 1, L_0x59e2d3807a30, L_0x59e2d3807c00, C4<0>, C4<0>;
L_0x78152e1c35d0 .functor BUFT 1, C4<00000000000000000111000001111111>, C4<0>, C4<0>, C4<0>;
L_0x59e2d3807f00 .functor AND 32, L_0x59e2d37a06e0, L_0x78152e1c35d0, C4<11111111111111111111111111111111>, C4<11111111111111111111111111111111>;
L_0x59e2d3808100 .functor OR 1, L_0x59e2d3807d40, L_0x59e2d3807fc0, C4<0>, C4<0>;
L_0x78152e1c3660 .functor BUFT 1, C4<00000000000000000111000001111111>, C4<0>, C4<0>, C4<0>;
L_0x59e2d3808210 .functor AND 32, L_0x59e2d37a06e0, L_0x78152e1c3660, C4<11111111111111111111111111111111>, C4<11111111111111111111111111111111>;
L_0x59e2d3808410 .functor OR 1, L_0x59e2d3808100, L_0x59e2d38082d0, C4<0>, C4<0>;
L_0x78152e1c36f0 .functor BUFT 1, C4<00000000000000000111000001111111>, C4<0>, C4<0>, C4<0>;
L_0x59e2d3808520 .functor AND 32, L_0x59e2d37a06e0, L_0x78152e1c36f0, C4<11111111111111111111111111111111>, C4<11111111111111111111111111111111>;
L_0x59e2d3807520 .functor OR 1, L_0x59e2d3808410, L_0x59e2d38085e0, C4<0>, C4<0>;
L_0x78152e1c3780 .functor BUFT 1, C4<00000000000000000111000001111111>, C4<0>, C4<0>, C4<0>;
L_0x59e2d3807630 .functor AND 32, L_0x59e2d37a06e0, L_0x78152e1c3780, C4<11111111111111111111111111111111>, C4<11111111111111111111111111111111>;
L_0x59e2d3807830 .functor OR 1, L_0x59e2d3807520, L_0x59e2d38076f0, C4<0>, C4<0>;
L_0x78152e1c3810 .functor BUFT 1, C4<11111111111111111000111111111111>, C4<0>, C4<0>, C4<0>;
L_0x59e2d3807940 .functor AND 32, L_0x59e2d37a06e0, L_0x78152e1c3810, C4<11111111111111111111111111111111>, C4<11111111111111111111111111111111>;
L_0x59e2d38092d0 .functor OR 1, L_0x59e2d3807830, L_0x59e2d3808c50, C4<0>, C4<0>;
L_0x78152e1c38a0 .functor BUFT 1, C4<00000000000000000111000001111111>, C4<0>, C4<0>, C4<0>;
L_0x59e2d38087c0 .functor AND 32, L_0x59e2d37a06e0, L_0x78152e1c38a0, C4<11111111111111111111111111111111>, C4<11111111111111111111111111111111>;
L_0x59e2d38089c0 .functor OR 1, L_0x59e2d38092d0, L_0x59e2d3808880, C4<0>, C4<0>;
L_0x78152e1c3930 .functor BUFT 1, C4<00000000000000000111000001111111>, C4<0>, C4<0>, C4<0>;
L_0x59e2d3808ad0 .functor AND 32, L_0x59e2d37a06e0, L_0x78152e1c3930, C4<11111111111111111111111111111111>, C4<11111111111111111111111111111111>;
L_0x59e2d3808d90 .functor OR 1, L_0x59e2d38089c0, L_0x59e2d3808b90, C4<0>, C4<0>;
L_0x78152e1c39c0 .functor BUFT 1, C4<11111110000000000111111111111111>, C4<0>, C4<0>, C4<0>;
L_0x59e2d3808ea0 .functor AND 32, L_0x59e2d37a06e0, L_0x78152e1c39c0, C4<11111111111111111111111111111111>, C4<11111111111111111111111111111111>;
L_0x59e2d38090a0 .functor OR 1, L_0x59e2d3808d90, L_0x59e2d3808f60, C4<0>, C4<0>;
L_0x59e2d38091b0 .functor OR 1, L_0x59e2d38090a0, L_0x59e2d37ed960, C4<0>, C4<0>;
L_0x59e2d3809340 .functor OR 1, L_0x59e2d38091b0, L_0x59e2d380a4f0, C4<0>, C4<0>;
L_0x78152e1c3a50 .functor BUFT 1, C4<11111110000000000111000001111111>, C4<0>, C4<0>, C4<0>;
L_0x59e2d3809400 .functor AND 32, L_0x59e2d37a06e0, L_0x78152e1c3a50, C4<11111111111111111111111111111111>, C4<11111111111111111111111111111111>;
L_0x59e2d3809b60 .functor AND 1, L_0x78152e1c3c90, L_0x59e2d38094c0, C4<1>, C4<1>;
L_0x78152e1c3ae0 .functor BUFT 1, C4<11111110000000000111000001111111>, C4<0>, C4<0>, C4<0>;
L_0x59e2d3809c20 .functor AND 32, L_0x59e2d37a06e0, L_0x78152e1c3ae0, C4<11111111111111111111111111111111>, C4<11111111111111111111111111111111>;
L_0x59e2d3809eb0 .functor AND 1, L_0x78152e1c3c90, L_0x59e2d3809ce0, C4<1>, C4<1>;
L_0x78152e1c3b70 .functor BUFT 1, C4<11111110000000000111000001111111>, C4<0>, C4<0>, C4<0>;
L_0x59e2d3809f70 .functor AND 32, L_0x59e2d37a06e0, L_0x78152e1c3b70, C4<11111111111111111111111111111111>, C4<11111111111111111111111111111111>;
L_0x59e2d380a170 .functor AND 1, L_0x78152e1c3c90, L_0x59e2d380a030, C4<1>, C4<1>;
L_0x78152e1c3c00 .functor BUFT 1, C4<11111110000000000111000001111111>, C4<0>, C4<0>, C4<0>;
L_0x59e2d380a230 .functor AND 32, L_0x59e2d37a06e0, L_0x78152e1c3c00, C4<11111111111111111111111111111111>, C4<11111111111111111111111111111111>;
L_0x59e2d380a430 .functor AND 1, L_0x78152e1c3c90, L_0x59e2d380a2f0, C4<1>, C4<1>;
v0x59e2d36d96f0_0 .net/2u *"_ivl_0", 31 0, L_0x78152e1bdb40;  1 drivers
v0x59e2d36d9790_0 .net *"_ivl_10", 31 0, L_0x59e2d37d5fb0;  1 drivers
v0x59e2d36d9830_0 .net *"_ivl_100", 31 0, L_0x59e2d37d88e0;  1 drivers
L_0x78152e1c1218 .functor BUFT 1, C4<00000010000000000101000000110011>, C4<0>, C4<0>, C4<0>;
v0x59e2d36d98d0_0 .net/2u *"_ivl_1000", 31 0, L_0x78152e1c1218;  1 drivers
v0x59e2d36d9970_0 .net *"_ivl_1002", 0 0, L_0x59e2d37f7da0;  1 drivers
v0x59e2d36d9a10_0 .net *"_ivl_1005", 0 0, L_0x59e2d37f7ee0;  1 drivers
v0x59e2d36d9ab0_0 .net/2u *"_ivl_1006", 31 0, L_0x78152e1c1260;  1 drivers
v0x59e2d36d9b50_0 .net *"_ivl_1008", 31 0, L_0x59e2d37f7ff0;  1 drivers
L_0x78152e1c12a8 .functor BUFT 1, C4<00000010000000000110000000110011>, C4<0>, C4<0>, C4<0>;
v0x59e2d36d9bf0_0 .net/2u *"_ivl_1010", 31 0, L_0x78152e1c12a8;  1 drivers
v0x59e2d36d9c90_0 .net *"_ivl_1012", 0 0, L_0x59e2d37f8410;  1 drivers
v0x59e2d36d9d30_0 .net *"_ivl_1015", 0 0, L_0x59e2d37f8500;  1 drivers
v0x59e2d36d9dd0_0 .net/2u *"_ivl_1016", 31 0, L_0x78152e1c12f0;  1 drivers
v0x59e2d36d9e70_0 .net *"_ivl_1018", 31 0, L_0x59e2d37f8610;  1 drivers
L_0x78152e1be128 .functor BUFT 1, C4<00000000000000000000000000010111>, C4<0>, C4<0>, C4<0>;
v0x59e2d36d9f10_0 .net/2u *"_ivl_102", 31 0, L_0x78152e1be128;  1 drivers
L_0x78152e1c1338 .functor BUFT 1, C4<00000010000000000111000000110011>, C4<0>, C4<0>, C4<0>;
v0x59e2d36d9fb0_0 .net/2u *"_ivl_1020", 31 0, L_0x78152e1c1338;  1 drivers
v0x59e2d36da050_0 .net *"_ivl_1022", 0 0, L_0x59e2d37f86d0;  1 drivers
v0x59e2d36da0f0_0 .net *"_ivl_1025", 0 0, L_0x59e2d37f8810;  1 drivers
v0x59e2d36da190_0 .net/2u *"_ivl_1026", 31 0, L_0x78152e1c1380;  1 drivers
v0x59e2d36da230_0 .net *"_ivl_1028", 31 0, L_0x59e2d37f8920;  1 drivers
L_0x78152e1c13c8 .functor BUFT 1, C4<00001000000000000000000000001011>, C4<0>, C4<0>, C4<0>;
v0x59e2d36da2d0_0 .net/2u *"_ivl_1030", 31 0, L_0x78152e1c13c8;  1 drivers
v0x59e2d36da370_0 .net *"_ivl_1032", 0 0, L_0x59e2d37f89e0;  1 drivers
v0x59e2d36da410_0 .net *"_ivl_1035", 0 0, L_0x59e2d37f8e60;  1 drivers
v0x59e2d36da4b0_0 .net/2u *"_ivl_1036", 31 0, L_0x78152e1c1410;  1 drivers
v0x59e2d36da550_0 .net *"_ivl_1038", 31 0, L_0x59e2d37f8f70;  1 drivers
v0x59e2d36da5f0_0 .net *"_ivl_104", 0 0, L_0x59e2d37d8640;  1 drivers
L_0x78152e1c1458 .functor BUFT 1, C4<00000100000000000000000000001011>, C4<0>, C4<0>, C4<0>;
v0x59e2d36da690_0 .net/2u *"_ivl_1040", 31 0, L_0x78152e1c1458;  1 drivers
v0x59e2d36da730_0 .net *"_ivl_1042", 0 0, L_0x59e2d37f9030;  1 drivers
v0x59e2d36da7d0_0 .net *"_ivl_1045", 0 0, L_0x59e2d37f9170;  1 drivers
v0x59e2d36da870_0 .net/2u *"_ivl_1046", 31 0, L_0x78152e1c14a0;  1 drivers
v0x59e2d36da910_0 .net *"_ivl_1048", 31 0, L_0x59e2d37f9280;  1 drivers
L_0x78152e1c14e8 .functor BUFT 1, C4<00000010000000000001000000001011>, C4<0>, C4<0>, C4<0>;
v0x59e2d36da9b0_0 .net/2u *"_ivl_1050", 31 0, L_0x78152e1c14e8;  1 drivers
v0x59e2d36daa50_0 .net *"_ivl_1052", 0 0, L_0x59e2d37f9340;  1 drivers
v0x59e2d36daaf0_0 .net *"_ivl_1055", 0 0, L_0x59e2d37f97f0;  1 drivers
v0x59e2d36dab90_0 .net/2u *"_ivl_1056", 31 0, L_0x78152e1c1530;  1 drivers
v0x59e2d36dac30_0 .net *"_ivl_1058", 31 0, L_0x59e2d37f9900;  1 drivers
L_0x78152e1c1578 .functor BUFT 1, C4<00000000000000000001000001110011>, C4<0>, C4<0>, C4<0>;
v0x59e2d36dacd0_0 .net/2u *"_ivl_1060", 31 0, L_0x78152e1c1578;  1 drivers
v0x59e2d36dad70_0 .net *"_ivl_1062", 0 0, L_0x59e2d37f99c0;  1 drivers
v0x59e2d36dae10_0 .net *"_ivl_1065", 0 0, L_0x59e2d37fa8a0;  1 drivers
v0x59e2d36daeb0_0 .net/2u *"_ivl_1066", 31 0, L_0x78152e1c15c0;  1 drivers
v0x59e2d36daf50_0 .net *"_ivl_1068", 31 0, L_0x59e2d37fa9b0;  1 drivers
v0x59e2d36daff0_0 .net *"_ivl_107", 0 0, L_0x59e2d37d8af0;  1 drivers
L_0x78152e1c1608 .functor BUFT 1, C4<00000000000000000010000001110011>, C4<0>, C4<0>, C4<0>;
v0x59e2d36db090_0 .net/2u *"_ivl_1070", 31 0, L_0x78152e1c1608;  1 drivers
v0x59e2d36db130_0 .net *"_ivl_1072", 0 0, L_0x59e2d37fa1b0;  1 drivers
v0x59e2d36db1d0_0 .net *"_ivl_1075", 0 0, L_0x59e2d37fa2f0;  1 drivers
v0x59e2d36db270_0 .net/2u *"_ivl_1076", 31 0, L_0x78152e1c1650;  1 drivers
v0x59e2d36db310_0 .net *"_ivl_1078", 31 0, L_0x59e2d37fa400;  1 drivers
v0x59e2d36db3b0_0 .net/2u *"_ivl_108", 31 0, L_0x78152e1be170;  1 drivers
L_0x78152e1c1698 .functor BUFT 1, C4<00000000000000000011000001110011>, C4<0>, C4<0>, C4<0>;
v0x59e2d36db450_0 .net/2u *"_ivl_1080", 31 0, L_0x78152e1c1698;  1 drivers
v0x59e2d36db4f0_0 .net *"_ivl_1082", 0 0, L_0x59e2d37fa4c0;  1 drivers
v0x59e2d36db590_0 .net *"_ivl_1085", 0 0, L_0x59e2d37fa600;  1 drivers
v0x59e2d36db630_0 .net/2u *"_ivl_1086", 31 0, L_0x78152e1c16e0;  1 drivers
v0x59e2d36db6d0_0 .net *"_ivl_1088", 31 0, L_0x59e2d37fa710;  1 drivers
L_0x78152e1c1728 .functor BUFT 1, C4<00000000000000000101000001110011>, C4<0>, C4<0>, C4<0>;
v0x59e2d36db770_0 .net/2u *"_ivl_1090", 31 0, L_0x78152e1c1728;  1 drivers
v0x59e2d36db810_0 .net *"_ivl_1092", 0 0, L_0x59e2d37fa7d0;  1 drivers
v0x59e2d36db8b0_0 .net *"_ivl_1095", 0 0, L_0x59e2d37fb230;  1 drivers
v0x59e2d36db950_0 .net/2u *"_ivl_1096", 31 0, L_0x78152e1c1770;  1 drivers
v0x59e2d36db9f0_0 .net *"_ivl_1098", 31 0, L_0x59e2d37fb340;  1 drivers
v0x59e2d36dba90_0 .net *"_ivl_110", 31 0, L_0x59e2d37d8c00;  1 drivers
L_0x78152e1c17b8 .functor BUFT 1, C4<00000000000000000110000001110011>, C4<0>, C4<0>, C4<0>;
v0x59e2d36dbb30_0 .net/2u *"_ivl_1100", 31 0, L_0x78152e1c17b8;  1 drivers
v0x59e2d36dbbd0_0 .net *"_ivl_1102", 0 0, L_0x59e2d37faa70;  1 drivers
v0x59e2d36dbc70_0 .net *"_ivl_1105", 0 0, L_0x59e2d37fabb0;  1 drivers
v0x59e2d36dbd10_0 .net/2u *"_ivl_1106", 31 0, L_0x78152e1c1800;  1 drivers
v0x59e2d36dbdb0_0 .net *"_ivl_1108", 31 0, L_0x59e2d37facc0;  1 drivers
L_0x78152e1c1848 .functor BUFT 1, C4<00000000000000000111000001110011>, C4<0>, C4<0>, C4<0>;
v0x59e2d36dbe50_0 .net/2u *"_ivl_1110", 31 0, L_0x78152e1c1848;  1 drivers
v0x59e2d36dbef0_0 .net *"_ivl_1112", 0 0, L_0x59e2d37fad80;  1 drivers
v0x59e2d36dbf90_0 .net *"_ivl_1115", 0 0, L_0x59e2d37faec0;  1 drivers
v0x59e2d36dc030_0 .net/2u *"_ivl_1116", 31 0, L_0x78152e1c1890;  1 drivers
v0x59e2d36dc0d0_0 .net *"_ivl_1118", 31 0, L_0x59e2d37fafd0;  1 drivers
L_0x78152e1be1b8 .functor BUFT 1, C4<00000000000000000000000000110011>, C4<0>, C4<0>, C4<0>;
v0x59e2d36dc170_0 .net/2u *"_ivl_112", 31 0, L_0x78152e1be1b8;  1 drivers
L_0x78152e1c18d8 .functor BUFT 1, C4<00000010000000000000000000001011>, C4<0>, C4<0>, C4<0>;
v0x59e2d36dc210_0 .net/2u *"_ivl_1120", 31 0, L_0x78152e1c18d8;  1 drivers
v0x59e2d36dc2b0_0 .net *"_ivl_1122", 0 0, L_0x59e2d37fb090;  1 drivers
v0x59e2d36dc350_0 .net *"_ivl_1125", 0 0, L_0x59e2d37fbf20;  1 drivers
v0x59e2d36dc3f0_0 .net/2u *"_ivl_1128", 31 0, L_0x78152e1c1920;  1 drivers
v0x59e2d36dc490_0 .net *"_ivl_1130", 31 0, L_0x59e2d37fb400;  1 drivers
L_0x78152e1c1968 .functor BUFT 1, C4<00000000000000000111000000010011>, C4<0>, C4<0>, C4<0>;
v0x59e2d36dc530_0 .net/2u *"_ivl_1132", 31 0, L_0x78152e1c1968;  1 drivers
v0x59e2d36dc5d0_0 .net *"_ivl_1134", 0 0, L_0x59e2d37fb4c0;  1 drivers
v0x59e2d36dc670_0 .net/2u *"_ivl_1136", 31 0, L_0x78152e1c19b0;  1 drivers
v0x59e2d36dc710_0 .net *"_ivl_1138", 31 0, L_0x59e2d37fb600;  1 drivers
v0x59e2d36dc7b0_0 .net *"_ivl_114", 0 0, L_0x59e2d37d8d80;  1 drivers
L_0x78152e1c19f8 .functor BUFT 1, C4<00000000000000000000000000010011>, C4<0>, C4<0>, C4<0>;
v0x59e2d36dc850_0 .net/2u *"_ivl_1140", 31 0, L_0x78152e1c19f8;  1 drivers
v0x59e2d36dc8f0_0 .net *"_ivl_1142", 0 0, L_0x59e2d37fb6c0;  1 drivers
v0x59e2d36dc990_0 .net *"_ivl_1145", 0 0, L_0x59e2d37fb800;  1 drivers
v0x59e2d36dca30_0 .net/2u *"_ivl_1146", 31 0, L_0x78152e1c1a40;  1 drivers
v0x59e2d36dcad0_0 .net *"_ivl_1148", 31 0, L_0x59e2d37fb910;  1 drivers
L_0x78152e1c1a88 .functor BUFT 1, C4<00000000000000000010000000010011>, C4<0>, C4<0>, C4<0>;
v0x59e2d36dcb70_0 .net/2u *"_ivl_1150", 31 0, L_0x78152e1c1a88;  1 drivers
v0x59e2d36dcc10_0 .net *"_ivl_1152", 0 0, L_0x59e2d37fb9d0;  1 drivers
v0x59e2d36dccb0_0 .net *"_ivl_1155", 0 0, L_0x59e2d37fc0f0;  1 drivers
v0x59e2d36dcd50_0 .net/2u *"_ivl_1156", 31 0, L_0x78152e1c1ad0;  1 drivers
v0x59e2d36dcdf0_0 .net *"_ivl_1158", 31 0, L_0x59e2d37fc200;  1 drivers
L_0x78152e1c1b18 .functor BUFT 1, C4<00000000000000000011000000010011>, C4<0>, C4<0>, C4<0>;
v0x59e2d36dce90_0 .net/2u *"_ivl_1160", 31 0, L_0x78152e1c1b18;  1 drivers
v0x59e2d36dcf30_0 .net *"_ivl_1162", 0 0, L_0x59e2d37fc2c0;  1 drivers
v0x59e2d36dcfd0_0 .net *"_ivl_1165", 0 0, L_0x59e2d37fc7a0;  1 drivers
v0x59e2d36dd070_0 .net/2u *"_ivl_1166", 31 0, L_0x78152e1c1b60;  1 drivers
v0x59e2d36dd110_0 .net *"_ivl_1168", 31 0, L_0x59e2d37fd3d0;  1 drivers
v0x59e2d36dd1b0_0 .net *"_ivl_117", 0 0, L_0x59e2d37d8f30;  1 drivers
L_0x78152e1c1ba8 .functor BUFT 1, C4<00000000000000000110000000010011>, C4<0>, C4<0>, C4<0>;
v0x59e2d36dd250_0 .net/2u *"_ivl_1170", 31 0, L_0x78152e1c1ba8;  1 drivers
v0x59e2d36dd2f0_0 .net *"_ivl_1172", 0 0, L_0x59e2d37fcbf0;  1 drivers
v0x59e2d36dd390_0 .net *"_ivl_1175", 0 0, L_0x59e2d37fcd30;  1 drivers
v0x59e2d36dd430_0 .net/2u *"_ivl_1176", 31 0, L_0x78152e1c1bf0;  1 drivers
v0x59e2d36dd4d0_0 .net *"_ivl_1178", 31 0, L_0x59e2d37fce40;  1 drivers
v0x59e2d36dd570_0 .net/2u *"_ivl_118", 31 0, L_0x78152e1be200;  1 drivers
L_0x78152e1c1c38 .functor BUFT 1, C4<00000000000000000100000000010011>, C4<0>, C4<0>, C4<0>;
v0x59e2d36dd610_0 .net/2u *"_ivl_1180", 31 0, L_0x78152e1c1c38;  1 drivers
v0x59e2d36dd6b0_0 .net *"_ivl_1182", 0 0, L_0x59e2d37fcf00;  1 drivers
v0x59e2d36dd750_0 .net *"_ivl_1185", 0 0, L_0x59e2d37fd040;  1 drivers
v0x59e2d36dd7f0_0 .net/2u *"_ivl_1186", 31 0, L_0x78152e1c1c80;  1 drivers
v0x59e2d36dd890_0 .net *"_ivl_1188", 31 0, L_0x59e2d37fd150;  1 drivers
L_0x78152e1c1cc8 .functor BUFT 1, C4<00000000000000000001000000010011>, C4<0>, C4<0>, C4<0>;
v0x59e2d36dd930_0 .net/2u *"_ivl_1190", 31 0, L_0x78152e1c1cc8;  1 drivers
v0x59e2d36dd9d0_0 .net *"_ivl_1192", 0 0, L_0x59e2d37fd210;  1 drivers
v0x59e2d36dda70_0 .net *"_ivl_1195", 0 0, L_0x59e2d37fd490;  1 drivers
v0x59e2d36ddb10_0 .net/2u *"_ivl_1196", 31 0, L_0x78152e1c1d10;  1 drivers
v0x59e2d36ddbb0_0 .net *"_ivl_1198", 31 0, L_0x59e2d37fd5a0;  1 drivers
L_0x78152e1bdc18 .functor BUFT 1, C4<00000000000000000000000000010011>, C4<0>, C4<0>, C4<0>;
v0x59e2d36ddc50_0 .net/2u *"_ivl_12", 31 0, L_0x78152e1bdc18;  1 drivers
v0x59e2d36ddcf0_0 .net *"_ivl_120", 31 0, L_0x59e2d37d9040;  1 drivers
L_0x78152e1c1d58 .functor BUFT 1, C4<00000000000000000101000000010011>, C4<0>, C4<0>, C4<0>;
v0x59e2d36ddd90_0 .net/2u *"_ivl_1200", 31 0, L_0x78152e1c1d58;  1 drivers
v0x59e2d36dde30_0 .net *"_ivl_1202", 0 0, L_0x59e2d37fd660;  1 drivers
v0x59e2d36dded0_0 .net *"_ivl_1205", 0 0, L_0x59e2d37fdb60;  1 drivers
v0x59e2d36ddf70_0 .net/2u *"_ivl_1206", 31 0, L_0x78152e1c1da0;  1 drivers
v0x59e2d36de010_0 .net *"_ivl_1208", 31 0, L_0x59e2d37fe810;  1 drivers
L_0x78152e1c1de8 .functor BUFT 1, C4<01000000000000000101000000010011>, C4<0>, C4<0>, C4<0>;
v0x59e2d36de0b0_0 .net/2u *"_ivl_1210", 31 0, L_0x78152e1c1de8;  1 drivers
v0x59e2d36de150_0 .net *"_ivl_1212", 0 0, L_0x59e2d37fdff0;  1 drivers
v0x59e2d36de1f0_0 .net *"_ivl_1215", 0 0, L_0x59e2d37fe130;  1 drivers
v0x59e2d36de290_0 .net/2u *"_ivl_1216", 31 0, L_0x78152e1c1e30;  1 drivers
v0x59e2d36de330_0 .net *"_ivl_1218", 31 0, L_0x59e2d37fe240;  1 drivers
L_0x78152e1be248 .functor BUFT 1, C4<01000000000000000000000000110011>, C4<0>, C4<0>, C4<0>;
v0x59e2d36de3d0_0 .net/2u *"_ivl_122", 31 0, L_0x78152e1be248;  1 drivers
L_0x78152e1c1e78 .functor BUFT 1, C4<00000000000000000000000000110111>, C4<0>, C4<0>, C4<0>;
v0x59e2d36de470_0 .net/2u *"_ivl_1220", 31 0, L_0x78152e1c1e78;  1 drivers
v0x59e2d36de510_0 .net *"_ivl_1222", 0 0, L_0x59e2d37fe300;  1 drivers
v0x59e2d36de5b0_0 .net *"_ivl_1225", 0 0, L_0x59e2d37fe440;  1 drivers
v0x59e2d36de650_0 .net/2u *"_ivl_1226", 31 0, L_0x78152e1c1ec0;  1 drivers
v0x59e2d36de6f0_0 .net *"_ivl_1228", 31 0, L_0x59e2d37fe550;  1 drivers
L_0x78152e1c1f08 .functor BUFT 1, C4<00000000000000000000000000010111>, C4<0>, C4<0>, C4<0>;
v0x59e2d36defa0_0 .net/2u *"_ivl_1230", 31 0, L_0x78152e1c1f08;  1 drivers
v0x59e2d36df040_0 .net *"_ivl_1232", 0 0, L_0x59e2d37fe610;  1 drivers
v0x59e2d36df0e0_0 .net *"_ivl_1235", 0 0, L_0x59e2d37fe750;  1 drivers
v0x59e2d36df180_0 .net/2u *"_ivl_1236", 31 0, L_0x78152e1c1f50;  1 drivers
v0x59e2d36df220_0 .net *"_ivl_1238", 31 0, L_0x59e2d37fe970;  1 drivers
v0x59e2d36df2c0_0 .net *"_ivl_124", 0 0, L_0x59e2d37d91d0;  1 drivers
L_0x78152e1c1f98 .functor BUFT 1, C4<00000000000000000000000000110011>, C4<0>, C4<0>, C4<0>;
v0x59e2d36df360_0 .net/2u *"_ivl_1240", 31 0, L_0x78152e1c1f98;  1 drivers
v0x59e2d36df400_0 .net *"_ivl_1242", 0 0, L_0x59e2d37fea30;  1 drivers
v0x59e2d36df4a0_0 .net *"_ivl_1245", 0 0, L_0x59e2d37feb70;  1 drivers
v0x59e2d36df540_0 .net/2u *"_ivl_1246", 31 0, L_0x78152e1c1fe0;  1 drivers
v0x59e2d36df5e0_0 .net *"_ivl_1248", 31 0, L_0x59e2d37fec80;  1 drivers
L_0x78152e1c2028 .functor BUFT 1, C4<01000000000000000000000000110011>, C4<0>, C4<0>, C4<0>;
v0x59e2d36df680_0 .net/2u *"_ivl_1250", 31 0, L_0x78152e1c2028;  1 drivers
v0x59e2d36df720_0 .net *"_ivl_1252", 0 0, L_0x59e2d37fed40;  1 drivers
v0x59e2d36df7c0_0 .net *"_ivl_1255", 0 0, L_0x59e2d37fee80;  1 drivers
v0x59e2d36df860_0 .net/2u *"_ivl_1256", 31 0, L_0x78152e1c2070;  1 drivers
v0x59e2d36df900_0 .net *"_ivl_1258", 31 0, L_0x59e2d37fef90;  1 drivers
L_0x78152e1c20b8 .functor BUFT 1, C4<00000000000000000010000000110011>, C4<0>, C4<0>, C4<0>;
v0x59e2d36df9a0_0 .net/2u *"_ivl_1260", 31 0, L_0x78152e1c20b8;  1 drivers
v0x59e2d36dfa40_0 .net *"_ivl_1262", 0 0, L_0x59e2d37ff4a0;  1 drivers
v0x59e2d36dfae0_0 .net *"_ivl_1265", 0 0, L_0x59e2d37ff050;  1 drivers
v0x59e2d36dfb80_0 .net/2u *"_ivl_1266", 31 0, L_0x78152e1c2100;  1 drivers
v0x59e2d36dfc20_0 .net *"_ivl_1268", 31 0, L_0x59e2d37ffa70;  1 drivers
v0x59e2d36dfcc0_0 .net *"_ivl_127", 0 0, L_0x59e2d37d9310;  1 drivers
L_0x78152e1c2148 .functor BUFT 1, C4<00000000000000000011000000110011>, C4<0>, C4<0>, C4<0>;
v0x59e2d36dfd60_0 .net/2u *"_ivl_1270", 31 0, L_0x78152e1c2148;  1 drivers
v0x59e2d36dfe00_0 .net *"_ivl_1272", 0 0, L_0x59e2d37ffb30;  1 drivers
v0x59e2d36dfea0_0 .net *"_ivl_1275", 0 0, L_0x59e2d37ea0e0;  1 drivers
v0x59e2d36dff40_0 .net/2u *"_ivl_1276", 31 0, L_0x78152e1c2190;  1 drivers
v0x59e2d36dffe0_0 .net *"_ivl_1278", 31 0, L_0x59e2d37ea1f0;  1 drivers
v0x59e2d36e0080_0 .net/2u *"_ivl_128", 31 0, L_0x78152e1be290;  1 drivers
L_0x78152e1c21d8 .functor BUFT 1, C4<00000000000000000100000000110011>, C4<0>, C4<0>, C4<0>;
v0x59e2d36e0120_0 .net/2u *"_ivl_1280", 31 0, L_0x78152e1c21d8;  1 drivers
v0x59e2d36e01c0_0 .net *"_ivl_1282", 0 0, L_0x59e2d37ea2b0;  1 drivers
v0x59e2d36e0260_0 .net *"_ivl_1285", 0 0, L_0x59e2d37ea7f0;  1 drivers
v0x59e2d36e0300_0 .net/2u *"_ivl_1286", 31 0, L_0x78152e1c2220;  1 drivers
v0x59e2d36e03a0_0 .net *"_ivl_1288", 31 0, L_0x59e2d3801540;  1 drivers
L_0x78152e1c2268 .functor BUFT 1, C4<00000000000000000110000000110011>, C4<0>, C4<0>, C4<0>;
v0x59e2d36e0440_0 .net/2u *"_ivl_1290", 31 0, L_0x78152e1c2268;  1 drivers
v0x59e2d36e04e0_0 .net *"_ivl_1292", 0 0, L_0x59e2d3800ca0;  1 drivers
v0x59e2d36e0580_0 .net *"_ivl_1295", 0 0, L_0x59e2d3800de0;  1 drivers
v0x59e2d36e0620_0 .net/2u *"_ivl_1296", 31 0, L_0x78152e1c22b0;  1 drivers
v0x59e2d36e06c0_0 .net *"_ivl_1298", 31 0, L_0x59e2d3800ef0;  1 drivers
v0x59e2d36e0760_0 .net *"_ivl_130", 31 0, L_0x59e2d37d9420;  1 drivers
L_0x78152e1c22f8 .functor BUFT 1, C4<00000000000000000111000000110011>, C4<0>, C4<0>, C4<0>;
v0x59e2d36e0800_0 .net/2u *"_ivl_1300", 31 0, L_0x78152e1c22f8;  1 drivers
v0x59e2d36e08a0_0 .net *"_ivl_1302", 0 0, L_0x59e2d3800fb0;  1 drivers
v0x59e2d36e0940_0 .net *"_ivl_1305", 0 0, L_0x59e2d38010f0;  1 drivers
v0x59e2d36e09e0_0 .net/2u *"_ivl_1306", 31 0, L_0x78152e1c2340;  1 drivers
v0x59e2d36e0a80_0 .net *"_ivl_1308", 31 0, L_0x59e2d3801200;  1 drivers
L_0x78152e1c2388 .functor BUFT 1, C4<00000000000000000001000000110011>, C4<0>, C4<0>, C4<0>;
v0x59e2d36e0b20_0 .net/2u *"_ivl_1310", 31 0, L_0x78152e1c2388;  1 drivers
v0x59e2d36e0bc0_0 .net *"_ivl_1312", 0 0, L_0x59e2d38012c0;  1 drivers
v0x59e2d36e0c60_0 .net *"_ivl_1315", 0 0, L_0x59e2d3801400;  1 drivers
v0x59e2d36e0d00_0 .net/2u *"_ivl_1316", 31 0, L_0x78152e1c23d0;  1 drivers
v0x59e2d36e0da0_0 .net *"_ivl_1318", 31 0, L_0x59e2d3801650;  1 drivers
L_0x78152e1be2d8 .functor BUFT 1, C4<00000000000000000010000000110011>, C4<0>, C4<0>, C4<0>;
v0x59e2d36e0e40_0 .net/2u *"_ivl_132", 31 0, L_0x78152e1be2d8;  1 drivers
L_0x78152e1c2418 .functor BUFT 1, C4<00000000000000000101000000110011>, C4<0>, C4<0>, C4<0>;
v0x59e2d36e0ee0_0 .net/2u *"_ivl_1320", 31 0, L_0x78152e1c2418;  1 drivers
v0x59e2d36e0f80_0 .net *"_ivl_1322", 0 0, L_0x59e2d3801710;  1 drivers
v0x59e2d36e1020_0 .net *"_ivl_1325", 0 0, L_0x59e2d3801c70;  1 drivers
v0x59e2d36e10c0_0 .net/2u *"_ivl_1326", 31 0, L_0x78152e1c2460;  1 drivers
v0x59e2d36e1160_0 .net *"_ivl_1328", 31 0, L_0x59e2d3801d80;  1 drivers
L_0x78152e1c24a8 .functor BUFT 1, C4<01000000000000000101000000110011>, C4<0>, C4<0>, C4<0>;
v0x59e2d36e1200_0 .net/2u *"_ivl_1330", 31 0, L_0x78152e1c24a8;  1 drivers
v0x59e2d36e12a0_0 .net *"_ivl_1332", 0 0, L_0x59e2d3802b20;  1 drivers
v0x59e2d36e1340_0 .net/2u *"_ivl_1336", 31 0, L_0x78152e1c24f0;  1 drivers
v0x59e2d36e13e0_0 .net *"_ivl_1338", 31 0, L_0x59e2d3802d70;  1 drivers
v0x59e2d36e1480_0 .net *"_ivl_134", 0 0, L_0x59e2d37d95c0;  1 drivers
L_0x78152e1c2538 .functor BUFT 1, C4<00000000000000000000000000000011>, C4<0>, C4<0>, C4<0>;
v0x59e2d36e1520_0 .net/2u *"_ivl_1340", 31 0, L_0x78152e1c2538;  1 drivers
v0x59e2d36e15c0_0 .net *"_ivl_1342", 0 0, L_0x59e2d3802280;  1 drivers
v0x59e2d36e1660_0 .net/2u *"_ivl_1344", 31 0, L_0x78152e1c2580;  1 drivers
v0x59e2d36e1700_0 .net *"_ivl_1346", 31 0, L_0x59e2d38027f0;  1 drivers
L_0x78152e1c25c8 .functor BUFT 1, C4<00000000000000000001000000000011>, C4<0>, C4<0>, C4<0>;
v0x59e2d36e17a0_0 .net/2u *"_ivl_1348", 31 0, L_0x78152e1c25c8;  1 drivers
v0x59e2d36e1840_0 .net *"_ivl_1350", 0 0, L_0x59e2d38028b0;  1 drivers
v0x59e2d36e18e0_0 .net *"_ivl_1353", 0 0, L_0x59e2d38029f0;  1 drivers
v0x59e2d36e1980_0 .net/2u *"_ivl_1354", 31 0, L_0x78152e1c2610;  1 drivers
v0x59e2d36e1a20_0 .net *"_ivl_1356", 31 0, L_0x59e2d3801850;  1 drivers
L_0x78152e1c2658 .functor BUFT 1, C4<00000000000000000010000000000011>, C4<0>, C4<0>, C4<0>;
v0x59e2d36e1ac0_0 .net/2u *"_ivl_1358", 31 0, L_0x78152e1c2658;  1 drivers
v0x59e2d36e1b60_0 .net *"_ivl_1360", 0 0, L_0x59e2d3801910;  1 drivers
v0x59e2d36e1c00_0 .net *"_ivl_1363", 0 0, L_0x59e2d3801a50;  1 drivers
v0x59e2d36e1ca0_0 .net/2u *"_ivl_1364", 31 0, L_0x78152e1c26a0;  1 drivers
v0x59e2d36e1d40_0 .net *"_ivl_1366", 31 0, L_0x59e2d3801b60;  1 drivers
L_0x78152e1c26e8 .functor BUFT 1, C4<00000000000000000100000000000011>, C4<0>, C4<0>, C4<0>;
v0x59e2d36e1de0_0 .net/2u *"_ivl_1368", 31 0, L_0x78152e1c26e8;  1 drivers
v0x59e2d36e1e80_0 .net *"_ivl_137", 0 0, L_0x59e2d37d8ec0;  1 drivers
v0x59e2d36e1f20_0 .net *"_ivl_1370", 0 0, L_0x59e2d38023c0;  1 drivers
v0x59e2d36e1fc0_0 .net *"_ivl_1373", 0 0, L_0x59e2d38024b0;  1 drivers
v0x59e2d36e2060_0 .net/2u *"_ivl_1374", 31 0, L_0x78152e1c2730;  1 drivers
v0x59e2d36e2100_0 .net *"_ivl_1376", 31 0, L_0x59e2d38025c0;  1 drivers
L_0x78152e1c2778 .functor BUFT 1, C4<00000000000000000101000000000011>, C4<0>, C4<0>, C4<0>;
v0x59e2d36e21a0_0 .net/2u *"_ivl_1378", 31 0, L_0x78152e1c2778;  1 drivers
v0x59e2d36e2240_0 .net/2u *"_ivl_138", 31 0, L_0x78152e1be320;  1 drivers
v0x59e2d36e22e0_0 .net *"_ivl_1380", 0 0, L_0x59e2d3802680;  1 drivers
v0x59e2d36e2380_0 .net *"_ivl_1383", 0 0, L_0x59e2d3803280;  1 drivers
v0x59e2d36e2420_0 .net/2u *"_ivl_1384", 31 0, L_0x78152e1c27c0;  1 drivers
v0x59e2d36e24c0_0 .net *"_ivl_1386", 31 0, L_0x59e2d3803390;  1 drivers
L_0x78152e1c2808 .functor BUFT 1, C4<00000000000000000110000000000011>, C4<0>, C4<0>, C4<0>;
v0x59e2d36e2560_0 .net/2u *"_ivl_1388", 31 0, L_0x78152e1c2808;  1 drivers
v0x59e2d36e2600_0 .net *"_ivl_1390", 0 0, L_0x59e2d3803450;  1 drivers
v0x59e2d36e26a0_0 .net *"_ivl_1393", 0 0, L_0x59e2d3803590;  1 drivers
v0x59e2d36e2740_0 .net/2u *"_ivl_1394", 31 0, L_0x78152e1c2850;  1 drivers
v0x59e2d36e27e0_0 .net *"_ivl_1396", 31 0, L_0x59e2d38036a0;  1 drivers
L_0x78152e1c2898 .functor BUFT 1, C4<00000000000000000000000000100011>, C4<0>, C4<0>, C4<0>;
v0x59e2d36e2880_0 .net/2u *"_ivl_1398", 31 0, L_0x78152e1c2898;  1 drivers
v0x59e2d36e2920_0 .net *"_ivl_14", 0 0, L_0x59e2d37d6070;  1 drivers
v0x59e2d36e29c0_0 .net *"_ivl_140", 31 0, L_0x59e2d37d97a0;  1 drivers
v0x59e2d36e2a60_0 .net *"_ivl_1400", 0 0, L_0x59e2d3803760;  1 drivers
v0x59e2d36e2b00_0 .net *"_ivl_1403", 0 0, L_0x59e2d38038a0;  1 drivers
v0x59e2d36e2ba0_0 .net/2u *"_ivl_1404", 31 0, L_0x78152e1c28e0;  1 drivers
v0x59e2d36e2c40_0 .net *"_ivl_1406", 31 0, L_0x59e2d38039b0;  1 drivers
L_0x78152e1c2928 .functor BUFT 1, C4<00000000000000000001000000100011>, C4<0>, C4<0>, C4<0>;
v0x59e2d36e2ce0_0 .net/2u *"_ivl_1408", 31 0, L_0x78152e1c2928;  1 drivers
v0x59e2d36e2d80_0 .net *"_ivl_1410", 0 0, L_0x59e2d3803a70;  1 drivers
v0x59e2d36e2e20_0 .net *"_ivl_1413", 0 0, L_0x59e2d3803bb0;  1 drivers
v0x59e2d36e2ec0_0 .net/2u *"_ivl_1414", 31 0, L_0x78152e1c2970;  1 drivers
v0x59e2d36e2f60_0 .net *"_ivl_1416", 31 0, L_0x59e2d3803cc0;  1 drivers
L_0x78152e1c29b8 .functor BUFT 1, C4<00000000000000000010000000100011>, C4<0>, C4<0>, C4<0>;
v0x59e2d36e3000_0 .net/2u *"_ivl_1418", 31 0, L_0x78152e1c29b8;  1 drivers
L_0x78152e1be368 .functor BUFT 1, C4<00000000000000000011000000110011>, C4<0>, C4<0>, C4<0>;
v0x59e2d36e30a0_0 .net/2u *"_ivl_142", 31 0, L_0x78152e1be368;  1 drivers
v0x59e2d36e3140_0 .net *"_ivl_1420", 0 0, L_0x59e2d3803d80;  1 drivers
v0x59e2d36e31e0_0 .net/2u *"_ivl_1424", 31 0, L_0x78152e1c2a00;  1 drivers
v0x59e2d36e3280_0 .net *"_ivl_1426", 31 0, L_0x59e2d3802f40;  1 drivers
L_0x78152e1c2a48 .functor BUFT 1, C4<00000000000000000000000001101111>, C4<0>, C4<0>, C4<0>;
v0x59e2d36e3320_0 .net/2u *"_ivl_1428", 31 0, L_0x78152e1c2a48;  1 drivers
v0x59e2d36e33c0_0 .net *"_ivl_1430", 0 0, L_0x59e2d3803000;  1 drivers
v0x59e2d36e3460_0 .net/2u *"_ivl_1432", 31 0, L_0x78152e1c2a90;  1 drivers
v0x59e2d36e3500_0 .net *"_ivl_1434", 31 0, L_0x59e2d3803140;  1 drivers
L_0x78152e1c2ad8 .functor BUFT 1, C4<00000000000000000000000001100111>, C4<0>, C4<0>, C4<0>;
v0x59e2d36e35a0_0 .net/2u *"_ivl_1436", 31 0, L_0x78152e1c2ad8;  1 drivers
v0x59e2d36e3640_0 .net *"_ivl_1438", 0 0, L_0x59e2d3804330;  1 drivers
v0x59e2d36e36e0_0 .net *"_ivl_144", 0 0, L_0x59e2d37d9950;  1 drivers
v0x59e2d36e3780_0 .net *"_ivl_1441", 0 0, L_0x59e2d3803200;  1 drivers
v0x59e2d36e3820_0 .net/2u *"_ivl_1442", 31 0, L_0x78152e1c2b20;  1 drivers
v0x59e2d36e38c0_0 .net *"_ivl_1444", 31 0, L_0x59e2d3804510;  1 drivers
L_0x78152e1c2b68 .functor BUFT 1, C4<00000000000000000000000001100011>, C4<0>, C4<0>, C4<0>;
v0x59e2d36e3960_0 .net/2u *"_ivl_1446", 31 0, L_0x78152e1c2b68;  1 drivers
v0x59e2d36e3a00_0 .net *"_ivl_1448", 0 0, L_0x59e2d38045d0;  1 drivers
v0x59e2d36e3aa0_0 .net *"_ivl_1451", 0 0, L_0x59e2d3804710;  1 drivers
v0x59e2d36e3b40_0 .net/2u *"_ivl_1452", 31 0, L_0x78152e1c2bb0;  1 drivers
v0x59e2d36e3be0_0 .net *"_ivl_1454", 31 0, L_0x59e2d3804820;  1 drivers
L_0x78152e1c2bf8 .functor BUFT 1, C4<00000000000000000001000001100011>, C4<0>, C4<0>, C4<0>;
v0x59e2d36e3c80_0 .net/2u *"_ivl_1456", 31 0, L_0x78152e1c2bf8;  1 drivers
v0x59e2d36e3d20_0 .net *"_ivl_1458", 0 0, L_0x59e2d38048e0;  1 drivers
v0x59e2d36e3dc0_0 .net *"_ivl_1461", 0 0, L_0x59e2d3803ec0;  1 drivers
v0x59e2d36e3e60_0 .net/2u *"_ivl_1462", 31 0, L_0x78152e1c2c40;  1 drivers
v0x59e2d36e3f00_0 .net *"_ivl_1464", 31 0, L_0x59e2d3803fd0;  1 drivers
L_0x78152e1c2c88 .functor BUFT 1, C4<00000000000000000100000001100011>, C4<0>, C4<0>, C4<0>;
v0x59e2d36de790_0 .net/2u *"_ivl_1466", 31 0, L_0x78152e1c2c88;  1 drivers
v0x59e2d36de850_0 .net *"_ivl_1468", 0 0, L_0x59e2d3804090;  1 drivers
v0x59e2d36de910_0 .net *"_ivl_147", 0 0, L_0x59e2d37d9a90;  1 drivers
v0x59e2d36de9d0_0 .net *"_ivl_1471", 0 0, L_0x59e2d38041d0;  1 drivers
v0x59e2d36dea90_0 .net/2u *"_ivl_1472", 31 0, L_0x78152e1c2cd0;  1 drivers
v0x59e2d36deb70_0 .net *"_ivl_1474", 31 0, L_0x59e2d3804eb0;  1 drivers
L_0x78152e1c2d18 .functor BUFT 1, C4<00000000000000000101000001100011>, C4<0>, C4<0>, C4<0>;
v0x59e2d36dec50_0 .net/2u *"_ivl_1476", 31 0, L_0x78152e1c2d18;  1 drivers
v0x59e2d36ded30_0 .net *"_ivl_1478", 0 0, L_0x59e2d3804f20;  1 drivers
v0x59e2d36dedf0_0 .net/2u *"_ivl_148", 31 0, L_0x78152e1be3b0;  1 drivers
v0x59e2d36deed0_0 .net *"_ivl_1481", 0 0, L_0x59e2d3805500;  1 drivers
v0x59e2d36e4fb0_0 .net/2u *"_ivl_1482", 31 0, L_0x78152e1c2d60;  1 drivers
v0x59e2d36e5050_0 .net *"_ivl_1484", 31 0, L_0x59e2d3804a20;  1 drivers
L_0x78152e1c2da8 .functor BUFT 1, C4<00000000000000000110000001100011>, C4<0>, C4<0>, C4<0>;
v0x59e2d36e50f0_0 .net/2u *"_ivl_1486", 31 0, L_0x78152e1c2da8;  1 drivers
v0x59e2d36e5190_0 .net *"_ivl_1488", 0 0, L_0x59e2d3804ae0;  1 drivers
v0x59e2d36e5230_0 .net *"_ivl_1491", 0 0, L_0x59e2d3804c20;  1 drivers
v0x59e2d36e52d0_0 .net/2u *"_ivl_1492", 31 0, L_0x78152e1c2df0;  1 drivers
v0x59e2d36e5370_0 .net *"_ivl_1494", 31 0, L_0x59e2d3804d30;  1 drivers
L_0x78152e1c2e38 .functor BUFT 1, C4<00000000000000000111000001100011>, C4<0>, C4<0>, C4<0>;
v0x59e2d36e5410_0 .net/2u *"_ivl_1496", 31 0, L_0x78152e1c2e38;  1 drivers
v0x59e2d36e54b0_0 .net *"_ivl_1498", 0 0, L_0x59e2d3804df0;  1 drivers
v0x59e2d36e5550_0 .net *"_ivl_150", 31 0, L_0x59e2d37d9ba0;  1 drivers
v0x59e2d36e55f0_0 .net/2u *"_ivl_1502", 31 0, L_0x78152e1c2e80;  1 drivers
v0x59e2d36e5690_0 .net *"_ivl_1504", 31 0, L_0x59e2d3805170;  1 drivers
L_0x78152e1c2ec8 .functor BUFT 1, C4<00000010000000000000000000110011>, C4<0>, C4<0>, C4<0>;
v0x59e2d36e5730_0 .net/2u *"_ivl_1506", 31 0, L_0x78152e1c2ec8;  1 drivers
v0x59e2d36e57d0_0 .net *"_ivl_1508", 0 0, L_0x59e2d3805230;  1 drivers
v0x59e2d36e5870_0 .net/2u *"_ivl_1510", 31 0, L_0x78152e1c2f10;  1 drivers
v0x59e2d36e5910_0 .net *"_ivl_1512", 31 0, L_0x59e2d3805370;  1 drivers
L_0x78152e1c2f58 .functor BUFT 1, C4<00000010000000000001000000110011>, C4<0>, C4<0>, C4<0>;
v0x59e2d36e59b0_0 .net/2u *"_ivl_1514", 31 0, L_0x78152e1c2f58;  1 drivers
v0x59e2d36e5a50_0 .net *"_ivl_1516", 0 0, L_0x59e2d3805430;  1 drivers
v0x59e2d36e5af0_0 .net *"_ivl_1519", 0 0, L_0x59e2d3805b70;  1 drivers
L_0x78152e1be3f8 .functor BUFT 1, C4<00000000000000000100000000110011>, C4<0>, C4<0>, C4<0>;
v0x59e2d36e5b90_0 .net/2u *"_ivl_152", 31 0, L_0x78152e1be3f8;  1 drivers
v0x59e2d36e5c30_0 .net/2u *"_ivl_1520", 31 0, L_0x78152e1c2fa0;  1 drivers
v0x59e2d36e5cd0_0 .net *"_ivl_1522", 31 0, L_0x59e2d3805c80;  1 drivers
L_0x78152e1c2fe8 .functor BUFT 1, C4<00000010000000000010000000110011>, C4<0>, C4<0>, C4<0>;
v0x59e2d36e5d70_0 .net/2u *"_ivl_1524", 31 0, L_0x78152e1c2fe8;  1 drivers
v0x59e2d36e5e10_0 .net *"_ivl_1526", 0 0, L_0x59e2d3805d40;  1 drivers
v0x59e2d36e5eb0_0 .net *"_ivl_1529", 0 0, L_0x59e2d3805e80;  1 drivers
v0x59e2d36e5f50_0 .net/2u *"_ivl_1530", 31 0, L_0x78152e1c3030;  1 drivers
v0x59e2d36e5ff0_0 .net *"_ivl_1532", 31 0, L_0x59e2d3806090;  1 drivers
L_0x78152e1c3078 .functor BUFT 1, C4<00000010000000000011000000110011>, C4<0>, C4<0>, C4<0>;
v0x59e2d36e6090_0 .net/2u *"_ivl_1534", 31 0, L_0x78152e1c3078;  1 drivers
v0x59e2d36e6130_0 .net *"_ivl_1536", 0 0, L_0x59e2d3806150;  1 drivers
v0x59e2d36e61d0_0 .net *"_ivl_1539", 0 0, L_0x59e2d3806290;  1 drivers
v0x59e2d36e6270_0 .net *"_ivl_154", 0 0, L_0x59e2d37d9d60;  1 drivers
v0x59e2d36e6310_0 .net/2u *"_ivl_1542", 31 0, L_0x78152e1c30c0;  1 drivers
v0x59e2d36e63b0_0 .net *"_ivl_1544", 31 0, L_0x59e2d3806460;  1 drivers
L_0x78152e1c3108 .functor BUFT 1, C4<00000010000000000100000000110011>, C4<0>, C4<0>, C4<0>;
v0x59e2d36e6450_0 .net/2u *"_ivl_1546", 31 0, L_0x78152e1c3108;  1 drivers
v0x59e2d36e64f0_0 .net *"_ivl_1548", 0 0, L_0x59e2d3806520;  1 drivers
v0x59e2d36e6590_0 .net/2u *"_ivl_1550", 31 0, L_0x78152e1c3150;  1 drivers
v0x59e2d36e6630_0 .net *"_ivl_1552", 31 0, L_0x59e2d3806660;  1 drivers
L_0x78152e1c3198 .functor BUFT 1, C4<00000010000000000101000000110011>, C4<0>, C4<0>, C4<0>;
v0x59e2d36e66d0_0 .net/2u *"_ivl_1554", 31 0, L_0x78152e1c3198;  1 drivers
v0x59e2d36e6770_0 .net *"_ivl_1556", 0 0, L_0x59e2d3806720;  1 drivers
v0x59e2d36e6810_0 .net *"_ivl_1559", 0 0, L_0x59e2d38056b0;  1 drivers
v0x59e2d36e68b0_0 .net/2u *"_ivl_1560", 31 0, L_0x78152e1c31e0;  1 drivers
v0x59e2d36e6950_0 .net *"_ivl_1562", 31 0, L_0x59e2d38057c0;  1 drivers
L_0x78152e1c3228 .functor BUFT 1, C4<00000010000000000110000000110011>, C4<0>, C4<0>, C4<0>;
v0x59e2d36e69f0_0 .net/2u *"_ivl_1564", 31 0, L_0x78152e1c3228;  1 drivers
v0x59e2d36e6a90_0 .net *"_ivl_1566", 0 0, L_0x59e2d3805880;  1 drivers
v0x59e2d36e6b30_0 .net *"_ivl_1569", 0 0, L_0x59e2d38059c0;  1 drivers
v0x59e2d36e6bd0_0 .net *"_ivl_157", 0 0, L_0x59e2d37d9f30;  1 drivers
v0x59e2d36e6c70_0 .net/2u *"_ivl_1570", 31 0, L_0x78152e1c3270;  1 drivers
v0x59e2d36e6d10_0 .net *"_ivl_1572", 31 0, L_0x59e2d3805ad0;  1 drivers
L_0x78152e1c32b8 .functor BUFT 1, C4<00000010000000000111000000110011>, C4<0>, C4<0>, C4<0>;
v0x59e2d36e6db0_0 .net/2u *"_ivl_1574", 31 0, L_0x78152e1c32b8;  1 drivers
v0x59e2d36e6e50_0 .net *"_ivl_1576", 0 0, L_0x59e2d3806d40;  1 drivers
v0x59e2d36e6ef0_0 .net *"_ivl_1579", 0 0, L_0x59e2d3807370;  1 drivers
v0x59e2d36e6f90_0 .net/2u *"_ivl_158", 31 0, L_0x78152e1be440;  1 drivers
v0x59e2d36e7030_0 .net/2u *"_ivl_1582", 31 0, L_0x78152e1c3300;  1 drivers
v0x59e2d36e70d0_0 .net *"_ivl_1584", 31 0, L_0x59e2d38069c0;  1 drivers
L_0x78152e1c3348 .functor BUFT 1, C4<00000000000000000000000001110011>, C4<0>, C4<0>, C4<0>;
v0x59e2d36e7170_0 .net/2u *"_ivl_1586", 31 0, L_0x78152e1c3348;  1 drivers
v0x59e2d36e7210_0 .net *"_ivl_1588", 0 0, L_0x59e2d3806a80;  1 drivers
v0x59e2d36e72b0_0 .net/2u *"_ivl_1590", 31 0, L_0x78152e1c3390;  1 drivers
v0x59e2d36e7350_0 .net *"_ivl_1592", 31 0, L_0x59e2d3806bc0;  1 drivers
L_0x78152e1c33d8 .functor BUFT 1, C4<00000000000100000000000001110011>, C4<0>, C4<0>, C4<0>;
v0x59e2d36e73f0_0 .net/2u *"_ivl_1594", 31 0, L_0x78152e1c33d8;  1 drivers
v0x59e2d36e7490_0 .net *"_ivl_1596", 0 0, L_0x59e2d3806c80;  1 drivers
v0x59e2d36e7530_0 .net *"_ivl_1599", 0 0, L_0x59e2d3806e80;  1 drivers
v0x59e2d36e75d0_0 .net *"_ivl_160", 31 0, L_0x59e2d37da040;  1 drivers
v0x59e2d36e7670_0 .net/2u *"_ivl_1600", 31 0, L_0x78152e1c3420;  1 drivers
v0x59e2d36e7710_0 .net *"_ivl_1602", 31 0, L_0x59e2d3806f90;  1 drivers
L_0x78152e1c3468 .functor BUFT 1, C4<00000000001000000000000001110011>, C4<0>, C4<0>, C4<0>;
v0x59e2d36e77b0_0 .net/2u *"_ivl_1604", 31 0, L_0x78152e1c3468;  1 drivers
v0x59e2d36e7850_0 .net *"_ivl_1606", 0 0, L_0x59e2d3807050;  1 drivers
v0x59e2d36e78f0_0 .net *"_ivl_1609", 0 0, L_0x59e2d3807190;  1 drivers
v0x59e2d36e7990_0 .net/2u *"_ivl_1610", 31 0, L_0x78152e1c34b0;  1 drivers
v0x59e2d36e7a30_0 .net *"_ivl_1612", 31 0, L_0x59e2d38072a0;  1 drivers
L_0x78152e1c34f8 .functor BUFT 1, C4<00000000000000000001000001110011>, C4<0>, C4<0>, C4<0>;
v0x59e2d36e7ad0_0 .net/2u *"_ivl_1614", 31 0, L_0x78152e1c34f8;  1 drivers
v0x59e2d36e7b70_0 .net *"_ivl_1616", 0 0, L_0x59e2d38073e0;  1 drivers
v0x59e2d36e7c10_0 .net *"_ivl_1619", 0 0, L_0x59e2d3807a30;  1 drivers
L_0x78152e1be488 .functor BUFT 1, C4<00000000000000000110000000110011>, C4<0>, C4<0>, C4<0>;
v0x59e2d36e7cb0_0 .net/2u *"_ivl_162", 31 0, L_0x78152e1be488;  1 drivers
v0x59e2d36e7d50_0 .net/2u *"_ivl_1620", 31 0, L_0x78152e1c3540;  1 drivers
v0x59e2d36e7df0_0 .net *"_ivl_1622", 31 0, L_0x59e2d3807b40;  1 drivers
L_0x78152e1c3588 .functor BUFT 1, C4<00000000000000000010000001110011>, C4<0>, C4<0>, C4<0>;
v0x59e2d36e7e90_0 .net/2u *"_ivl_1624", 31 0, L_0x78152e1c3588;  1 drivers
v0x59e2d36e7f30_0 .net *"_ivl_1626", 0 0, L_0x59e2d3807c00;  1 drivers
v0x59e2d36e7fd0_0 .net *"_ivl_1629", 0 0, L_0x59e2d3807d40;  1 drivers
v0x59e2d36e8070_0 .net/2u *"_ivl_1630", 31 0, L_0x78152e1c35d0;  1 drivers
v0x59e2d36e8110_0 .net *"_ivl_1632", 31 0, L_0x59e2d3807f00;  1 drivers
L_0x78152e1c3618 .functor BUFT 1, C4<00000000000000000011000001110011>, C4<0>, C4<0>, C4<0>;
v0x59e2d36e81b0_0 .net/2u *"_ivl_1634", 31 0, L_0x78152e1c3618;  1 drivers
v0x59e2d36e8250_0 .net *"_ivl_1636", 0 0, L_0x59e2d3807fc0;  1 drivers
v0x59e2d36e82f0_0 .net *"_ivl_1639", 0 0, L_0x59e2d3808100;  1 drivers
v0x59e2d36e8390_0 .net *"_ivl_164", 0 0, L_0x59e2d37da210;  1 drivers
v0x59e2d36e8430_0 .net/2u *"_ivl_1640", 31 0, L_0x78152e1c3660;  1 drivers
v0x59e2d36e84d0_0 .net *"_ivl_1642", 31 0, L_0x59e2d3808210;  1 drivers
L_0x78152e1c36a8 .functor BUFT 1, C4<00000000000000000101000001110011>, C4<0>, C4<0>, C4<0>;
v0x59e2d36e8570_0 .net/2u *"_ivl_1644", 31 0, L_0x78152e1c36a8;  1 drivers
v0x59e2d36e8610_0 .net *"_ivl_1646", 0 0, L_0x59e2d38082d0;  1 drivers
v0x59e2d36e86b0_0 .net *"_ivl_1649", 0 0, L_0x59e2d3808410;  1 drivers
v0x59e2d36e8750_0 .net/2u *"_ivl_1650", 31 0, L_0x78152e1c36f0;  1 drivers
v0x59e2d36e87f0_0 .net *"_ivl_1652", 31 0, L_0x59e2d3808520;  1 drivers
L_0x78152e1c3738 .functor BUFT 1, C4<00000000000000000110000001110011>, C4<0>, C4<0>, C4<0>;
v0x59e2d36e8890_0 .net/2u *"_ivl_1654", 31 0, L_0x78152e1c3738;  1 drivers
v0x59e2d36e8930_0 .net *"_ivl_1656", 0 0, L_0x59e2d38085e0;  1 drivers
v0x59e2d36e89d0_0 .net *"_ivl_1659", 0 0, L_0x59e2d3807520;  1 drivers
v0x59e2d36e8a70_0 .net/2u *"_ivl_1660", 31 0, L_0x78152e1c3780;  1 drivers
v0x59e2d36e8b10_0 .net *"_ivl_1662", 31 0, L_0x59e2d3807630;  1 drivers
L_0x78152e1c37c8 .functor BUFT 1, C4<00000000000000000111000001110011>, C4<0>, C4<0>, C4<0>;
v0x59e2d36e8bb0_0 .net/2u *"_ivl_1664", 31 0, L_0x78152e1c37c8;  1 drivers
v0x59e2d36e8c50_0 .net *"_ivl_1666", 0 0, L_0x59e2d38076f0;  1 drivers
v0x59e2d36e8cf0_0 .net *"_ivl_1669", 0 0, L_0x59e2d3807830;  1 drivers
v0x59e2d36e8d90_0 .net *"_ivl_167", 0 0, L_0x59e2d37da350;  1 drivers
v0x59e2d36e8e30_0 .net/2u *"_ivl_1670", 31 0, L_0x78152e1c3810;  1 drivers
v0x59e2d36e8ed0_0 .net *"_ivl_1672", 31 0, L_0x59e2d3807940;  1 drivers
L_0x78152e1c3858 .functor BUFT 1, C4<00010000010100000000000001110011>, C4<0>, C4<0>, C4<0>;
v0x59e2d36e8f70_0 .net/2u *"_ivl_1674", 31 0, L_0x78152e1c3858;  1 drivers
v0x59e2d36e9010_0 .net *"_ivl_1676", 0 0, L_0x59e2d3808c50;  1 drivers
v0x59e2d36e90b0_0 .net *"_ivl_1679", 0 0, L_0x59e2d38092d0;  1 drivers
v0x59e2d36e9150_0 .net/2u *"_ivl_168", 31 0, L_0x78152e1be4d0;  1 drivers
v0x59e2d36e91f0_0 .net/2u *"_ivl_1680", 31 0, L_0x78152e1c38a0;  1 drivers
v0x59e2d36e9290_0 .net *"_ivl_1682", 31 0, L_0x59e2d38087c0;  1 drivers
L_0x78152e1c38e8 .functor BUFT 1, C4<00000000000000000000000000001111>, C4<0>, C4<0>, C4<0>;
v0x59e2d36e9330_0 .net/2u *"_ivl_1684", 31 0, L_0x78152e1c38e8;  1 drivers
v0x59e2d36e93d0_0 .net *"_ivl_1686", 0 0, L_0x59e2d3808880;  1 drivers
v0x59e2d36e9470_0 .net *"_ivl_1689", 0 0, L_0x59e2d38089c0;  1 drivers
v0x59e2d36e9510_0 .net/2u *"_ivl_1690", 31 0, L_0x78152e1c3930;  1 drivers
v0x59e2d36e95b0_0 .net *"_ivl_1692", 31 0, L_0x59e2d3808ad0;  1 drivers
L_0x78152e1c3978 .functor BUFT 1, C4<00000000000000000001000000001111>, C4<0>, C4<0>, C4<0>;
v0x59e2d36e9650_0 .net/2u *"_ivl_1694", 31 0, L_0x78152e1c3978;  1 drivers
v0x59e2d36e96f0_0 .net *"_ivl_1696", 0 0, L_0x59e2d3808b90;  1 drivers
v0x59e2d36e9790_0 .net *"_ivl_1699", 0 0, L_0x59e2d3808d90;  1 drivers
v0x59e2d36e9830_0 .net *"_ivl_17", 0 0, L_0x59e2d37d61b0;  1 drivers
v0x59e2d36e98d0_0 .net *"_ivl_170", 31 0, L_0x59e2d37da460;  1 drivers
v0x59e2d36e9970_0 .net/2u *"_ivl_1700", 31 0, L_0x78152e1c39c0;  1 drivers
v0x59e2d36e9a10_0 .net *"_ivl_1702", 31 0, L_0x59e2d3808ea0;  1 drivers
L_0x78152e1c3a08 .functor BUFT 1, C4<00010010000000000000000001110011>, C4<0>, C4<0>, C4<0>;
v0x59e2d36e9ab0_0 .net/2u *"_ivl_1704", 31 0, L_0x78152e1c3a08;  1 drivers
v0x59e2d36e9b50_0 .net *"_ivl_1706", 0 0, L_0x59e2d3808f60;  1 drivers
v0x59e2d36e9bf0_0 .net *"_ivl_1709", 0 0, L_0x59e2d38090a0;  1 drivers
v0x59e2d36e9c90_0 .net *"_ivl_1711", 0 0, L_0x59e2d38091b0;  1 drivers
v0x59e2d36e9d30_0 .net/2u *"_ivl_1714", 31 0, L_0x78152e1c3a50;  1 drivers
v0x59e2d36e9dd0_0 .net *"_ivl_1716", 31 0, L_0x59e2d3809400;  1 drivers
L_0x78152e1c3a98 .functor BUFT 1, C4<00000010000000000000000000001011>, C4<0>, C4<0>, C4<0>;
v0x59e2d36e9e70_0 .net/2u *"_ivl_1718", 31 0, L_0x78152e1c3a98;  1 drivers
L_0x78152e1be518 .functor BUFT 1, C4<00000000000000000111000000110011>, C4<0>, C4<0>, C4<0>;
v0x59e2d36e9f10_0 .net/2u *"_ivl_172", 31 0, L_0x78152e1be518;  1 drivers
v0x59e2d36e9fb0_0 .net *"_ivl_1720", 0 0, L_0x59e2d38094c0;  1 drivers
v0x59e2d36ea050_0 .net/2u *"_ivl_1724", 31 0, L_0x78152e1c3ae0;  1 drivers
v0x59e2d36ea0f0_0 .net *"_ivl_1726", 31 0, L_0x59e2d3809c20;  1 drivers
L_0x78152e1c3b28 .functor BUFT 1, C4<00000100000000000000000000001011>, C4<0>, C4<0>, C4<0>;
v0x59e2d36ea190_0 .net/2u *"_ivl_1728", 31 0, L_0x78152e1c3b28;  1 drivers
v0x59e2d36ea230_0 .net *"_ivl_1730", 0 0, L_0x59e2d3809ce0;  1 drivers
v0x59e2d36ea2d0_0 .net/2u *"_ivl_1734", 31 0, L_0x78152e1c3b70;  1 drivers
v0x59e2d36ea370_0 .net *"_ivl_1736", 31 0, L_0x59e2d3809f70;  1 drivers
L_0x78152e1c3bb8 .functor BUFT 1, C4<00001000000000000000000000001011>, C4<0>, C4<0>, C4<0>;
v0x59e2d36ea410_0 .net/2u *"_ivl_1738", 31 0, L_0x78152e1c3bb8;  1 drivers
v0x59e2d36ea4b0_0 .net *"_ivl_174", 0 0, L_0x59e2d37da640;  1 drivers
v0x59e2d36ea550_0 .net *"_ivl_1740", 0 0, L_0x59e2d380a030;  1 drivers
v0x59e2d36ea5f0_0 .net/2u *"_ivl_1744", 31 0, L_0x78152e1c3c00;  1 drivers
v0x59e2d36ea690_0 .net *"_ivl_1746", 31 0, L_0x59e2d380a230;  1 drivers
L_0x78152e1c3c48 .functor BUFT 1, C4<00000010000000000001000000001011>, C4<0>, C4<0>, C4<0>;
v0x59e2d36ea730_0 .net/2u *"_ivl_1748", 31 0, L_0x78152e1c3c48;  1 drivers
v0x59e2d36ea7d0_0 .net *"_ivl_1750", 0 0, L_0x59e2d380a2f0;  1 drivers
v0x59e2d36ea870_0 .net *"_ivl_177", 0 0, L_0x59e2d37da820;  1 drivers
v0x59e2d36ea910_0 .net/2u *"_ivl_178", 31 0, L_0x78152e1be560;  1 drivers
v0x59e2d36ea9b0_0 .net/2u *"_ivl_18", 31 0, L_0x78152e1bdc60;  1 drivers
v0x59e2d36eaa50_0 .net *"_ivl_180", 31 0, L_0x59e2d37da930;  1 drivers
L_0x78152e1be5a8 .functor BUFT 1, C4<00000000000000000001000000110011>, C4<0>, C4<0>, C4<0>;
v0x59e2d36eaaf0_0 .net/2u *"_ivl_182", 31 0, L_0x78152e1be5a8;  1 drivers
v0x59e2d36eab90_0 .net *"_ivl_184", 0 0, L_0x59e2d37da520;  1 drivers
v0x59e2d36eac30_0 .net *"_ivl_187", 0 0, L_0x59e2d37dab70;  1 drivers
v0x59e2d36eacd0_0 .net/2u *"_ivl_188", 31 0, L_0x78152e1be5f0;  1 drivers
v0x59e2d36ead70_0 .net *"_ivl_190", 31 0, L_0x59e2d37dac80;  1 drivers
L_0x78152e1be638 .functor BUFT 1, C4<00000000000000000101000000110011>, C4<0>, C4<0>, C4<0>;
v0x59e2d36eae10_0 .net/2u *"_ivl_192", 31 0, L_0x78152e1be638;  1 drivers
v0x59e2d36eaeb0_0 .net *"_ivl_194", 0 0, L_0x59e2d37dae80;  1 drivers
v0x59e2d36eaf50_0 .net *"_ivl_197", 0 0, L_0x59e2d37db070;  1 drivers
v0x59e2d36eaff0_0 .net/2u *"_ivl_198", 31 0, L_0x78152e1be680;  1 drivers
v0x59e2d36eb090_0 .net *"_ivl_2", 31 0, L_0x59e2d37d5db0;  1 drivers
v0x59e2d36eb130_0 .net *"_ivl_20", 31 0, L_0x59e2d37d62c0;  1 drivers
v0x59e2d36eb1d0_0 .net *"_ivl_200", 31 0, L_0x59e2d37db180;  1 drivers
L_0x78152e1be6c8 .functor BUFT 1, C4<01000000000000000101000000110011>, C4<0>, C4<0>, C4<0>;
v0x59e2d36eb270_0 .net/2u *"_ivl_202", 31 0, L_0x78152e1be6c8;  1 drivers
v0x59e2d36eb310_0 .net *"_ivl_204", 0 0, L_0x59e2d37da780;  1 drivers
v0x59e2d36eb3b0_0 .net *"_ivl_207", 0 0, L_0x59e2d37db430;  1 drivers
v0x59e2d36eb450_0 .net/2u *"_ivl_208", 31 0, L_0x78152e1be710;  1 drivers
v0x59e2d36eb4f0_0 .net *"_ivl_210", 31 0, L_0x59e2d37db540;  1 drivers
L_0x78152e1be758 .functor BUFT 1, C4<00000000000000000000000001101111>, C4<0>, C4<0>, C4<0>;
v0x59e2d36eb590_0 .net/2u *"_ivl_212", 31 0, L_0x78152e1be758;  1 drivers
v0x59e2d36eb630_0 .net *"_ivl_214", 0 0, L_0x59e2d37db760;  1 drivers
v0x59e2d36eb6d0_0 .net *"_ivl_217", 0 0, L_0x59e2d37dafc0;  1 drivers
v0x59e2d36eb770_0 .net/2u *"_ivl_218", 31 0, L_0x78152e1be7a0;  1 drivers
L_0x78152e1bdca8 .functor BUFT 1, C4<00000000000000000010000000010011>, C4<0>, C4<0>, C4<0>;
v0x59e2d36eb810_0 .net/2u *"_ivl_22", 31 0, L_0x78152e1bdca8;  1 drivers
v0x59e2d36eb8b0_0 .net *"_ivl_220", 31 0, L_0x59e2d37dba00;  1 drivers
L_0x78152e1be7e8 .functor BUFT 1, C4<00000000000000000000000001100111>, C4<0>, C4<0>, C4<0>;
v0x59e2d36eb950_0 .net/2u *"_ivl_222", 31 0, L_0x78152e1be7e8;  1 drivers
v0x59e2d36eb9f0_0 .net *"_ivl_224", 0 0, L_0x59e2d37dbc30;  1 drivers
v0x59e2d36eba90_0 .net *"_ivl_227", 0 0, L_0x59e2d37dbd70;  1 drivers
v0x59e2d36ebb30_0 .net/2u *"_ivl_228", 31 0, L_0x78152e1be830;  1 drivers
v0x59e2d36ebbd0_0 .net *"_ivl_230", 31 0, L_0x59e2d37dbe80;  1 drivers
L_0x78152e1be878 .functor BUFT 1, C4<00000000000000000000000001100011>, C4<0>, C4<0>, C4<0>;
v0x59e2d36ebc70_0 .net/2u *"_ivl_232", 31 0, L_0x78152e1be878;  1 drivers
v0x59e2d36ebd10_0 .net *"_ivl_234", 0 0, L_0x59e2d37dc0c0;  1 drivers
v0x59e2d36ebdb0_0 .net *"_ivl_237", 0 0, L_0x59e2d37dc2d0;  1 drivers
v0x59e2d36ebe50_0 .net/2u *"_ivl_238", 31 0, L_0x78152e1be8c0;  1 drivers
v0x59e2d36ebef0_0 .net *"_ivl_24", 0 0, L_0x59e2d37d6380;  1 drivers
v0x59e2d36ebf90_0 .net *"_ivl_240", 31 0, L_0x59e2d37dc3e0;  1 drivers
L_0x78152e1be908 .functor BUFT 1, C4<00000000000000000001000001100011>, C4<0>, C4<0>, C4<0>;
v0x59e2d36ec030_0 .net/2u *"_ivl_242", 31 0, L_0x78152e1be908;  1 drivers
v0x59e2d36ec0d0_0 .net *"_ivl_244", 0 0, L_0x59e2d37dc630;  1 drivers
v0x59e2d36ec170_0 .net *"_ivl_247", 0 0, L_0x59e2d37dc770;  1 drivers
v0x59e2d36ec210_0 .net/2u *"_ivl_248", 31 0, L_0x78152e1be950;  1 drivers
v0x59e2d36ec2b0_0 .net *"_ivl_250", 31 0, L_0x59e2d37dc880;  1 drivers
L_0x78152e1be998 .functor BUFT 1, C4<00000000000000000100000001100011>, C4<0>, C4<0>, C4<0>;
v0x59e2d36ec350_0 .net/2u *"_ivl_252", 31 0, L_0x78152e1be998;  1 drivers
v0x59e2d36ec3f0_0 .net *"_ivl_254", 0 0, L_0x59e2d37dcae0;  1 drivers
v0x59e2d36ec490_0 .net *"_ivl_257", 0 0, L_0x59e2d37dcd00;  1 drivers
v0x59e2d36ec530_0 .net/2u *"_ivl_258", 31 0, L_0x78152e1be9e0;  1 drivers
v0x59e2d36ec5d0_0 .net *"_ivl_260", 31 0, L_0x59e2d37dce10;  1 drivers
L_0x78152e1bea28 .functor BUFT 1, C4<00000000000000000101000001100011>, C4<0>, C4<0>, C4<0>;
v0x59e2d36ec670_0 .net/2u *"_ivl_262", 31 0, L_0x78152e1bea28;  1 drivers
v0x59e2d36ec710_0 .net *"_ivl_264", 0 0, L_0x59e2d37dd080;  1 drivers
v0x59e2d36ec7b0_0 .net *"_ivl_267", 0 0, L_0x59e2d37dd1c0;  1 drivers
v0x59e2d36ec850_0 .net/2u *"_ivl_268", 31 0, L_0x78152e1bea70;  1 drivers
v0x59e2d36ec8f0_0 .net *"_ivl_27", 0 0, L_0x59e2d37d64c0;  1 drivers
v0x59e2d36ec990_0 .net *"_ivl_270", 31 0, L_0x59e2d37dd2d0;  1 drivers
L_0x78152e1beab8 .functor BUFT 1, C4<00000000000000000110000001100011>, C4<0>, C4<0>, C4<0>;
v0x59e2d36eca30_0 .net/2u *"_ivl_272", 31 0, L_0x78152e1beab8;  1 drivers
v0x59e2d36ecad0_0 .net *"_ivl_274", 0 0, L_0x59e2d37dd550;  1 drivers
v0x59e2d36ecb70_0 .net *"_ivl_277", 0 0, L_0x59e2d37dd780;  1 drivers
v0x59e2d36ecc10_0 .net/2u *"_ivl_278", 31 0, L_0x78152e1beb00;  1 drivers
v0x59e2d36eccb0_0 .net/2u *"_ivl_28", 31 0, L_0x78152e1bdcf0;  1 drivers
v0x59e2d36ecd50_0 .net *"_ivl_280", 31 0, L_0x59e2d37dd890;  1 drivers
L_0x78152e1beb48 .functor BUFT 1, C4<00000000000000000111000001100011>, C4<0>, C4<0>, C4<0>;
v0x59e2d36ecdf0_0 .net/2u *"_ivl_282", 31 0, L_0x78152e1beb48;  1 drivers
v0x59e2d36ece90_0 .net *"_ivl_284", 0 0, L_0x59e2d37ddb20;  1 drivers
v0x59e2d36ecf30_0 .net *"_ivl_287", 0 0, L_0x59e2d37ddc60;  1 drivers
v0x59e2d36ecfd0_0 .net/2u *"_ivl_288", 31 0, L_0x78152e1beb90;  1 drivers
v0x59e2d36ed070_0 .net *"_ivl_290", 31 0, L_0x59e2d37ddd70;  1 drivers
L_0x78152e1bebd8 .functor BUFT 1, C4<00000000000000000000000000000011>, C4<0>, C4<0>, C4<0>;
v0x59e2d36ed110_0 .net/2u *"_ivl_292", 31 0, L_0x78152e1bebd8;  1 drivers
v0x59e2d36ed1b0_0 .net *"_ivl_294", 0 0, L_0x59e2d37de010;  1 drivers
v0x59e2d36ed250_0 .net *"_ivl_297", 0 0, L_0x59e2d37de250;  1 drivers
v0x59e2d36ed2f0_0 .net/2u *"_ivl_298", 31 0, L_0x78152e1bec20;  1 drivers
v0x59e2d36ed390_0 .net *"_ivl_30", 31 0, L_0x59e2d37d65d0;  1 drivers
v0x59e2d36ed430_0 .net *"_ivl_300", 31 0, L_0x59e2d37de360;  1 drivers
L_0x78152e1bec68 .functor BUFT 1, C4<00000000000000000001000000000011>, C4<0>, C4<0>, C4<0>;
v0x59e2d36ed4d0_0 .net/2u *"_ivl_302", 31 0, L_0x78152e1bec68;  1 drivers
v0x59e2d36ed570_0 .net *"_ivl_304", 0 0, L_0x59e2d37de610;  1 drivers
v0x59e2d36ed610_0 .net *"_ivl_307", 0 0, L_0x59e2d37de750;  1 drivers
v0x59e2d36ed6b0_0 .net/2u *"_ivl_308", 31 0, L_0x78152e1becb0;  1 drivers
v0x59e2d36ed750_0 .net *"_ivl_310", 31 0, L_0x59e2d37de860;  1 drivers
L_0x78152e1becf8 .functor BUFT 1, C4<00000000000000000010000000000011>, C4<0>, C4<0>, C4<0>;
v0x59e2d36ed7f0_0 .net/2u *"_ivl_312", 31 0, L_0x78152e1becf8;  1 drivers
v0x59e2d36ed890_0 .net *"_ivl_314", 0 0, L_0x59e2d37deb20;  1 drivers
v0x59e2d36ed930_0 .net *"_ivl_317", 0 0, L_0x59e2d37ded70;  1 drivers
v0x59e2d36ed9d0_0 .net/2u *"_ivl_318", 31 0, L_0x78152e1bed40;  1 drivers
L_0x78152e1bdd38 .functor BUFT 1, C4<00000000000000000011000000010011>, C4<0>, C4<0>, C4<0>;
v0x59e2d36eda70_0 .net/2u *"_ivl_32", 31 0, L_0x78152e1bdd38;  1 drivers
v0x59e2d36edb10_0 .net *"_ivl_320", 31 0, L_0x59e2d37dee80;  1 drivers
L_0x78152e1bed88 .functor BUFT 1, C4<00000000000000000100000000000011>, C4<0>, C4<0>, C4<0>;
v0x59e2d36edbb0_0 .net/2u *"_ivl_322", 31 0, L_0x78152e1bed88;  1 drivers
v0x59e2d36edc50_0 .net *"_ivl_324", 0 0, L_0x59e2d37df150;  1 drivers
v0x59e2d36edcf0_0 .net *"_ivl_327", 0 0, L_0x59e2d37df290;  1 drivers
v0x59e2d36edd90_0 .net/2u *"_ivl_328", 31 0, L_0x78152e1bedd0;  1 drivers
v0x59e2d36ede30_0 .net *"_ivl_330", 31 0, L_0x59e2d37df3a0;  1 drivers
L_0x78152e1bee18 .functor BUFT 1, C4<00000000000000000101000000000011>, C4<0>, C4<0>, C4<0>;
v0x59e2d36eded0_0 .net/2u *"_ivl_332", 31 0, L_0x78152e1bee18;  1 drivers
v0x59e2d36edf70_0 .net *"_ivl_334", 0 0, L_0x59e2d37df680;  1 drivers
v0x59e2d36ee010_0 .net *"_ivl_337", 0 0, L_0x59e2d37df8e0;  1 drivers
v0x59e2d36ee0b0_0 .net/2u *"_ivl_338", 31 0, L_0x78152e1bee60;  1 drivers
v0x59e2d36ee150_0 .net *"_ivl_34", 0 0, L_0x59e2d37d4e00;  1 drivers
v0x59e2d36ee1f0_0 .net *"_ivl_340", 31 0, L_0x59e2d37df9f0;  1 drivers
L_0x78152e1beea8 .functor BUFT 1, C4<00000000000000000110000000000011>, C4<0>, C4<0>, C4<0>;
v0x59e2d36ee290_0 .net/2u *"_ivl_342", 31 0, L_0x78152e1beea8;  1 drivers
v0x59e2d36ee330_0 .net *"_ivl_344", 0 0, L_0x59e2d37dfce0;  1 drivers
v0x59e2d36ee3d0_0 .net *"_ivl_347", 0 0, L_0x59e2d37dfe20;  1 drivers
v0x59e2d36ee470_0 .net/2u *"_ivl_348", 31 0, L_0x78152e1beef0;  1 drivers
v0x59e2d36ee510_0 .net *"_ivl_350", 31 0, L_0x59e2d37dff30;  1 drivers
L_0x78152e1bef38 .functor BUFT 1, C4<00000000000000000000000000100011>, C4<0>, C4<0>, C4<0>;
v0x59e2d36ee5b0_0 .net/2u *"_ivl_352", 31 0, L_0x78152e1bef38;  1 drivers
v0x59e2d36ee650_0 .net *"_ivl_354", 0 0, L_0x59e2d37e0230;  1 drivers
v0x59e2d36ee6f0_0 .net *"_ivl_357", 0 0, L_0x59e2d37df7c0;  1 drivers
v0x59e2d36ee790_0 .net/2u *"_ivl_358", 31 0, L_0x78152e1bef80;  1 drivers
v0x59e2d36ee830_0 .net *"_ivl_360", 31 0, L_0x59e2d37e04a0;  1 drivers
L_0x78152e1befc8 .functor BUFT 1, C4<00000000000000000001000000100011>, C4<0>, C4<0>, C4<0>;
v0x59e2d36ee8d0_0 .net/2u *"_ivl_362", 31 0, L_0x78152e1befc8;  1 drivers
v0x59e2d36e3fa0_0 .net *"_ivl_364", 0 0, L_0x59e2d37e07b0;  1 drivers
v0x59e2d36e4040_0 .net *"_ivl_367", 0 0, L_0x59e2d37e08f0;  1 drivers
v0x59e2d36e4100_0 .net/2u *"_ivl_368", 31 0, L_0x78152e1bf010;  1 drivers
v0x59e2d36e41e0_0 .net *"_ivl_37", 0 0, L_0x59e2d37d4f40;  1 drivers
v0x59e2d36e42a0_0 .net *"_ivl_370", 31 0, L_0x59e2d37e0a00;  1 drivers
L_0x78152e1bf058 .functor BUFT 1, C4<00000000000000000010000000100011>, C4<0>, C4<0>, C4<0>;
v0x59e2d36e4380_0 .net/2u *"_ivl_372", 31 0, L_0x78152e1bf058;  1 drivers
v0x59e2d36e4460_0 .net *"_ivl_374", 0 0, L_0x59e2d37e0d20;  1 drivers
v0x59e2d36e4520_0 .net *"_ivl_377", 0 0, L_0x59e2d37e0fa0;  1 drivers
v0x59e2d36e45e0_0 .net/2u *"_ivl_378", 31 0, L_0x78152e1bf0a0;  1 drivers
v0x59e2d36e46c0_0 .net/2u *"_ivl_38", 31 0, L_0x78152e1bdd80;  1 drivers
v0x59e2d36e47a0_0 .net *"_ivl_380", 31 0, L_0x59e2d37e10b0;  1 drivers
L_0x78152e1bf0e8 .functor BUFT 1, C4<00000000000000000000000001110011>, C4<0>, C4<0>, C4<0>;
v0x59e2d36e4880_0 .net/2u *"_ivl_382", 31 0, L_0x78152e1bf0e8;  1 drivers
v0x59e2d36e4960_0 .net *"_ivl_384", 0 0, L_0x59e2d37e13e0;  1 drivers
v0x59e2d36e4a20_0 .net *"_ivl_387", 0 0, L_0x59e2d37e1520;  1 drivers
v0x59e2d36e4ae0_0 .net/2u *"_ivl_388", 31 0, L_0x78152e1bf130;  1 drivers
v0x59e2d36e4bc0_0 .net *"_ivl_390", 31 0, L_0x59e2d37e1630;  1 drivers
L_0x78152e1bf178 .functor BUFT 1, C4<00000000000100000000000001110011>, C4<0>, C4<0>, C4<0>;
v0x59e2d36e4ca0_0 .net/2u *"_ivl_392", 31 0, L_0x78152e1bf178;  1 drivers
v0x59e2d36e4d80_0 .net *"_ivl_394", 0 0, L_0x59e2d37e1970;  1 drivers
v0x59e2d36e4e40_0 .net *"_ivl_397", 0 0, L_0x59e2d37e1c00;  1 drivers
v0x59e2d36e4f00_0 .net/2u *"_ivl_398", 31 0, L_0x78152e1bf1c0;  1 drivers
L_0x78152e1bdb88 .functor BUFT 1, C4<00000000000000000111000000010011>, C4<0>, C4<0>, C4<0>;
v0x59e2d36f0980_0 .net/2u *"_ivl_4", 31 0, L_0x78152e1bdb88;  1 drivers
v0x59e2d36f0a20_0 .net *"_ivl_40", 31 0, L_0x59e2d37d5050;  1 drivers
v0x59e2d36f0ac0_0 .net *"_ivl_400", 31 0, L_0x59e2d37e1d10;  1 drivers
L_0x78152e1bf208 .functor BUFT 1, C4<00000000001000000000000001110011>, C4<0>, C4<0>, C4<0>;
v0x59e2d36f0b60_0 .net/2u *"_ivl_402", 31 0, L_0x78152e1bf208;  1 drivers
v0x59e2d36f0c00_0 .net *"_ivl_404", 0 0, L_0x59e2d37e2060;  1 drivers
v0x59e2d36f0ca0_0 .net *"_ivl_407", 0 0, L_0x59e2d37e21a0;  1 drivers
v0x59e2d36f0d40_0 .net/2u *"_ivl_408", 31 0, L_0x78152e1bf250;  1 drivers
v0x59e2d36f0de0_0 .net *"_ivl_410", 31 0, L_0x59e2d37e22b0;  1 drivers
L_0x78152e1bf298 .functor BUFT 1, C4<00000000000000000001000001110011>, C4<0>, C4<0>, C4<0>;
v0x59e2d36f0e80_0 .net/2u *"_ivl_412", 31 0, L_0x78152e1bf298;  1 drivers
v0x59e2d36f0f20_0 .net *"_ivl_414", 0 0, L_0x59e2d37e2610;  1 drivers
v0x59e2d36f0fc0_0 .net *"_ivl_417", 0 0, L_0x59e2d37e28b0;  1 drivers
v0x59e2d36f1060_0 .net/2u *"_ivl_418", 31 0, L_0x78152e1bf2e0;  1 drivers
L_0x78152e1bddc8 .functor BUFT 1, C4<00000000000000000110000000010011>, C4<0>, C4<0>, C4<0>;
v0x59e2d36f1100_0 .net/2u *"_ivl_42", 31 0, L_0x78152e1bddc8;  1 drivers
v0x59e2d36f11a0_0 .net *"_ivl_420", 31 0, L_0x59e2d37e29c0;  1 drivers
L_0x78152e1bf328 .functor BUFT 1, C4<00000000000000000010000001110011>, C4<0>, C4<0>, C4<0>;
v0x59e2d36f1240_0 .net/2u *"_ivl_422", 31 0, L_0x78152e1bf328;  1 drivers
v0x59e2d36f12e0_0 .net *"_ivl_424", 0 0, L_0x59e2d37e2d30;  1 drivers
v0x59e2d36f1380_0 .net *"_ivl_427", 0 0, L_0x59e2d37e2e70;  1 drivers
v0x59e2d36f1420_0 .net/2u *"_ivl_428", 31 0, L_0x78152e1bf370;  1 drivers
v0x59e2d36f14c0_0 .net *"_ivl_430", 31 0, L_0x59e2d37e2f80;  1 drivers
L_0x78152e1bf3b8 .functor BUFT 1, C4<00000000000000000011000001110011>, C4<0>, C4<0>, C4<0>;
v0x59e2d36f1560_0 .net/2u *"_ivl_432", 31 0, L_0x78152e1bf3b8;  1 drivers
v0x59e2d36f1600_0 .net *"_ivl_434", 0 0, L_0x59e2d37e3300;  1 drivers
v0x59e2d36f16a0_0 .net *"_ivl_437", 0 0, L_0x59e2d37e35b0;  1 drivers
v0x59e2d36f1740_0 .net/2u *"_ivl_438", 31 0, L_0x78152e1bf400;  1 drivers
v0x59e2d36f17e0_0 .net *"_ivl_44", 0 0, L_0x59e2d37d5160;  1 drivers
v0x59e2d36f1880_0 .net *"_ivl_440", 31 0, L_0x59e2d37e36c0;  1 drivers
L_0x78152e1bf448 .functor BUFT 1, C4<00000000000000000101000001110011>, C4<0>, C4<0>, C4<0>;
v0x59e2d36f1920_0 .net/2u *"_ivl_442", 31 0, L_0x78152e1bf448;  1 drivers
v0x59e2d36f19c0_0 .net *"_ivl_444", 0 0, L_0x59e2d37e3a50;  1 drivers
v0x59e2d36f1a60_0 .net *"_ivl_447", 0 0, L_0x59e2d37e3b90;  1 drivers
v0x59e2d36f1b00_0 .net/2u *"_ivl_448", 31 0, L_0x78152e1bf490;  1 drivers
v0x59e2d36f1ba0_0 .net *"_ivl_450", 31 0, L_0x59e2d37e3ca0;  1 drivers
L_0x78152e1bf4d8 .functor BUFT 1, C4<00000000000000000110000001110011>, C4<0>, C4<0>, C4<0>;
v0x59e2d36f1c40_0 .net/2u *"_ivl_452", 31 0, L_0x78152e1bf4d8;  1 drivers
v0x59e2d36f1ce0_0 .net *"_ivl_454", 0 0, L_0x59e2d37e4040;  1 drivers
v0x59e2d36f1d80_0 .net *"_ivl_457", 0 0, L_0x59e2d37e4300;  1 drivers
v0x59e2d36f1e20_0 .net/2u *"_ivl_458", 31 0, L_0x78152e1bf520;  1 drivers
v0x59e2d36f1ec0_0 .net *"_ivl_460", 31 0, L_0x59e2d37e4410;  1 drivers
L_0x78152e1bf568 .functor BUFT 1, C4<00000000000000000111000001110011>, C4<0>, C4<0>, C4<0>;
v0x59e2d36f1f60_0 .net/2u *"_ivl_462", 31 0, L_0x78152e1bf568;  1 drivers
v0x59e2d36f2000_0 .net *"_ivl_464", 0 0, L_0x59e2d37e47c0;  1 drivers
v0x59e2d36f20a0_0 .net *"_ivl_467", 0 0, L_0x59e2d37e4900;  1 drivers
v0x59e2d36f2140_0 .net/2u *"_ivl_468", 31 0, L_0x78152e1bf5b0;  1 drivers
v0x59e2d36f21e0_0 .net *"_ivl_47", 0 0, L_0x59e2d37d52a0;  1 drivers
v0x59e2d36f2280_0 .net *"_ivl_470", 31 0, L_0x59e2d37e4a10;  1 drivers
L_0x78152e1bf5f8 .functor BUFT 1, C4<00010000010100000000000001110011>, C4<0>, C4<0>, C4<0>;
v0x59e2d36f2320_0 .net/2u *"_ivl_472", 31 0, L_0x78152e1bf5f8;  1 drivers
v0x59e2d36f23c0_0 .net *"_ivl_474", 0 0, L_0x59e2d37e4dd0;  1 drivers
v0x59e2d36f2460_0 .net *"_ivl_477", 0 0, L_0x59e2d37e50a0;  1 drivers
v0x59e2d36f2500_0 .net/2u *"_ivl_478", 31 0, L_0x78152e1bf640;  1 drivers
v0x59e2d36f25a0_0 .net/2u *"_ivl_48", 31 0, L_0x78152e1bde10;  1 drivers
v0x59e2d36f2640_0 .net *"_ivl_480", 31 0, L_0x59e2d37e51b0;  1 drivers
L_0x78152e1bf688 .functor BUFT 1, C4<00000000000000000000000000001111>, C4<0>, C4<0>, C4<0>;
v0x59e2d36f26e0_0 .net/2u *"_ivl_482", 31 0, L_0x78152e1bf688;  1 drivers
v0x59e2d36f2780_0 .net *"_ivl_484", 0 0, L_0x59e2d37e5580;  1 drivers
v0x59e2d36f2820_0 .net *"_ivl_487", 0 0, L_0x59e2d37e56c0;  1 drivers
v0x59e2d36f28c0_0 .net/2u *"_ivl_488", 31 0, L_0x78152e1bf6d0;  1 drivers
v0x59e2d36f2960_0 .net *"_ivl_490", 31 0, L_0x59e2d37e57d0;  1 drivers
L_0x78152e1bf718 .functor BUFT 1, C4<00000000000000000001000000001111>, C4<0>, C4<0>, C4<0>;
v0x59e2d36f2a00_0 .net/2u *"_ivl_492", 31 0, L_0x78152e1bf718;  1 drivers
v0x59e2d36f2aa0_0 .net *"_ivl_494", 0 0, L_0x59e2d37e5bb0;  1 drivers
v0x59e2d36f2b40_0 .net *"_ivl_497", 0 0, L_0x59e2d37e5e90;  1 drivers
v0x59e2d36f2be0_0 .net/2u *"_ivl_498", 31 0, L_0x78152e1bf760;  1 drivers
v0x59e2d36f2c80_0 .net *"_ivl_50", 31 0, L_0x59e2d37d77d0;  1 drivers
v0x59e2d36f2d20_0 .net *"_ivl_500", 31 0, L_0x59e2d37e5fa0;  1 drivers
L_0x78152e1bf7a8 .functor BUFT 1, C4<00010010000000000000000001110011>, C4<0>, C4<0>, C4<0>;
v0x59e2d36f2dc0_0 .net/2u *"_ivl_502", 31 0, L_0x78152e1bf7a8;  1 drivers
v0x59e2d36f2e60_0 .net *"_ivl_504", 0 0, L_0x59e2d37e6390;  1 drivers
v0x59e2d36f2f00_0 .net *"_ivl_507", 0 0, L_0x59e2d37e64d0;  1 drivers
v0x59e2d36f2fa0_0 .net/2u *"_ivl_508", 31 0, L_0x78152e1bf7f0;  1 drivers
v0x59e2d36f3040_0 .net *"_ivl_510", 31 0, L_0x59e2d37e65e0;  1 drivers
L_0x78152e1bf838 .functor BUFT 1, C4<00000010000000000000000000110011>, C4<0>, C4<0>, C4<0>;
v0x59e2d36f30e0_0 .net/2u *"_ivl_512", 31 0, L_0x78152e1bf838;  1 drivers
v0x59e2d36f3180_0 .net *"_ivl_514", 0 0, L_0x59e2d37e69e0;  1 drivers
v0x59e2d36f3220_0 .net *"_ivl_517", 0 0, L_0x59e2d37e6cd0;  1 drivers
v0x59e2d36f32c0_0 .net *"_ivl_519", 0 0, L_0x59e2d37e6d90;  1 drivers
L_0x78152e1bde58 .functor BUFT 1, C4<00000000000000000100000000010011>, C4<0>, C4<0>, C4<0>;
v0x59e2d36f3360_0 .net/2u *"_ivl_52", 31 0, L_0x78152e1bde58;  1 drivers
v0x59e2d36f3400_0 .net/2u *"_ivl_520", 31 0, L_0x78152e1bf880;  1 drivers
v0x59e2d36f34a0_0 .net *"_ivl_522", 31 0, L_0x59e2d37e71f0;  1 drivers
L_0x78152e1bf8c8 .functor BUFT 1, C4<00000010000000000001000000110011>, C4<0>, C4<0>, C4<0>;
v0x59e2d36f3540_0 .net/2u *"_ivl_524", 31 0, L_0x78152e1bf8c8;  1 drivers
v0x59e2d36f35e0_0 .net *"_ivl_526", 0 0, L_0x59e2d37e72b0;  1 drivers
v0x59e2d36f3680_0 .net *"_ivl_529", 0 0, L_0x59e2d37e73f0;  1 drivers
v0x59e2d36f3720_0 .net *"_ivl_531", 0 0, L_0x59e2d37e7810;  1 drivers
v0x59e2d36f37c0_0 .net/2u *"_ivl_532", 31 0, L_0x78152e1bf910;  1 drivers
v0x59e2d36f3860_0 .net *"_ivl_534", 31 0, L_0x59e2d37e7920;  1 drivers
L_0x78152e1bf958 .functor BUFT 1, C4<00000010000000000010000000110011>, C4<0>, C4<0>, C4<0>;
v0x59e2d36f3900_0 .net/2u *"_ivl_536", 31 0, L_0x78152e1bf958;  1 drivers
v0x59e2d36f39a0_0 .net *"_ivl_538", 0 0, L_0x59e2d37e7d50;  1 drivers
v0x59e2d36f3a40_0 .net *"_ivl_54", 0 0, L_0x59e2d37d78f0;  1 drivers
v0x59e2d36f3ae0_0 .net *"_ivl_541", 0 0, L_0x59e2d37e8050;  1 drivers
v0x59e2d36f3b80_0 .net *"_ivl_543", 0 0, L_0x59e2d37e8110;  1 drivers
v0x59e2d36f3c20_0 .net/2u *"_ivl_544", 31 0, L_0x78152e1bf9a0;  1 drivers
v0x59e2d36f3cc0_0 .net *"_ivl_546", 31 0, L_0x59e2d37e85a0;  1 drivers
L_0x78152e1bf9e8 .functor BUFT 1, C4<00000010000000000011000000110011>, C4<0>, C4<0>, C4<0>;
v0x59e2d36f3d60_0 .net/2u *"_ivl_548", 31 0, L_0x78152e1bf9e8;  1 drivers
v0x59e2d36f3e00_0 .net *"_ivl_550", 0 0, L_0x59e2d37e8660;  1 drivers
v0x59e2d36f3ea0_0 .net *"_ivl_553", 0 0, L_0x59e2d37e87a0;  1 drivers
v0x59e2d36f3f40_0 .net *"_ivl_555", 0 0, L_0x59e2d37e8bf0;  1 drivers
v0x59e2d36f3fe0_0 .net/2u *"_ivl_556", 31 0, L_0x78152e1bfa30;  1 drivers
v0x59e2d36f4080_0 .net *"_ivl_558", 31 0, L_0x59e2d37e8d00;  1 drivers
L_0x78152e1bfa78 .functor BUFT 1, C4<00000010000000000100000000110011>, C4<0>, C4<0>, C4<0>;
v0x59e2d36f4120_0 .net/2u *"_ivl_560", 31 0, L_0x78152e1bfa78;  1 drivers
v0x59e2d36f41c0_0 .net *"_ivl_562", 0 0, L_0x59e2d37e9160;  1 drivers
v0x59e2d36f4260_0 .net *"_ivl_565", 0 0, L_0x59e2d37d7f30;  1 drivers
v0x59e2d36f4300_0 .net *"_ivl_567", 0 0, L_0x59e2d37e9420;  1 drivers
v0x59e2d36f43a0_0 .net/2u *"_ivl_568", 31 0, L_0x78152e1bfac0;  1 drivers
v0x59e2d36f4440_0 .net *"_ivl_57", 0 0, L_0x59e2d37d79e0;  1 drivers
v0x59e2d36f44e0_0 .net *"_ivl_570", 31 0, L_0x59e2d37e98e0;  1 drivers
L_0x78152e1bfb08 .functor BUFT 1, C4<00000010000000000101000000110011>, C4<0>, C4<0>, C4<0>;
v0x59e2d36f4580_0 .net/2u *"_ivl_572", 31 0, L_0x78152e1bfb08;  1 drivers
v0x59e2d36f4620_0 .net *"_ivl_574", 0 0, L_0x59e2d37e99a0;  1 drivers
v0x59e2d36f46c0_0 .net *"_ivl_577", 0 0, L_0x59e2d37e9ae0;  1 drivers
v0x59e2d36f4760_0 .net *"_ivl_579", 0 0, L_0x59e2d37e9f60;  1 drivers
v0x59e2d36f4800_0 .net/2u *"_ivl_58", 31 0, L_0x78152e1bdea0;  1 drivers
v0x59e2d36f48a0_0 .net/2u *"_ivl_580", 31 0, L_0x78152e1bfb50;  1 drivers
v0x59e2d36f4940_0 .net *"_ivl_582", 31 0, L_0x59e2d37ea070;  1 drivers
L_0x78152e1bfb98 .functor BUFT 1, C4<00000010000000000110000000110011>, C4<0>, C4<0>, C4<0>;
v0x59e2d36f49e0_0 .net/2u *"_ivl_584", 31 0, L_0x78152e1bfb98;  1 drivers
v0x59e2d36f4a80_0 .net *"_ivl_586", 0 0, L_0x59e2d37ead10;  1 drivers
v0x59e2d36f4b20_0 .net *"_ivl_589", 0 0, L_0x59e2d37eb030;  1 drivers
v0x59e2d36f4bc0_0 .net *"_ivl_591", 0 0, L_0x59e2d37eb0f0;  1 drivers
v0x59e2d36f4c60_0 .net/2u *"_ivl_592", 31 0, L_0x78152e1bfbe0;  1 drivers
v0x59e2d36f4d00_0 .net *"_ivl_594", 31 0, L_0x59e2d37eb5e0;  1 drivers
L_0x78152e1bfc28 .functor BUFT 1, C4<00000010000000000111000000110011>, C4<0>, C4<0>, C4<0>;
v0x59e2d36f4da0_0 .net/2u *"_ivl_596", 31 0, L_0x78152e1bfc28;  1 drivers
v0x59e2d36f4e40_0 .net *"_ivl_598", 0 0, L_0x59e2d37eb6a0;  1 drivers
v0x59e2d36f4ee0_0 .net *"_ivl_6", 0 0, L_0x59e2d37d5e70;  1 drivers
v0x59e2d36f4f80_0 .net *"_ivl_60", 31 0, L_0x59e2d37d7af0;  1 drivers
v0x59e2d36f5020_0 .net *"_ivl_601", 0 0, L_0x59e2d37eb7e0;  1 drivers
v0x59e2d36f50c0_0 .net *"_ivl_603", 0 0, L_0x59e2d37ebc90;  1 drivers
v0x59e2d36f5160_0 .net/2u *"_ivl_604", 31 0, L_0x78152e1bfc70;  1 drivers
v0x59e2d36f5200_0 .net *"_ivl_606", 31 0, L_0x59e2d37ebda0;  1 drivers
L_0x78152e1bfcb8 .functor BUFT 1, C4<00000010000000000000000000001011>, C4<0>, C4<0>, C4<0>;
v0x59e2d36f52a0_0 .net/2u *"_ivl_608", 31 0, L_0x78152e1bfcb8;  1 drivers
v0x59e2d36f5340_0 .net *"_ivl_610", 0 0, L_0x59e2d37ec260;  1 drivers
v0x59e2d36f53e0_0 .net *"_ivl_613", 0 0, L_0x59e2d37ec590;  1 drivers
v0x59e2d36f5480_0 .net *"_ivl_615", 0 0, L_0x59e2d37ec650;  1 drivers
v0x59e2d36f5520_0 .net/2u *"_ivl_616", 31 0, L_0x78152e1bfd00;  1 drivers
v0x59e2d36f55c0_0 .net *"_ivl_618", 31 0, L_0x59e2d37ecb70;  1 drivers
L_0x78152e1bdee8 .functor BUFT 1, C4<00000000000000000001000000010011>, C4<0>, C4<0>, C4<0>;
v0x59e2d36f5660_0 .net/2u *"_ivl_62", 31 0, L_0x78152e1bdee8;  1 drivers
L_0x78152e1bfd48 .functor BUFT 1, C4<00000100000000000000000000001011>, C4<0>, C4<0>, C4<0>;
v0x59e2d36f5700_0 .net/2u *"_ivl_620", 31 0, L_0x78152e1bfd48;  1 drivers
v0x59e2d36f57a0_0 .net *"_ivl_622", 0 0, L_0x59e2d37ecc30;  1 drivers
v0x59e2d36f5840_0 .net *"_ivl_625", 0 0, L_0x59e2d37ecd70;  1 drivers
v0x59e2d36f58e0_0 .net *"_ivl_627", 0 0, L_0x59e2d37ed250;  1 drivers
v0x59e2d36f5980_0 .net/2u *"_ivl_628", 31 0, L_0x78152e1bfd90;  1 drivers
v0x59e2d36f5a20_0 .net *"_ivl_630", 31 0, L_0x59e2d37ed360;  1 drivers
L_0x78152e1bfdd8 .functor BUFT 1, C4<00001000000000000000000000001011>, C4<0>, C4<0>, C4<0>;
v0x59e2d36f5ac0_0 .net/2u *"_ivl_632", 31 0, L_0x78152e1bfdd8;  1 drivers
v0x59e2d36f5b60_0 .net *"_ivl_634", 0 0, L_0x59e2d37ece30;  1 drivers
v0x59e2d36f5c00_0 .net *"_ivl_637", 0 0, L_0x59e2d37ed170;  1 drivers
v0x59e2d36f5ca0_0 .net *"_ivl_639", 0 0, L_0x59e2d37ed850;  1 drivers
v0x59e2d36f5d40_0 .net *"_ivl_64", 0 0, L_0x59e2d37d7c20;  1 drivers
v0x59e2d36f5de0_0 .net/2u *"_ivl_640", 31 0, L_0x78152e1bfe20;  1 drivers
v0x59e2d36f5e80_0 .net *"_ivl_642", 31 0, L_0x59e2d37ed420;  1 drivers
L_0x78152e1bfe68 .functor BUFT 1, C4<00000010000000000001000000001011>, C4<0>, C4<0>, C4<0>;
v0x59e2d36f5f20_0 .net/2u *"_ivl_644", 31 0, L_0x78152e1bfe68;  1 drivers
v0x59e2d36f5fc0_0 .net *"_ivl_646", 0 0, L_0x59e2d37ed4e0;  1 drivers
v0x59e2d36f6060_0 .net *"_ivl_649", 0 0, L_0x59e2d37ed620;  1 drivers
v0x59e2d36f6100_0 .net *"_ivl_651", 0 0, L_0x59e2d37ed6e0;  1 drivers
v0x59e2d36f61a0_0 .net *"_ivl_652", 0 0, L_0x59e2d37eddb0;  1 drivers
v0x59e2d36f6240_0 .net/2u *"_ivl_658", 31 0, L_0x78152e1bfeb0;  1 drivers
v0x59e2d36f62e0_0 .net *"_ivl_660", 31 0, L_0x59e2d37edae0;  1 drivers
L_0x78152e1bfef8 .functor BUFT 1, C4<00000000000000000000000001100111>, C4<0>, C4<0>, C4<0>;
v0x59e2d36f6380_0 .net/2u *"_ivl_662", 31 0, L_0x78152e1bfef8;  1 drivers
v0x59e2d36f6420_0 .net *"_ivl_664", 0 0, L_0x59e2d37edba0;  1 drivers
v0x59e2d36f64c0_0 .net/2u *"_ivl_666", 31 0, L_0x78152e1bff40;  1 drivers
v0x59e2d36f6560_0 .net *"_ivl_668", 31 0, L_0x59e2d37edce0;  1 drivers
v0x59e2d36f6600_0 .net *"_ivl_67", 0 0, L_0x59e2d37d7d60;  1 drivers
L_0x78152e1bff88 .functor BUFT 1, C4<00000000000000000000000001101111>, C4<0>, C4<0>, C4<0>;
v0x59e2d36f66a0_0 .net/2u *"_ivl_670", 31 0, L_0x78152e1bff88;  1 drivers
v0x59e2d36f6740_0 .net *"_ivl_672", 0 0, L_0x59e2d37ede20;  1 drivers
v0x59e2d36f67e0_0 .net *"_ivl_675", 0 0, L_0x59e2d37edf60;  1 drivers
v0x59e2d36f6880_0 .net/2u *"_ivl_676", 31 0, L_0x78152e1bffd0;  1 drivers
v0x59e2d36f6920_0 .net *"_ivl_678", 31 0, L_0x59e2d37ee070;  1 drivers
v0x59e2d36f69c0_0 .net/2u *"_ivl_68", 31 0, L_0x78152e1bdf30;  1 drivers
L_0x78152e1c0018 .functor BUFT 1, C4<00000000000000000000000000110111>, C4<0>, C4<0>, C4<0>;
v0x59e2d36f6a60_0 .net/2u *"_ivl_680", 31 0, L_0x78152e1c0018;  1 drivers
v0x59e2d36f6b00_0 .net *"_ivl_682", 0 0, L_0x59e2d37ee130;  1 drivers
v0x59e2d36f6ba0_0 .net *"_ivl_685", 0 0, L_0x59e2d37c7480;  1 drivers
v0x59e2d36f6c40_0 .net/2u *"_ivl_686", 31 0, L_0x78152e1c0060;  1 drivers
v0x59e2d36f6ce0_0 .net *"_ivl_688", 31 0, L_0x59e2d37c7590;  1 drivers
L_0x78152e1c00a8 .functor BUFT 1, C4<00000000000000000000000000010111>, C4<0>, C4<0>, C4<0>;
v0x59e2d36f6d80_0 .net/2u *"_ivl_690", 31 0, L_0x78152e1c00a8;  1 drivers
v0x59e2d36f6e20_0 .net *"_ivl_692", 0 0, L_0x59e2d37ee4a0;  1 drivers
v0x59e2d36f6ec0_0 .net *"_ivl_695", 0 0, L_0x59e2d37ee5e0;  1 drivers
v0x59e2d36f6f60_0 .net/2u *"_ivl_696", 31 0, L_0x78152e1c00f0;  1 drivers
v0x59e2d36f7000_0 .net *"_ivl_698", 31 0, L_0x59e2d37ee6f0;  1 drivers
v0x59e2d36f70a0_0 .net *"_ivl_70", 31 0, L_0x59e2d37d7e70;  1 drivers
L_0x78152e1c0138 .functor BUFT 1, C4<00000000000000000000000000010011>, C4<0>, C4<0>, C4<0>;
v0x59e2d36f7140_0 .net/2u *"_ivl_700", 31 0, L_0x78152e1c0138;  1 drivers
v0x59e2d36f71e0_0 .net *"_ivl_702", 0 0, L_0x59e2d37ee7b0;  1 drivers
v0x59e2d36f7280_0 .net *"_ivl_705", 0 0, L_0x59e2d37c7d30;  1 drivers
v0x59e2d36f7320_0 .net/2u *"_ivl_706", 31 0, L_0x78152e1c0180;  1 drivers
v0x59e2d36f73c0_0 .net *"_ivl_708", 31 0, L_0x59e2d37c7e40;  1 drivers
L_0x78152e1c01c8 .functor BUFT 1, C4<00000000000000000001000000010011>, C4<0>, C4<0>, C4<0>;
v0x59e2d36f7460_0 .net/2u *"_ivl_710", 31 0, L_0x78152e1c01c8;  1 drivers
v0x59e2d36f7500_0 .net *"_ivl_712", 0 0, L_0x59e2d37c7f00;  1 drivers
v0x59e2d36f75a0_0 .net *"_ivl_715", 0 0, L_0x59e2d37c8040;  1 drivers
v0x59e2d36f7640_0 .net/2u *"_ivl_716", 31 0, L_0x78152e1c0210;  1 drivers
v0x59e2d36f76e0_0 .net *"_ivl_718", 31 0, L_0x59e2d37c8150;  1 drivers
L_0x78152e1bdf78 .functor BUFT 1, C4<00000000000000000101000000010011>, C4<0>, C4<0>, C4<0>;
v0x59e2d36f7780_0 .net/2u *"_ivl_72", 31 0, L_0x78152e1bdf78;  1 drivers
L_0x78152e1c0258 .functor BUFT 1, C4<00000000000000000010000000010011>, C4<0>, C4<0>, C4<0>;
v0x59e2d36f7820_0 .net/2u *"_ivl_720", 31 0, L_0x78152e1c0258;  1 drivers
v0x59e2d36f78c0_0 .net *"_ivl_722", 0 0, L_0x59e2d37c7650;  1 drivers
v0x59e2d36f7960_0 .net *"_ivl_725", 0 0, L_0x59e2d37c79d0;  1 drivers
v0x59e2d36f7a00_0 .net/2u *"_ivl_726", 31 0, L_0x78152e1c02a0;  1 drivers
v0x59e2d36f7aa0_0 .net *"_ivl_728", 31 0, L_0x59e2d37c7a90;  1 drivers
L_0x78152e1c02e8 .functor BUFT 1, C4<00000000000000000011000000010011>, C4<0>, C4<0>, C4<0>;
v0x59e2d36f7b40_0 .net/2u *"_ivl_730", 31 0, L_0x78152e1c02e8;  1 drivers
v0x59e2d36f7be0_0 .net *"_ivl_732", 0 0, L_0x59e2d37f0940;  1 drivers
v0x59e2d36f7c80_0 .net *"_ivl_735", 0 0, L_0x59e2d37f0a80;  1 drivers
v0x59e2d36f7d20_0 .net/2u *"_ivl_736", 31 0, L_0x78152e1c0330;  1 drivers
v0x59e2d36f7dc0_0 .net *"_ivl_738", 31 0, L_0x59e2d37f0b90;  1 drivers
v0x59e2d36f7e60_0 .net *"_ivl_74", 0 0, L_0x59e2d37d7fb0;  1 drivers
L_0x78152e1c0378 .functor BUFT 1, C4<00000000000000000100000000010011>, C4<0>, C4<0>, C4<0>;
v0x59e2d36f7f00_0 .net/2u *"_ivl_740", 31 0, L_0x78152e1c0378;  1 drivers
v0x59e2d36f7fa0_0 .net *"_ivl_742", 0 0, L_0x59e2d37f0c50;  1 drivers
v0x59e2d36f8040_0 .net *"_ivl_745", 0 0, L_0x59e2d37f0d90;  1 drivers
v0x59e2d36f80e0_0 .net/2u *"_ivl_746", 31 0, L_0x78152e1c03c0;  1 drivers
v0x59e2d36f8180_0 .net *"_ivl_748", 31 0, L_0x59e2d37f1640;  1 drivers
L_0x78152e1c0408 .functor BUFT 1, C4<00000000000000000101000000010011>, C4<0>, C4<0>, C4<0>;
v0x59e2d36f8220_0 .net/2u *"_ivl_750", 31 0, L_0x78152e1c0408;  1 drivers
v0x59e2d36f82c0_0 .net *"_ivl_752", 0 0, L_0x59e2d37f0e60;  1 drivers
v0x59e2d36f8360_0 .net *"_ivl_755", 0 0, L_0x59e2d37f0fa0;  1 drivers
v0x59e2d36f8400_0 .net/2u *"_ivl_756", 31 0, L_0x78152e1c0450;  1 drivers
v0x59e2d36f84a0_0 .net *"_ivl_758", 31 0, L_0x59e2d37f10b0;  1 drivers
L_0x78152e1c0498 .functor BUFT 1, C4<01000000000000000101000000010011>, C4<0>, C4<0>, C4<0>;
v0x59e2d36f8540_0 .net/2u *"_ivl_760", 31 0, L_0x78152e1c0498;  1 drivers
v0x59e2d36f85e0_0 .net *"_ivl_762", 0 0, L_0x59e2d37f1170;  1 drivers
v0x59e2d36f8680_0 .net *"_ivl_765", 0 0, L_0x59e2d37f12b0;  1 drivers
v0x59e2d36f8720_0 .net/2u *"_ivl_766", 31 0, L_0x78152e1c04e0;  1 drivers
v0x59e2d36f87c0_0 .net *"_ivl_768", 31 0, L_0x59e2d37f1f10;  1 drivers
v0x59e2d36f8860_0 .net *"_ivl_77", 0 0, L_0x59e2d37d7bb0;  1 drivers
L_0x78152e1c0528 .functor BUFT 1, C4<00000000000000000110000000010011>, C4<0>, C4<0>, C4<0>;
v0x59e2d36f8900_0 .net/2u *"_ivl_770", 31 0, L_0x78152e1c0528;  1 drivers
v0x59e2d36f89a0_0 .net *"_ivl_772", 0 0, L_0x59e2d37f1700;  1 drivers
v0x59e2d36f8a40_0 .net *"_ivl_775", 0 0, L_0x59e2d37f1840;  1 drivers
v0x59e2d36f8ae0_0 .net/2u *"_ivl_776", 31 0, L_0x78152e1c0570;  1 drivers
v0x59e2d36f8b80_0 .net *"_ivl_778", 31 0, L_0x59e2d37f1950;  1 drivers
v0x59e2d36f8c20_0 .net/2u *"_ivl_78", 31 0, L_0x78152e1bdfc0;  1 drivers
L_0x78152e1c05b8 .functor BUFT 1, C4<00000000000000000111000000010011>, C4<0>, C4<0>, C4<0>;
v0x59e2d36f8cc0_0 .net/2u *"_ivl_780", 31 0, L_0x78152e1c05b8;  1 drivers
v0x59e2d36f8d60_0 .net *"_ivl_782", 0 0, L_0x59e2d37f1a10;  1 drivers
v0x59e2d36f8e00_0 .net *"_ivl_785", 0 0, L_0x59e2d37f1b50;  1 drivers
v0x59e2d36f8ea0_0 .net/2u *"_ivl_786", 31 0, L_0x78152e1c0600;  1 drivers
v0x59e2d36f8f40_0 .net *"_ivl_788", 31 0, L_0x59e2d37f27c0;  1 drivers
L_0x78152e1c0648 .functor BUFT 1, C4<00000000000000000000000000110011>, C4<0>, C4<0>, C4<0>;
v0x59e2d36f8fe0_0 .net/2u *"_ivl_790", 31 0, L_0x78152e1c0648;  1 drivers
v0x59e2d36f9080_0 .net *"_ivl_792", 0 0, L_0x59e2d37f1fd0;  1 drivers
v0x59e2d36f9120_0 .net *"_ivl_795", 0 0, L_0x59e2d37f2110;  1 drivers
v0x59e2d36f91c0_0 .net/2u *"_ivl_796", 31 0, L_0x78152e1c0690;  1 drivers
v0x59e2d36f9260_0 .net *"_ivl_798", 31 0, L_0x59e2d37f2220;  1 drivers
v0x59e2d36f9300_0 .net/2u *"_ivl_8", 31 0, L_0x78152e1bdbd0;  1 drivers
v0x59e2d36f93a0_0 .net *"_ivl_80", 31 0, L_0x59e2d37d81e0;  1 drivers
L_0x78152e1c06d8 .functor BUFT 1, C4<01000000000000000000000000110011>, C4<0>, C4<0>, C4<0>;
v0x59e2d36f9440_0 .net/2u *"_ivl_800", 31 0, L_0x78152e1c06d8;  1 drivers
v0x59e2d36f94e0_0 .net *"_ivl_802", 0 0, L_0x59e2d37f22e0;  1 drivers
v0x59e2d36f9580_0 .net *"_ivl_805", 0 0, L_0x59e2d37f2420;  1 drivers
v0x59e2d36f9620_0 .net/2u *"_ivl_806", 31 0, L_0x78152e1c0720;  1 drivers
v0x59e2d36f96c0_0 .net *"_ivl_808", 31 0, L_0x59e2d37f30a0;  1 drivers
L_0x78152e1c0768 .functor BUFT 1, C4<00000000000000000001000000110011>, C4<0>, C4<0>, C4<0>;
v0x59e2d36f9760_0 .net/2u *"_ivl_810", 31 0, L_0x78152e1c0768;  1 drivers
v0x59e2d36f9800_0 .net *"_ivl_812", 0 0, L_0x59e2d37f2880;  1 drivers
v0x59e2d36f98a0_0 .net *"_ivl_815", 0 0, L_0x59e2d37f29c0;  1 drivers
v0x59e2d36f9940_0 .net/2u *"_ivl_816", 31 0, L_0x78152e1c07b0;  1 drivers
v0x59e2d36f99e0_0 .net *"_ivl_818", 31 0, L_0x59e2d37f2ad0;  1 drivers
L_0x78152e1be008 .functor BUFT 1, C4<01000000000000000101000000010011>, C4<0>, C4<0>, C4<0>;
v0x59e2d36f9a80_0 .net/2u *"_ivl_82", 31 0, L_0x78152e1be008;  1 drivers
L_0x78152e1c07f8 .functor BUFT 1, C4<00000000000000000010000000110011>, C4<0>, C4<0>, C4<0>;
v0x59e2d36f9b20_0 .net/2u *"_ivl_820", 31 0, L_0x78152e1c07f8;  1 drivers
v0x59e2d36f9bc0_0 .net *"_ivl_822", 0 0, L_0x59e2d37f2b90;  1 drivers
v0x59e2d36f9c60_0 .net *"_ivl_825", 0 0, L_0x59e2d37f2cd0;  1 drivers
v0x59e2d36f9d00_0 .net/2u *"_ivl_826", 31 0, L_0x78152e1c0840;  1 drivers
v0x59e2d36f9da0_0 .net *"_ivl_828", 31 0, L_0x59e2d37f39b0;  1 drivers
L_0x78152e1c0888 .functor BUFT 1, C4<00000000000000000011000000110011>, C4<0>, C4<0>, C4<0>;
v0x59e2d36f9e40_0 .net/2u *"_ivl_830", 31 0, L_0x78152e1c0888;  1 drivers
v0x59e2d36f9ee0_0 .net *"_ivl_832", 0 0, L_0x59e2d37f3160;  1 drivers
v0x59e2d36f9f80_0 .net *"_ivl_835", 0 0, L_0x59e2d37f32a0;  1 drivers
v0x59e2d36fa020_0 .net/2u *"_ivl_836", 31 0, L_0x78152e1c08d0;  1 drivers
v0x59e2d36fa0c0_0 .net *"_ivl_838", 31 0, L_0x59e2d37f33b0;  1 drivers
v0x59e2d36fa160_0 .net *"_ivl_84", 0 0, L_0x59e2d37d8330;  1 drivers
L_0x78152e1c0918 .functor BUFT 1, C4<00000000000000000100000000110011>, C4<0>, C4<0>, C4<0>;
v0x59e2d36fa200_0 .net/2u *"_ivl_840", 31 0, L_0x78152e1c0918;  1 drivers
v0x59e2d36fa2a0_0 .net *"_ivl_842", 0 0, L_0x59e2d37f3470;  1 drivers
v0x59e2d36fa340_0 .net *"_ivl_845", 0 0, L_0x59e2d37f35b0;  1 drivers
v0x59e2d36fa3e0_0 .net/2u *"_ivl_846", 31 0, L_0x78152e1c0960;  1 drivers
v0x59e2d36fa480_0 .net *"_ivl_848", 31 0, L_0x59e2d37f42a0;  1 drivers
L_0x78152e1c09a8 .functor BUFT 1, C4<00000000000000000101000000110011>, C4<0>, C4<0>, C4<0>;
v0x59e2d36fa520_0 .net/2u *"_ivl_850", 31 0, L_0x78152e1c09a8;  1 drivers
v0x59e2d36fa5c0_0 .net *"_ivl_852", 0 0, L_0x59e2d37f3a70;  1 drivers
v0x59e2d36fa660_0 .net *"_ivl_855", 0 0, L_0x59e2d37f3bb0;  1 drivers
v0x59e2d36fa700_0 .net/2u *"_ivl_856", 31 0, L_0x78152e1c09f0;  1 drivers
v0x59e2d36fa7a0_0 .net *"_ivl_858", 31 0, L_0x59e2d37f3cc0;  1 drivers
L_0x78152e1c0a38 .functor BUFT 1, C4<01000000000000000101000000110011>, C4<0>, C4<0>, C4<0>;
v0x59e2d36fa840_0 .net/2u *"_ivl_860", 31 0, L_0x78152e1c0a38;  1 drivers
v0x59e2d36fa8e0_0 .net *"_ivl_862", 0 0, L_0x59e2d37f3d80;  1 drivers
v0x59e2d36fa980_0 .net *"_ivl_865", 0 0, L_0x59e2d37f3ec0;  1 drivers
v0x59e2d36faa20_0 .net/2u *"_ivl_866", 31 0, L_0x78152e1c0a80;  1 drivers
v0x59e2d36faac0_0 .net *"_ivl_868", 31 0, L_0x59e2d37f4bc0;  1 drivers
v0x59e2d36fab60_0 .net *"_ivl_87", 0 0, L_0x59e2d37d8470;  1 drivers
L_0x78152e1c0ac8 .functor BUFT 1, C4<00000000000000000110000000110011>, C4<0>, C4<0>, C4<0>;
v0x59e2d36fac00_0 .net/2u *"_ivl_870", 31 0, L_0x78152e1c0ac8;  1 drivers
v0x59e2d36faca0_0 .net *"_ivl_872", 0 0, L_0x59e2d37f4360;  1 drivers
v0x59e2d36fad40_0 .net *"_ivl_875", 0 0, L_0x59e2d37f44a0;  1 drivers
v0x59e2d36fade0_0 .net/2u *"_ivl_876", 31 0, L_0x78152e1c0b10;  1 drivers
v0x59e2d36fae80_0 .net *"_ivl_878", 31 0, L_0x59e2d37f45b0;  1 drivers
v0x59e2d36faf20_0 .net/2u *"_ivl_88", 31 0, L_0x78152e1be050;  1 drivers
L_0x78152e1c0b58 .functor BUFT 1, C4<00000000000000000111000000110011>, C4<0>, C4<0>, C4<0>;
v0x59e2d36fafc0_0 .net/2u *"_ivl_880", 31 0, L_0x78152e1c0b58;  1 drivers
v0x59e2d36fb060_0 .net *"_ivl_882", 0 0, L_0x59e2d37f4670;  1 drivers
v0x59e2d36fb100_0 .net *"_ivl_885", 0 0, L_0x59e2d37f47b0;  1 drivers
v0x59e2d36fb1a0_0 .net/2u *"_ivl_886", 31 0, L_0x78152e1c0ba0;  1 drivers
v0x59e2d36fb240_0 .net *"_ivl_888", 31 0, L_0x59e2d37f5510;  1 drivers
L_0x78152e1c0be8 .functor BUFT 1, C4<00000000000000000000000000000011>, C4<0>, C4<0>, C4<0>;
v0x59e2d36fb2e0_0 .net/2u *"_ivl_890", 31 0, L_0x78152e1c0be8;  1 drivers
v0x59e2d36fb380_0 .net *"_ivl_892", 0 0, L_0x59e2d37f4c80;  1 drivers
v0x59e2d36fb420_0 .net *"_ivl_895", 0 0, L_0x59e2d37f4dc0;  1 drivers
v0x59e2d36fb4c0_0 .net/2u *"_ivl_896", 31 0, L_0x78152e1c0c30;  1 drivers
v0x59e2d36fb560_0 .net *"_ivl_898", 31 0, L_0x59e2d37f4ed0;  1 drivers
v0x59e2d36fb600_0 .net *"_ivl_90", 31 0, L_0x59e2d37d8580;  1 drivers
L_0x78152e1c0c78 .functor BUFT 1, C4<00000000000000000001000000000011>, C4<0>, C4<0>, C4<0>;
v0x59e2d36fb6a0_0 .net/2u *"_ivl_900", 31 0, L_0x78152e1c0c78;  1 drivers
v0x59e2d36fb740_0 .net *"_ivl_902", 0 0, L_0x59e2d37f4f90;  1 drivers
v0x59e2d36fb7e0_0 .net *"_ivl_905", 0 0, L_0x59e2d37f50d0;  1 drivers
v0x59e2d36fb880_0 .net/2u *"_ivl_906", 31 0, L_0x78152e1c0cc0;  1 drivers
v0x59e2d36fb920_0 .net *"_ivl_908", 31 0, L_0x59e2d37f51e0;  1 drivers
L_0x78152e1c0d08 .functor BUFT 1, C4<00000000000000000010000000000011>, C4<0>, C4<0>, C4<0>;
v0x59e2d36fb9c0_0 .net/2u *"_ivl_910", 31 0, L_0x78152e1c0d08;  1 drivers
v0x59e2d36fba60_0 .net *"_ivl_912", 0 0, L_0x59e2d37f5580;  1 drivers
v0x59e2d36fbb00_0 .net *"_ivl_915", 0 0, L_0x59e2d37f56c0;  1 drivers
v0x59e2d36fbba0_0 .net/2u *"_ivl_916", 31 0, L_0x78152e1c0d50;  1 drivers
v0x59e2d36fbc40_0 .net *"_ivl_918", 31 0, L_0x59e2d37f57d0;  1 drivers
L_0x78152e1be098 .functor BUFT 1, C4<00000000000000000000000000110111>, C4<0>, C4<0>, C4<0>;
v0x59e2d36fbce0_0 .net/2u *"_ivl_92", 31 0, L_0x78152e1be098;  1 drivers
L_0x78152e1c0d98 .functor BUFT 1, C4<00000000000000000100000000000011>, C4<0>, C4<0>, C4<0>;
v0x59e2d36fbd80_0 .net/2u *"_ivl_920", 31 0, L_0x78152e1c0d98;  1 drivers
v0x59e2d36fbe20_0 .net *"_ivl_922", 0 0, L_0x59e2d37f5890;  1 drivers
v0x59e2d36fbec0_0 .net *"_ivl_925", 0 0, L_0x59e2d37f59d0;  1 drivers
v0x59e2d36fbf60_0 .net/2u *"_ivl_926", 31 0, L_0x78152e1c0de0;  1 drivers
v0x59e2d36fc000_0 .net *"_ivl_928", 31 0, L_0x59e2d37f5ae0;  1 drivers
L_0x78152e1c0e28 .functor BUFT 1, C4<00000000000000000101000000000011>, C4<0>, C4<0>, C4<0>;
v0x59e2d36fc0a0_0 .net/2u *"_ivl_930", 31 0, L_0x78152e1c0e28;  1 drivers
v0x59e2d36fc140_0 .net *"_ivl_932", 0 0, L_0x59e2d37f5e90;  1 drivers
v0x59e2d36fc1e0_0 .net *"_ivl_935", 0 0, L_0x59e2d37f5fd0;  1 drivers
v0x59e2d36fc280_0 .net/2u *"_ivl_936", 31 0, L_0x78152e1c0e70;  1 drivers
v0x59e2d36fc320_0 .net *"_ivl_938", 31 0, L_0x59e2d37f60e0;  1 drivers
v0x59e2d36fc3c0_0 .net *"_ivl_94", 0 0, L_0x59e2d37d86e0;  1 drivers
L_0x78152e1c0eb8 .functor BUFT 1, C4<00000000000000000110000000000011>, C4<0>, C4<0>, C4<0>;
v0x59e2d36fc460_0 .net/2u *"_ivl_940", 31 0, L_0x78152e1c0eb8;  1 drivers
v0x59e2d36fc500_0 .net *"_ivl_942", 0 0, L_0x59e2d37f61a0;  1 drivers
v0x59e2d36fc5a0_0 .net *"_ivl_945", 0 0, L_0x59e2d37f62e0;  1 drivers
v0x59e2d36fc640_0 .net/2u *"_ivl_946", 31 0, L_0x78152e1c0f00;  1 drivers
v0x59e2d36fc6e0_0 .net *"_ivl_948", 31 0, L_0x59e2d37f63f0;  1 drivers
L_0x78152e1c0f48 .functor BUFT 1, C4<00000010000000000000000000110011>, C4<0>, C4<0>, C4<0>;
v0x59e2d36fc780_0 .net/2u *"_ivl_950", 31 0, L_0x78152e1c0f48;  1 drivers
v0x59e2d36fc820_0 .net *"_ivl_952", 0 0, L_0x59e2d37f67d0;  1 drivers
v0x59e2d36fc8c0_0 .net *"_ivl_955", 0 0, L_0x59e2d37f6910;  1 drivers
v0x59e2d36fc960_0 .net/2u *"_ivl_956", 31 0, L_0x78152e1c0f90;  1 drivers
v0x59e2d36fca00_0 .net *"_ivl_958", 31 0, L_0x59e2d37f6a20;  1 drivers
L_0x78152e1c0fd8 .functor BUFT 1, C4<00000010000000000001000000110011>, C4<0>, C4<0>, C4<0>;
v0x59e2d36fcaa0_0 .net/2u *"_ivl_960", 31 0, L_0x78152e1c0fd8;  1 drivers
v0x59e2d36fcb40_0 .net *"_ivl_962", 0 0, L_0x59e2d37f6ae0;  1 drivers
v0x59e2d36fcbe0_0 .net *"_ivl_965", 0 0, L_0x59e2d37f6c20;  1 drivers
v0x59e2d36fcc80_0 .net/2u *"_ivl_966", 31 0, L_0x78152e1c1020;  1 drivers
v0x59e2d36fcd20_0 .net *"_ivl_968", 31 0, L_0x59e2d37f6d30;  1 drivers
v0x59e2d36fcdc0_0 .net *"_ivl_97", 0 0, L_0x59e2d37d8820;  1 drivers
L_0x78152e1c1068 .functor BUFT 1, C4<00000010000000000010000000110011>, C4<0>, C4<0>, C4<0>;
v0x59e2d36fce60_0 .net/2u *"_ivl_970", 31 0, L_0x78152e1c1068;  1 drivers
v0x59e2d36fcf00_0 .net *"_ivl_972", 0 0, L_0x59e2d37f7140;  1 drivers
v0x59e2d36fcfa0_0 .net *"_ivl_975", 0 0, L_0x59e2d37f7280;  1 drivers
v0x59e2d36fd040_0 .net/2u *"_ivl_976", 31 0, L_0x78152e1c10b0;  1 drivers
v0x59e2d36fd0e0_0 .net *"_ivl_978", 31 0, L_0x59e2d37f7390;  1 drivers
v0x59e2d36fd180_0 .net/2u *"_ivl_98", 31 0, L_0x78152e1be0e0;  1 drivers
L_0x78152e1c10f8 .functor BUFT 1, C4<00000010000000000011000000110011>, C4<0>, C4<0>, C4<0>;
v0x59e2d36fd220_0 .net/2u *"_ivl_980", 31 0, L_0x78152e1c10f8;  1 drivers
v0x59e2d36fd2c0_0 .net *"_ivl_982", 0 0, L_0x59e2d37f7450;  1 drivers
v0x59e2d36fd360_0 .net *"_ivl_985", 0 0, L_0x59e2d37f7590;  1 drivers
v0x59e2d36fd400_0 .net/2u *"_ivl_986", 31 0, L_0x78152e1c1140;  1 drivers
v0x59e2d36fd4a0_0 .net *"_ivl_988", 31 0, L_0x59e2d37f76a0;  1 drivers
L_0x78152e1c1188 .functor BUFT 1, C4<00000010000000000100000000110011>, C4<0>, C4<0>, C4<0>;
v0x59e2d36fd540_0 .net/2u *"_ivl_990", 31 0, L_0x78152e1c1188;  1 drivers
v0x59e2d36fd5e0_0 .net *"_ivl_992", 0 0, L_0x59e2d37f7a90;  1 drivers
v0x59e2d36fd680_0 .net *"_ivl_995", 0 0, L_0x59e2d37f7bd0;  1 drivers
v0x59e2d36fd720_0 .net/2u *"_ivl_996", 31 0, L_0x78152e1c11d0;  1 drivers
v0x59e2d36fd7c0_0 .net *"_ivl_998", 31 0, L_0x59e2d37f7ce0;  1 drivers
v0x59e2d36fd860_0 .net "branch_o", 0 0, L_0x59e2d3805060;  alias, 1 drivers
v0x59e2d36fd900_0 .net "cbm_o", 0 0, L_0x59e2d380a170;  alias, 1 drivers
v0x59e2d36fd9a0_0 .net "csr_o", 0 0, L_0x59e2d3809340;  alias, 1 drivers
v0x59e2d36fda40_0 .net "div_o", 0 0, L_0x59e2d3806900;  alias, 1 drivers
v0x59e2d36fdae0_0 .net "enable_muldiv_i", 0 0, L_0x78152e1c3c90;  alias, 1 drivers
v0x59e2d36fdb80_0 .net "exec_o", 0 0, L_0x59e2d3802c60;  alias, 1 drivers
v0x59e2d36fdc20_0 .net "fetch_fault_i", 0 0, L_0x59e2d380a4f0;  1 drivers
v0x59e2d36fdcc0_0 .net "invalid_o", 0 0, L_0x59e2d37eda20;  alias, 1 drivers
v0x59e2d36fdd60_0 .net "invalid_w", 0 0, L_0x59e2d37ed960;  1 drivers
v0x59e2d36fde00_0 .net "lsu_o", 0 0, L_0x59e2d3802e30;  alias, 1 drivers
v0x59e2d36fdea0_0 .net "mul_o", 0 0, L_0x59e2d38063a0;  alias, 1 drivers
v0x59e2d36fdf40_0 .net "mule_o", 0 0, L_0x59e2d3809b60;  alias, 1 drivers
v0x59e2d36fdfe0_0 .net "mulp_o", 0 0, L_0x59e2d380a430;  alias, 1 drivers
v0x59e2d36fe080_0 .net "muls_o", 0 0, L_0x59e2d3809eb0;  alias, 1 drivers
v0x59e2d36fe120_0 .net "opcode_i", 31 0, L_0x59e2d37a06e0;  alias, 1 drivers
v0x59e2d36fe1c0_0 .net "rd_valid_o", 0 0, L_0x59e2d37fbfe0;  alias, 1 drivers
v0x59e2d36fe260_0 .net "valid_i", 0 0, L_0x59e2d379f300;  alias, 1 drivers
L_0x59e2d37d5e70 .cmp/eq 32, L_0x59e2d37d5db0, L_0x78152e1bdb88;
L_0x59e2d37d6070 .cmp/eq 32, L_0x59e2d37d5fb0, L_0x78152e1bdc18;
L_0x59e2d37d6380 .cmp/eq 32, L_0x59e2d37d62c0, L_0x78152e1bdca8;
L_0x59e2d37d4e00 .cmp/eq 32, L_0x59e2d37d65d0, L_0x78152e1bdd38;
L_0x59e2d37d5160 .cmp/eq 32, L_0x59e2d37d5050, L_0x78152e1bddc8;
L_0x59e2d37d78f0 .cmp/eq 32, L_0x59e2d37d77d0, L_0x78152e1bde58;
L_0x59e2d37d7c20 .cmp/eq 32, L_0x59e2d37d7af0, L_0x78152e1bdee8;
L_0x59e2d37d7fb0 .cmp/eq 32, L_0x59e2d37d7e70, L_0x78152e1bdf78;
L_0x59e2d37d8330 .cmp/eq 32, L_0x59e2d37d81e0, L_0x78152e1be008;
L_0x59e2d37d86e0 .cmp/eq 32, L_0x59e2d37d8580, L_0x78152e1be098;
L_0x59e2d37d8640 .cmp/eq 32, L_0x59e2d37d88e0, L_0x78152e1be128;
L_0x59e2d37d8d80 .cmp/eq 32, L_0x59e2d37d8c00, L_0x78152e1be1b8;
L_0x59e2d37d91d0 .cmp/eq 32, L_0x59e2d37d9040, L_0x78152e1be248;
L_0x59e2d37d95c0 .cmp/eq 32, L_0x59e2d37d9420, L_0x78152e1be2d8;
L_0x59e2d37d9950 .cmp/eq 32, L_0x59e2d37d97a0, L_0x78152e1be368;
L_0x59e2d37d9d60 .cmp/eq 32, L_0x59e2d37d9ba0, L_0x78152e1be3f8;
L_0x59e2d37da210 .cmp/eq 32, L_0x59e2d37da040, L_0x78152e1be488;
L_0x59e2d37da640 .cmp/eq 32, L_0x59e2d37da460, L_0x78152e1be518;
L_0x59e2d37da520 .cmp/eq 32, L_0x59e2d37da930, L_0x78152e1be5a8;
L_0x59e2d37dae80 .cmp/eq 32, L_0x59e2d37dac80, L_0x78152e1be638;
L_0x59e2d37da780 .cmp/eq 32, L_0x59e2d37db180, L_0x78152e1be6c8;
L_0x59e2d37db760 .cmp/eq 32, L_0x59e2d37db540, L_0x78152e1be758;
L_0x59e2d37dbc30 .cmp/eq 32, L_0x59e2d37dba00, L_0x78152e1be7e8;
L_0x59e2d37dc0c0 .cmp/eq 32, L_0x59e2d37dbe80, L_0x78152e1be878;
L_0x59e2d37dc630 .cmp/eq 32, L_0x59e2d37dc3e0, L_0x78152e1be908;
L_0x59e2d37dcae0 .cmp/eq 32, L_0x59e2d37dc880, L_0x78152e1be998;
L_0x59e2d37dd080 .cmp/eq 32, L_0x59e2d37dce10, L_0x78152e1bea28;
L_0x59e2d37dd550 .cmp/eq 32, L_0x59e2d37dd2d0, L_0x78152e1beab8;
L_0x59e2d37ddb20 .cmp/eq 32, L_0x59e2d37dd890, L_0x78152e1beb48;
L_0x59e2d37de010 .cmp/eq 32, L_0x59e2d37ddd70, L_0x78152e1bebd8;
L_0x59e2d37de610 .cmp/eq 32, L_0x59e2d37de360, L_0x78152e1bec68;
L_0x59e2d37deb20 .cmp/eq 32, L_0x59e2d37de860, L_0x78152e1becf8;
L_0x59e2d37df150 .cmp/eq 32, L_0x59e2d37dee80, L_0x78152e1bed88;
L_0x59e2d37df680 .cmp/eq 32, L_0x59e2d37df3a0, L_0x78152e1bee18;
L_0x59e2d37dfce0 .cmp/eq 32, L_0x59e2d37df9f0, L_0x78152e1beea8;
L_0x59e2d37e0230 .cmp/eq 32, L_0x59e2d37dff30, L_0x78152e1bef38;
L_0x59e2d37e07b0 .cmp/eq 32, L_0x59e2d37e04a0, L_0x78152e1befc8;
L_0x59e2d37e0d20 .cmp/eq 32, L_0x59e2d37e0a00, L_0x78152e1bf058;
L_0x59e2d37e13e0 .cmp/eq 32, L_0x59e2d37e10b0, L_0x78152e1bf0e8;
L_0x59e2d37e1970 .cmp/eq 32, L_0x59e2d37e1630, L_0x78152e1bf178;
L_0x59e2d37e2060 .cmp/eq 32, L_0x59e2d37e1d10, L_0x78152e1bf208;
L_0x59e2d37e2610 .cmp/eq 32, L_0x59e2d37e22b0, L_0x78152e1bf298;
L_0x59e2d37e2d30 .cmp/eq 32, L_0x59e2d37e29c0, L_0x78152e1bf328;
L_0x59e2d37e3300 .cmp/eq 32, L_0x59e2d37e2f80, L_0x78152e1bf3b8;
L_0x59e2d37e3a50 .cmp/eq 32, L_0x59e2d37e36c0, L_0x78152e1bf448;
L_0x59e2d37e4040 .cmp/eq 32, L_0x59e2d37e3ca0, L_0x78152e1bf4d8;
L_0x59e2d37e47c0 .cmp/eq 32, L_0x59e2d37e4410, L_0x78152e1bf568;
L_0x59e2d37e4dd0 .cmp/eq 32, L_0x59e2d37e4a10, L_0x78152e1bf5f8;
L_0x59e2d37e5580 .cmp/eq 32, L_0x59e2d37e51b0, L_0x78152e1bf688;
L_0x59e2d37e5bb0 .cmp/eq 32, L_0x59e2d37e57d0, L_0x78152e1bf718;
L_0x59e2d37e6390 .cmp/eq 32, L_0x59e2d37e5fa0, L_0x78152e1bf7a8;
L_0x59e2d37e69e0 .cmp/eq 32, L_0x59e2d37e65e0, L_0x78152e1bf838;
L_0x59e2d37e72b0 .cmp/eq 32, L_0x59e2d37e71f0, L_0x78152e1bf8c8;
L_0x59e2d37e7d50 .cmp/eq 32, L_0x59e2d37e7920, L_0x78152e1bf958;
L_0x59e2d37e8660 .cmp/eq 32, L_0x59e2d37e85a0, L_0x78152e1bf9e8;
L_0x59e2d37e9160 .cmp/eq 32, L_0x59e2d37e8d00, L_0x78152e1bfa78;
L_0x59e2d37e99a0 .cmp/eq 32, L_0x59e2d37e98e0, L_0x78152e1bfb08;
L_0x59e2d37ead10 .cmp/eq 32, L_0x59e2d37ea070, L_0x78152e1bfb98;
L_0x59e2d37eb6a0 .cmp/eq 32, L_0x59e2d37eb5e0, L_0x78152e1bfc28;
L_0x59e2d37ec260 .cmp/eq 32, L_0x59e2d37ebda0, L_0x78152e1bfcb8;
L_0x59e2d37ecc30 .cmp/eq 32, L_0x59e2d37ecb70, L_0x78152e1bfd48;
L_0x59e2d37ece30 .cmp/eq 32, L_0x59e2d37ed360, L_0x78152e1bfdd8;
L_0x59e2d37ed4e0 .cmp/eq 32, L_0x59e2d37ed420, L_0x78152e1bfe68;
L_0x59e2d37edba0 .cmp/eq 32, L_0x59e2d37edae0, L_0x78152e1bfef8;
L_0x59e2d37ede20 .cmp/eq 32, L_0x59e2d37edce0, L_0x78152e1bff88;
L_0x59e2d37ee130 .cmp/eq 32, L_0x59e2d37ee070, L_0x78152e1c0018;
L_0x59e2d37ee4a0 .cmp/eq 32, L_0x59e2d37c7590, L_0x78152e1c00a8;
L_0x59e2d37ee7b0 .cmp/eq 32, L_0x59e2d37ee6f0, L_0x78152e1c0138;
L_0x59e2d37c7f00 .cmp/eq 32, L_0x59e2d37c7e40, L_0x78152e1c01c8;
L_0x59e2d37c7650 .cmp/eq 32, L_0x59e2d37c8150, L_0x78152e1c0258;
L_0x59e2d37f0940 .cmp/eq 32, L_0x59e2d37c7a90, L_0x78152e1c02e8;
L_0x59e2d37f0c50 .cmp/eq 32, L_0x59e2d37f0b90, L_0x78152e1c0378;
L_0x59e2d37f0e60 .cmp/eq 32, L_0x59e2d37f1640, L_0x78152e1c0408;
L_0x59e2d37f1170 .cmp/eq 32, L_0x59e2d37f10b0, L_0x78152e1c0498;
L_0x59e2d37f1700 .cmp/eq 32, L_0x59e2d37f1f10, L_0x78152e1c0528;
L_0x59e2d37f1a10 .cmp/eq 32, L_0x59e2d37f1950, L_0x78152e1c05b8;
L_0x59e2d37f1fd0 .cmp/eq 32, L_0x59e2d37f27c0, L_0x78152e1c0648;
L_0x59e2d37f22e0 .cmp/eq 32, L_0x59e2d37f2220, L_0x78152e1c06d8;
L_0x59e2d37f2880 .cmp/eq 32, L_0x59e2d37f30a0, L_0x78152e1c0768;
L_0x59e2d37f2b90 .cmp/eq 32, L_0x59e2d37f2ad0, L_0x78152e1c07f8;
L_0x59e2d37f3160 .cmp/eq 32, L_0x59e2d37f39b0, L_0x78152e1c0888;
L_0x59e2d37f3470 .cmp/eq 32, L_0x59e2d37f33b0, L_0x78152e1c0918;
L_0x59e2d37f3a70 .cmp/eq 32, L_0x59e2d37f42a0, L_0x78152e1c09a8;
L_0x59e2d37f3d80 .cmp/eq 32, L_0x59e2d37f3cc0, L_0x78152e1c0a38;
L_0x59e2d37f4360 .cmp/eq 32, L_0x59e2d37f4bc0, L_0x78152e1c0ac8;
L_0x59e2d37f4670 .cmp/eq 32, L_0x59e2d37f45b0, L_0x78152e1c0b58;
L_0x59e2d37f4c80 .cmp/eq 32, L_0x59e2d37f5510, L_0x78152e1c0be8;
L_0x59e2d37f4f90 .cmp/eq 32, L_0x59e2d37f4ed0, L_0x78152e1c0c78;
L_0x59e2d37f5580 .cmp/eq 32, L_0x59e2d37f51e0, L_0x78152e1c0d08;
L_0x59e2d37f5890 .cmp/eq 32, L_0x59e2d37f57d0, L_0x78152e1c0d98;
L_0x59e2d37f5e90 .cmp/eq 32, L_0x59e2d37f5ae0, L_0x78152e1c0e28;
L_0x59e2d37f61a0 .cmp/eq 32, L_0x59e2d37f60e0, L_0x78152e1c0eb8;
L_0x59e2d37f67d0 .cmp/eq 32, L_0x59e2d37f63f0, L_0x78152e1c0f48;
L_0x59e2d37f6ae0 .cmp/eq 32, L_0x59e2d37f6a20, L_0x78152e1c0fd8;
L_0x59e2d37f7140 .cmp/eq 32, L_0x59e2d37f6d30, L_0x78152e1c1068;
L_0x59e2d37f7450 .cmp/eq 32, L_0x59e2d37f7390, L_0x78152e1c10f8;
L_0x59e2d37f7a90 .cmp/eq 32, L_0x59e2d37f76a0, L_0x78152e1c1188;
L_0x59e2d37f7da0 .cmp/eq 32, L_0x59e2d37f7ce0, L_0x78152e1c1218;
L_0x59e2d37f8410 .cmp/eq 32, L_0x59e2d37f7ff0, L_0x78152e1c12a8;
L_0x59e2d37f86d0 .cmp/eq 32, L_0x59e2d37f8610, L_0x78152e1c1338;
L_0x59e2d37f89e0 .cmp/eq 32, L_0x59e2d37f8920, L_0x78152e1c13c8;
L_0x59e2d37f9030 .cmp/eq 32, L_0x59e2d37f8f70, L_0x78152e1c1458;
L_0x59e2d37f9340 .cmp/eq 32, L_0x59e2d37f9280, L_0x78152e1c14e8;
L_0x59e2d37f99c0 .cmp/eq 32, L_0x59e2d37f9900, L_0x78152e1c1578;
L_0x59e2d37fa1b0 .cmp/eq 32, L_0x59e2d37fa9b0, L_0x78152e1c1608;
L_0x59e2d37fa4c0 .cmp/eq 32, L_0x59e2d37fa400, L_0x78152e1c1698;
L_0x59e2d37fa7d0 .cmp/eq 32, L_0x59e2d37fa710, L_0x78152e1c1728;
L_0x59e2d37faa70 .cmp/eq 32, L_0x59e2d37fb340, L_0x78152e1c17b8;
L_0x59e2d37fad80 .cmp/eq 32, L_0x59e2d37facc0, L_0x78152e1c1848;
L_0x59e2d37fb090 .cmp/eq 32, L_0x59e2d37fafd0, L_0x78152e1c18d8;
L_0x59e2d37fb4c0 .cmp/eq 32, L_0x59e2d37fb400, L_0x78152e1c1968;
L_0x59e2d37fb6c0 .cmp/eq 32, L_0x59e2d37fb600, L_0x78152e1c19f8;
L_0x59e2d37fb9d0 .cmp/eq 32, L_0x59e2d37fb910, L_0x78152e1c1a88;
L_0x59e2d37fc2c0 .cmp/eq 32, L_0x59e2d37fc200, L_0x78152e1c1b18;
L_0x59e2d37fcbf0 .cmp/eq 32, L_0x59e2d37fd3d0, L_0x78152e1c1ba8;
L_0x59e2d37fcf00 .cmp/eq 32, L_0x59e2d37fce40, L_0x78152e1c1c38;
L_0x59e2d37fd210 .cmp/eq 32, L_0x59e2d37fd150, L_0x78152e1c1cc8;
L_0x59e2d37fd660 .cmp/eq 32, L_0x59e2d37fd5a0, L_0x78152e1c1d58;
L_0x59e2d37fdff0 .cmp/eq 32, L_0x59e2d37fe810, L_0x78152e1c1de8;
L_0x59e2d37fe300 .cmp/eq 32, L_0x59e2d37fe240, L_0x78152e1c1e78;
L_0x59e2d37fe610 .cmp/eq 32, L_0x59e2d37fe550, L_0x78152e1c1f08;
L_0x59e2d37fea30 .cmp/eq 32, L_0x59e2d37fe970, L_0x78152e1c1f98;
L_0x59e2d37fed40 .cmp/eq 32, L_0x59e2d37fec80, L_0x78152e1c2028;
L_0x59e2d37ff4a0 .cmp/eq 32, L_0x59e2d37fef90, L_0x78152e1c20b8;
L_0x59e2d37ffb30 .cmp/eq 32, L_0x59e2d37ffa70, L_0x78152e1c2148;
L_0x59e2d37ea2b0 .cmp/eq 32, L_0x59e2d37ea1f0, L_0x78152e1c21d8;
L_0x59e2d3800ca0 .cmp/eq 32, L_0x59e2d3801540, L_0x78152e1c2268;
L_0x59e2d3800fb0 .cmp/eq 32, L_0x59e2d3800ef0, L_0x78152e1c22f8;
L_0x59e2d38012c0 .cmp/eq 32, L_0x59e2d3801200, L_0x78152e1c2388;
L_0x59e2d3801710 .cmp/eq 32, L_0x59e2d3801650, L_0x78152e1c2418;
L_0x59e2d3802b20 .cmp/eq 32, L_0x59e2d3801d80, L_0x78152e1c24a8;
L_0x59e2d3802280 .cmp/eq 32, L_0x59e2d3802d70, L_0x78152e1c2538;
L_0x59e2d38028b0 .cmp/eq 32, L_0x59e2d38027f0, L_0x78152e1c25c8;
L_0x59e2d3801910 .cmp/eq 32, L_0x59e2d3801850, L_0x78152e1c2658;
L_0x59e2d38023c0 .cmp/eq 32, L_0x59e2d3801b60, L_0x78152e1c26e8;
L_0x59e2d3802680 .cmp/eq 32, L_0x59e2d38025c0, L_0x78152e1c2778;
L_0x59e2d3803450 .cmp/eq 32, L_0x59e2d3803390, L_0x78152e1c2808;
L_0x59e2d3803760 .cmp/eq 32, L_0x59e2d38036a0, L_0x78152e1c2898;
L_0x59e2d3803a70 .cmp/eq 32, L_0x59e2d38039b0, L_0x78152e1c2928;
L_0x59e2d3803d80 .cmp/eq 32, L_0x59e2d3803cc0, L_0x78152e1c29b8;
L_0x59e2d3803000 .cmp/eq 32, L_0x59e2d3802f40, L_0x78152e1c2a48;
L_0x59e2d3804330 .cmp/eq 32, L_0x59e2d3803140, L_0x78152e1c2ad8;
L_0x59e2d38045d0 .cmp/eq 32, L_0x59e2d3804510, L_0x78152e1c2b68;
L_0x59e2d38048e0 .cmp/eq 32, L_0x59e2d3804820, L_0x78152e1c2bf8;
L_0x59e2d3804090 .cmp/eq 32, L_0x59e2d3803fd0, L_0x78152e1c2c88;
L_0x59e2d3804f20 .cmp/eq 32, L_0x59e2d3804eb0, L_0x78152e1c2d18;
L_0x59e2d3804ae0 .cmp/eq 32, L_0x59e2d3804a20, L_0x78152e1c2da8;
L_0x59e2d3804df0 .cmp/eq 32, L_0x59e2d3804d30, L_0x78152e1c2e38;
L_0x59e2d3805230 .cmp/eq 32, L_0x59e2d3805170, L_0x78152e1c2ec8;
L_0x59e2d3805430 .cmp/eq 32, L_0x59e2d3805370, L_0x78152e1c2f58;
L_0x59e2d3805d40 .cmp/eq 32, L_0x59e2d3805c80, L_0x78152e1c2fe8;
L_0x59e2d3806150 .cmp/eq 32, L_0x59e2d3806090, L_0x78152e1c3078;
L_0x59e2d3806520 .cmp/eq 32, L_0x59e2d3806460, L_0x78152e1c3108;
L_0x59e2d3806720 .cmp/eq 32, L_0x59e2d3806660, L_0x78152e1c3198;
L_0x59e2d3805880 .cmp/eq 32, L_0x59e2d38057c0, L_0x78152e1c3228;
L_0x59e2d3806d40 .cmp/eq 32, L_0x59e2d3805ad0, L_0x78152e1c32b8;
L_0x59e2d3806a80 .cmp/eq 32, L_0x59e2d38069c0, L_0x78152e1c3348;
L_0x59e2d3806c80 .cmp/eq 32, L_0x59e2d3806bc0, L_0x78152e1c33d8;
L_0x59e2d3807050 .cmp/eq 32, L_0x59e2d3806f90, L_0x78152e1c3468;
L_0x59e2d38073e0 .cmp/eq 32, L_0x59e2d38072a0, L_0x78152e1c34f8;
L_0x59e2d3807c00 .cmp/eq 32, L_0x59e2d3807b40, L_0x78152e1c3588;
L_0x59e2d3807fc0 .cmp/eq 32, L_0x59e2d3807f00, L_0x78152e1c3618;
L_0x59e2d38082d0 .cmp/eq 32, L_0x59e2d3808210, L_0x78152e1c36a8;
L_0x59e2d38085e0 .cmp/eq 32, L_0x59e2d3808520, L_0x78152e1c3738;
L_0x59e2d38076f0 .cmp/eq 32, L_0x59e2d3807630, L_0x78152e1c37c8;
L_0x59e2d3808c50 .cmp/eq 32, L_0x59e2d3807940, L_0x78152e1c3858;
L_0x59e2d3808880 .cmp/eq 32, L_0x59e2d38087c0, L_0x78152e1c38e8;
L_0x59e2d3808b90 .cmp/eq 32, L_0x59e2d3808ad0, L_0x78152e1c3978;
L_0x59e2d3808f60 .cmp/eq 32, L_0x59e2d3808ea0, L_0x78152e1c3a08;
L_0x59e2d38094c0 .cmp/eq 32, L_0x59e2d3809400, L_0x78152e1c3a98;
L_0x59e2d3809ce0 .cmp/eq 32, L_0x59e2d3809c20, L_0x78152e1c3b28;
L_0x59e2d380a030 .cmp/eq 32, L_0x59e2d3809f70, L_0x78152e1c3bb8;
L_0x59e2d380a2f0 .cmp/eq 32, L_0x59e2d380a230, L_0x78152e1c3c48;
S_0x59e2d36fe300 .scope module, "u_fifo" "fetch_fifo" 12 231, 12 309 0, S_0x59e2d3651200;
 .timescale 0 0;
    .port_info 0 /INPUT 1 "clk_i";
    .port_info 1 /INPUT 1 "rst_i";
    .port_info 2 /INPUT 1 "flush_i";
    .port_info 3 /INPUT 1 "push_i";
    .port_info 4 /INPUT 32 "pc_in_i";
    .port_info 5 /INPUT 2 "pred_in_i";
    .port_info 6 /INPUT 64 "data_in_i";
    .port_info 7 /INPUT 2 "info0_in_i";
    .port_info 8 /INPUT 2 "info1_in_i";
    .port_info 9 /OUTPUT 1 "accept_o";
    .port_info 10 /OUTPUT 1 "valid0_o";
    .port_info 11 /OUTPUT 32 "pc0_out_o";
    .port_info 12 /OUTPUT 32 "data0_out_o";
    .port_info 13 /OUTPUT 2 "info0_out_o";
    .port_info 14 /INPUT 1 "pop0_i";
    .port_info 15 /OUTPUT 1 "valid1_o";
    .port_info 16 /OUTPUT 32 "pc1_out_o";
    .port_info 17 /OUTPUT 32 "data1_out_o";
    .port_info 18 /OUTPUT 2 "info1_out_o";
    .port_info 19 /INPUT 1 "pop1_i";
P_0x59e2d36fe490 .param/l "ADDR_W" 0 12 316, +C4<00000000000000000000000000000001>;
P_0x59e2d36fe4d0 .param/l "COUNT_W" 1 12 354, +C4<000000000000000000000000000000010>;
P_0x59e2d36fe510 .param/l "DEPTH" 0 12 315, +C4<00000000000000000000000000000010>;
P_0x59e2d36fe550 .param/l "OPC_INFO_W" 0 12 317, +C4<00000000000000000000000000000010>;
P_0x59e2d36fe590 .param/l "WIDTH" 0 12 314, +C4<00000000000000000000000001000000>;
L_0x59e2d379dff0 .functor AND 1, L_0x59e2d380c280, L_0x59e2d379f680, C4<1>, C4<1>;
L_0x59e2d379e180 .functor AND 1, L_0x59e2d383b450, L_0x59e2d379eba0, C4<1>, C4<1>;
L_0x59e2d379e1f0 .functor AND 1, L_0x59e2d383bc10, L_0x59e2d379f300, C4<1>, C4<1>;
L_0x59e2d379e260 .functor NOT 1, L_0x59e2d379f300, C4<0>, C4<0>, C4<0>;
L_0x59e2d379e2d0 .functor AND 1, L_0x59e2d379e180, L_0x59e2d379e260, C4<1>, C4<1>;
L_0x59e2d379e340 .functor NOT 1, L_0x59e2d379eba0, C4<0>, C4<0>, C4<0>;
L_0x59e2d379e3f0 .functor AND 1, L_0x59e2d379e1f0, L_0x59e2d379e340, C4<1>, C4<1>;
L_0x59e2d379e500 .functor OR 1, L_0x59e2d379e2d0, L_0x59e2d379e3f0, C4<0>, C4<0>;
L_0x59e2d379e660 .functor AND 1, L_0x59e2d379e180, L_0x59e2d379e1f0, C4<1>, C4<1>;
L_0x59e2d379e6d0 .functor OR 1, L_0x59e2d379e500, L_0x59e2d379e660, C4<0>, C4<0>;
L_0x59e2d379eba0 .functor AND 1, L_0x59e2d379e880, L_0x59e2d379e9c0, C4<1>, C4<1>;
L_0x59e2d379f300 .functor AND 1, L_0x59e2d379ef00, L_0x59e2d379f080, C4<1>, C4<1>;
L_0x59e2d379f900 .functor BUFZ 2, L_0x59e2d37a08a0, C4<00>, C4<00>, C4<00>;
L_0x59e2d37a1090 .functor BUFZ 2, L_0x59e2d37a0dc0, C4<00>, C4<00>, C4<00>;
v0x59e2d36fe7d0_0 .net *"_ivl_10", 0 0, L_0x59e2d379e340;  1 drivers
v0x59e2d36fe870_0 .net *"_ivl_100", 1 0, L_0x59e2d37a08a0;  1 drivers
v0x59e2d36fe910_0 .net *"_ivl_102", 2 0, L_0x59e2d37a0940;  1 drivers
L_0x78152e1b7918 .functor BUFT 1, C4<00>, C4<0>, C4<0>, C4<0>;
v0x59e2d36fe9b0_0 .net *"_ivl_105", 1 0, L_0x78152e1b7918;  1 drivers
v0x59e2d36fea50_0 .net *"_ivl_108", 1 0, L_0x59e2d37a0dc0;  1 drivers
v0x59e2d36feaf0_0 .net *"_ivl_110", 2 0, L_0x59e2d37a0e60;  1 drivers
L_0x78152e1b7960 .functor BUFT 1, C4<00>, C4<0>, C4<0>, C4<0>;
v0x59e2d36feb90_0 .net *"_ivl_113", 1 0, L_0x78152e1b7960;  1 drivers
v0x59e2d36fec30_0 .net *"_ivl_13", 0 0, L_0x59e2d379e3f0;  1 drivers
v0x59e2d36fecd0_0 .net *"_ivl_15", 0 0, L_0x59e2d379e500;  1 drivers
v0x59e2d36fed70_0 .net *"_ivl_17", 0 0, L_0x59e2d379e660;  1 drivers
v0x59e2d36fee10_0 .net *"_ivl_20", 31 0, L_0x59e2d379e7e0;  1 drivers
L_0x78152e1b7528 .functor BUFT 1, C4<000000000000000000000000000000>, C4<0>, C4<0>, C4<0>;
v0x59e2d36feeb0_0 .net *"_ivl_23", 29 0, L_0x78152e1b7528;  1 drivers
L_0x78152e1b7570 .functor BUFT 1, C4<00000000000000000000000000000000>, C4<0>, C4<0>, C4<0>;
v0x59e2d36fef50_0 .net/2u *"_ivl_24", 31 0, L_0x78152e1b7570;  1 drivers
v0x59e2d36feff0_0 .net *"_ivl_26", 0 0, L_0x59e2d379e880;  1 drivers
v0x59e2d36ff090_0 .net *"_ivl_28", 0 0, L_0x59e2d379e9c0;  1 drivers
v0x59e2d36ff130_0 .net *"_ivl_30", 2 0, L_0x59e2d379ea60;  1 drivers
L_0x78152e1b75b8 .functor BUFT 1, C4<00>, C4<0>, C4<0>, C4<0>;
v0x59e2d36ff1d0_0 .net *"_ivl_33", 1 0, L_0x78152e1b75b8;  1 drivers
v0x59e2d36ff270_0 .net *"_ivl_36", 31 0, L_0x59e2d379edc0;  1 drivers
L_0x78152e1b7600 .functor BUFT 1, C4<000000000000000000000000000000>, C4<0>, C4<0>, C4<0>;
v0x59e2d36ff310_0 .net *"_ivl_39", 29 0, L_0x78152e1b7600;  1 drivers
L_0x78152e1b7648 .functor BUFT 1, C4<00000000000000000000000000000000>, C4<0>, C4<0>, C4<0>;
v0x59e2d36ff3b0_0 .net/2u *"_ivl_40", 31 0, L_0x78152e1b7648;  1 drivers
v0x59e2d36ff450_0 .net *"_ivl_42", 0 0, L_0x59e2d379ef00;  1 drivers
v0x59e2d36ff4f0_0 .net *"_ivl_44", 0 0, L_0x59e2d379f080;  1 drivers
v0x59e2d36ff590_0 .net *"_ivl_46", 2 0, L_0x59e2d379f120;  1 drivers
L_0x78152e1b7690 .functor BUFT 1, C4<00>, C4<0>, C4<0>, C4<0>;
v0x59e2d36ff630_0 .net *"_ivl_49", 1 0, L_0x78152e1b7690;  1 drivers
v0x59e2d36ff6d0_0 .net *"_ivl_52", 31 0, L_0x59e2d379f590;  1 drivers
L_0x78152e1b76d8 .functor BUFT 1, C4<000000000000000000000000000000>, C4<0>, C4<0>, C4<0>;
v0x59e2d36ff770_0 .net *"_ivl_55", 29 0, L_0x78152e1b76d8;  1 drivers
L_0x78152e1b7720 .functor BUFT 1, C4<00000000000000000000000000000010>, C4<0>, C4<0>, C4<0>;
v0x59e2d36ff810_0 .net/2u *"_ivl_56", 31 0, L_0x78152e1b7720;  1 drivers
v0x59e2d36ff8b0_0 .net *"_ivl_6", 0 0, L_0x59e2d379e260;  1 drivers
v0x59e2d36ff950_0 .net *"_ivl_60", 31 0, L_0x59e2d379f7c0;  1 drivers
v0x59e2d36ff9f0_0 .net *"_ivl_62", 2 0, L_0x59e2d379f860;  1 drivers
L_0x78152e1b7768 .functor BUFT 1, C4<00>, C4<0>, C4<0>, C4<0>;
v0x59e2d36ffa90_0 .net *"_ivl_65", 1 0, L_0x78152e1b7768;  1 drivers
v0x59e2d36ffb30_0 .net *"_ivl_67", 28 0, L_0x59e2d379f9c0;  1 drivers
L_0x78152e1b77b0 .functor BUFT 1, C4<000>, C4<0>, C4<0>, C4<0>;
v0x59e2d36ffbd0_0 .net/2u *"_ivl_68", 2 0, L_0x78152e1b77b0;  1 drivers
v0x59e2d36ffc70_0 .net *"_ivl_72", 31 0, L_0x59e2d379fc70;  1 drivers
v0x59e2d36ffd10_0 .net *"_ivl_74", 2 0, L_0x59e2d379fd10;  1 drivers
L_0x78152e1b77f8 .functor BUFT 1, C4<00>, C4<0>, C4<0>, C4<0>;
v0x59e2d36ffdb0_0 .net *"_ivl_77", 1 0, L_0x78152e1b77f8;  1 drivers
v0x59e2d36ffe50_0 .net *"_ivl_79", 28 0, L_0x59e2d379fe90;  1 drivers
L_0x78152e1b7840 .functor BUFT 1, C4<100>, C4<0>, C4<0>, C4<0>;
v0x59e2d36ffef0_0 .net/2u *"_ivl_80", 2 0, L_0x78152e1b7840;  1 drivers
v0x59e2d36fff90_0 .net *"_ivl_84", 63 0, L_0x59e2d37a0160;  1 drivers
v0x59e2d3700030_0 .net *"_ivl_86", 2 0, L_0x59e2d37a0200;  1 drivers
L_0x78152e1b7888 .functor BUFT 1, C4<00>, C4<0>, C4<0>, C4<0>;
v0x59e2d37000d0_0 .net *"_ivl_89", 1 0, L_0x78152e1b7888;  1 drivers
v0x59e2d3700170_0 .net *"_ivl_9", 0 0, L_0x59e2d379e2d0;  1 drivers
v0x59e2d3700210_0 .net *"_ivl_92", 63 0, L_0x59e2d37a0440;  1 drivers
v0x59e2d37002b0_0 .net *"_ivl_94", 2 0, L_0x59e2d37a05a0;  1 drivers
L_0x78152e1b78d0 .functor BUFT 1, C4<00>, C4<0>, C4<0>, C4<0>;
v0x59e2d3700350_0 .net *"_ivl_97", 1 0, L_0x78152e1b78d0;  1 drivers
v0x59e2d37003f0_0 .net "accept_o", 0 0, L_0x59e2d379f680;  alias, 1 drivers
v0x59e2d3700490_0 .net "clk_i", 0 0, v0x59e2d3787d50_0;  alias, 1 drivers
v0x59e2d3700530_0 .var "count_q", 1 0;
v0x59e2d37005d0_0 .net "data0_out_o", 31 0, L_0x59e2d37a00c0;  alias, 1 drivers
v0x59e2d3700670_0 .net "data1_out_o", 31 0, L_0x59e2d37a06e0;  alias, 1 drivers
v0x59e2d3700710_0 .net "data_in_i", 63 0, L_0x59e2d37a1220;  1 drivers
v0x59e2d37007b0_0 .net "flush_i", 0 0, L_0x59e2d382a450;  alias, 1 drivers
v0x59e2d3700850_0 .var/i "i", 31 0;
v0x59e2d37008f0_0 .net "info0_in_i", 1 0, L_0x59e2d37a1360;  1 drivers
v0x59e2d3700990_0 .net "info0_out_o", 1 0, L_0x59e2d379f900;  1 drivers
v0x59e2d3700a30 .array "info0_q", 0 1, 1 0;
v0x59e2d3700ad0_0 .net "info1_in_i", 1 0, L_0x59e2d37a1400;  1 drivers
v0x59e2d3700b70_0 .net "info1_out_o", 1 0, L_0x59e2d37a1090;  1 drivers
v0x59e2d3700c10 .array "info1_q", 0 1, 1 0;
v0x59e2d3700cb0_0 .net "pc0_out_o", 31 0, L_0x59e2d379fab0;  alias, 1 drivers
v0x59e2d3700d50_0 .net "pc1_out_o", 31 0, L_0x59e2d379ff80;  alias, 1 drivers
v0x59e2d3700df0_0 .net "pc_in_i", 31 0, L_0x59e2d380c570;  alias, 1 drivers
v0x59e2d3700e90 .array "pc_q", 0 1, 31 0;
v0x59e2d3700f30_0 .net "pop0_i", 0 0, L_0x59e2d383b450;  alias, 1 drivers
v0x59e2d3700fd0_0 .net "pop1_i", 0 0, L_0x59e2d383bc10;  alias, 1 drivers
v0x59e2d3701070_0 .net "pop1_w", 0 0, L_0x59e2d379e180;  1 drivers
v0x59e2d3701110_0 .net "pop2_w", 0 0, L_0x59e2d379e1f0;  1 drivers
v0x59e2d37011b0_0 .net "pop_complete_w", 0 0, L_0x59e2d379e6d0;  1 drivers
v0x59e2d3701250_0 .net "pred_in_i", 1 0, L_0x59e2d380cb80;  alias, 1 drivers
v0x59e2d37012f0_0 .net "push_i", 0 0, L_0x59e2d380c280;  alias, 1 drivers
v0x59e2d3701390_0 .net "push_w", 0 0, L_0x59e2d379dff0;  1 drivers
v0x59e2d3701430 .array "ram_q", 0 1, 63 0;
v0x59e2d37014d0_0 .var "rd_ptr_q", 0 0;
v0x59e2d3701570_0 .net "rst_i", 0 0, v0x59e2d3789c80_0;  alias, 1 drivers
v0x59e2d3701610_0 .net "valid0_o", 0 0, L_0x59e2d379eba0;  alias, 1 drivers
v0x59e2d37016b0 .array "valid0_q", 0 1, 0 0;
v0x59e2d3701750_0 .net "valid1_o", 0 0, L_0x59e2d379f300;  alias, 1 drivers
v0x59e2d37017f0 .array "valid1_q", 0 1, 0 0;
v0x59e2d3701890_0 .var "wr_ptr_q", 0 0;
L_0x59e2d379e7e0 .concat [ 2 30 0 0], v0x59e2d3700530_0, L_0x78152e1b7528;
L_0x59e2d379e880 .cmp/ne 32, L_0x59e2d379e7e0, L_0x78152e1b7570;
L_0x59e2d379e9c0 .array/port v0x59e2d37016b0, L_0x59e2d379ea60;
L_0x59e2d379ea60 .concat [ 1 2 0 0], v0x59e2d37014d0_0, L_0x78152e1b75b8;
L_0x59e2d379edc0 .concat [ 2 30 0 0], v0x59e2d3700530_0, L_0x78152e1b7600;
L_0x59e2d379ef00 .cmp/ne 32, L_0x59e2d379edc0, L_0x78152e1b7648;
L_0x59e2d379f080 .array/port v0x59e2d37017f0, L_0x59e2d379f120;
L_0x59e2d379f120 .concat [ 1 2 0 0], v0x59e2d37014d0_0, L_0x78152e1b7690;
L_0x59e2d379f590 .concat [ 2 30 0 0], v0x59e2d3700530_0, L_0x78152e1b76d8;
L_0x59e2d379f680 .cmp/ne 32, L_0x59e2d379f590, L_0x78152e1b7720;
L_0x59e2d379f7c0 .array/port v0x59e2d3700e90, L_0x59e2d379f860;
L_0x59e2d379f860 .concat [ 1 2 0 0], v0x59e2d37014d0_0, L_0x78152e1b7768;
L_0x59e2d379f9c0 .part L_0x59e2d379f7c0, 3, 29;
L_0x59e2d379fab0 .concat [ 3 29 0 0], L_0x78152e1b77b0, L_0x59e2d379f9c0;
L_0x59e2d379fc70 .array/port v0x59e2d3700e90, L_0x59e2d379fd10;
L_0x59e2d379fd10 .concat [ 1 2 0 0], v0x59e2d37014d0_0, L_0x78152e1b77f8;
L_0x59e2d379fe90 .part L_0x59e2d379fc70, 3, 29;
L_0x59e2d379ff80 .concat [ 3 29 0 0], L_0x78152e1b7840, L_0x59e2d379fe90;
L_0x59e2d37a0160 .array/port v0x59e2d3701430, L_0x59e2d37a0200;
L_0x59e2d37a0200 .concat [ 1 2 0 0], v0x59e2d37014d0_0, L_0x78152e1b7888;
L_0x59e2d37a00c0 .part L_0x59e2d37a0160, 0, 32;
L_0x59e2d37a0440 .array/port v0x59e2d3701430, L_0x59e2d37a05a0;
L_0x59e2d37a05a0 .concat [ 1 2 0 0], v0x59e2d37014d0_0, L_0x78152e1b78d0;
L_0x59e2d37a06e0 .part L_0x59e2d37a0440, 32, 32;
L_0x59e2d37a08a0 .array/port v0x59e2d3700a30, L_0x59e2d37a0940;
L_0x59e2d37a0940 .concat [ 1 2 0 0], v0x59e2d37014d0_0, L_0x78152e1b7918;
L_0x59e2d37a0dc0 .array/port v0x59e2d3700c10, L_0x59e2d37a0e60;
L_0x59e2d37a0e60 .concat [ 1 2 0 0], v0x59e2d37014d0_0, L_0x78152e1b7960;
S_0x59e2d3650e80 .scope module, "u_fetch" "biriscv_fetch" 11 228, 14 26 0, S_0x59e2d3652fb0;
 .timescale 0 0;
    .port_info 0 /INPUT 1 "clk_i";
    .port_info 1 /INPUT 1 "rst_i";
    .port_info 2 /INPUT 1 "fetch_accept_i";
    .port_info 3 /INPUT 1 "icache_accept_i";
    .port_info 4 /INPUT 1 "icache_valid_i";
    .port_info 5 /INPUT 1 "icache_error_i";
    .port_info 6 /INPUT 64 "icache_inst_i";
    .port_info 7 /INPUT 1 "icache_page_fault_i";
    .port_info 8 /INPUT 1 "fetch_invalidate_i";
    .port_info 9 /INPUT 1 "branch_request_i";
    .port_info 10 /INPUT 32 "branch_pc_i";
    .port_info 11 /INPUT 2 "branch_priv_i";
    .port_info 12 /INPUT 32 "next_pc_f_i";
    .port_info 13 /INPUT 2 "next_taken_f_i";
    .port_info 14 /OUTPUT 1 "fetch_valid_o";
    .port_info 15 /OUTPUT 64 "fetch_instr_o";
    .port_info 16 /OUTPUT 2 "fetch_pred_branch_o";
    .port_info 17 /OUTPUT 1 "fetch_fault_fetch_o";
    .port_info 18 /OUTPUT 1 "fetch_fault_page_o";
    .port_info 19 /OUTPUT 32 "fetch_pc_o";
    .port_info 20 /OUTPUT 1 "icache_rd_o";
    .port_info 21 /OUTPUT 1 "icache_flush_o";
    .port_info 22 /OUTPUT 1 "icache_invalidate_o";
    .port_info 23 /OUTPUT 32 "icache_pc_o";
    .port_info 24 /OUTPUT 2 "icache_priv_o";
    .port_info 25 /OUTPUT 32 "pc_f_o";
    .port_info 26 /OUTPUT 1 "pc_accept_o";
P_0x59e2d2f64370 .param/l "SUPPORT_MMU" 0 14 31, +C4<00000000000000000000000000000000>;
L_0x59e2d380ac90 .functor OR 1, L_0x59e2d380abf0, L_0x59e2d380c100, C4<0>, C4<0>;
L_0x59e2d380adf0 .functor OR 1, L_0x59e2d380ac90, L_0x59e2d380ad50, C4<0>, C4<0>;
L_0x59e2d380aeb0 .functor AND 1, v0x59e2d3704ec0_0, L_0x59e2d379f680, C4<1>, C4<1>;
L_0x59e2d38096f0 .functor AND 1, L_0x59e2d380aeb0, L_0x59e2d3809600, C4<1>, C4<1>;
L_0x78152e1c3d20 .functor BUFT 1, C4<11>, C4<0>, C4<0>, C4<0>;
L_0x59e2d3809990 .functor BUFZ 2, L_0x78152e1c3d20, C4<00>, C4<00>, C4<00>;
L_0x59e2d3809a00 .functor OR 1, v0x59e2d3624590_0, v0x59e2d3706220_0, C4<0>, C4<0>;
L_0x59e2d380c100 .functor AND 1, v0x59e2d3705fa0_0, L_0x59e2d380bfd0, C4<1>, C4<1>;
L_0x59e2d380c170 .functor OR 1, L_0x59e2d380d780, v0x59e2d3706cc0_0, C4<0>, C4<0>;
L_0x59e2d380c280 .functor AND 1, L_0x59e2d380c170, L_0x59e2d380c1e0, C4<1>, C4<1>;
L_0x59e2d380c830 .functor BUFZ 32, L_0x59e2d380aa40, C4<00000000000000000000000000000000>, C4<00000000000000000000000000000000>, C4<00000000000000000000000000000000>;
L_0x59e2d380d210 .functor NOT 1, L_0x59e2d380adf0, C4<0>, C4<0>, C4<0>;
v0x59e2d3704380_0 .net *"_ivl_1", 0 0, L_0x59e2d380abf0;  1 drivers
v0x59e2d3704420_0 .net *"_ivl_11", 0 0, L_0x59e2d3809600;  1 drivers
v0x59e2d37044c0_0 .net *"_ivl_15", 28 0, L_0x59e2d38097b0;  1 drivers
L_0x78152e1c3d68 .functor BUFT 1, C4<000>, C4<0>, C4<0>, C4<0>;
v0x59e2d3704560_0 .net/2u *"_ivl_16", 2 0, L_0x78152e1c3d68;  1 drivers
v0x59e2d3704600_0 .net *"_ivl_27", 0 0, L_0x59e2d380bfd0;  1 drivers
v0x59e2d37046a0_0 .net *"_ivl_3", 0 0, L_0x59e2d380ac90;  1 drivers
v0x59e2d3704740_0 .net *"_ivl_31", 0 0, L_0x59e2d380c170;  1 drivers
v0x59e2d37047e0_0 .net *"_ivl_33", 0 0, L_0x59e2d380c1e0;  1 drivers
v0x59e2d3704880_0 .net *"_ivl_37", 31 0, L_0x59e2d380c2f0;  1 drivers
v0x59e2d3704920_0 .net *"_ivl_39", 28 0, L_0x59e2d380c390;  1 drivers
L_0x78152e1c3df8 .functor BUFT 1, C4<000>, C4<0>, C4<0>, C4<0>;
v0x59e2d37049c0_0 .net/2u *"_ivl_40", 2 0, L_0x78152e1c3df8;  1 drivers
v0x59e2d3704a60_0 .net *"_ivl_42", 31 0, L_0x59e2d380c430;  1 drivers
v0x59e2d3704b00_0 .net *"_ivl_47", 63 0, L_0x59e2d380c740;  1 drivers
v0x59e2d3704ba0_0 .net *"_ivl_5", 0 0, L_0x59e2d380ad50;  1 drivers
v0x59e2d3704c40_0 .net *"_ivl_51", 1 0, L_0x59e2d380ca60;  1 drivers
v0x59e2d3704ce0_0 .net *"_ivl_55", 0 0, L_0x59e2d380cd40;  1 drivers
v0x59e2d3704d80_0 .net *"_ivl_59", 0 0, L_0x59e2d380d030;  1 drivers
v0x59e2d3704e20_0 .net *"_ivl_8", 0 0, L_0x59e2d380aeb0;  1 drivers
v0x59e2d3704ec0_0 .var "active_q", 0 0;
v0x59e2d3704f60_0 .net "branch_pc_i", 31 0, L_0x59e2d382a040;  alias, 1 drivers
v0x59e2d3705000_0 .var "branch_pc_q", 31 0;
v0x59e2d37050a0_0 .net "branch_pc_w", 31 0, L_0x59e2d380a7d0;  1 drivers
v0x59e2d3705140_0 .net "branch_priv_i", 1 0, L_0x59e2d382a4c0;  alias, 1 drivers
L_0x78152e1c3cd8 .functor BUFT 1, C4<11>, C4<0>, C4<0>, C4<0>;
v0x59e2d37051e0_0 .net "branch_priv_w", 1 0, L_0x78152e1c3cd8;  1 drivers
v0x59e2d3705280_0 .var "branch_q", 0 0;
v0x59e2d3705320_0 .net "branch_request_i", 0 0, L_0x59e2d382a450;  alias, 1 drivers
v0x59e2d37053c0_0 .net "branch_w", 0 0, L_0x59e2d380a5b0;  1 drivers
v0x59e2d3705460_0 .net "clk_i", 0 0, v0x59e2d3787d50_0;  alias, 1 drivers
v0x59e2d3705610_0 .net "fetch_accept_i", 0 0, L_0x59e2d379f680;  alias, 1 drivers
v0x59e2d37056b0_0 .net "fetch_fault_fetch_o", 0 0, L_0x59e2d380cf00;  alias, 1 drivers
v0x59e2d3705750_0 .net "fetch_fault_page_o", 0 0, L_0x59e2d380d170;  alias, 1 drivers
v0x59e2d37057f0_0 .net "fetch_instr_o", 63 0, L_0x59e2d380c8a0;  alias, 1 drivers
v0x59e2d3705890_0 .net "fetch_invalidate_i", 0 0, v0x59e2d3624590_0;  alias, 1 drivers
v0x59e2d3705b40_0 .net "fetch_pc_o", 31 0, L_0x59e2d380c570;  alias, 1 drivers
v0x59e2d3705be0_0 .net "fetch_pred_branch_o", 1 0, L_0x59e2d380cb80;  alias, 1 drivers
v0x59e2d3705c80_0 .net "fetch_resp_drop_w", 0 0, L_0x59e2d380ab80;  1 drivers
v0x59e2d3705d20_0 .net "fetch_valid_o", 0 0, L_0x59e2d380c280;  alias, 1 drivers
v0x59e2d3705dc0_0 .net "icache_accept_i", 0 0, L_0x59e2d380d680;  alias, 1 drivers
v0x59e2d3705e60_0 .net "icache_busy_w", 0 0, L_0x59e2d380c100;  1 drivers
v0x59e2d3705f00_0 .net "icache_error_i", 0 0, L_0x59e2d380d880;  alias, 1 drivers
v0x59e2d3705fa0_0 .var "icache_fetch_q", 0 0;
v0x59e2d3706040_0 .net "icache_flush_o", 0 0, L_0x59e2d3809a00;  alias, 1 drivers
v0x59e2d37060e0_0 .net "icache_inst_i", 63 0, L_0x59e2d380d980;  alias, 1 drivers
v0x59e2d3706180_0 .net "icache_invalidate_o", 0 0, L_0x78152e1c3db0;  alias, 1 drivers
v0x59e2d3706220_0 .var "icache_invalidate_q", 0 0;
v0x59e2d37062c0_0 .net "icache_page_fault_i", 0 0, L_0x78152e1c3e40;  alias, 1 drivers
v0x59e2d3706360_0 .net "icache_pc_o", 31 0, L_0x59e2d38098a0;  alias, 1 drivers
v0x59e2d3706400_0 .net "icache_pc_w", 31 0, L_0x59e2d380aa40;  1 drivers
v0x59e2d37064a0_0 .net "icache_priv_o", 1 0, L_0x59e2d3809990;  alias, 1 drivers
v0x59e2d3706540_0 .net "icache_priv_w", 1 0, L_0x78152e1c3d20;  1 drivers
v0x59e2d37065e0_0 .net "icache_rd_o", 0 0, L_0x59e2d38096f0;  alias, 1 drivers
v0x59e2d3706680_0 .net "icache_valid_i", 0 0, L_0x59e2d380d780;  alias, 1 drivers
v0x59e2d3706720_0 .net "next_pc_f_i", 31 0, L_0x59e2d379cca0;  alias, 1 drivers
v0x59e2d37067c0_0 .net "next_taken_f_i", 1 0, L_0x59e2d379d550;  alias, 1 drivers
v0x59e2d3706860_0 .net "pc_accept_o", 0 0, L_0x59e2d380d210;  alias, 1 drivers
v0x59e2d3706900_0 .var "pc_d_q", 31 0;
v0x59e2d37069a0_0 .net "pc_f_o", 31 0, L_0x59e2d380c830;  alias, 1 drivers
v0x59e2d3706a40_0 .var "pc_f_q", 31 0;
v0x59e2d3706ae0_0 .var "pred_d_q", 1 0;
v0x59e2d3706b80_0 .net "rst_i", 0 0, v0x59e2d3789c80_0;  alias, 1 drivers
v0x59e2d3706c20_0 .var "skid_buffer_q", 99 0;
v0x59e2d3706cc0_0 .var "skid_valid_q", 0 0;
v0x59e2d3706d60_0 .var "stall_q", 0 0;
v0x59e2d3706e00_0 .net "stall_w", 0 0, L_0x59e2d380adf0;  1 drivers
L_0x59e2d380abf0 .reduce/nor L_0x59e2d379f680;
L_0x59e2d380ad50 .reduce/nor L_0x59e2d380d680;
L_0x59e2d3809600 .reduce/nor L_0x59e2d380c100;
L_0x59e2d38097b0 .part L_0x59e2d380aa40, 3, 29;
L_0x59e2d38098a0 .concat [ 3 29 0 0], L_0x78152e1c3d68, L_0x59e2d38097b0;
L_0x59e2d380bfd0 .reduce/nor L_0x59e2d380d780;
L_0x59e2d380c1e0 .reduce/nor L_0x59e2d380ab80;
L_0x59e2d380c2f0 .part v0x59e2d3706c20_0, 64, 32;
L_0x59e2d380c390 .part v0x59e2d3706900_0, 3, 29;
L_0x59e2d380c430 .concat [ 3 29 0 0], L_0x78152e1c3df8, L_0x59e2d380c390;
L_0x59e2d380c570 .functor MUXZ 32, L_0x59e2d380c430, L_0x59e2d380c2f0, v0x59e2d3706cc0_0, C4<>;
L_0x59e2d380c740 .part v0x59e2d3706c20_0, 0, 64;
L_0x59e2d380c8a0 .functor MUXZ 64, L_0x59e2d380d980, L_0x59e2d380c740, v0x59e2d3706cc0_0, C4<>;
L_0x59e2d380ca60 .part v0x59e2d3706c20_0, 96, 2;
L_0x59e2d380cb80 .functor MUXZ 2, v0x59e2d3706ae0_0, L_0x59e2d380ca60, v0x59e2d3706cc0_0, C4<>;
L_0x59e2d380cd40 .part v0x59e2d3706c20_0, 98, 1;
L_0x59e2d380cf00 .functor MUXZ 1, L_0x59e2d380d880, L_0x59e2d380cd40, v0x59e2d3706cc0_0, C4<>;
L_0x59e2d380d030 .part v0x59e2d3706c20_0, 99, 1;
L_0x59e2d380d170 .functor MUXZ 1, L_0x78152e1c3e40, L_0x59e2d380d030, v0x59e2d3706cc0_0, C4<>;
S_0x59e2d3703de0 .scope generate, "genblk1" "genblk1" 14 91, 14 91 0, S_0x59e2d3650e80;
 .timescale 0 0;
L_0x59e2d380a5b0 .functor OR 1, v0x59e2d3705280_0, L_0x59e2d382a450, C4<0>, C4<0>;
L_0x59e2d380a6c0 .functor AND 1, v0x59e2d3705280_0, L_0x59e2d380a620, C4<1>, C4<1>;
v0x59e2d3703f70_0 .net *"_ivl_3", 0 0, L_0x59e2d380a620;  1 drivers
v0x59e2d3704010_0 .net *"_ivl_4", 0 0, L_0x59e2d380a6c0;  1 drivers
L_0x59e2d380a620 .reduce/nor L_0x59e2d382a450;
L_0x59e2d380a7d0 .functor MUXZ 32, L_0x59e2d382a040, v0x59e2d3705000_0, L_0x59e2d380a6c0, C4<>;
S_0x59e2d37040b0 .scope generate, "genblk2" "genblk2" 14 211, 14 211 0, S_0x59e2d3650e80;
 .timescale 0 0;
L_0x59e2d380a8c0 .functor NOT 1, v0x59e2d3706d60_0, C4<0>, C4<0>, C4<0>;
L_0x59e2d380a930 .functor AND 1, L_0x59e2d380a5b0, L_0x59e2d380a8c0, C4<1>, C4<1>;
L_0x59e2d380ab80 .functor BUFZ 1, L_0x59e2d380a5b0, C4<0>, C4<0>, C4<0>;
v0x59e2d3704240_0 .net *"_ivl_0", 0 0, L_0x59e2d380a8c0;  1 drivers
v0x59e2d37042e0_0 .net *"_ivl_2", 0 0, L_0x59e2d380a930;  1 drivers
L_0x59e2d380aa40 .functor MUXZ 32, v0x59e2d3706a40_0, L_0x59e2d380a7d0, L_0x59e2d380a930, C4<>;
S_0x59e2d3706ea0 .scope module, "u_npc" "biriscv_npc" 11 140, 15 26 0, S_0x59e2d3652fb0;
 .timescale 0 0;
    .port_info 0 /INPUT 1 "clk_i";
    .port_info 1 /INPUT 1 "rst_i";
    .port_info 2 /INPUT 1 "invalidate_i";
    .port_info 3 /INPUT 1 "branch_request_i";
    .port_info 4 /INPUT 1 "branch_is_taken_i";
    .port_info 5 /INPUT 1 "branch_is_not_taken_i";
    .port_info 6 /INPUT 32 "branch_source_i";
    .port_info 7 /INPUT 1 "branch_is_call_i";
    .port_info 8 /INPUT 1 "branch_is_ret_i";
    .port_info 9 /INPUT 1 "branch_is_jmp_i";
    .port_info 10 /INPUT 32 "branch_pc_i";
    .port_info 11 /INPUT 32 "pc_f_i";
    .port_info 12 /INPUT 1 "pc_accept_i";
    .port_info 13 /OUTPUT 32 "next_pc_f_o";
    .port_info 14 /OUTPUT 2 "next_taken_f_o";
P_0x59e2d3707030 .param/l "BHT_ENABLE" 0 15 38, +C4<00000000000000000000000000000001>;
P_0x59e2d3707070 .param/l "GSHARE_ENABLE" 0 15 37, +C4<00000000000000000000000000000000>;
P_0x59e2d37070b0 .param/l "NUM_BHT_ENTRIES" 0 15 34, +C4<00000000000000000000001000000000>;
P_0x59e2d37070f0 .param/l "NUM_BHT_ENTRIES_W" 0 15 35, +C4<00000000000000000000000000001001>;
P_0x59e2d3707130 .param/l "NUM_BTB_ENTRIES" 0 15 32, +C4<00000000000000000000000000100000>;
P_0x59e2d3707170 .param/l "NUM_BTB_ENTRIES_W" 0 15 33, +C4<00000000000000000000000000000101>;
P_0x59e2d37071b0 .param/l "NUM_RAS_ENTRIES" 0 15 39, +C4<00000000000000000000000000001000>;
P_0x59e2d37071f0 .param/l "NUM_RAS_ENTRIES_W" 0 15 40, +C4<00000000000000000000000000000011>;
P_0x59e2d3707230 .param/l "RAS_ENABLE" 0 15 36, +C4<00000000000000000000000000000001>;
P_0x59e2d3707270 .param/l "RAS_INVALID" 1 15 68, C4<00000000000000000000000000000001>;
P_0x59e2d37072b0 .param/l "SUPPORT_BRANCH_PREDICTION" 0 15 31, +C4<00000000000000000000000000000001>;
v0x59e2d370cd30_0 .net *"_ivl_0", 8 0, L_0x59e2d379ba00;  1 drivers
v0x59e2d370cdd0_0 .net "branch_is_call_i", 0 0, L_0x59e2d3836c30;  alias, 1 drivers
v0x59e2d370ce70_0 .net "branch_is_jmp_i", 0 0, L_0x59e2d3837150;  alias, 1 drivers
v0x59e2d370cf10_0 .net "branch_is_not_taken_i", 0 0, L_0x59e2d3836b30;  alias, 1 drivers
v0x59e2d370cfb0_0 .net "branch_is_ret_i", 0 0, L_0x59e2d3837050;  alias, 1 drivers
v0x59e2d370d050_0 .net "branch_is_taken_i", 0 0, L_0x59e2d3836820;  alias, 1 drivers
v0x59e2d370d0f0_0 .net "branch_pc_i", 31 0, L_0x59e2d3837520;  alias, 1 drivers
v0x59e2d370d190_0 .net "branch_request_i", 0 0, L_0x59e2d38363d0;  alias, 1 drivers
v0x59e2d370d230_0 .net "branch_source_i", 31 0, L_0x59e2d3836a20;  alias, 1 drivers
v0x59e2d370d2d0_0 .net "clk_i", 0 0, v0x59e2d3787d50_0;  alias, 1 drivers
L_0x78152e1b74e0 .functor BUFT 1, C4<0>, C4<0>, C4<0>, C4<0>;
v0x59e2d370d370_0 .net "invalidate_i", 0 0, L_0x78152e1b74e0;  1 drivers
v0x59e2d370d410_0 .net "next_pc_f_o", 31 0, L_0x59e2d379cca0;  alias, 1 drivers
v0x59e2d370d4b0_0 .net "next_taken_f_o", 1 0, L_0x59e2d379d550;  alias, 1 drivers
v0x59e2d370d550_0 .net "pc_accept_i", 0 0, L_0x59e2d380d210;  alias, 1 drivers
v0x59e2d370d5f0_0 .net "pc_f_i", 31 0, L_0x59e2d380c830;  alias, 1 drivers
v0x59e2d370d690_0 .net "rst_i", 0 0, v0x59e2d3789c80_0;  alias, 1 drivers
L_0x59e2d379ba00 .functor MUXZ 9, v0x59e2d370c010_0, v0x59e2d370c0b0_0, L_0x59e2d38363d0, C4<>;
L_0x59e2d379bb30 .part L_0x59e2d3836a20, 2, 9;
L_0x59e2d379bcd0 .part L_0x59e2d380c830, 3, 8;
L_0x59e2d379bff0 .part L_0x59e2d3836a20, 2, 9;
L_0x59e2d379c090 .part L_0x59e2d380c830, 3, 8;
L_0x78152e1b7408 .functor BUFT 1, C4<00000000000000000000000000000100>, C4<0>, C4<0>, C4<0>;
L_0x59e2d379cca0 .arith/sum 32, L_0x59e2d380c830, L_0x78152e1b7408;
L_0x59e2d379cee0 .part L_0x59e2d380c830, 2, 1;
S_0x59e2d3707470 .scope generate, "BRANCH_PREDICTION" "BRANCH_PREDICTION" 15 74, 15 74 0, S_0x59e2d3706ea0;
 .timescale 0 0;
L_0x59e2d379a2e0 .functor AND 1, L_0x59e2d380d210, L_0x59e2d379a240, C4<1>, C4<1>;
L_0x59e2d379a580 .functor BUFZ 32, L_0x59e2d379a3a0, C4<00000000000000000000000000000000>, C4<00000000000000000000000000000000>, C4<00000000000000000000000000000000>;
L_0x59e2d379a870 .functor AND 32, L_0x59e2d379a640, L_0x59e2d379a780, C4<11111111111111111111111111111111>, C4<11111111111111111111111111111111>;
L_0x78152e1b70f0 .functor BUFT 1, C4<00000000000000000000000000000001>, C4<0>, C4<0>, C4<0>;
L_0x59e2d379a980 .functor AND 32, L_0x78152e1b70f0, L_0x59e2d379a870, C4<11111111111111111111111111111111>, C4<11111111111111111111111111111111>;
L_0x59e2d379ad00 .functor NOT 32, L_0x59e2d379abc0, C4<00000000000000000000000000000000>, C4<00000000000000000000000000000000>, C4<00000000000000000000000000000000>;
L_0x59e2d379adc0 .functor AND 32, L_0x59e2d379a980, L_0x59e2d379ad00, C4<11111111111111111111111111111111>, C4<11111111111111111111111111111111>;
L_0x59e2d379b320 .functor AND 32, L_0x59e2d379b050, L_0x59e2d379b220, C4<11111111111111111111111111111111>, C4<11111111111111111111111111111111>;
L_0x78152e1b7210 .functor BUFT 1, C4<00000000000000000000000000000001>, C4<0>, C4<0>, C4<0>;
L_0x59e2d379b3e0 .functor AND 32, L_0x78152e1b7210, L_0x59e2d379b320, C4<11111111111111111111111111111111>, C4<11111111111111111111111111111111>;
L_0x59e2d379b790 .functor NOT 32, L_0x59e2d379b5e0, C4<00000000000000000000000000000000>, C4<00000000000000000000000000000000>, C4<00000000000000000000000000000000>;
L_0x59e2d379b850 .functor AND 32, L_0x59e2d379b3e0, L_0x59e2d379b790, C4<11111111111111111111111111111111>, C4<11111111111111111111111111111111>;
L_0x59e2d379bc60 .functor XOR 9, L_0x59e2d379ba00, L_0x59e2d379bb30, C4<000000000>, C4<000000000>;
L_0x59e2d379b6d0 .functor XOR 9, v0x59e2d370c010_0, L_0x59e2d379bd70, C4<000000000>, C4<000000000>;
L_0x78152e1b7330 .functor BUFT 1, C4<1>, C4<0>, C4<0>, C4<0>;
L_0x59e2d379c750 .functor AND 1, L_0x78152e1b7330, L_0x59e2d379c570, C4<1>, C4<1>;
L_0x59e2d379c950 .functor BUFZ 1, v0x59e2d370bd90_0, C4<0>, C4<0>, C4<0>;
L_0x59e2d379bf80 .functor BUFZ 1, v0x59e2d370bc50_0, C4<0>, C4<0>, C4<0>;
L_0x59e2d379cd40 .functor OR 1, L_0x59e2d379b960, L_0x59e2d379c750, C4<0>, C4<0>;
L_0x59e2d379cf80 .functor OR 1, L_0x59e2d379cd40, v0x59e2d370b010_0, C4<0>, C4<0>;
L_0x59e2d379d040 .functor AND 1, L_0x59e2d379c950, L_0x59e2d379cf80, C4<1>, C4<1>;
L_0x59e2d379d2a0 .functor NOT 1, v0x59e2d370bc50_0, C4<0>, C4<0>, C4<0>;
L_0x59e2d379d7a0 .functor OR 1, L_0x59e2d379b960, L_0x59e2d379c750, C4<0>, C4<0>;
L_0x59e2d379d8d0 .functor OR 1, L_0x59e2d379d7a0, v0x59e2d370b010_0, C4<0>, C4<0>;
L_0x59e2d379d9e0 .functor AND 1, L_0x59e2d379c950, L_0x59e2d379d8d0, C4<1>, C4<1>;
L_0x59e2d379db70 .functor AND 1, L_0x59e2d379d9e0, L_0x59e2d380d210, C4<1>, C4<1>;
L_0x59e2d379dc30 .functor NOT 1, L_0x59e2d379db70, C4<0>, C4<0>, C4<0>;
L_0x59e2d379dd80 .functor AND 1, L_0x59e2d379c950, L_0x59e2d379dc30, C4<1>, C4<1>;
L_0x59e2d379de40 .functor AND 1, L_0x59e2d379dd80, L_0x59e2d380d210, C4<1>, C4<1>;
v0x59e2d37083e0_0 .net *"_ivl_1", 0 0, L_0x59e2d379a240;  1 drivers
v0x59e2d3708480_0 .net *"_ivl_100", 0 0, L_0x59e2d379cd40;  1 drivers
v0x59e2d3708520_0 .net *"_ivl_102", 0 0, L_0x59e2d379cf80;  1 drivers
v0x59e2d37085c0_0 .net *"_ivl_104", 0 0, L_0x59e2d379d040;  1 drivers
v0x59e2d3708660_0 .net *"_ivl_106", 0 0, L_0x59e2d379cee0;  1 drivers
L_0x78152e1b7450 .functor BUFT 1, C4<0>, C4<0>, C4<0>, C4<0>;
v0x59e2d3708700_0 .net/2u *"_ivl_107", 0 0, L_0x78152e1b7450;  1 drivers
v0x59e2d37087a0_0 .net *"_ivl_109", 1 0, L_0x59e2d379d160;  1 drivers
v0x59e2d3708840_0 .net *"_ivl_111", 0 0, L_0x59e2d379d2a0;  1 drivers
v0x59e2d37088e0_0 .net *"_ivl_113", 1 0, L_0x59e2d379d310;  1 drivers
v0x59e2d3708980_0 .net *"_ivl_115", 1 0, L_0x59e2d379c6b0;  1 drivers
L_0x78152e1b7498 .functor BUFT 1, C4<00>, C4<0>, C4<0>, C4<0>;
v0x59e2d3708a20_0 .net/2u *"_ivl_117", 1 0, L_0x78152e1b7498;  1 drivers
v0x59e2d3708ac0_0 .net/2u *"_ivl_12", 31 0, L_0x78152e1b70f0;  1 drivers
v0x59e2d3708b60_0 .net *"_ivl_121", 0 0, L_0x59e2d379d7a0;  1 drivers
v0x59e2d3708c00_0 .net *"_ivl_123", 0 0, L_0x59e2d379d8d0;  1 drivers
v0x59e2d3708ca0_0 .net *"_ivl_125", 0 0, L_0x59e2d379d9e0;  1 drivers
v0x59e2d3708d40_0 .net *"_ivl_129", 0 0, L_0x59e2d379dc30;  1 drivers
v0x59e2d3708de0_0 .net *"_ivl_131", 0 0, L_0x59e2d379dd80;  1 drivers
v0x59e2d3708f90_0 .net *"_ivl_14", 31 0, L_0x59e2d379a640;  1 drivers
L_0x78152e1b7138 .functor BUFT 1, C4<0000000000000000000000000000000>, C4<0>, C4<0>, C4<0>;
v0x59e2d3709030_0 .net *"_ivl_17", 30 0, L_0x78152e1b7138;  1 drivers
v0x59e2d37090d0_0 .net *"_ivl_18", 31 0, L_0x59e2d379a780;  1 drivers
L_0x78152e1b7180 .functor BUFT 1, C4<0000000000000000000000000000000>, C4<0>, C4<0>, C4<0>;
v0x59e2d3709170_0 .net *"_ivl_21", 30 0, L_0x78152e1b7180;  1 drivers
v0x59e2d3709210_0 .net *"_ivl_22", 31 0, L_0x59e2d379a870;  1 drivers
v0x59e2d37092b0_0 .net *"_ivl_24", 31 0, L_0x59e2d379a980;  1 drivers
v0x59e2d3709350_0 .net *"_ivl_27", 0 0, L_0x59e2d379aa90;  1 drivers
v0x59e2d37093f0_0 .net *"_ivl_28", 31 0, L_0x59e2d379abc0;  1 drivers
L_0x78152e1b71c8 .functor BUFT 1, C4<0000000000000000000000000000000>, C4<0>, C4<0>, C4<0>;
v0x59e2d3709490_0 .net *"_ivl_31", 30 0, L_0x78152e1b71c8;  1 drivers
v0x59e2d3709530_0 .net *"_ivl_32", 31 0, L_0x59e2d379ad00;  1 drivers
v0x59e2d37095d0_0 .net *"_ivl_34", 31 0, L_0x59e2d379adc0;  1 drivers
v0x59e2d3709670_0 .net/2u *"_ivl_38", 31 0, L_0x78152e1b7210;  1 drivers
v0x59e2d3709710_0 .net *"_ivl_4", 31 0, L_0x59e2d379a3a0;  1 drivers
v0x59e2d37097b0_0 .net *"_ivl_40", 31 0, L_0x59e2d379b050;  1 drivers
L_0x78152e1b7258 .functor BUFT 1, C4<0000000000000000000000000000000>, C4<0>, C4<0>, C4<0>;
v0x59e2d3709850_0 .net *"_ivl_43", 30 0, L_0x78152e1b7258;  1 drivers
v0x59e2d37098f0_0 .net *"_ivl_44", 31 0, L_0x59e2d379b220;  1 drivers
L_0x78152e1b72a0 .functor BUFT 1, C4<0000000000000000000000000000000>, C4<0>, C4<0>, C4<0>;
v0x59e2d3709ba0_0 .net *"_ivl_47", 30 0, L_0x78152e1b72a0;  1 drivers
v0x59e2d3709c40_0 .net *"_ivl_48", 31 0, L_0x59e2d379b320;  1 drivers
v0x59e2d3709ce0_0 .net *"_ivl_50", 31 0, L_0x59e2d379b3e0;  1 drivers
v0x59e2d3709d80_0 .net *"_ivl_53", 0 0, L_0x59e2d379b540;  1 drivers
v0x59e2d3709e20_0 .net *"_ivl_54", 31 0, L_0x59e2d379b5e0;  1 drivers
L_0x78152e1b72e8 .functor BUFT 1, C4<0000000000000000000000000000000>, C4<0>, C4<0>, C4<0>;
v0x59e2d3709ec0_0 .net *"_ivl_57", 30 0, L_0x78152e1b72e8;  1 drivers
v0x59e2d3709f60_0 .net *"_ivl_58", 31 0, L_0x59e2d379b790;  1 drivers
v0x59e2d370a000_0 .net *"_ivl_6", 4 0, L_0x59e2d379a440;  1 drivers
v0x59e2d370a0a0_0 .net *"_ivl_60", 31 0, L_0x59e2d379b850;  1 drivers
v0x59e2d370a140_0 .net *"_ivl_64", 8 0, L_0x59e2d379bb30;  1 drivers
v0x59e2d370a1e0_0 .net *"_ivl_67", 7 0, L_0x59e2d379bcd0;  1 drivers
v0x59e2d370a280_0 .net *"_ivl_68", 8 0, L_0x59e2d379bd70;  1 drivers
v0x59e2d370a320_0 .net *"_ivl_73", 7 0, L_0x59e2d379c090;  1 drivers
v0x59e2d370a3c0_0 .net/2u *"_ivl_76", 0 0, L_0x78152e1b7330;  1 drivers
v0x59e2d370a460_0 .net *"_ivl_78", 1 0, L_0x59e2d379c2b0;  1 drivers
v0x59e2d370a500_0 .net *"_ivl_80", 10 0, L_0x59e2d379c3e0;  1 drivers
L_0x78152e1b7378 .functor BUFT 1, C4<00>, C4<0>, C4<0>, C4<0>;
v0x59e2d370a5a0_0 .net *"_ivl_83", 1 0, L_0x78152e1b7378;  1 drivers
L_0x78152e1b73c0 .functor BUFT 1, C4<10>, C4<0>, C4<0>, C4<0>;
v0x59e2d370a640_0 .net/2u *"_ivl_84", 1 0, L_0x78152e1b73c0;  1 drivers
v0x59e2d370a6e0_0 .net *"_ivl_86", 0 0, L_0x59e2d379c570;  1 drivers
L_0x78152e1b70a8 .functor BUFT 1, C4<00>, C4<0>, C4<0>, C4<0>;
v0x59e2d370a780_0 .net *"_ivl_9", 1 0, L_0x78152e1b70a8;  1 drivers
v0x59e2d370a820_0 .net/2u *"_ivl_98", 31 0, L_0x78152e1b7408;  1 drivers
v0x59e2d370a8c0_0 .net "bht_predict_taken_w", 0 0, L_0x59e2d379c750;  1 drivers
v0x59e2d370a960_0 .net "bht_rd_entry_w", 8 0, L_0x59e2d379c1c0;  1 drivers
v0x59e2d370aa00 .array "bht_sat_q", 0 511, 1 0;
v0x59e2d370aaa0_0 .net "bht_wr_entry_w", 8 0, L_0x59e2d379bff0;  1 drivers
v0x59e2d370ab40_0 .var "btb_entry_r", 4 0;
v0x59e2d370abe0_0 .var "btb_hit_r", 0 0;
v0x59e2d370ac80 .array "btb_is_call_q", 0 31, 0 0;
v0x59e2d370ad20_0 .var "btb_is_call_r", 0 0;
v0x59e2d370adc0_0 .net "btb_is_call_w", 0 0, v0x59e2d370ad20_0;  1 drivers
v0x59e2d370ae60 .array "btb_is_jmp_q", 0 31, 0 0;
v0x59e2d370b010_0 .var "btb_is_jmp_r", 0 0;
v0x59e2d370b4c0 .array "btb_is_ret_q", 0 31, 0 0;
v0x59e2d370b670_0 .var "btb_is_ret_r", 0 0;
v0x59e2d370b710_0 .net "btb_is_ret_w", 0 0, v0x59e2d370b670_0;  1 drivers
v0x59e2d370b7b0_0 .var "btb_miss_r", 0 0;
v0x59e2d370b850_0 .var "btb_next_pc_r", 31 0;
v0x59e2d370b8f0 .array "btb_pc_q", 0 31, 31 0;
v0x59e2d370baa0 .array "btb_target_q", 0 31, 31 0;
v0x59e2d370bc50_0 .var "btb_upper_r", 0 0;
v0x59e2d370bcf0_0 .net "btb_upper_w", 0 0, L_0x59e2d379bf80;  1 drivers
v0x59e2d370bd90_0 .var "btb_valid_r", 0 0;
v0x59e2d370be30_0 .net "btb_valid_w", 0 0, L_0x59e2d379c950;  1 drivers
v0x59e2d370bed0_0 .net "btb_wr_alloc_w", 4 0, L_0x59e2d379c860;  1 drivers
v0x59e2d370bf70_0 .var "btb_wr_entry_r", 4 0;
v0x59e2d370c010_0 .var "global_history_q", 8 0;
v0x59e2d370c0b0_0 .var "global_history_real_q", 8 0;
v0x59e2d370c150_0 .net "gshare_rd_entry_w", 8 0, L_0x59e2d379b6d0;  1 drivers
v0x59e2d370c1f0_0 .net "gshare_wr_entry_w", 8 0, L_0x59e2d379bc60;  1 drivers
v0x59e2d370c290_0 .var/i "i0", 31 0;
v0x59e2d370c330_0 .var/i "i1", 31 0;
v0x59e2d370c3d0_0 .var/i "i2", 31 0;
v0x59e2d370c470_0 .var/i "i3", 31 0;
v0x59e2d370c510_0 .var/i "i4", 31 0;
v0x59e2d370c5b0_0 .var "pc_accept_q", 0 0;
v0x59e2d370c650_0 .net "pred_ntaken_w", 0 0, L_0x59e2d379de40;  1 drivers
v0x59e2d370c6f0_0 .net "pred_taken_w", 0 0, L_0x59e2d379db70;  1 drivers
v0x59e2d370c790_0 .net "ras_call_pred_w", 0 0, L_0x59e2d379af10;  1 drivers
v0x59e2d370c830_0 .var "ras_index_q", 2 0;
v0x59e2d370c8d0_0 .var "ras_index_r", 2 0;
v0x59e2d370c970_0 .var "ras_index_real_q", 2 0;
v0x59e2d370ca10_0 .var "ras_index_real_r", 2 0;
v0x59e2d370cab0_0 .net "ras_pc_pred_w", 31 0, L_0x59e2d379a580;  1 drivers
v0x59e2d370cb50_0 .net "ras_ret_pred_w", 0 0, L_0x59e2d379b960;  1 drivers
v0x59e2d370cbf0 .array "ras_stack_q", 0 7, 31 0;
v0x59e2d370cc90_0 .net "resume_from_stall_w", 0 0, L_0x59e2d379a2e0;  1 drivers
v0x59e2d370b8f0_0 .array/port v0x59e2d370b8f0, 0;
v0x59e2d370b8f0_1 .array/port v0x59e2d370b8f0, 1;
v0x59e2d370b8f0_2 .array/port v0x59e2d370b8f0, 2;
E_0x59e2d2f50b20/0 .event anyedge, v0x59e2d370d190_0, v0x59e2d370b8f0_0, v0x59e2d370b8f0_1, v0x59e2d370b8f0_2;
v0x59e2d370b8f0_3 .array/port v0x59e2d370b8f0, 3;
v0x59e2d370b8f0_4 .array/port v0x59e2d370b8f0, 4;
v0x59e2d370b8f0_5 .array/port v0x59e2d370b8f0, 5;
v0x59e2d370b8f0_6 .array/port v0x59e2d370b8f0, 6;
E_0x59e2d2f50b20/1 .event anyedge, v0x59e2d370b8f0_3, v0x59e2d370b8f0_4, v0x59e2d370b8f0_5, v0x59e2d370b8f0_6;
v0x59e2d370b8f0_7 .array/port v0x59e2d370b8f0, 7;
v0x59e2d370b8f0_8 .array/port v0x59e2d370b8f0, 8;
v0x59e2d370b8f0_9 .array/port v0x59e2d370b8f0, 9;
v0x59e2d370b8f0_10 .array/port v0x59e2d370b8f0, 10;
E_0x59e2d2f50b20/2 .event anyedge, v0x59e2d370b8f0_7, v0x59e2d370b8f0_8, v0x59e2d370b8f0_9, v0x59e2d370b8f0_10;
v0x59e2d370b8f0_11 .array/port v0x59e2d370b8f0, 11;
v0x59e2d370b8f0_12 .array/port v0x59e2d370b8f0, 12;
v0x59e2d370b8f0_13 .array/port v0x59e2d370b8f0, 13;
v0x59e2d370b8f0_14 .array/port v0x59e2d370b8f0, 14;
E_0x59e2d2f50b20/3 .event anyedge, v0x59e2d370b8f0_11, v0x59e2d370b8f0_12, v0x59e2d370b8f0_13, v0x59e2d370b8f0_14;
v0x59e2d370b8f0_15 .array/port v0x59e2d370b8f0, 15;
v0x59e2d370b8f0_16 .array/port v0x59e2d370b8f0, 16;
v0x59e2d370b8f0_17 .array/port v0x59e2d370b8f0, 17;
v0x59e2d370b8f0_18 .array/port v0x59e2d370b8f0, 18;
E_0x59e2d2f50b20/4 .event anyedge, v0x59e2d370b8f0_15, v0x59e2d370b8f0_16, v0x59e2d370b8f0_17, v0x59e2d370b8f0_18;
v0x59e2d370b8f0_19 .array/port v0x59e2d370b8f0, 19;
v0x59e2d370b8f0_20 .array/port v0x59e2d370b8f0, 20;
v0x59e2d370b8f0_21 .array/port v0x59e2d370b8f0, 21;
v0x59e2d370b8f0_22 .array/port v0x59e2d370b8f0, 22;
E_0x59e2d2f50b20/5 .event anyedge, v0x59e2d370b8f0_19, v0x59e2d370b8f0_20, v0x59e2d370b8f0_21, v0x59e2d370b8f0_22;
v0x59e2d370b8f0_23 .array/port v0x59e2d370b8f0, 23;
v0x59e2d370b8f0_24 .array/port v0x59e2d370b8f0, 24;
v0x59e2d370b8f0_25 .array/port v0x59e2d370b8f0, 25;
v0x59e2d370b8f0_26 .array/port v0x59e2d370b8f0, 26;
E_0x59e2d2f50b20/6 .event anyedge, v0x59e2d370b8f0_23, v0x59e2d370b8f0_24, v0x59e2d370b8f0_25, v0x59e2d370b8f0_26;
v0x59e2d370b8f0_27 .array/port v0x59e2d370b8f0, 27;
v0x59e2d370b8f0_28 .array/port v0x59e2d370b8f0, 28;
v0x59e2d370b8f0_29 .array/port v0x59e2d370b8f0, 29;
v0x59e2d370b8f0_30 .array/port v0x59e2d370b8f0, 30;
E_0x59e2d2f50b20/7 .event anyedge, v0x59e2d370b8f0_27, v0x59e2d370b8f0_28, v0x59e2d370b8f0_29, v0x59e2d370b8f0_30;
v0x59e2d370b8f0_31 .array/port v0x59e2d370b8f0, 31;
E_0x59e2d2f50b20/8 .event anyedge, v0x59e2d370b8f0_31, v0x59e2d370d230_0, v0x59e2d370abe0_0;
E_0x59e2d2f50b20 .event/or E_0x59e2d2f50b20/0, E_0x59e2d2f50b20/1, E_0x59e2d2f50b20/2, E_0x59e2d2f50b20/3, E_0x59e2d2f50b20/4, E_0x59e2d2f50b20/5, E_0x59e2d2f50b20/6, E_0x59e2d2f50b20/7, E_0x59e2d2f50b20/8;
E_0x59e2d2f50b60/0 .event anyedge, v0x59e2d37069a0_0, v0x59e2d370b8f0_0, v0x59e2d370b8f0_1, v0x59e2d370b8f0_2;
E_0x59e2d2f50b60/1 .event anyedge, v0x59e2d370b8f0_3, v0x59e2d370b8f0_4, v0x59e2d370b8f0_5, v0x59e2d370b8f0_6;
E_0x59e2d2f50b60/2 .event anyedge, v0x59e2d370b8f0_7, v0x59e2d370b8f0_8, v0x59e2d370b8f0_9, v0x59e2d370b8f0_10;
E_0x59e2d2f50b60/3 .event anyedge, v0x59e2d370b8f0_11, v0x59e2d370b8f0_12, v0x59e2d370b8f0_13, v0x59e2d370b8f0_14;
E_0x59e2d2f50b60/4 .event anyedge, v0x59e2d370b8f0_15, v0x59e2d370b8f0_16, v0x59e2d370b8f0_17, v0x59e2d370b8f0_18;
E_0x59e2d2f50b60/5 .event anyedge, v0x59e2d370b8f0_19, v0x59e2d370b8f0_20, v0x59e2d370b8f0_21, v0x59e2d370b8f0_22;
E_0x59e2d2f50b60/6 .event anyedge, v0x59e2d370b8f0_23, v0x59e2d370b8f0_24, v0x59e2d370b8f0_25, v0x59e2d370b8f0_26;
E_0x59e2d2f50b60/7 .event anyedge, v0x59e2d370b8f0_27, v0x59e2d370b8f0_28, v0x59e2d370b8f0_29, v0x59e2d370b8f0_30;
v0x59e2d370ac80_0 .array/port v0x59e2d370ac80, 0;
v0x59e2d370ac80_1 .array/port v0x59e2d370ac80, 1;
v0x59e2d370ac80_2 .array/port v0x59e2d370ac80, 2;
E_0x59e2d2f50b60/8 .event anyedge, v0x59e2d370b8f0_31, v0x59e2d370ac80_0, v0x59e2d370ac80_1, v0x59e2d370ac80_2;
v0x59e2d370ac80_3 .array/port v0x59e2d370ac80, 3;
v0x59e2d370ac80_4 .array/port v0x59e2d370ac80, 4;
v0x59e2d370ac80_5 .array/port v0x59e2d370ac80, 5;
v0x59e2d370ac80_6 .array/port v0x59e2d370ac80, 6;
E_0x59e2d2f50b60/9 .event anyedge, v0x59e2d370ac80_3, v0x59e2d370ac80_4, v0x59e2d370ac80_5, v0x59e2d370ac80_6;
v0x59e2d370ac80_7 .array/port v0x59e2d370ac80, 7;
v0x59e2d370ac80_8 .array/port v0x59e2d370ac80, 8;
v0x59e2d370ac80_9 .array/port v0x59e2d370ac80, 9;
v0x59e2d370ac80_10 .array/port v0x59e2d370ac80, 10;
E_0x59e2d2f50b60/10 .event anyedge, v0x59e2d370ac80_7, v0x59e2d370ac80_8, v0x59e2d370ac80_9, v0x59e2d370ac80_10;
v0x59e2d370ac80_11 .array/port v0x59e2d370ac80, 11;
v0x59e2d370ac80_12 .array/port v0x59e2d370ac80, 12;
v0x59e2d370ac80_13 .array/port v0x59e2d370ac80, 13;
v0x59e2d370ac80_14 .array/port v0x59e2d370ac80, 14;
E_0x59e2d2f50b60/11 .event anyedge, v0x59e2d370ac80_11, v0x59e2d370ac80_12, v0x59e2d370ac80_13, v0x59e2d370ac80_14;
v0x59e2d370ac80_15 .array/port v0x59e2d370ac80, 15;
v0x59e2d370ac80_16 .array/port v0x59e2d370ac80, 16;
v0x59e2d370ac80_17 .array/port v0x59e2d370ac80, 17;
v0x59e2d370ac80_18 .array/port v0x59e2d370ac80, 18;
E_0x59e2d2f50b60/12 .event anyedge, v0x59e2d370ac80_15, v0x59e2d370ac80_16, v0x59e2d370ac80_17, v0x59e2d370ac80_18;
v0x59e2d370ac80_19 .array/port v0x59e2d370ac80, 19;
v0x59e2d370ac80_20 .array/port v0x59e2d370ac80, 20;
v0x59e2d370ac80_21 .array/port v0x59e2d370ac80, 21;
v0x59e2d370ac80_22 .array/port v0x59e2d370ac80, 22;
E_0x59e2d2f50b60/13 .event anyedge, v0x59e2d370ac80_19, v0x59e2d370ac80_20, v0x59e2d370ac80_21, v0x59e2d370ac80_22;
v0x59e2d370ac80_23 .array/port v0x59e2d370ac80, 23;
v0x59e2d370ac80_24 .array/port v0x59e2d370ac80, 24;
v0x59e2d370ac80_25 .array/port v0x59e2d370ac80, 25;
v0x59e2d370ac80_26 .array/port v0x59e2d370ac80, 26;
E_0x59e2d2f50b60/14 .event anyedge, v0x59e2d370ac80_23, v0x59e2d370ac80_24, v0x59e2d370ac80_25, v0x59e2d370ac80_26;
v0x59e2d370ac80_27 .array/port v0x59e2d370ac80, 27;
v0x59e2d370ac80_28 .array/port v0x59e2d370ac80, 28;
v0x59e2d370ac80_29 .array/port v0x59e2d370ac80, 29;
v0x59e2d370ac80_30 .array/port v0x59e2d370ac80, 30;
E_0x59e2d2f50b60/15 .event anyedge, v0x59e2d370ac80_27, v0x59e2d370ac80_28, v0x59e2d370ac80_29, v0x59e2d370ac80_30;
v0x59e2d370ac80_31 .array/port v0x59e2d370ac80, 31;
v0x59e2d370b4c0_0 .array/port v0x59e2d370b4c0, 0;
v0x59e2d370b4c0_1 .array/port v0x59e2d370b4c0, 1;
v0x59e2d370b4c0_2 .array/port v0x59e2d370b4c0, 2;
E_0x59e2d2f50b60/16 .event anyedge, v0x59e2d370ac80_31, v0x59e2d370b4c0_0, v0x59e2d370b4c0_1, v0x59e2d370b4c0_2;
v0x59e2d370b4c0_3 .array/port v0x59e2d370b4c0, 3;
v0x59e2d370b4c0_4 .array/port v0x59e2d370b4c0, 4;
v0x59e2d370b4c0_5 .array/port v0x59e2d370b4c0, 5;
v0x59e2d370b4c0_6 .array/port v0x59e2d370b4c0, 6;
E_0x59e2d2f50b60/17 .event anyedge, v0x59e2d370b4c0_3, v0x59e2d370b4c0_4, v0x59e2d370b4c0_5, v0x59e2d370b4c0_6;
v0x59e2d370b4c0_7 .array/port v0x59e2d370b4c0, 7;
v0x59e2d370b4c0_8 .array/port v0x59e2d370b4c0, 8;
v0x59e2d370b4c0_9 .array/port v0x59e2d370b4c0, 9;
v0x59e2d370b4c0_10 .array/port v0x59e2d370b4c0, 10;
E_0x59e2d2f50b60/18 .event anyedge, v0x59e2d370b4c0_7, v0x59e2d370b4c0_8, v0x59e2d370b4c0_9, v0x59e2d370b4c0_10;
v0x59e2d370b4c0_11 .array/port v0x59e2d370b4c0, 11;
v0x59e2d370b4c0_12 .array/port v0x59e2d370b4c0, 12;
v0x59e2d370b4c0_13 .array/port v0x59e2d370b4c0, 13;
v0x59e2d370b4c0_14 .array/port v0x59e2d370b4c0, 14;
E_0x59e2d2f50b60/19 .event anyedge, v0x59e2d370b4c0_11, v0x59e2d370b4c0_12, v0x59e2d370b4c0_13, v0x59e2d370b4c0_14;
v0x59e2d370b4c0_15 .array/port v0x59e2d370b4c0, 15;
v0x59e2d370b4c0_16 .array/port v0x59e2d370b4c0, 16;
v0x59e2d370b4c0_17 .array/port v0x59e2d370b4c0, 17;
v0x59e2d370b4c0_18 .array/port v0x59e2d370b4c0, 18;
E_0x59e2d2f50b60/20 .event anyedge, v0x59e2d370b4c0_15, v0x59e2d370b4c0_16, v0x59e2d370b4c0_17, v0x59e2d370b4c0_18;
v0x59e2d370b4c0_19 .array/port v0x59e2d370b4c0, 19;
v0x59e2d370b4c0_20 .array/port v0x59e2d370b4c0, 20;
v0x59e2d370b4c0_21 .array/port v0x59e2d370b4c0, 21;
v0x59e2d370b4c0_22 .array/port v0x59e2d370b4c0, 22;
E_0x59e2d2f50b60/21 .event anyedge, v0x59e2d370b4c0_19, v0x59e2d370b4c0_20, v0x59e2d370b4c0_21, v0x59e2d370b4c0_22;
v0x59e2d370b4c0_23 .array/port v0x59e2d370b4c0, 23;
v0x59e2d370b4c0_24 .array/port v0x59e2d370b4c0, 24;
v0x59e2d370b4c0_25 .array/port v0x59e2d370b4c0, 25;
v0x59e2d370b4c0_26 .array/port v0x59e2d370b4c0, 26;
E_0x59e2d2f50b60/22 .event anyedge, v0x59e2d370b4c0_23, v0x59e2d370b4c0_24, v0x59e2d370b4c0_25, v0x59e2d370b4c0_26;
v0x59e2d370b4c0_27 .array/port v0x59e2d370b4c0, 27;
v0x59e2d370b4c0_28 .array/port v0x59e2d370b4c0, 28;
v0x59e2d370b4c0_29 .array/port v0x59e2d370b4c0, 29;
v0x59e2d370b4c0_30 .array/port v0x59e2d370b4c0, 30;
E_0x59e2d2f50b60/23 .event anyedge, v0x59e2d370b4c0_27, v0x59e2d370b4c0_28, v0x59e2d370b4c0_29, v0x59e2d370b4c0_30;
v0x59e2d370b4c0_31 .array/port v0x59e2d370b4c0, 31;
v0x59e2d370ae60_0 .array/port v0x59e2d370ae60, 0;
v0x59e2d370ae60_1 .array/port v0x59e2d370ae60, 1;
v0x59e2d370ae60_2 .array/port v0x59e2d370ae60, 2;
E_0x59e2d2f50b60/24 .event anyedge, v0x59e2d370b4c0_31, v0x59e2d370ae60_0, v0x59e2d370ae60_1, v0x59e2d370ae60_2;
v0x59e2d370ae60_3 .array/port v0x59e2d370ae60, 3;
v0x59e2d370ae60_4 .array/port v0x59e2d370ae60, 4;
v0x59e2d370ae60_5 .array/port v0x59e2d370ae60, 5;
v0x59e2d370ae60_6 .array/port v0x59e2d370ae60, 6;
E_0x59e2d2f50b60/25 .event anyedge, v0x59e2d370ae60_3, v0x59e2d370ae60_4, v0x59e2d370ae60_5, v0x59e2d370ae60_6;
v0x59e2d370ae60_7 .array/port v0x59e2d370ae60, 7;
v0x59e2d370ae60_8 .array/port v0x59e2d370ae60, 8;
v0x59e2d370ae60_9 .array/port v0x59e2d370ae60, 9;
v0x59e2d370ae60_10 .array/port v0x59e2d370ae60, 10;
E_0x59e2d2f50b60/26 .event anyedge, v0x59e2d370ae60_7, v0x59e2d370ae60_8, v0x59e2d370ae60_9, v0x59e2d370ae60_10;
v0x59e2d370ae60_11 .array/port v0x59e2d370ae60, 11;
v0x59e2d370ae60_12 .array/port v0x59e2d370ae60, 12;
v0x59e2d370ae60_13 .array/port v0x59e2d370ae60, 13;
v0x59e2d370ae60_14 .array/port v0x59e2d370ae60, 14;
E_0x59e2d2f50b60/27 .event anyedge, v0x59e2d370ae60_11, v0x59e2d370ae60_12, v0x59e2d370ae60_13, v0x59e2d370ae60_14;
v0x59e2d370ae60_15 .array/port v0x59e2d370ae60, 15;
v0x59e2d370ae60_16 .array/port v0x59e2d370ae60, 16;
v0x59e2d370ae60_17 .array/port v0x59e2d370ae60, 17;
v0x59e2d370ae60_18 .array/port v0x59e2d370ae60, 18;
E_0x59e2d2f50b60/28 .event anyedge, v0x59e2d370ae60_15, v0x59e2d370ae60_16, v0x59e2d370ae60_17, v0x59e2d370ae60_18;
v0x59e2d370ae60_19 .array/port v0x59e2d370ae60, 19;
v0x59e2d370ae60_20 .array/port v0x59e2d370ae60, 20;
v0x59e2d370ae60_21 .array/port v0x59e2d370ae60, 21;
v0x59e2d370ae60_22 .array/port v0x59e2d370ae60, 22;
E_0x59e2d2f50b60/29 .event anyedge, v0x59e2d370ae60_19, v0x59e2d370ae60_20, v0x59e2d370ae60_21, v0x59e2d370ae60_22;
v0x59e2d370ae60_23 .array/port v0x59e2d370ae60, 23;
v0x59e2d370ae60_24 .array/port v0x59e2d370ae60, 24;
v0x59e2d370ae60_25 .array/port v0x59e2d370ae60, 25;
v0x59e2d370ae60_26 .array/port v0x59e2d370ae60, 26;
E_0x59e2d2f50b60/30 .event anyedge, v0x59e2d370ae60_23, v0x59e2d370ae60_24, v0x59e2d370ae60_25, v0x59e2d370ae60_26;
v0x59e2d370ae60_27 .array/port v0x59e2d370ae60, 27;
v0x59e2d370ae60_28 .array/port v0x59e2d370ae60, 28;
v0x59e2d370ae60_29 .array/port v0x59e2d370ae60, 29;
v0x59e2d370ae60_30 .array/port v0x59e2d370ae60, 30;
E_0x59e2d2f50b60/31 .event anyedge, v0x59e2d370ae60_27, v0x59e2d370ae60_28, v0x59e2d370ae60_29, v0x59e2d370ae60_30;
v0x59e2d370ae60_31 .array/port v0x59e2d370ae60, 31;
v0x59e2d370baa0_0 .array/port v0x59e2d370baa0, 0;
v0x59e2d370baa0_1 .array/port v0x59e2d370baa0, 1;
v0x59e2d370baa0_2 .array/port v0x59e2d370baa0, 2;
E_0x59e2d2f50b60/32 .event anyedge, v0x59e2d370ae60_31, v0x59e2d370baa0_0, v0x59e2d370baa0_1, v0x59e2d370baa0_2;
v0x59e2d370baa0_3 .array/port v0x59e2d370baa0, 3;
v0x59e2d370baa0_4 .array/port v0x59e2d370baa0, 4;
v0x59e2d370baa0_5 .array/port v0x59e2d370baa0, 5;
v0x59e2d370baa0_6 .array/port v0x59e2d370baa0, 6;
E_0x59e2d2f50b60/33 .event anyedge, v0x59e2d370baa0_3, v0x59e2d370baa0_4, v0x59e2d370baa0_5, v0x59e2d370baa0_6;
v0x59e2d370baa0_7 .array/port v0x59e2d370baa0, 7;
v0x59e2d370baa0_8 .array/port v0x59e2d370baa0, 8;
v0x59e2d370baa0_9 .array/port v0x59e2d370baa0, 9;
v0x59e2d370baa0_10 .array/port v0x59e2d370baa0, 10;
E_0x59e2d2f50b60/34 .event anyedge, v0x59e2d370baa0_7, v0x59e2d370baa0_8, v0x59e2d370baa0_9, v0x59e2d370baa0_10;
v0x59e2d370baa0_11 .array/port v0x59e2d370baa0, 11;
v0x59e2d370baa0_12 .array/port v0x59e2d370baa0, 12;
v0x59e2d370baa0_13 .array/port v0x59e2d370baa0, 13;
v0x59e2d370baa0_14 .array/port v0x59e2d370baa0, 14;
E_0x59e2d2f50b60/35 .event anyedge, v0x59e2d370baa0_11, v0x59e2d370baa0_12, v0x59e2d370baa0_13, v0x59e2d370baa0_14;
v0x59e2d370baa0_15 .array/port v0x59e2d370baa0, 15;
v0x59e2d370baa0_16 .array/port v0x59e2d370baa0, 16;
v0x59e2d370baa0_17 .array/port v0x59e2d370baa0, 17;
v0x59e2d370baa0_18 .array/port v0x59e2d370baa0, 18;
E_0x59e2d2f50b60/36 .event anyedge, v0x59e2d370baa0_15, v0x59e2d370baa0_16, v0x59e2d370baa0_17, v0x59e2d370baa0_18;
v0x59e2d370baa0_19 .array/port v0x59e2d370baa0, 19;
v0x59e2d370baa0_20 .array/port v0x59e2d370baa0, 20;
v0x59e2d370baa0_21 .array/port v0x59e2d370baa0, 21;
v0x59e2d370baa0_22 .array/port v0x59e2d370baa0, 22;
E_0x59e2d2f50b60/37 .event anyedge, v0x59e2d370baa0_19, v0x59e2d370baa0_20, v0x59e2d370baa0_21, v0x59e2d370baa0_22;
v0x59e2d370baa0_23 .array/port v0x59e2d370baa0, 23;
v0x59e2d370baa0_24 .array/port v0x59e2d370baa0, 24;
v0x59e2d370baa0_25 .array/port v0x59e2d370baa0, 25;
v0x59e2d370baa0_26 .array/port v0x59e2d370baa0, 26;
E_0x59e2d2f50b60/38 .event anyedge, v0x59e2d370baa0_23, v0x59e2d370baa0_24, v0x59e2d370baa0_25, v0x59e2d370baa0_26;
v0x59e2d370baa0_27 .array/port v0x59e2d370baa0, 27;
v0x59e2d370baa0_28 .array/port v0x59e2d370baa0, 28;
v0x59e2d370baa0_29 .array/port v0x59e2d370baa0, 29;
v0x59e2d370baa0_30 .array/port v0x59e2d370baa0, 30;
E_0x59e2d2f50b60/39 .event anyedge, v0x59e2d370baa0_27, v0x59e2d370baa0_28, v0x59e2d370baa0_29, v0x59e2d370baa0_30;
v0x59e2d370baa0_31 .array/port v0x59e2d370baa0, 31;
E_0x59e2d2f50b60/40 .event anyedge, v0x59e2d370baa0_31, v0x59e2d3708200_0;
E_0x59e2d2f50b60 .event/or E_0x59e2d2f50b60/0, E_0x59e2d2f50b60/1, E_0x59e2d2f50b60/2, E_0x59e2d2f50b60/3, E_0x59e2d2f50b60/4, E_0x59e2d2f50b60/5, E_0x59e2d2f50b60/6, E_0x59e2d2f50b60/7, E_0x59e2d2f50b60/8, E_0x59e2d2f50b60/9, E_0x59e2d2f50b60/10, E_0x59e2d2f50b60/11, E_0x59e2d2f50b60/12, E_0x59e2d2f50b60/13, E_0x59e2d2f50b60/14, E_0x59e2d2f50b60/15, E_0x59e2d2f50b60/16, E_0x59e2d2f50b60/17, E_0x59e2d2f50b60/18, E_0x59e2d2f50b60/19, E_0x59e2d2f50b60/20, E_0x59e2d2f50b60/21, E_0x59e2d2f50b60/22, E_0x59e2d2f50b60/23, E_0x59e2d2f50b60/24, E_0x59e2d2f50b60/25, E_0x59e2d2f50b60/26, E_0x59e2d2f50b60/27, E_0x59e2d2f50b60/28, E_0x59e2d2f50b60/29, E_0x59e2d2f50b60/30, E_0x59e2d2f50b60/31, E_0x59e2d2f50b60/32, E_0x59e2d2f50b60/33, E_0x59e2d2f50b60/34, E_0x59e2d2f50b60/35, E_0x59e2d2f50b60/36, E_0x59e2d2f50b60/37, E_0x59e2d2f50b60/38, E_0x59e2d2f50b60/39, E_0x59e2d2f50b60/40;
E_0x59e2d2f4dba0/0 .event anyedge, v0x59e2d370c830_0, v0x59e2d370d190_0, v0x59e2d370cdd0_0, v0x59e2d370c970_0;
E_0x59e2d2f4dba0/1 .event anyedge, v0x59e2d370cfb0_0, v0x59e2d370c790_0, v0x59e2d3706860_0, v0x59e2d370cb50_0;
E_0x59e2d2f4dba0 .event/or E_0x59e2d2f4dba0/0, E_0x59e2d2f4dba0/1;
E_0x59e2d2f4dbe0 .event anyedge, v0x59e2d370c970_0, v0x59e2d370d190_0, v0x59e2d370cdd0_0, v0x59e2d370cfb0_0;
L_0x59e2d379a240 .reduce/nor v0x59e2d370c5b0_0;
L_0x59e2d379a3a0 .array/port v0x59e2d370cbf0, L_0x59e2d379a440;
L_0x59e2d379a440 .concat [ 3 2 0 0], v0x59e2d370c830_0, L_0x78152e1b70a8;
L_0x59e2d379a640 .concat [ 1 31 0 0], L_0x59e2d379c950, L_0x78152e1b7138;
L_0x59e2d379a780 .concat [ 1 31 0 0], v0x59e2d370ad20_0, L_0x78152e1b7180;
L_0x59e2d379aa90 .part L_0x59e2d379a580, 0, 1;
L_0x59e2d379abc0 .concat [ 1 31 0 0], L_0x59e2d379aa90, L_0x78152e1b71c8;
L_0x59e2d379af10 .part L_0x59e2d379adc0, 0, 1;
L_0x59e2d379b050 .concat [ 1 31 0 0], L_0x59e2d379c950, L_0x78152e1b7258;
L_0x59e2d379b220 .concat [ 1 31 0 0], v0x59e2d370b670_0, L_0x78152e1b72a0;
L_0x59e2d379b540 .part L_0x59e2d379a580, 0, 1;
L_0x59e2d379b5e0 .concat [ 1 31 0 0], L_0x59e2d379b540, L_0x78152e1b72e8;
L_0x59e2d379b960 .part L_0x59e2d379b850, 0, 1;
L_0x59e2d379bd70 .concat [ 1 8 0 0], L_0x59e2d379bf80, L_0x59e2d379bcd0;
L_0x59e2d379c1c0 .concat [ 1 8 0 0], L_0x59e2d379bf80, L_0x59e2d379c090;
L_0x59e2d379c2b0 .array/port v0x59e2d370aa00, L_0x59e2d379c3e0;
L_0x59e2d379c3e0 .concat [ 9 2 0 0], L_0x59e2d379c1c0, L_0x78152e1b7378;
L_0x59e2d379c570 .cmp/ge 2, L_0x59e2d379c2b0, L_0x78152e1b73c0;
L_0x59e2d379d160 .concat [ 1 1 0 0], L_0x78152e1b7450, v0x59e2d370bc50_0;
L_0x59e2d379d310 .concat [ 1 1 0 0], L_0x59e2d379d2a0, v0x59e2d370bc50_0;
L_0x59e2d379c6b0 .functor MUXZ 2, L_0x59e2d379d310, L_0x59e2d379d160, L_0x59e2d379cee0, C4<>;
L_0x59e2d379d550 .functor MUXZ 2, L_0x78152e1b7498, L_0x59e2d379c6b0, L_0x59e2d379d040, C4<>;
S_0x59e2d3707c40 .scope module, "u_lru" "biriscv_npc_lfsr" 15 362, 15 407 0, S_0x59e2d3707470;
 .timescale 0 0;
    .port_info 0 /INPUT 1 "clk_i";
    .port_info 1 /INPUT 1 "rst_i";
    .port_info 2 /INPUT 1 "hit_i";
    .port_info 3 /INPUT 5 "hit_entry_i";
    .port_info 4 /INPUT 1 "alloc_i";
    .port_info 5 /OUTPUT 5 "alloc_entry_o";
P_0x59e2d3707dd0 .param/l "ADDR_W" 0 15 413, +C4<00000000000000000000000000000101>;
P_0x59e2d3707e10 .param/l "DEPTH" 0 15 412, +C4<00000000000000000000000000100000>;
P_0x59e2d3707e50 .param/l "INITIAL_VALUE" 0 15 414, C4<0000000000000001>;
P_0x59e2d3707e90 .param/l "TAP_VALUE" 0 15 415, C4<1011010000000000>;
v0x59e2d3707f80_0 .net "alloc_entry_o", 4 0, L_0x59e2d379c860;  alias, 1 drivers
v0x59e2d3708020_0 .net "alloc_i", 0 0, v0x59e2d370b7b0_0;  1 drivers
v0x59e2d37080c0_0 .net "clk_i", 0 0, v0x59e2d3787d50_0;  alias, 1 drivers
v0x59e2d3708160_0 .net "hit_entry_i", 4 0, v0x59e2d370ab40_0;  1 drivers
v0x59e2d3708200_0 .net "hit_i", 0 0, v0x59e2d370bd90_0;  1 drivers
v0x59e2d37082a0_0 .var "lfsr_q", 15 0;
v0x59e2d3708340_0 .net "rst_i", 0 0, v0x59e2d3789c80_0;  alias, 1 drivers
L_0x59e2d379c860 .part v0x59e2d37082a0_0, 0, 5;
S_0x59e2d3710aa0 .scope module, "u_issue" "biriscv_issue" 4 703, 16 26 0, S_0x59e2d34cce00;
 .timescale 0 0;
    .port_info 0 /INPUT 1 "clk_i";
    .port_info 1 /INPUT 1 "rst_i";
    .port_info 2 /INPUT 1 "fetch0_valid_i";
    .port_info 3 /INPUT 32 "fetch0_instr_i";
    .port_info 4 /INPUT 32 "fetch0_pc_i";
    .port_info 5 /INPUT 1 "fetch0_fault_fetch_i";
    .port_info 6 /INPUT 1 "fetch0_fault_page_i";
    .port_info 7 /INPUT 1 "fetch0_instr_exec_i";
    .port_info 8 /INPUT 1 "fetch0_instr_lsu_i";
    .port_info 9 /INPUT 1 "fetch0_instr_branch_i";
    .port_info 10 /INPUT 1 "fetch0_instr_mul_i";
    .port_info 11 /INPUT 1 "fetch0_instr_div_i";
    .port_info 12 /INPUT 1 "fetch0_instr_csr_i";
    .port_info 13 /INPUT 1 "fetch0_instr_rd_valid_i";
    .port_info 14 /INPUT 1 "fetch0_instr_invalid_i";
    .port_info 15 /INPUT 1 "fetch1_valid_i";
    .port_info 16 /INPUT 32 "fetch1_instr_i";
    .port_info 17 /INPUT 32 "fetch1_pc_i";
    .port_info 18 /INPUT 1 "fetch1_fault_fetch_i";
    .port_info 19 /INPUT 1 "fetch1_fault_page_i";
    .port_info 20 /INPUT 1 "fetch1_instr_exec_i";
    .port_info 21 /INPUT 1 "fetch1_instr_lsu_i";
    .port_info 22 /INPUT 1 "fetch1_instr_branch_i";
    .port_info 23 /INPUT 1 "fetch1_instr_mul_i";
    .port_info 24 /INPUT 1 "fetch1_instr_div_i";
    .port_info 25 /INPUT 1 "fetch1_instr_csr_i";
    .port_info 26 /INPUT 1 "fetch0_instr_mule_i";
    .port_info 27 /INPUT 1 "fetch0_instr_muls_i";
    .port_info 28 /INPUT 1 "fetch1_instr_mule_i";
    .port_info 29 /INPUT 1 "fetch1_instr_muls_i";
    .port_info 30 /INPUT 1 "fetch0_instr_cbm_i";
    .port_info 31 /INPUT 1 "fetch1_instr_cbm_i";
    .port_info 32 /INPUT 1 "fetch0_instr_mulp_i";
    .port_info 33 /INPUT 1 "fetch1_instr_mulp_i";
    .port_info 34 /INPUT 1 "fetch1_instr_rd_valid_i";
    .port_info 35 /INPUT 1 "fetch1_instr_invalid_i";
    .port_info 36 /INPUT 1 "branch_exec0_request_i";
    .port_info 37 /INPUT 1 "branch_exec0_is_taken_i";
    .port_info 38 /INPUT 1 "branch_exec0_is_not_taken_i";
    .port_info 39 /INPUT 32 "branch_exec0_source_i";
    .port_info 40 /INPUT 1 "branch_exec0_is_call_i";
    .port_info 41 /INPUT 1 "branch_exec0_is_ret_i";
    .port_info 42 /INPUT 1 "branch_exec0_is_jmp_i";
    .port_info 43 /INPUT 32 "branch_exec0_pc_i";
    .port_info 44 /INPUT 1 "branch_d_exec0_request_i";
    .port_info 45 /INPUT 32 "branch_d_exec0_pc_i";
    .port_info 46 /INPUT 2 "branch_d_exec0_priv_i";
    .port_info 47 /INPUT 1 "branch_exec1_request_i";
    .port_info 48 /INPUT 1 "branch_exec1_is_taken_i";
    .port_info 49 /INPUT 1 "branch_exec1_is_not_taken_i";
    .port_info 50 /INPUT 32 "branch_exec1_source_i";
    .port_info 51 /INPUT 1 "branch_exec1_is_call_i";
    .port_info 52 /INPUT 1 "branch_exec1_is_ret_i";
    .port_info 53 /INPUT 1 "branch_exec1_is_jmp_i";
    .port_info 54 /INPUT 32 "branch_exec1_pc_i";
    .port_info 55 /INPUT 1 "branch_d_exec1_request_i";
    .port_info 56 /INPUT 32 "branch_d_exec1_pc_i";
    .port_info 57 /INPUT 2 "branch_d_exec1_priv_i";
    .port_info 58 /INPUT 1 "branch_csr_request_i";
    .port_info 59 /INPUT 32 "branch_csr_pc_i";
    .port_info 60 /INPUT 2 "branch_csr_priv_i";
    .port_info 61 /INPUT 32 "writeback_exec0_value_i";
    .port_info 62 /INPUT 32 "writeback_exec1_value_i";
    .port_info 63 /INPUT 1 "writeback_mem_valid_i";
    .port_info 64 /INPUT 32 "writeback_mem_value_i";
    .port_info 65 /INPUT 6 "writeback_mem_exception_i";
    .port_info 66 /INPUT 32 "writeback_mul_value_i";
    .port_info 67 /INPUT 1 "writeback_div_valid_i";
    .port_info 68 /INPUT 32 "writeback_div_value_i";
    .port_info 69 /INPUT 1 "writeback_mule_valid_i";
    .port_info 70 /INPUT 32 "writeback_mule_value_i";
    .port_info 71 /INPUT 5 "writeback_mule_rd_idx_i";
    .port_info 72 /INPUT 1 "writeback_muls_valid_i";
    .port_info 73 /INPUT 32 "writeback_muls_value_i";
    .port_info 74 /INPUT 5 "writeback_muls_rd_idx_i";
    .port_info 75 /INPUT 1 "writeback_cbm_valid_i";
    .port_info 76 /INPUT 32 "writeback_cbm_value_i";
    .port_info 77 /INPUT 5 "writeback_cbm_rd_idx_i";
    .port_info 78 /INPUT 1 "writeback_mulp_valid_i";
    .port_info 79 /INPUT 32 "writeback_mulp_value_i";
    .port_info 80 /INPUT 5 "writeback_mulp_rd_idx_i";
    .port_info 81 /INPUT 32 "csr_result_e1_value_i";
    .port_info 82 /INPUT 1 "csr_result_e1_write_i";
    .port_info 83 /INPUT 32 "csr_result_e1_wdata_i";
    .port_info 84 /INPUT 6 "csr_result_e1_exception_i";
    .port_info 85 /INPUT 1 "lsu_stall_i";
    .port_info 86 /INPUT 1 "take_interrupt_i";
    .port_info 87 /OUTPUT 1 "fetch0_accept_o";
    .port_info 88 /OUTPUT 1 "fetch1_accept_o";
    .port_info 89 /OUTPUT 1 "branch_request_o";
    .port_info 90 /OUTPUT 32 "branch_pc_o";
    .port_info 91 /OUTPUT 2 "branch_priv_o";
    .port_info 92 /OUTPUT 1 "branch_info_request_o";
    .port_info 93 /OUTPUT 1 "branch_info_is_taken_o";
    .port_info 94 /OUTPUT 1 "branch_info_is_not_taken_o";
    .port_info 95 /OUTPUT 32 "branch_info_source_o";
    .port_info 96 /OUTPUT 1 "branch_info_is_call_o";
    .port_info 97 /OUTPUT 1 "branch_info_is_ret_o";
    .port_info 98 /OUTPUT 1 "branch_info_is_jmp_o";
    .port_info 99 /OUTPUT 32 "branch_info_pc_o";
    .port_info 100 /OUTPUT 1 "exec0_opcode_valid_o";
    .port_info 101 /OUTPUT 1 "exec1_opcode_valid_o";
    .port_info 102 /OUTPUT 1 "lsu_opcode_valid_o";
    .port_info 103 /OUTPUT 1 "csr_opcode_valid_o";
    .port_info 104 /OUTPUT 1 "mul_opcode_valid_o";
    .port_info 105 /OUTPUT 1 "div_opcode_valid_o";
    .port_info 106 /OUTPUT 1 "mule_opcode_valid_o";
    .port_info 107 /OUTPUT 1 "muls_opcode_valid_o";
    .port_info 108 /OUTPUT 32 "opcode0_opcode_o";
    .port_info 109 /OUTPUT 32 "opcode0_pc_o";
    .port_info 110 /OUTPUT 1 "opcode0_invalid_o";
    .port_info 111 /OUTPUT 5 "opcode0_rd_idx_o";
    .port_info 112 /OUTPUT 5 "opcode0_ra_idx_o";
    .port_info 113 /OUTPUT 5 "opcode0_rb_idx_o";
    .port_info 114 /OUTPUT 32 "opcode0_ra_operand_o";
    .port_info 115 /OUTPUT 32 "opcode0_rb_operand_o";
    .port_info 116 /OUTPUT 32 "opcode1_opcode_o";
    .port_info 117 /OUTPUT 32 "opcode1_pc_o";
    .port_info 118 /OUTPUT 1 "opcode1_invalid_o";
    .port_info 119 /OUTPUT 5 "opcode1_rd_idx_o";
    .port_info 120 /OUTPUT 5 "opcode1_ra_idx_o";
    .port_info 121 /OUTPUT 5 "opcode1_rb_idx_o";
    .port_info 122 /OUTPUT 32 "opcode1_ra_operand_o";
    .port_info 123 /OUTPUT 32 "opcode1_rb_operand_o";
    .port_info 124 /OUTPUT 32 "lsu_opcode_opcode_o";
    .port_info 125 /OUTPUT 32 "lsu_opcode_pc_o";
    .port_info 126 /OUTPUT 1 "lsu_opcode_invalid_o";
    .port_info 127 /OUTPUT 5 "lsu_opcode_rd_idx_o";
    .port_info 128 /OUTPUT 5 "lsu_opcode_ra_idx_o";
    .port_info 129 /OUTPUT 5 "lsu_opcode_rb_idx_o";
    .port_info 130 /OUTPUT 32 "lsu_opcode_ra_operand_o";
    .port_info 131 /OUTPUT 32 "lsu_opcode_rb_operand_o";
    .port_info 132 /OUTPUT 32 "mul_opcode_opcode_o";
    .port_info 133 /OUTPUT 32 "mul_opcode_pc_o";
    .port_info 134 /OUTPUT 1 "mul_opcode_invalid_o";
    .port_info 135 /OUTPUT 5 "mul_opcode_rd_idx_o";
    .port_info 136 /OUTPUT 5 "mul_opcode_ra_idx_o";
    .port_info 137 /OUTPUT 5 "mul_opcode_rb_idx_o";
    .port_info 138 /OUTPUT 32 "mul_opcode_ra_operand_o";
    .port_info 139 /OUTPUT 32 "mul_opcode_rb_operand_o";
    .port_info 140 /OUTPUT 32 "csr_opcode_opcode_o";
    .port_info 141 /OUTPUT 32 "mule_opcode_opcode_o";
    .port_info 142 /OUTPUT 32 "mule_opcode_pc_o";
    .port_info 143 /OUTPUT 1 "mule_opcode_invalid_o";
    .port_info 144 /OUTPUT 5 "mule_opcode_rd_idx_o";
    .port_info 145 /OUTPUT 5 "mule_opcode_ra_idx_o";
    .port_info 146 /OUTPUT 5 "mule_opcode_rb_idx_o";
    .port_info 147 /OUTPUT 32 "mule_opcode_ra_operand_o";
    .port_info 148 /OUTPUT 32 "mule_opcode_rb_operand_o";
    .port_info 149 /OUTPUT 32 "muls_opcode_opcode_o";
    .port_info 150 /OUTPUT 32 "muls_opcode_pc_o";
    .port_info 151 /OUTPUT 1 "muls_opcode_invalid_o";
    .port_info 152 /OUTPUT 5 "muls_opcode_rd_idx_o";
    .port_info 153 /OUTPUT 5 "muls_opcode_ra_idx_o";
    .port_info 154 /OUTPUT 5 "muls_opcode_rb_idx_o";
    .port_info 155 /OUTPUT 32 "muls_opcode_ra_operand_o";
    .port_info 156 /OUTPUT 32 "muls_opcode_rb_operand_o";
    .port_info 157 /OUTPUT 1 "cbm_opcode_valid_o";
    .port_info 158 /OUTPUT 32 "cbm_opcode_opcode_o";
    .port_info 159 /OUTPUT 32 "cbm_opcode_pc_o";
    .port_info 160 /OUTPUT 1 "cbm_opcode_invalid_o";
    .port_info 161 /OUTPUT 5 "cbm_opcode_rd_idx_o";
    .port_info 162 /OUTPUT 5 "cbm_opcode_ra_idx_o";
    .port_info 163 /OUTPUT 5 "cbm_opcode_rb_idx_o";
    .port_info 164 /OUTPUT 32 "cbm_opcode_ra_operand_o";
    .port_info 165 /OUTPUT 32 "cbm_opcode_rb_operand_o";
    .port_info 166 /OUTPUT 1 "mulp_opcode_valid_o";
    .port_info 167 /OUTPUT 32 "mulp_opcode_opcode_o";
    .port_info 168 /OUTPUT 32 "mulp_opcode_pc_o";
    .port_info 169 /OUTPUT 1 "mulp_opcode_invalid_o";
    .port_info 170 /OUTPUT 5 "mulp_opcode_rd_idx_o";
    .port_info 171 /OUTPUT 5 "mulp_opcode_ra_idx_o";
    .port_info 172 /OUTPUT 5 "mulp_opcode_rb_idx_o";
    .port_info 173 /OUTPUT 32 "mulp_opcode_ra_operand_o";
    .port_info 174 /OUTPUT 32 "mulp_opcode_rb_operand_o";
    .port_info 175 /OUTPUT 32 "csr_opcode_pc_o";
    .port_info 176 /OUTPUT 1 "csr_opcode_invalid_o";
    .port_info 177 /OUTPUT 5 "csr_opcode_rd_idx_o";
    .port_info 178 /OUTPUT 5 "csr_opcode_ra_idx_o";
    .port_info 179 /OUTPUT 5 "csr_opcode_rb_idx_o";
    .port_info 180 /OUTPUT 32 "csr_opcode_ra_operand_o";
    .port_info 181 /OUTPUT 32 "csr_opcode_rb_operand_o";
    .port_info 182 /OUTPUT 1 "csr_writeback_write_o";
    .port_info 183 /OUTPUT 12 "csr_writeback_waddr_o";
    .port_info 184 /OUTPUT 32 "csr_writeback_wdata_o";
    .port_info 185 /OUTPUT 6 "csr_writeback_exception_o";
    .port_info 186 /OUTPUT 32 "csr_writeback_exception_pc_o";
    .port_info 187 /OUTPUT 32 "csr_writeback_exception_addr_o";
    .port_info 188 /OUTPUT 1 "exec0_hold_o";
    .port_info 189 /OUTPUT 1 "exec1_hold_o";
    .port_info 190 /OUTPUT 1 "mul_hold_o";
    .port_info 191 /OUTPUT 1 "interrupt_inhibit_o";
P_0x59e2d3710c30 .param/l "SUPPORT_DUAL_ISSUE" 0 16 32, +C4<00000000000000000000000000000001>;
P_0x59e2d3710c70 .param/l "SUPPORT_LOAD_BYPASS" 0 16 33, +C4<00000000000000000000000000000001>;
P_0x59e2d3710cb0 .param/l "SUPPORT_MULDIV" 0 16 31, +C4<00000000000000000000000000000001>;
P_0x59e2d3710cf0 .param/l "SUPPORT_MUL_BYPASS" 0 16 34, +C4<00000000000000000000000000000001>;
P_0x59e2d3710d30 .param/l "SUPPORT_REGFILE_XILINX" 0 16 35, +C4<00000000000000000000000000000000>;
L_0x59e2d382a450 .functor OR 1, v0x59e2d364d2f0_0, v0x59e2d372f1d0_0, C4<0>, C4<0>;
L_0x59e2d382ad80 .functor BUFZ 1, L_0x59e2d37fbfe0, C4<0>, C4<0>, C4<0>;
L_0x59e2d382b860 .functor BUFZ 1, L_0x59e2d3802c60, C4<0>, C4<0>, C4<0>;
L_0x59e2d382b8d0 .functor BUFZ 1, L_0x59e2d3802e30, C4<0>, C4<0>, C4<0>;
L_0x59e2d382b990 .functor BUFZ 1, L_0x59e2d3805060, C4<0>, C4<0>, C4<0>;
L_0x59e2d382ba50 .functor BUFZ 1, L_0x59e2d38063a0, C4<0>, C4<0>, C4<0>;
L_0x59e2d382bb10 .functor BUFZ 1, L_0x59e2d3806900, C4<0>, C4<0>, C4<0>;
L_0x59e2d382bb80 .functor BUFZ 1, L_0x59e2d3809340, C4<0>, C4<0>, C4<0>;
L_0x59e2d382bc40 .functor BUFZ 1, L_0x59e2d37eda20, C4<0>, C4<0>, C4<0>;
L_0x59e2d3830360 .functor BUFZ 1, L_0x59e2d383bd20, C4<0>, C4<0>, C4<0>;
L_0x59e2d38311a0 .functor BUFZ 1, L_0x59e2d383bd20, C4<0>, C4<0>, C4<0>;
L_0x59e2d3835800 .functor BUFZ 1, L_0x59e2d383bd20, C4<0>, C4<0>, C4<0>;
L_0x59e2d3835e60 .functor OR 6, v0x59e2d3716530_0, v0x59e2d371db50_0, C4<000000>, C4<000000>;
L_0x59e2d38363d0 .functor BUFZ 1, v0x59e2d372f1d0_0, C4<0>, C4<0>, C4<0>;
L_0x59e2d3835df0 .functor AND 1, L_0x59e2d3831f70, L_0x59e2d3847c60, C4<1>, C4<1>;
L_0x59e2d3836720 .functor AND 1, L_0x59e2d382c8f0, L_0x59e2d38470d0, C4<1>, C4<1>;
L_0x59e2d3836820 .functor OR 1, L_0x59e2d3835df0, L_0x59e2d3836720, C4<0>, C4<0>;
L_0x59e2d3836920 .functor AND 1, L_0x59e2d3831f70, L_0x59e2d3847d60, C4<1>, C4<1>;
L_0x59e2d3836ac0 .functor AND 1, L_0x59e2d382c8f0, L_0x59e2d38471d0, C4<1>, C4<1>;
L_0x59e2d3836b30 .functor OR 1, L_0x59e2d3836920, L_0x59e2d3836ac0, C4<0>, C4<0>;
L_0x59e2d3836ce0 .functor AND 1, L_0x59e2d3831f70, v0x59e2d35b1ad0_0, C4<1>, C4<1>;
L_0x59e2d3836d50 .functor AND 1, L_0x59e2d382c8f0, v0x59e2d35675d0_0, C4<1>, C4<1>;
L_0x59e2d3836c30 .functor OR 1, L_0x59e2d3836ce0, L_0x59e2d3836d50, C4<0>, C4<0>;
L_0x59e2d3836f10 .functor AND 1, L_0x59e2d3831f70, v0x59e2d3656a30_0, C4<1>, C4<1>;
L_0x59e2d3836dc0 .functor AND 1, L_0x59e2d382c8f0, v0x59e2d3597a00_0, C4<1>, C4<1>;
L_0x59e2d3837050 .functor OR 1, L_0x59e2d3836f10, L_0x59e2d3836dc0, C4<0>, C4<0>;
L_0x59e2d3836f80 .functor AND 1, L_0x59e2d3831f70, v0x59e2d36574b0_0, C4<1>, C4<1>;
L_0x59e2d3837230 .functor AND 1, L_0x59e2d382c8f0, v0x59e2d34fe2a0_0, C4<1>, C4<1>;
L_0x59e2d3837150 .functor OR 1, L_0x59e2d3836f80, L_0x59e2d3837230, C4<0>, C4<0>;
L_0x59e2d38371c0 .functor AND 1, L_0x59e2d3831f70, L_0x59e2d3847bf0, C4<1>, C4<1>;
L_0x59e2d38372a0 .functor AND 1, L_0x59e2d3831f70, L_0x59e2d3847bf0, C4<1>, C4<1>;
L_0x59e2d3837310 .functor OR 1, L_0x59e2d382ee70, L_0x59e2d38344f0, C4<0>, C4<0>;
L_0x59e2d3837420 .functor OR 1, L_0x59e2d382b860, L_0x59e2d382b990, C4<0>, C4<0>;
L_0x59e2d3837490 .functor OR 1, L_0x59e2d3837420, L_0x59e2d382b8d0, C4<0>, C4<0>;
L_0x59e2d3837920 .functor OR 1, L_0x59e2d3837490, L_0x59e2d382ba50, C4<0>, C4<0>;
L_0x78152e1c6f78 .functor BUFT 1, C4<1>, C4<0>, C4<0>, C4<0>;
L_0x59e2d3837990 .functor AND 1, L_0x78152e1c6f78, L_0x59e2d3837920, C4<1>, C4<1>;
L_0x59e2d3837800 .functor OR 1, L_0x59e2d382a880, L_0x59e2d382a970, C4<0>, C4<0>;
L_0x59e2d3837bd0 .functor OR 1, L_0x59e2d3837800, L_0x59e2d382aba0, C4<0>, C4<0>;
L_0x59e2d3837aa0 .functor AND 1, L_0x59e2d3837bd0, L_0x59e2d382b860, C4<1>, C4<1>;
L_0x59e2d3837b60 .functor OR 1, L_0x59e2d382a880, L_0x59e2d382a970, C4<0>, C4<0>;
L_0x59e2d3837c40 .functor OR 1, L_0x59e2d3837b60, L_0x59e2d382aba0, C4<0>, C4<0>;
L_0x59e2d3837f60 .functor AND 1, L_0x59e2d3837c40, L_0x59e2d382b990, C4<1>, C4<1>;
L_0x59e2d3837e10 .functor OR 1, L_0x59e2d3837aa0, L_0x59e2d3837f60, C4<0>, C4<0>;
L_0x59e2d3837ed0 .functor OR 1, L_0x59e2d382a880, L_0x59e2d382aba0, C4<0>, C4<0>;
L_0x59e2d3838060 .functor AND 1, L_0x59e2d3837ed0, L_0x59e2d382b8d0, C4<1>, C4<1>;
L_0x59e2d38383c0 .functor OR 1, L_0x59e2d3837e10, L_0x59e2d3838060, C4<0>, C4<0>;
L_0x59e2d3838250 .functor OR 1, L_0x59e2d382a880, L_0x59e2d382a970, C4<0>, C4<0>;
L_0x59e2d38382c0 .functor AND 1, L_0x59e2d3838250, L_0x59e2d382ba50, C4<1>, C4<1>;
L_0x59e2d3838430 .functor OR 1, L_0x59e2d38383c0, L_0x59e2d38382c0, C4<0>, C4<0>;
L_0x59e2d38384f0 .functor AND 1, L_0x59e2d3837990, L_0x59e2d3838430, C4<1>, C4<1>;
L_0x59e2d38389c0 .functor NOT 1, v0x59e2d35e8ab0_0, C4<0>, C4<0>, C4<0>;
L_0x59e2d3838a30 .functor AND 1, L_0x59e2d38384f0, L_0x59e2d38389c0, C4<1>, C4<1>;
L_0x59e2d3838cf0 .functor NOT 1, v0x59e2d35e8ab0_0, C4<0>, C4<0>, C4<0>;
L_0x59e2d3838d60 .functor AND 1, L_0x59e2d3838820, L_0x59e2d3838cf0, C4<1>, C4<1>;
L_0x59e2d3838fe0 .functor BUFZ 1, v0x59e2d3732440_0, C4<0>, C4<0>, C4<0>;
L_0x78152e1c6fc0 .functor BUFT 1, C4<1>, C4<0>, C4<0>, C4<0>;
L_0x59e2d3837650 .functor AND 1, L_0x78152e1c6fc0, L_0x59e2d3839050, C4<1>, C4<1>;
L_0x59e2d3838e20 .functor AND 1, L_0x78152e1c6fc0, v0x59e2d3732440_0, C4<1>, C4<1>;
L_0x59e2d3838f20 .functor AND 1, v0x59e2d3732440_0, L_0x59e2d382ace0, C4<1>, C4<1>;
L_0x59e2d3839450 .functor AND 1, L_0x78152e1c6fc0, L_0x59e2d3838f20, C4<1>, C4<1>;
L_0x59e2d3839550 .functor AND 1, v0x59e2d3732440_0, L_0x59e2d382ae40, C4<1>, C4<1>;
L_0x59e2d38397b0 .functor AND 1, L_0x78152e1c6fc0, L_0x59e2d3839550, C4<1>, C4<1>;
L_0x59e2d3839820 .functor AND 1, v0x59e2d3732440_0, L_0x59e2d382b0e0, C4<1>, C4<1>;
L_0x59e2d3839a90 .functor AND 1, L_0x78152e1c6fc0, L_0x59e2d3839820, C4<1>, C4<1>;
L_0x59e2d3839b00 .functor OR 1, v0x59e2d372b030_0, L_0x59e2d382b180, C4<0>, C4<0>;
L_0x59e2d3839d80 .functor BUFZ 1, v0x59e2d3732800_0, C4<0>, C4<0>, C4<0>;
L_0x59e2d3839df0 .functor AND 1, v0x59e2d3732800_0, v0x59e2d37326c0_0, C4<1>, C4<1>;
L_0x59e2d383a080 .functor NOT 1, v0x59e2d35e8ab0_0, C4<0>, C4<0>, C4<0>;
L_0x59e2d383a200 .functor AND 1, L_0x59e2d3839df0, L_0x59e2d383a080, C4<1>, C4<1>;
L_0x59e2d383a540 .functor AND 1, v0x59e2d3732440_0, v0x59e2d3732300_0, C4<1>, C4<1>;
L_0x59e2d383a600 .functor NOT 1, L_0x59e2d383a200, C4<0>, C4<0>, C4<0>;
L_0x59e2d383a900 .functor AND 1, L_0x59e2d383a540, L_0x59e2d383a600, C4<1>, C4<1>;
L_0x59e2d383aa10 .functor NOT 1, v0x59e2d35e8ab0_0, C4<0>, C4<0>, C4<0>;
L_0x59e2d383acd0 .functor AND 1, L_0x59e2d383a900, L_0x59e2d383aa10, C4<1>, C4<1>;
L_0x59e2d383ade0 .functor AND 1, v0x59e2d37350a0_0, v0x59e2d3732300_0, C4<1>, C4<1>;
L_0x59e2d383b0b0 .functor OR 1, L_0x59e2d383ade0, v0x59e2d3735140_0, C4<0>, C4<0>;
L_0x59e2d383b170 .functor NOT 1, v0x59e2d35e8ab0_0, C4<0>, C4<0>, C4<0>;
L_0x59e2d383b450 .functor AND 1, L_0x59e2d383b0b0, L_0x59e2d383b170, C4<1>, C4<1>;
L_0x59e2d383b560 .functor AND 1, v0x59e2d3735140_0, v0x59e2d3732300_0, C4<1>, C4<1>;
L_0x59e2d383b8a0 .functor OR 1, L_0x59e2d383b560, v0x59e2d37326c0_0, C4<0>, C4<0>;
L_0x59e2d383b910 .functor NOT 1, v0x59e2d35e8ab0_0, C4<0>, C4<0>, C4<0>;
L_0x59e2d383bc10 .functor AND 1, L_0x59e2d383b8a0, L_0x59e2d383b910, C4<1>, C4<1>;
L_0x59e2d383bd20 .functor OR 1, L_0x59e2d382f050, L_0x59e2d38346d0, C4<0>, C4<0>;
L_0x59e2d383c030 .functor AND 1, v0x59e2d3770d70_0, v0x59e2d372fe50_0, C4<1>, C4<1>;
L_0x59e2d383c1b0 .functor OR 1, L_0x59e2d382ee70, L_0x59e2d38344f0, C4<0>, C4<0>;
L_0x59e2d383c4d0 .functor NOT 1, L_0x59e2d383c1b0, C4<0>, C4<0>, C4<0>;
L_0x59e2d383c590 .functor AND 1, L_0x59e2d383c030, L_0x59e2d383c4d0, C4<1>, C4<1>;
L_0x59e2d383c960 .functor AND 1, v0x59e2d3775430_0, v0x59e2d3731720_0, C4<1>, C4<1>;
L_0x59e2d383cae0 .functor OR 1, L_0x59e2d382ee70, L_0x59e2d38344f0, C4<0>, C4<0>;
L_0x59e2d383ce20 .functor NOT 1, L_0x59e2d383cae0, C4<0>, C4<0>, C4<0>;
L_0x59e2d383cee0 .functor AND 1, L_0x59e2d383c960, L_0x59e2d383ce20, C4<1>, C4<1>;
L_0x59e2d383d2d0 .functor AND 1, v0x59e2d30627d0_0, v0x59e2d372a000_0, C4<1>, C4<1>;
L_0x59e2d383d450 .functor OR 1, L_0x59e2d382ee70, L_0x59e2d38344f0, C4<0>, C4<0>;
L_0x59e2d383d8c0 .functor NOT 1, L_0x59e2d383d450, C4<0>, C4<0>, C4<0>;
L_0x59e2d383d980 .functor AND 1, L_0x59e2d383d2d0, L_0x59e2d383d8c0, C4<1>, C4<1>;
L_0x59e2d383faf0 .functor BUFZ 32, v0x59e2d3732580_0, C4<00000000000000000000000000000000>, C4<00000000000000000000000000000000>, C4<00000000000000000000000000000000>;
L_0x59e2d383fee0 .functor BUFZ 5, L_0x59e2d382a6a0, C4<00000>, C4<00000>, C4<00000>;
L_0x59e2d383ff50 .functor BUFZ 5, L_0x59e2d382a560, C4<00000>, C4<00000>, C4<00000>;
L_0x59e2d3840370 .functor BUFZ 5, L_0x59e2d382a600, C4<00000>, C4<00000>, C4<00000>;
L_0x59e2d3840910 .functor BUFZ 32, v0x59e2d3732940_0, C4<00000000000000000000000000000000>, C4<00000000000000000000000000000000>, C4<00000000000000000000000000000000>;
L_0x59e2d3840ee0 .functor BUFZ 5, L_0x59e2d382b670, C4<00000>, C4<00000>, C4<00000>;
L_0x59e2d38412a0 .functor BUFZ 5, L_0x59e2d382b3a0, C4<00000>, C4<00000>, C4<00000>;
L_0x59e2d3841310 .functor BUFZ 5, L_0x59e2d382b530, C4<00000>, C4<00000>, C4<00000>;
L_0x59e2d3842630 .functor BUFZ 32, L_0x59e2d383faf0, C4<00000000000000000000000000000000>, C4<00000000000000000000000000000000>, C4<00000000000000000000000000000000>;
L_0x59e2d38429f0 .functor BUFZ 32, v0x59e2d37324e0_0, C4<00000000000000000000000000000000>, C4<00000000000000000000000000000000>, C4<00000000000000000000000000000000>;
L_0x59e2d3842ef0 .functor BUFZ 5, L_0x59e2d383fee0, C4<00000>, C4<00000>, C4<00000>;
L_0x59e2d3842f60 .functor BUFZ 5, L_0x59e2d383ff50, C4<00000>, C4<00000>, C4<00000>;
L_0x59e2d3843360 .functor BUFZ 5, L_0x59e2d3840370, C4<00000>, C4<00000>, C4<00000>;
L_0x59e2d38433d0 .functor BUFZ 32, v0x59e2d372dd30_0, C4<00000000000000000000000000000000>, C4<00000000000000000000000000000000>, C4<00000000000000000000000000000000>;
L_0x59e2d38438f0 .functor BUFZ 32, v0x59e2d372df10_0, C4<00000000000000000000000000000000>, C4<00000000000000000000000000000000>, C4<00000000000000000000000000000000>;
L_0x59e2d3843a70 .functor AND 1, v0x59e2d3732440_0, L_0x59e2d382b300, C4<1>, C4<1>;
L_0x59e2d3843e90 .functor BUFZ 32, L_0x59e2d383faf0, C4<00000000000000000000000000000000>, C4<00000000000000000000000000000000>, C4<00000000000000000000000000000000>;
L_0x59e2d3843f00 .functor BUFZ 32, v0x59e2d37324e0_0, C4<00000000000000000000000000000000>, C4<00000000000000000000000000000000>, C4<00000000000000000000000000000000>;
L_0x59e2d3844330 .functor BUFZ 5, L_0x59e2d383fee0, C4<00000>, C4<00000>, C4<00000>;
L_0x59e2d38444b0 .functor BUFZ 5, L_0x59e2d383ff50, C4<00000>, C4<00000>, C4<00000>;
L_0x59e2d3844a00 .functor BUFZ 5, L_0x59e2d3840370, C4<00000>, C4<00000>, C4<00000>;
L_0x59e2d3844b80 .functor BUFZ 32, v0x59e2d372dd30_0, C4<00000000000000000000000000000000>, C4<00000000000000000000000000000000>, C4<00000000000000000000000000000000>;
L_0x59e2d3844fd0 .functor BUFZ 32, v0x59e2d372df10_0, C4<00000000000000000000000000000000>, C4<00000000000000000000000000000000>, C4<00000000000000000000000000000000>;
L_0x59e2d3845040 .functor AND 1, v0x59e2d3732440_0, L_0x59e2d382b300, C4<1>, C4<1>;
L_0x59e2d38454a0 .functor AND 1, v0x59e2d3732440_0, L_0x59e2d382b040, C4<1>, C4<1>;
L_0x59e2d3845510 .functor AND 1, L_0x78152e1c6fc0, L_0x59e2d38454a0, C4<1>, C4<1>;
L_0x59e2d365e290 .functor BUFZ 32, L_0x59e2d383faf0, C4<00000000000000000000000000000000>, C4<00000000000000000000000000000000>, C4<00000000000000000000000000000000>;
L_0x59e2d3845980 .functor BUFZ 32, v0x59e2d37324e0_0, C4<00000000000000000000000000000000>, C4<00000000000000000000000000000000>, C4<00000000000000000000000000000000>;
L_0x59e2d3845e00 .functor BUFZ 5, L_0x59e2d383fee0, C4<00000>, C4<00000>, C4<00000>;
L_0x59e2d3845e70 .functor BUFZ 5, L_0x59e2d383ff50, C4<00000>, C4<00000>, C4<00000>;
L_0x59e2d3846300 .functor BUFZ 5, L_0x59e2d3840370, C4<00000>, C4<00000>, C4<00000>;
L_0x59e2d3846370 .functor BUFZ 32, v0x59e2d372dd30_0, C4<00000000000000000000000000000000>, C4<00000000000000000000000000000000>, C4<00000000000000000000000000000000>;
L_0x59e2d3845ee0 .functor BUFZ 32, v0x59e2d372df10_0, C4<00000000000000000000000000000000>, C4<00000000000000000000000000000000>, C4<00000000000000000000000000000000>;
L_0x59e2d3845f50 .functor AND 1, v0x59e2d3732440_0, L_0x59e2d382b300, C4<1>, C4<1>;
L_0x59e2d3845fc0 .functor BUFZ 32, L_0x59e2d383faf0, C4<00000000000000000000000000000000>, C4<00000000000000000000000000000000>, C4<00000000000000000000000000000000>;
L_0x59e2d3846030 .functor BUFZ 32, v0x59e2d37324e0_0, C4<00000000000000000000000000000000>, C4<00000000000000000000000000000000>, C4<00000000000000000000000000000000>;
L_0x59e2d38460a0 .functor BUFZ 5, L_0x59e2d383fee0, C4<00000>, C4<00000>, C4<00000>;
L_0x59e2d3846110 .functor BUFZ 5, L_0x59e2d383ff50, C4<00000>, C4<00000>, C4<00000>;
L_0x59e2d3846180 .functor BUFZ 5, L_0x59e2d3840370, C4<00000>, C4<00000>, C4<00000>;
L_0x59e2d38461f0 .functor BUFZ 32, v0x59e2d372dd30_0, C4<00000000000000000000000000000000>, C4<00000000000000000000000000000000>, C4<00000000000000000000000000000000>;
L_0x59e2d3846260 .functor BUFZ 32, v0x59e2d372df10_0, C4<00000000000000000000000000000000>, C4<00000000000000000000000000000000>, C4<00000000000000000000000000000000>;
L_0x59e2d38468e0 .functor AND 1, v0x59e2d3732440_0, L_0x59e2d382b300, C4<1>, C4<1>;
L_0x59e2d38463e0 .functor NOT 1, v0x59e2d35e8ab0_0, C4<0>, C4<0>, C4<0>;
L_0x59e2d3846450 .functor AND 1, v0x59e2d3732440_0, L_0x59e2d38463e0, C4<1>, C4<1>;
L_0x59e2d38464c0 .functor BUFZ 32, L_0x59e2d383faf0, C4<00000000000000000000000000000000>, C4<00000000000000000000000000000000>, C4<00000000000000000000000000000000>;
L_0x59e2d3846530 .functor BUFZ 32, v0x59e2d37324e0_0, C4<00000000000000000000000000000000>, C4<00000000000000000000000000000000>, C4<00000000000000000000000000000000>;
L_0x59e2d38465a0 .functor BUFZ 5, L_0x59e2d383fee0, C4<00000>, C4<00000>, C4<00000>;
L_0x59e2d3846610 .functor BUFZ 5, L_0x59e2d383ff50, C4<00000>, C4<00000>, C4<00000>;
L_0x59e2d3846680 .functor BUFZ 5, L_0x59e2d3840370, C4<00000>, C4<00000>, C4<00000>;
L_0x59e2d38466f0 .functor BUFZ 32, v0x59e2d372dd30_0, C4<00000000000000000000000000000000>, C4<00000000000000000000000000000000>, C4<00000000000000000000000000000000>;
L_0x59e2d3846760 .functor BUFZ 32, v0x59e2d372df10_0, C4<00000000000000000000000000000000>, C4<00000000000000000000000000000000>, C4<00000000000000000000000000000000>;
L_0x59e2d38467d0 .functor AND 1, v0x59e2d3732440_0, L_0x59e2d382b300, C4<1>, C4<1>;
v0x59e2d3725230_0 .net *"_ivl_115", 0 0, L_0x59e2d3835ed0;  1 drivers
v0x59e2d37252d0_0 .net *"_ivl_119", 0 0, L_0x59e2d3836440;  1 drivers
v0x59e2d3725370_0 .net *"_ivl_124", 0 0, L_0x59e2d3835df0;  1 drivers
v0x59e2d3725410_0 .net *"_ivl_126", 0 0, L_0x59e2d3836720;  1 drivers
v0x59e2d37254b0_0 .net *"_ivl_130", 0 0, L_0x59e2d3836920;  1 drivers
v0x59e2d3725550_0 .net *"_ivl_132", 0 0, L_0x59e2d3836ac0;  1 drivers
v0x59e2d37255f0_0 .net *"_ivl_136", 0 0, L_0x59e2d3836ce0;  1 drivers
v0x59e2d3725690_0 .net *"_ivl_138", 0 0, L_0x59e2d3836d50;  1 drivers
v0x59e2d3725730_0 .net *"_ivl_142", 0 0, L_0x59e2d3836f10;  1 drivers
v0x59e2d37257d0_0 .net *"_ivl_144", 0 0, L_0x59e2d3836dc0;  1 drivers
v0x59e2d3725870_0 .net *"_ivl_148", 0 0, L_0x59e2d3836f80;  1 drivers
v0x59e2d3725910_0 .net *"_ivl_150", 0 0, L_0x59e2d3837230;  1 drivers
v0x59e2d37259b0_0 .net *"_ivl_154", 0 0, L_0x59e2d38371c0;  1 drivers
v0x59e2d3725a50_0 .net *"_ivl_158", 0 0, L_0x59e2d38372a0;  1 drivers
v0x59e2d3725af0_0 .net *"_ivl_164", 0 0, L_0x59e2d3837420;  1 drivers
v0x59e2d3725b90_0 .net *"_ivl_166", 0 0, L_0x59e2d3837490;  1 drivers
v0x59e2d3725c30_0 .net *"_ivl_171", 0 0, L_0x59e2d3837990;  1 drivers
v0x59e2d3725cd0_0 .net *"_ivl_172", 0 0, L_0x59e2d3837800;  1 drivers
v0x59e2d3725d70_0 .net *"_ivl_174", 0 0, L_0x59e2d3837bd0;  1 drivers
v0x59e2d3725e10_0 .net *"_ivl_177", 0 0, L_0x59e2d3837aa0;  1 drivers
v0x59e2d3725eb0_0 .net *"_ivl_178", 0 0, L_0x59e2d3837b60;  1 drivers
v0x59e2d3725f50_0 .net *"_ivl_180", 0 0, L_0x59e2d3837c40;  1 drivers
v0x59e2d3725ff0_0 .net *"_ivl_183", 0 0, L_0x59e2d3837f60;  1 drivers
v0x59e2d3726090_0 .net *"_ivl_185", 0 0, L_0x59e2d3837e10;  1 drivers
v0x59e2d3726130_0 .net *"_ivl_186", 0 0, L_0x59e2d3837ed0;  1 drivers
v0x59e2d37261d0_0 .net *"_ivl_189", 0 0, L_0x59e2d3838060;  1 drivers
v0x59e2d3726270_0 .net *"_ivl_191", 0 0, L_0x59e2d38383c0;  1 drivers
v0x59e2d3726310_0 .net *"_ivl_192", 0 0, L_0x59e2d3838250;  1 drivers
v0x59e2d37263b0_0 .net *"_ivl_195", 0 0, L_0x59e2d38382c0;  1 drivers
v0x59e2d3726450_0 .net *"_ivl_197", 0 0, L_0x59e2d3838430;  1 drivers
v0x59e2d37264f0_0 .net *"_ivl_199", 0 0, L_0x59e2d38384f0;  1 drivers
v0x59e2d3726590_0 .net *"_ivl_200", 0 0, L_0x59e2d38389c0;  1 drivers
v0x59e2d3726630_0 .net *"_ivl_204", 0 0, L_0x59e2d3838820;  1 drivers
v0x59e2d37266d0_0 .net *"_ivl_206", 0 0, L_0x59e2d3838cf0;  1 drivers
v0x59e2d3726770_0 .net *"_ivl_212", 0 0, L_0x59e2d3839050;  1 drivers
v0x59e2d3726810_0 .net *"_ivl_218", 0 0, L_0x59e2d3838f20;  1 drivers
v0x59e2d37268b0_0 .net *"_ivl_222", 0 0, L_0x59e2d3839550;  1 drivers
v0x59e2d3726950_0 .net *"_ivl_226", 0 0, L_0x59e2d3839820;  1 drivers
v0x59e2d37269f0_0 .net *"_ivl_234", 0 0, L_0x59e2d3839df0;  1 drivers
v0x59e2d3726a90_0 .net *"_ivl_236", 0 0, L_0x59e2d383a080;  1 drivers
v0x59e2d3726b30_0 .net *"_ivl_240", 0 0, L_0x59e2d383a540;  1 drivers
v0x59e2d3726bd0_0 .net *"_ivl_242", 0 0, L_0x59e2d383a600;  1 drivers
v0x59e2d3726c70_0 .net *"_ivl_244", 0 0, L_0x59e2d383a900;  1 drivers
v0x59e2d3726d10_0 .net *"_ivl_246", 0 0, L_0x59e2d383aa10;  1 drivers
v0x59e2d3726db0_0 .net *"_ivl_250", 0 0, L_0x59e2d383ade0;  1 drivers
v0x59e2d3726e50_0 .net *"_ivl_252", 0 0, L_0x59e2d383b0b0;  1 drivers
v0x59e2d3726ef0_0 .net *"_ivl_254", 0 0, L_0x59e2d383b170;  1 drivers
v0x59e2d3726f90_0 .net *"_ivl_258", 0 0, L_0x59e2d383b560;  1 drivers
v0x59e2d3727030_0 .net *"_ivl_260", 0 0, L_0x59e2d383b8a0;  1 drivers
v0x59e2d37270d0_0 .net *"_ivl_262", 0 0, L_0x59e2d383b910;  1 drivers
v0x59e2d3727170_0 .net *"_ivl_269", 0 0, L_0x59e2d383c030;  1 drivers
v0x59e2d3727210_0 .net *"_ivl_271", 0 0, L_0x59e2d383c1b0;  1 drivers
v0x59e2d37272b0_0 .net *"_ivl_272", 0 0, L_0x59e2d383c4d0;  1 drivers
v0x59e2d3727350_0 .net *"_ivl_277", 0 0, L_0x59e2d383c960;  1 drivers
v0x59e2d37273f0_0 .net *"_ivl_279", 0 0, L_0x59e2d383cae0;  1 drivers
v0x59e2d3727490_0 .net *"_ivl_280", 0 0, L_0x59e2d383ce20;  1 drivers
v0x59e2d3727530_0 .net *"_ivl_285", 0 0, L_0x59e2d383d2d0;  1 drivers
v0x59e2d37275d0_0 .net *"_ivl_287", 0 0, L_0x59e2d383d450;  1 drivers
v0x59e2d3727670_0 .net *"_ivl_288", 0 0, L_0x59e2d383d8c0;  1 drivers
v0x59e2d3727710_0 .net *"_ivl_400", 0 0, L_0x59e2d38454a0;  1 drivers
v0x59e2d37277b0_0 .net *"_ivl_436", 0 0, L_0x59e2d38463e0;  1 drivers
v0x59e2d3727850_0 .net *"_ivl_65", 0 0, L_0x59e2d382b490;  1 drivers
L_0x78152e1c7050 .functor BUFT 1, C4<010001>, C4<0>, C4<0>, C4<0>;
v0x59e2d37278f0_0 .net/2u *"_ivl_66", 5 0, L_0x78152e1c7050;  1 drivers
v0x59e2d3727990_0 .net *"_ivl_69", 0 0, L_0x59e2d382bcb0;  1 drivers
L_0x78152e1c7098 .functor BUFT 1, C4<011100>, C4<0>, C4<0>, C4<0>;
v0x59e2d3727a30_0 .net/2u *"_ivl_70", 5 0, L_0x78152e1c7098;  1 drivers
L_0x78152e1c70e0 .functor BUFT 1, C4<000000>, C4<0>, C4<0>, C4<0>;
v0x59e2d3727ee0_0 .net/2u *"_ivl_72", 5 0, L_0x78152e1c70e0;  1 drivers
v0x59e2d3727f80_0 .net *"_ivl_74", 5 0, L_0x59e2d382b760;  1 drivers
v0x59e2d3728020_0 .net *"_ivl_85", 0 0, L_0x59e2d3831210;  1 drivers
L_0x78152e1c71b8 .functor BUFT 1, C4<010001>, C4<0>, C4<0>, C4<0>;
v0x59e2d37280c0_0 .net/2u *"_ivl_86", 5 0, L_0x78152e1c71b8;  1 drivers
v0x59e2d3728160_0 .net *"_ivl_89", 0 0, L_0x59e2d38312b0;  1 drivers
L_0x78152e1c7200 .functor BUFT 1, C4<011100>, C4<0>, C4<0>, C4<0>;
v0x59e2d3728200_0 .net/2u *"_ivl_90", 5 0, L_0x78152e1c7200;  1 drivers
L_0x78152e1c7248 .functor BUFT 1, C4<000000>, C4<0>, C4<0>, C4<0>;
v0x59e2d37282a0_0 .net/2u *"_ivl_92", 5 0, L_0x78152e1c7248;  1 drivers
v0x59e2d3728340_0 .net *"_ivl_94", 5 0, L_0x59e2d382bff0;  1 drivers
v0x59e2d37283e0_0 .net "branch_csr_pc_i", 31 0, v0x59e2d35af6c0_0;  alias, 1 drivers
v0x59e2d3728480_0 .net "branch_csr_priv_i", 1 0, L_0x59e2d3820420;  alias, 1 drivers
v0x59e2d3728520_0 .net "branch_csr_request_i", 0 0, v0x59e2d364d2f0_0;  alias, 1 drivers
v0x59e2d37285c0_0 .net "branch_d_exec0_pc_i", 31 0, v0x59e2d351a6e0_0;  alias, 1 drivers
v0x59e2d3728660_0 .net "branch_d_exec0_priv_i", 1 0, L_0x78152e1c75f0;  alias, 1 drivers
v0x59e2d3728700_0 .net "branch_d_exec0_request_i", 0 0, L_0x59e2d38478d0;  alias, 1 drivers
v0x59e2d37287a0_0 .net "branch_d_exec1_pc_i", 31 0, v0x59e2d3655330_0;  alias, 1 drivers
v0x59e2d3728840_0 .net "branch_d_exec1_priv_i", 1 0, L_0x78152e1c7638;  alias, 1 drivers
v0x59e2d37288e0_0 .net "branch_d_exec1_request_i", 0 0, L_0x59e2d3848460;  alias, 1 drivers
v0x59e2d3728980_0 .net "branch_exec0_is_call_i", 0 0, v0x59e2d35675d0_0;  alias, 1 drivers
v0x59e2d3728a20_0 .net "branch_exec0_is_jmp_i", 0 0, v0x59e2d34fe2a0_0;  alias, 1 drivers
v0x59e2d3728ac0_0 .net "branch_exec0_is_not_taken_i", 0 0, L_0x59e2d38471d0;  alias, 1 drivers
v0x59e2d3728b60_0 .net "branch_exec0_is_ret_i", 0 0, v0x59e2d3597a00_0;  alias, 1 drivers
v0x59e2d3728c00_0 .net "branch_exec0_is_taken_i", 0 0, L_0x59e2d38470d0;  alias, 1 drivers
v0x59e2d3728ca0_0 .net "branch_exec0_pc_i", 31 0, v0x59e2d34f7780_0;  alias, 1 drivers
v0x59e2d3728d40_0 .net "branch_exec0_request_i", 0 0, L_0x59e2d3847060;  alias, 1 drivers
v0x59e2d3728de0_0 .net "branch_exec0_source_i", 31 0, v0x59e2d34f9ae0_0;  alias, 1 drivers
v0x59e2d3728e80_0 .net "branch_exec1_is_call_i", 0 0, v0x59e2d35b1ad0_0;  alias, 1 drivers
v0x59e2d3728f20_0 .net "branch_exec1_is_jmp_i", 0 0, v0x59e2d36574b0_0;  alias, 1 drivers
v0x59e2d3728fc0_0 .net "branch_exec1_is_not_taken_i", 0 0, L_0x59e2d3847d60;  alias, 1 drivers
v0x59e2d3729060_0 .net "branch_exec1_is_ret_i", 0 0, v0x59e2d3656a30_0;  alias, 1 drivers
v0x59e2d3729100_0 .net "branch_exec1_is_taken_i", 0 0, L_0x59e2d3847c60;  alias, 1 drivers
v0x59e2d37291a0_0 .net "branch_exec1_pc_i", 31 0, v0x59e2d3653b10_0;  alias, 1 drivers
v0x59e2d3729240_0 .net "branch_exec1_request_i", 0 0, L_0x59e2d3847bf0;  alias, 1 drivers
v0x59e2d37292e0_0 .net "branch_exec1_source_i", 31 0, v0x59e2d3653a30_0;  alias, 1 drivers
v0x59e2d3729380_0 .net "branch_info_is_call_o", 0 0, L_0x59e2d3836c30;  alias, 1 drivers
v0x59e2d3729420_0 .net "branch_info_is_jmp_o", 0 0, L_0x59e2d3837150;  alias, 1 drivers
v0x59e2d37294c0_0 .net "branch_info_is_not_taken_o", 0 0, L_0x59e2d3836b30;  alias, 1 drivers
v0x59e2d3729560_0 .net "branch_info_is_ret_o", 0 0, L_0x59e2d3837050;  alias, 1 drivers
v0x59e2d3729600_0 .net "branch_info_is_taken_o", 0 0, L_0x59e2d3836820;  alias, 1 drivers
v0x59e2d37296a0_0 .net "branch_info_pc_o", 31 0, L_0x59e2d3837520;  alias, 1 drivers
v0x59e2d3729740_0 .net "branch_info_request_o", 0 0, L_0x59e2d38363d0;  alias, 1 drivers
v0x59e2d37297e0_0 .net "branch_info_source_o", 31 0, L_0x59e2d3836a20;  alias, 1 drivers
v0x59e2d3729880_0 .net "branch_pc_o", 31 0, L_0x59e2d382a040;  alias, 1 drivers
v0x59e2d3729920_0 .net "branch_priv_o", 1 0, L_0x59e2d382a4c0;  alias, 1 drivers
v0x59e2d37299c0_0 .net "branch_request_o", 0 0, L_0x59e2d382a450;  alias, 1 drivers
v0x59e2d3729a60_0 .net "cbm_opcode_invalid_o", 0 0, L_0x59e2d3845f50;  alias, 1 drivers
v0x59e2d3729b00_0 .net "cbm_opcode_opcode_o", 31 0, L_0x59e2d365e290;  alias, 1 drivers
v0x59e2d3729ba0_0 .net "cbm_opcode_pc_o", 31 0, L_0x59e2d3845980;  alias, 1 drivers
v0x59e2d3729c40_0 .net "cbm_opcode_ra_idx_o", 4 0, L_0x59e2d3845e70;  alias, 1 drivers
v0x59e2d3729ce0_0 .net "cbm_opcode_ra_operand_o", 31 0, L_0x59e2d3846370;  alias, 1 drivers
v0x59e2d3729d80_0 .net "cbm_opcode_rb_idx_o", 4 0, L_0x59e2d3846300;  alias, 1 drivers
v0x59e2d3729e20_0 .net "cbm_opcode_rb_operand_o", 31 0, L_0x59e2d3845ee0;  alias, 1 drivers
v0x59e2d3729ec0_0 .net "cbm_opcode_rd_idx_o", 4 0, L_0x59e2d3845e00;  alias, 1 drivers
v0x59e2d3729f60_0 .net "cbm_opcode_valid_o", 0 0, L_0x59e2d3845510;  alias, 1 drivers
v0x59e2d372a000_0 .var "cbm_pending_q", 0 0;
v0x59e2d372a0a0_0 .var "cbm_rd_q", 4 0;
v0x59e2d372a140_0 .net "cbm_writeback_safe_w", 0 0, L_0x59e2d383d980;  1 drivers
v0x59e2d372a1e0_0 .net "clk_i", 0 0, v0x59e2d3787d50_0;  alias, 1 drivers
v0x59e2d372a280_0 .net "csr_opcode_invalid_o", 0 0, L_0x59e2d38467d0;  alias, 1 drivers
v0x59e2d372a320_0 .net "csr_opcode_opcode_o", 31 0, L_0x59e2d38464c0;  alias, 1 drivers
v0x59e2d372a3c0_0 .net "csr_opcode_pc_o", 31 0, L_0x59e2d3846530;  alias, 1 drivers
v0x59e2d372a460_0 .net "csr_opcode_ra_idx_o", 4 0, L_0x59e2d3846610;  alias, 1 drivers
v0x59e2d372a500_0 .net "csr_opcode_ra_operand_o", 31 0, L_0x59e2d38466f0;  alias, 1 drivers
v0x59e2d372a5a0_0 .net "csr_opcode_rb_idx_o", 4 0, L_0x59e2d3846680;  alias, 1 drivers
v0x59e2d372a640_0 .net "csr_opcode_rb_operand_o", 31 0, L_0x59e2d3846760;  alias, 1 drivers
v0x59e2d372aef0_0 .net "csr_opcode_rd_idx_o", 4 0, L_0x59e2d38465a0;  alias, 1 drivers
v0x59e2d372af90_0 .net "csr_opcode_valid_o", 0 0, L_0x59e2d3846450;  alias, 1 drivers
v0x59e2d372b030_0 .var "csr_pending_q", 0 0;
v0x59e2d372b0d0_0 .net "csr_result_e1_exception_i", 5 0, L_0x59e2d3820800;  alias, 1 drivers
v0x59e2d372b170_0 .net "csr_result_e1_value_i", 31 0, L_0x59e2d3820670;  alias, 1 drivers
v0x59e2d372b210_0 .net "csr_result_e1_wdata_i", 31 0, L_0x59e2d381f4d0;  alias, 1 drivers
v0x59e2d372b2b0_0 .net "csr_result_e1_write_i", 0 0, L_0x59e2d381f460;  alias, 1 drivers
v0x59e2d372b350_0 .net "csr_writeback_exception_addr_o", 31 0, L_0x59e2d38364e0;  alias, 1 drivers
v0x59e2d372b3f0_0 .net "csr_writeback_exception_o", 5 0, L_0x59e2d3835e60;  alias, 1 drivers
v0x59e2d372b490_0 .net "csr_writeback_exception_pc_o", 31 0, L_0x59e2d38362a0;  alias, 1 drivers
v0x59e2d372b530_0 .net "csr_writeback_waddr_o", 11 0, L_0x59e2d3830e60;  alias, 1 drivers
v0x59e2d372b5d0_0 .net "csr_writeback_wdata_o", 31 0, L_0x59e2d38302f0;  alias, 1 drivers
v0x59e2d372b670_0 .net "csr_writeback_write_o", 0 0, v0x59e2d3715db0_0;  alias, 1 drivers
v0x59e2d372b710_0 .net "div_opcode_valid_o", 0 0, L_0x59e2d3838e20;  alias, 1 drivers
v0x59e2d372b7b0_0 .var "div_pending_q", 0 0;
v0x59e2d372b850_0 .net "dual_issue_ok_w", 0 0, L_0x59e2d3838a30;  1 drivers
v0x59e2d372b8f0_0 .net "dual_issue_w", 0 0, L_0x59e2d383a200;  1 drivers
v0x59e2d372b990_0 .net "enable_dual_issue_w", 0 0, L_0x78152e1c6f78;  1 drivers
L_0x78152e1c7008 .functor BUFT 1, C4<1>, C4<0>, C4<0>, C4<0>;
v0x59e2d372ba30_0 .net "enable_mul_bypass_w", 0 0, L_0x78152e1c7008;  1 drivers
v0x59e2d372bad0_0 .net "enable_muldiv_w", 0 0, L_0x78152e1c6fc0;  1 drivers
v0x59e2d372bb70_0 .net "exec0_hold_o", 0 0, L_0x59e2d3830360;  alias, 1 drivers
v0x59e2d372bc10_0 .net "exec0_opcode_valid_o", 0 0, L_0x59e2d3838fe0;  alias, 1 drivers
v0x59e2d372bcb0_0 .net "exec1_hold_o", 0 0, L_0x59e2d3835800;  alias, 1 drivers
v0x59e2d372bd50_0 .net "exec1_opcode_valid_o", 0 0, L_0x59e2d3839d80;  alias, 1 drivers
v0x59e2d372bdf0_0 .net "fetch0_accept_o", 0 0, L_0x59e2d383b450;  alias, 1 drivers
v0x59e2d372be90_0 .net "fetch0_fault_fetch_i", 0 0, L_0x59e2d37a1540;  alias, 1 drivers
v0x59e2d372bf30_0 .net "fetch0_fault_page_i", 0 0, L_0x59e2d37a14a0;  alias, 1 drivers
v0x59e2d372bfd0_0 .net "fetch0_instr_branch_i", 0 0, L_0x59e2d37d0860;  alias, 1 drivers
v0x59e2d372c070_0 .net "fetch0_instr_cbm_i", 0 0, L_0x59e2d37d5970;  alias, 1 drivers
v0x59e2d372c110_0 .net "fetch0_instr_csr_i", 0 0, L_0x59e2d37d4b40;  alias, 1 drivers
v0x59e2d372c1b0_0 .net "fetch0_instr_div_i", 0 0, L_0x59e2d37d2100;  alias, 1 drivers
v0x59e2d372c250_0 .net "fetch0_instr_exec_i", 0 0, L_0x59e2d37ce460;  alias, 1 drivers
v0x59e2d372c2f0_0 .net "fetch0_instr_i", 31 0, L_0x59e2d37a00c0;  alias, 1 drivers
v0x59e2d372c390_0 .net "fetch0_instr_invalid_i", 0 0, L_0x59e2d37b9920;  alias, 1 drivers
v0x59e2d372c430_0 .net "fetch0_instr_lsu_i", 0 0, L_0x59e2d37ce630;  alias, 1 drivers
v0x59e2d372c4d0_0 .net "fetch0_instr_mul_i", 0 0, L_0x59e2d37d1ba0;  alias, 1 drivers
v0x59e2d372c570_0 .net "fetch0_instr_mule_i", 0 0, L_0x59e2d37d5360;  alias, 1 drivers
v0x59e2d372c610_0 .net "fetch0_instr_mulp_i", 0 0, L_0x59e2d37d5c30;  alias, 1 drivers
v0x59e2d372c6b0_0 .net "fetch0_instr_muls_i", 0 0, L_0x59e2d37d56b0;  alias, 1 drivers
v0x59e2d372c750_0 .net "fetch0_instr_rd_valid_i", 0 0, L_0x59e2d37c66d0;  alias, 1 drivers
v0x59e2d372c7f0_0 .net "fetch0_pc_i", 31 0, L_0x59e2d379fab0;  alias, 1 drivers
v0x59e2d372c890_0 .net "fetch0_valid_i", 0 0, L_0x59e2d379eba0;  alias, 1 drivers
v0x59e2d372c930_0 .net "fetch1_accept_o", 0 0, L_0x59e2d383bc10;  alias, 1 drivers
v0x59e2d372c9d0_0 .net "fetch1_fault_fetch_i", 0 0, L_0x59e2d37a17e0;  alias, 1 drivers
v0x59e2d372ca70_0 .net "fetch1_fault_page_i", 0 0, L_0x59e2d37a1670;  alias, 1 drivers
v0x59e2d372cb10_0 .net "fetch1_instr_branch_i", 0 0, L_0x59e2d3805060;  alias, 1 drivers
v0x59e2d372cbb0_0 .net "fetch1_instr_cbm_i", 0 0, L_0x59e2d380a170;  alias, 1 drivers
v0x59e2d372cc50_0 .net "fetch1_instr_csr_i", 0 0, L_0x59e2d3809340;  alias, 1 drivers
v0x59e2d372ccf0_0 .net "fetch1_instr_div_i", 0 0, L_0x59e2d3806900;  alias, 1 drivers
v0x59e2d372cd90_0 .net "fetch1_instr_exec_i", 0 0, L_0x59e2d3802c60;  alias, 1 drivers
v0x59e2d372ce30_0 .net "fetch1_instr_i", 31 0, L_0x59e2d37a06e0;  alias, 1 drivers
v0x59e2d372ced0_0 .net "fetch1_instr_invalid_i", 0 0, L_0x59e2d37eda20;  alias, 1 drivers
v0x59e2d372cf70_0 .net "fetch1_instr_lsu_i", 0 0, L_0x59e2d3802e30;  alias, 1 drivers
v0x59e2d372d010_0 .net "fetch1_instr_mul_i", 0 0, L_0x59e2d38063a0;  alias, 1 drivers
v0x59e2d372d0b0_0 .net "fetch1_instr_mule_i", 0 0, L_0x59e2d3809b60;  alias, 1 drivers
v0x59e2d372d150_0 .net "fetch1_instr_mulp_i", 0 0, L_0x59e2d380a430;  alias, 1 drivers
v0x59e2d372d1f0_0 .net "fetch1_instr_muls_i", 0 0, L_0x59e2d3809eb0;  alias, 1 drivers
v0x59e2d372d290_0 .net "fetch1_instr_rd_valid_i", 0 0, L_0x59e2d37fbfe0;  alias, 1 drivers
v0x59e2d372d330_0 .net "fetch1_pc_i", 31 0, L_0x59e2d379ff80;  alias, 1 drivers
v0x59e2d372d3d0_0 .net "fetch1_valid_i", 0 0, L_0x59e2d379f300;  alias, 1 drivers
v0x59e2d372d470_0 .net "interrupt_inhibit_o", 0 0, L_0x59e2d3839b00;  alias, 1 drivers
v0x59e2d372d510_0 .net "issue_a_branch_w", 0 0, L_0x59e2d382aab0;  1 drivers
v0x59e2d372d5b0_0 .net "issue_a_cbm_w", 0 0, L_0x59e2d382b040;  1 drivers
v0x59e2d372d650_0 .net "issue_a_csr_w", 0 0, L_0x59e2d382b180;  1 drivers
v0x59e2d372d6f0_0 .net "issue_a_div_w", 0 0, L_0x59e2d382ac40;  1 drivers
v0x59e2d372d790_0 .net "issue_a_exec_w", 0 0, L_0x59e2d382a880;  1 drivers
v0x59e2d372d830_0 .net "issue_a_fault_w", 5 0, L_0x59e2d382bf50;  1 drivers
v0x59e2d372d8d0_0 .net "issue_a_invalid_w", 0 0, L_0x59e2d382b300;  1 drivers
v0x59e2d372d970_0 .net "issue_a_lsu_w", 0 0, L_0x59e2d382a970;  1 drivers
v0x59e2d372da10_0 .net "issue_a_mul_w", 0 0, L_0x59e2d382aba0;  1 drivers
v0x59e2d372dab0_0 .net "issue_a_mule_w", 0 0, L_0x59e2d382ace0;  1 drivers
v0x59e2d372db50_0 .net "issue_a_mulp_w", 0 0, L_0x59e2d382b0e0;  1 drivers
v0x59e2d372dbf0_0 .net "issue_a_muls_w", 0 0, L_0x59e2d382ae40;  1 drivers
v0x59e2d372dc90_0 .net "issue_a_ra_idx_w", 4 0, L_0x59e2d382a560;  1 drivers
v0x59e2d372dd30_0 .var "issue_a_ra_value_r", 31 0;
v0x59e2d372ddd0_0 .net "issue_a_ra_value_w", 31 0, L_0x59e2d383f740;  1 drivers
v0x59e2d372de70_0 .net "issue_a_rb_idx_w", 4 0, L_0x59e2d382a600;  1 drivers
v0x59e2d372df10_0 .var "issue_a_rb_value_r", 31 0;
v0x59e2d372dfb0_0 .net "issue_a_rb_value_w", 31 0, L_0x59e2d383f640;  1 drivers
v0x59e2d372e050_0 .net "issue_a_rd_idx_w", 4 0, L_0x59e2d382a6a0;  1 drivers
v0x59e2d372e0f0_0 .net "issue_a_sb_alloc_w", 0 0, L_0x59e2d382a790;  1 drivers
v0x59e2d372e190_0 .net "issue_b_branch_w", 0 0, L_0x59e2d382b990;  1 drivers
v0x59e2d372e230_0 .net "issue_b_csr_w", 0 0, L_0x59e2d382bb80;  1 drivers
v0x59e2d372e2d0_0 .net "issue_b_div_w", 0 0, L_0x59e2d382bb10;  1 drivers
v0x59e2d372e370_0 .net "issue_b_exec_w", 0 0, L_0x59e2d382b860;  1 drivers
v0x59e2d372e410_0 .net "issue_b_fault_w", 5 0, L_0x59e2d3831520;  1 drivers
v0x59e2d372e4b0_0 .net "issue_b_invalid_w", 0 0, L_0x59e2d382bc40;  1 drivers
v0x59e2d372e550_0 .net "issue_b_lsu_w", 0 0, L_0x59e2d382b8d0;  1 drivers
v0x59e2d372e5f0_0 .net "issue_b_mul_w", 0 0, L_0x59e2d382ba50;  1 drivers
v0x59e2d372e690_0 .net "issue_b_ra_idx_w", 4 0, L_0x59e2d382b3a0;  1 drivers
v0x59e2d372e730_0 .var "issue_b_ra_value_r", 31 0;
v0x59e2d372e7d0_0 .net "issue_b_ra_value_w", 31 0, L_0x59e2d383f6b0;  1 drivers
v0x59e2d372e870_0 .net "issue_b_rb_idx_w", 4 0, L_0x59e2d382b530;  1 drivers
v0x59e2d372e910_0 .var "issue_b_rb_value_r", 31 0;
v0x59e2d372e9b0_0 .net "issue_b_rb_value_w", 31 0, L_0x59e2d383fa30;  1 drivers
v0x59e2d372ea50_0 .net "issue_b_rd_idx_w", 4 0, L_0x59e2d382b670;  1 drivers
v0x59e2d372eaf0_0 .net "issue_b_sb_alloc_w", 0 0, L_0x59e2d382ad80;  1 drivers
v0x59e2d372eb90_0 .net "lsu_opcode_invalid_o", 0 0, L_0x78152e1c7560;  alias, 1 drivers
v0x59e2d372ec30_0 .net "lsu_opcode_opcode_o", 31 0, L_0x59e2d383ee10;  alias, 1 drivers
v0x59e2d372ecd0_0 .net "lsu_opcode_pc_o", 31 0, L_0x59e2d3841c50;  alias, 1 drivers
v0x59e2d372ed70_0 .net "lsu_opcode_ra_idx_o", 4 0, L_0x59e2d3841ef0;  alias, 1 drivers
v0x59e2d372ee10_0 .net "lsu_opcode_ra_operand_o", 31 0, L_0x59e2d38421a0;  alias, 1 drivers
v0x59e2d372eeb0_0 .net "lsu_opcode_rb_idx_o", 4 0, L_0x59e2d3841d80;  alias, 1 drivers
v0x59e2d372ef50_0 .net "lsu_opcode_rb_operand_o", 31 0, L_0x59e2d3841f90;  alias, 1 drivers
v0x59e2d372eff0_0 .net "lsu_opcode_rd_idx_o", 4 0, L_0x59e2d383e3e0;  alias, 1 drivers
v0x59e2d372f090_0 .net "lsu_opcode_valid_o", 0 0, L_0x59e2d3838d60;  alias, 1 drivers
v0x59e2d372f130_0 .net "lsu_stall_i", 0 0, L_0x59e2d3817ef0;  alias, 1 drivers
v0x59e2d372f1d0_0 .var "mispredicted_r", 0 0;
v0x59e2d372f270_0 .net "mul_hold_o", 0 0, L_0x59e2d38311a0;  alias, 1 drivers
v0x59e2d372f310_0 .net "mul_opcode_invalid_o", 0 0, L_0x78152e1c75a8;  alias, 1 drivers
v0x59e2d372f3b0_0 .net "mul_opcode_opcode_o", 31 0, L_0x59e2d3842030;  alias, 1 drivers
v0x59e2d372f450_0 .net "mul_opcode_pc_o", 31 0, L_0x59e2d38423e0;  alias, 1 drivers
v0x59e2d372f4f0_0 .net "mul_opcode_ra_idx_o", 4 0, L_0x59e2d3842240;  alias, 1 drivers
v0x59e2d372f590_0 .net "mul_opcode_ra_operand_o", 31 0, L_0x59e2d38426e0;  alias, 1 drivers
v0x59e2d372f630_0 .net "mul_opcode_rb_idx_o", 4 0, L_0x59e2d38422e0;  alias, 1 drivers
v0x59e2d372f6d0_0 .net "mul_opcode_rb_operand_o", 31 0, L_0x59e2d3842780;  alias, 1 drivers
v0x59e2d372f770_0 .net "mul_opcode_rd_idx_o", 4 0, L_0x59e2d3842480;  alias, 1 drivers
v0x59e2d372f810_0 .net "mul_opcode_valid_o", 0 0, L_0x59e2d3837650;  alias, 1 drivers
v0x59e2d372f8b0_0 .net "mule_opcode_invalid_o", 0 0, L_0x59e2d3843a70;  alias, 1 drivers
v0x59e2d372f950_0 .net "mule_opcode_opcode_o", 31 0, L_0x59e2d3842630;  alias, 1 drivers
v0x59e2d372f9f0_0 .net "mule_opcode_pc_o", 31 0, L_0x59e2d38429f0;  alias, 1 drivers
v0x59e2d372fa90_0 .net "mule_opcode_ra_idx_o", 4 0, L_0x59e2d3842f60;  alias, 1 drivers
v0x59e2d372fb30_0 .net "mule_opcode_ra_operand_o", 31 0, L_0x59e2d38433d0;  alias, 1 drivers
v0x59e2d372fbd0_0 .net "mule_opcode_rb_idx_o", 4 0, L_0x59e2d3843360;  alias, 1 drivers
v0x59e2d372fc70_0 .net "mule_opcode_rb_operand_o", 31 0, L_0x59e2d38438f0;  alias, 1 drivers
v0x59e2d372fd10_0 .net "mule_opcode_rd_idx_o", 4 0, L_0x59e2d3842ef0;  alias, 1 drivers
v0x59e2d372fdb0_0 .net "mule_opcode_valid_o", 0 0, L_0x59e2d3839450;  alias, 1 drivers
v0x59e2d372fe50_0 .var "mule_pending_q", 0 0;
v0x59e2d372a6e0_0 .var "mule_rd_q", 4 0;
v0x59e2d372a7a0_0 .net "mule_writeback_safe_w", 0 0, L_0x59e2d383c590;  1 drivers
v0x59e2d372a860_0 .net "mulp_opcode_invalid_o", 0 0, L_0x59e2d38468e0;  alias, 1 drivers
v0x59e2d372a920_0 .net "mulp_opcode_opcode_o", 31 0, L_0x59e2d3845fc0;  alias, 1 drivers
v0x59e2d372aa00_0 .net "mulp_opcode_pc_o", 31 0, L_0x59e2d3846030;  alias, 1 drivers
v0x59e2d372aae0_0 .net "mulp_opcode_ra_idx_o", 4 0, L_0x59e2d3846110;  alias, 1 drivers
v0x59e2d372abc0_0 .net "mulp_opcode_ra_operand_o", 31 0, L_0x59e2d38461f0;  alias, 1 drivers
v0x59e2d372aca0_0 .net "mulp_opcode_rb_idx_o", 4 0, L_0x59e2d3846180;  alias, 1 drivers
v0x59e2d372ad80_0 .net "mulp_opcode_rb_operand_o", 31 0, L_0x59e2d3846260;  alias, 1 drivers
v0x59e2d3730f00_0 .net "mulp_opcode_rd_idx_o", 4 0, L_0x59e2d38460a0;  alias, 1 drivers
v0x59e2d3730fa0_0 .net "mulp_opcode_valid_o", 0 0, L_0x59e2d3839a90;  alias, 1 drivers
v0x59e2d3731040_0 .var "mulp_pending_q", 0 0;
v0x59e2d37310e0_0 .var "mulp_rd_q", 4 0;
v0x59e2d3731180_0 .net "muls_opcode_invalid_o", 0 0, L_0x59e2d3845040;  alias, 1 drivers
v0x59e2d3731220_0 .net "muls_opcode_opcode_o", 31 0, L_0x59e2d3843e90;  alias, 1 drivers
v0x59e2d37312c0_0 .net "muls_opcode_pc_o", 31 0, L_0x59e2d3843f00;  alias, 1 drivers
v0x59e2d3731360_0 .net "muls_opcode_ra_idx_o", 4 0, L_0x59e2d38444b0;  alias, 1 drivers
v0x59e2d3731400_0 .net "muls_opcode_ra_operand_o", 31 0, L_0x59e2d3844b80;  alias, 1 drivers
v0x59e2d37314a0_0 .net "muls_opcode_rb_idx_o", 4 0, L_0x59e2d3844a00;  alias, 1 drivers
v0x59e2d3731540_0 .net "muls_opcode_rb_operand_o", 31 0, L_0x59e2d3844fd0;  alias, 1 drivers
v0x59e2d37315e0_0 .net "muls_opcode_rd_idx_o", 4 0, L_0x59e2d3844330;  alias, 1 drivers
v0x59e2d3731680_0 .net "muls_opcode_valid_o", 0 0, L_0x59e2d38397b0;  alias, 1 drivers
v0x59e2d3731720_0 .var "muls_pending_q", 0 0;
v0x59e2d37317c0_0 .var "muls_rd_q", 4 0;
v0x59e2d3731860_0 .net "muls_writeback_safe_w", 0 0, L_0x59e2d383cee0;  1 drivers
v0x59e2d3731900_0 .net "opcode0_invalid_o", 0 0, L_0x78152e1c74d0;  alias, 1 drivers
v0x59e2d37319a0_0 .net "opcode0_opcode_o", 31 0, L_0x59e2d383faf0;  alias, 1 drivers
v0x59e2d3731a40_0 .net "opcode0_pc_o", 31 0, v0x59e2d37324e0_0;  alias, 1 drivers
v0x59e2d3731ae0_0 .net "opcode0_ra_idx_o", 4 0, L_0x59e2d383ff50;  alias, 1 drivers
v0x59e2d3731b80_0 .net "opcode0_ra_operand_o", 31 0, v0x59e2d372dd30_0;  alias, 1 drivers
v0x59e2d3731c20_0 .net "opcode0_rb_idx_o", 4 0, L_0x59e2d3840370;  alias, 1 drivers
v0x59e2d3731cc0_0 .net "opcode0_rb_operand_o", 31 0, v0x59e2d372df10_0;  alias, 1 drivers
v0x59e2d3731d60_0 .net "opcode0_rd_idx_o", 4 0, L_0x59e2d383fee0;  alias, 1 drivers
v0x59e2d3731e00_0 .net "opcode1_invalid_o", 0 0, L_0x78152e1c7518;  alias, 1 drivers
v0x59e2d3731ea0_0 .net "opcode1_opcode_o", 31 0, L_0x59e2d3840910;  alias, 1 drivers
v0x59e2d3731f40_0 .net "opcode1_pc_o", 31 0, v0x59e2d37328a0_0;  alias, 1 drivers
v0x59e2d3731fe0_0 .net "opcode1_ra_idx_o", 4 0, L_0x59e2d38412a0;  alias, 1 drivers
v0x59e2d3732080_0 .net "opcode1_ra_operand_o", 31 0, v0x59e2d372e730_0;  alias, 1 drivers
v0x59e2d3732120_0 .net "opcode1_rb_idx_o", 4 0, L_0x59e2d3841310;  alias, 1 drivers
v0x59e2d37321c0_0 .net "opcode1_rb_operand_o", 31 0, v0x59e2d372e910_0;  alias, 1 drivers
v0x59e2d3732260_0 .net "opcode1_rd_idx_o", 4 0, L_0x59e2d3840ee0;  alias, 1 drivers
v0x59e2d3732300_0 .var "opcode_a_accept_r", 0 0;
v0x59e2d37323a0_0 .var "opcode_a_fault_r", 1 0;
v0x59e2d3732440_0 .var "opcode_a_issue_r", 0 0;
v0x59e2d37324e0_0 .var "opcode_a_pc_r", 31 0;
v0x59e2d3732580_0 .var "opcode_a_r", 31 0;
v0x59e2d3732620_0 .var "opcode_a_valid_r", 0 0;
v0x59e2d37326c0_0 .var "opcode_b_accept_r", 0 0;
v0x59e2d3732760_0 .var "opcode_b_fault_r", 1 0;
v0x59e2d3732800_0 .var "opcode_b_issue_r", 0 0;
v0x59e2d37328a0_0 .var "opcode_b_pc_r", 31 0;
v0x59e2d3732940_0 .var "opcode_b_r", 31 0;
v0x59e2d37329e0_0 .var "opcode_b_valid_r", 0 0;
v0x59e2d3732a80_0 .var "pc_x_q", 31 0;
v0x59e2d3732b20_0 .net "pipe0_branch_e1_w", 0 0, L_0x59e2d382c8f0;  1 drivers
v0x59e2d3732bc0_0 .net "pipe0_csr_wb_w", 0 0, L_0x59e2d382f440;  1 drivers
v0x59e2d3732c60_0 .net "pipe0_exception_wb_w", 5 0, v0x59e2d3716530_0;  1 drivers
v0x59e2d3732d00_0 .net "pipe0_load_e1_w", 0 0, L_0x59e2d382c400;  1 drivers
v0x59e2d3732da0_0 .net "pipe0_load_e2_w", 0 0, L_0x59e2d382d5b0;  1 drivers
v0x59e2d3732e40_0 .net "pipe0_mul_e1_w", 0 0, L_0x59e2d382c800;  1 drivers
v0x59e2d3732ee0_0 .net "pipe0_mul_e2_w", 0 0, L_0x59e2d382d6a0;  1 drivers
v0x59e2d3732f80_0 .net "pipe0_opc_wb_w", 31 0, L_0x59e2d38307b0;  1 drivers
v0x59e2d3733020_0 .net "pipe0_opcode_e1_w", 31 0, L_0x59e2d382cf70;  1 drivers
v0x59e2d37330c0_0 .net "pipe0_operand_ra_e1_w", 31 0, L_0x59e2d382d080;  1 drivers
v0x59e2d3733160_0 .net "pipe0_operand_rb_e1_w", 31 0, L_0x59e2d382d140;  1 drivers
v0x59e2d3733200_0 .net "pipe0_pc_e1_w", 31 0, L_0x59e2d382ceb0;  1 drivers
v0x59e2d37332a0_0 .net "pipe0_pc_wb_w", 31 0, v0x59e2d3719220_0;  1 drivers
v0x59e2d3733340_0 .net "pipe0_ra_val_wb_w", 31 0, L_0x59e2d38308c0;  1 drivers
v0x59e2d37333e0_0 .net "pipe0_rb_val_wb_w", 31 0, L_0x59e2d3830af0;  1 drivers
v0x59e2d3733480_0 .net "pipe0_rd_e1_w", 4 0, L_0x59e2d382cda0;  1 drivers
v0x59e2d3733520_0 .net "pipe0_rd_e2_w", 4 0, L_0x59e2d382dec0;  1 drivers
v0x59e2d37335c0_0 .net "pipe0_rd_wb_after_mule_w", 4 0, L_0x59e2d383dd90;  1 drivers
v0x59e2d3733660_0 .net "pipe0_rd_wb_after_muls_w", 4 0, L_0x59e2d383e060;  1 drivers
v0x59e2d3733700_0 .net "pipe0_rd_wb_muxed_w", 4 0, L_0x59e2d383df20;  1 drivers
v0x59e2d37337a0_0 .net "pipe0_rd_wb_w", 4 0, L_0x59e2d38303f0;  1 drivers
v0x59e2d3733840_0 .net "pipe0_result_e2_w", 31 0, L_0x59e2d382dfd0;  1 drivers
v0x59e2d37338e0_0 .net "pipe0_result_wb_after_mule_w", 31 0, L_0x59e2d383de80;  1 drivers
v0x59e2d3733980_0 .net "pipe0_result_wb_after_muls_w", 31 0, L_0x59e2d383e100;  1 drivers
v0x59e2d3733a20_0 .net "pipe0_result_wb_muxed_w", 31 0, L_0x59e2d383e340;  1 drivers
v0x59e2d3733ac0_0 .net "pipe0_result_wb_w", 31 0, v0x59e2d3719720_0;  1 drivers
v0x59e2d3733b60_0 .net "pipe0_squash_e1_e2_w", 0 0, L_0x59e2d382ee70;  1 drivers
v0x59e2d3733c00_0 .net "pipe0_stall_raw_w", 0 0, L_0x59e2d382f050;  1 drivers
v0x59e2d3733ca0_0 .net "pipe0_store_e1_w", 0 0, L_0x59e2d382c540;  1 drivers
v0x59e2d3733d40_0 .net "pipe0_valid_wb_w", 0 0, L_0x59e2d382f520;  1 drivers
v0x59e2d3733de0_0 .net "pipe1_branch_e1_w", 0 0, L_0x59e2d3831f70;  1 drivers
v0x59e2d3733e80_0 .net "pipe1_exception_wb_w", 5 0, v0x59e2d371db50_0;  1 drivers
v0x59e2d3733f20_0 .net "pipe1_load_e1_w", 0 0, L_0x59e2d3831a80;  1 drivers
v0x59e2d3733fc0_0 .net "pipe1_load_e2_w", 0 0, L_0x59e2d3832c30;  1 drivers
v0x59e2d3734060_0 .net "pipe1_mul_e1_w", 0 0, L_0x59e2d3831e80;  1 drivers
v0x59e2d3734100_0 .net "pipe1_mul_e2_w", 0 0, L_0x59e2d3832d20;  1 drivers
v0x59e2d37341a0_0 .var "pipe1_mux_lsu_r", 0 0;
v0x59e2d3734240_0 .var "pipe1_mux_mul_r", 0 0;
v0x59e2d37342e0_0 .net "pipe1_ok_w", 0 0, L_0x59e2d3837920;  1 drivers
v0x59e2d3734380_0 .net "pipe1_opc_wb_w", 31 0, L_0x59e2d3835a60;  1 drivers
v0x59e2d3734420_0 .net "pipe1_opcode_e1_w", 31 0, L_0x59e2d38325f0;  1 drivers
v0x59e2d37344c0_0 .net "pipe1_operand_ra_e1_w", 31 0, L_0x59e2d3832700;  1 drivers
v0x59e2d3734560_0 .net "pipe1_operand_rb_e1_w", 31 0, L_0x59e2d38327c0;  1 drivers
v0x59e2d3734600_0 .net "pipe1_pc_e1_w", 31 0, L_0x59e2d3832530;  1 drivers
v0x59e2d37346a0_0 .net "pipe1_pc_wb_w", 31 0, v0x59e2d3720840_0;  1 drivers
v0x59e2d3734740_0 .net "pipe1_ra_val_wb_w", 31 0, L_0x59e2d3835b70;  1 drivers
v0x59e2d37347e0_0 .net "pipe1_rb_val_wb_w", 31 0, L_0x59e2d3835900;  1 drivers
v0x59e2d3734880_0 .net "pipe1_rd_e1_w", 4 0, L_0x59e2d3832420;  1 drivers
v0x59e2d3734920_0 .net "pipe1_rd_e2_w", 4 0, L_0x59e2d3833540;  1 drivers
v0x59e2d37349c0_0 .net "pipe1_rd_wb_w", 4 0, L_0x59e2d3835890;  1 drivers
v0x59e2d3734a60_0 .net "pipe1_result_e2_w", 31 0, L_0x59e2d3833650;  1 drivers
v0x59e2d3734b00_0 .net "pipe1_result_wb_w", 31 0, v0x59e2d3720d40_0;  1 drivers
v0x59e2d3734ba0_0 .net "pipe1_squash_e1_e2_w", 0 0, L_0x59e2d38344f0;  1 drivers
v0x59e2d3734c40_0 .net "pipe1_stall_raw_w", 0 0, L_0x59e2d38346d0;  1 drivers
v0x59e2d3734ce0_0 .net "pipe1_store_e1_w", 0 0, L_0x59e2d3831bc0;  1 drivers
v0x59e2d3734d80_0 .net "pipe1_valid_wb_w", 0 0, L_0x59e2d3834ba0;  1 drivers
v0x59e2d3734e20_0 .var "priv_x_q", 1 0;
v0x59e2d3734ec0_0 .net "rst_i", 0 0, v0x59e2d3789c80_0;  alias, 1 drivers
v0x59e2d3734f60_0 .var "scoreboard_r", 31 0;
v0x59e2d3735000_0 .net "single_issue_w", 0 0, L_0x59e2d383acd0;  1 drivers
v0x59e2d37350a0_0 .var "slot0_valid_r", 0 0;
v0x59e2d3735140_0 .var "slot1_valid_r", 0 0;
v0x59e2d37351e0_0 .net "squash_w", 0 0, L_0x59e2d3837310;  1 drivers
v0x59e2d3735280_0 .net "stall_w", 0 0, L_0x59e2d383bd20;  1 drivers
v0x59e2d3735320_0 .net "take_interrupt_i", 0 0, v0x59e2d35e8ab0_0;  alias, 1 drivers
v0x59e2d37353c0_0 .net "writeback_cbm_rd_idx_i", 4 0, v0x59e2d2ef79a0_0;  alias, 1 drivers
v0x59e2d3735460_0 .net "writeback_cbm_valid_i", 0 0, v0x59e2d30627d0_0;  alias, 1 drivers
v0x59e2d3735500_0 .net "writeback_cbm_value_i", 31 0, v0x59e2d2f22460_0;  alias, 1 drivers
v0x59e2d37355a0_0 .net "writeback_div_valid_i", 0 0, v0x59e2d354e850_0;  alias, 1 drivers
v0x59e2d3735640_0 .net "writeback_div_value_i", 31 0, L_0x59e2d382a3e0;  alias, 1 drivers
v0x59e2d37356e0_0 .net "writeback_exec0_value_i", 31 0, L_0x59e2d3846f30;  alias, 1 drivers
v0x59e2d3735780_0 .net "writeback_exec1_value_i", 31 0, L_0x59e2d3847ac0;  alias, 1 drivers
v0x59e2d3735820_0 .net "writeback_mem_exception_i", 5 0, L_0x59e2d381c4c0;  alias, 1 drivers
v0x59e2d37358c0_0 .net "writeback_mem_valid_i", 0 0, L_0x59e2d381a560;  alias, 1 drivers
v0x59e2d3735960_0 .net "writeback_mem_value_i", 31 0, L_0x59e2d381a880;  alias, 1 drivers
v0x59e2d3735a00_0 .net "writeback_mul_value_i", 31 0, L_0x59e2d3822530;  alias, 1 drivers
v0x59e2d3735aa0_0 .net "writeback_mule_rd_idx_i", 4 0, v0x59e2d37707f0_0;  alias, 1 drivers
v0x59e2d3735b40_0 .net "writeback_mule_valid_i", 0 0, v0x59e2d3770d70_0;  alias, 1 drivers
v0x59e2d3735be0_0 .net "writeback_mule_value_i", 31 0, L_0x59e2d3824040;  alias, 1 drivers
v0x59e2d3735c80_0 .net "writeback_mulp_rd_idx_i", 4 0, L_0x59e2d3828000;  alias, 1 drivers
v0x59e2d3735d20_0 .net "writeback_mulp_valid_i", 0 0, L_0x59e2d3827e50;  alias, 1 drivers
v0x59e2d3735dc0_0 .net "writeback_mulp_value_i", 31 0, L_0x59e2d3827f60;  alias, 1 drivers
v0x59e2d3735e60_0 .net "writeback_muls_rd_idx_i", 4 0, v0x59e2d3775030_0;  alias, 1 drivers
v0x59e2d3735f00_0 .net "writeback_muls_valid_i", 0 0, v0x59e2d3775430_0;  alias, 1 drivers
v0x59e2d3735fa0_0 .net "writeback_muls_value_i", 31 0, v0x59e2d3775110_0;  alias, 1 drivers
E_0x59e2d2f2d990/0 .event anyedge, v0x59e2d3724bf0_0, v0x59e2d3724e70_0, v0x59e2d3719400_0, v0x59e2d3724b50_0;
E_0x59e2d2f2d990/1 .event anyedge, v0x59e2d3719680_0, v0x59e2d3724dd0_0, v0x59e2d3720a20_0, v0x59e2d3720ca0_0;
E_0x59e2d2f2d990/2 .event anyedge, v0x59e2d372a140_0, v0x59e2d2ec0550_0, v0x59e2d2f228b0_0, v0x59e2d3731860_0;
E_0x59e2d2f2d990/3 .event anyedge, v0x59e2d3735e60_0, v0x59e2d3717bb0_0, v0x59e2d372a7a0_0, v0x59e2d3735aa0_0;
E_0x59e2d2f2d990/4 .event anyedge, v0x59e2d352f330_0, v0x59e2d3719360_0, v0x59e2d37194a0_0, v0x59e2d3720980_0;
E_0x59e2d2f2d990/5 .event anyedge, v0x59e2d3720ac0_0, v0x59e2d37192c0_0, v0x59e2d3504c80_0, v0x59e2d37208e0_0;
E_0x59e2d2f2d990/6 .event anyedge, v0x59e2d3653410_0;
E_0x59e2d2f2d990 .event/or E_0x59e2d2f2d990/0, E_0x59e2d2f2d990/1, E_0x59e2d2f2d990/2, E_0x59e2d2f2d990/3, E_0x59e2d2f2d990/4, E_0x59e2d2f2d990/5, E_0x59e2d2f2d990/6;
E_0x59e2d2eddf90/0 .event anyedge, v0x59e2d3724ab0_0, v0x59e2d3724d30_0, v0x59e2d3719400_0, v0x59e2d3724a10_0;
E_0x59e2d2eddf90/1 .event anyedge, v0x59e2d3719680_0, v0x59e2d3724c90_0, v0x59e2d3720a20_0, v0x59e2d3720ca0_0;
E_0x59e2d2eddf90/2 .event anyedge, v0x59e2d372a140_0, v0x59e2d2ec0550_0, v0x59e2d2f228b0_0, v0x59e2d3731860_0;
E_0x59e2d2eddf90/3 .event anyedge, v0x59e2d3735e60_0, v0x59e2d3717bb0_0, v0x59e2d372a7a0_0, v0x59e2d3735aa0_0;
E_0x59e2d2eddf90/4 .event anyedge, v0x59e2d352f330_0, v0x59e2d3719360_0, v0x59e2d37194a0_0, v0x59e2d3720980_0;
E_0x59e2d2eddf90/5 .event anyedge, v0x59e2d3720ac0_0, v0x59e2d37192c0_0, v0x59e2d3504c80_0, v0x59e2d37208e0_0;
E_0x59e2d2eddf90/6 .event anyedge, v0x59e2d3653410_0;
E_0x59e2d2eddf90 .event/or E_0x59e2d2eddf90/0, E_0x59e2d2eddf90/1, E_0x59e2d2eddf90/2, E_0x59e2d2eddf90/3, E_0x59e2d2eddf90/4, E_0x59e2d2eddf90/5, E_0x59e2d2eddf90/6;
E_0x59e2d2eddfd0/0 .event anyedge, v0x59e2d372fe50_0, v0x59e2d372a6e0_0, v0x59e2d3731720_0, v0x59e2d37317c0_0;
E_0x59e2d2eddfd0/1 .event anyedge, v0x59e2d372a000_0, v0x59e2d372a0a0_0, v0x59e2d3731040_0, v0x59e2d37310e0_0;
E_0x59e2d2eddfd0/2 .event anyedge, v0x59e2d37172f0_0, v0x59e2d37176b0_0, v0x59e2d37192c0_0, v0x59e2d371e910_0;
E_0x59e2d2eddfd0/3 .event anyedge, v0x59e2d371ecd0_0, v0x59e2d37208e0_0, v0x59e2d3719c20_0, v0x59e2d3721240_0;
E_0x59e2d2eddfd0/4 .event anyedge, v0x59e2d3716b70_0, v0x59e2d3716990_0, v0x59e2d37168f0_0, v0x59e2d3716c10_0;
E_0x59e2d2eddfd0/5 .event anyedge, v0x59e2d3716d50_0, v0x59e2d3716850_0, v0x59e2d3716cb0_0, v0x59e2d372f130_0;
E_0x59e2d2eddfd0/6 .event anyedge, v0x59e2d37171b0_0, v0x59e2d372b7b0_0, v0x59e2d372b030_0, v0x59e2d3732620_0;
E_0x59e2d2eddfd0/7 .event anyedge, v0x59e2d3724a10_0, v0x59e2d3734f60_0, v0x59e2d3724c90_0, v0x59e2d3717070_0;
E_0x59e2d2eddfd0/8 .event anyedge, v0x59e2d37165d0_0, v0x59e2d3717110_0, v0x59e2d372b850_0, v0x59e2d37329e0_0;
E_0x59e2d2eddfd0/9 .event anyedge, v0x59e2d3724b50_0, v0x59e2d3724dd0_0, v0x59e2d371e690_0, v0x59e2d371e0f0_0;
E_0x59e2d2eddfd0/10 .event anyedge, v0x59e2d371e190_0, v0x59e2d371dbf0_0, v0x59e2d371e730_0;
E_0x59e2d2eddfd0 .event/or E_0x59e2d2eddfd0/0, E_0x59e2d2eddfd0/1, E_0x59e2d2eddfd0/2, E_0x59e2d2eddfd0/3, E_0x59e2d2eddfd0/4, E_0x59e2d2eddfd0/5, E_0x59e2d2eddfd0/6, E_0x59e2d2eddfd0/7, E_0x59e2d2eddfd0/8, E_0x59e2d2eddfd0/9, E_0x59e2d2eddfd0/10;
E_0x59e2d2ec91d0/0 .event anyedge, v0x59e2d37350a0_0, v0x59e2d36fe260_0, v0x59e2d36d9510_0, v0x59e2d3700cb0_0;
E_0x59e2d2ec91d0/1 .event anyedge, v0x59e2d37023e0_0, v0x59e2d3702340_0, v0x59e2d36fe120_0, v0x59e2d3700d50_0;
E_0x59e2d2ec91d0/2 .event anyedge, v0x59e2d3702f20_0, v0x59e2d3702e80_0, v0x59e2d3735140_0;
E_0x59e2d2ec91d0 .event/or E_0x59e2d2ec91d0/0, E_0x59e2d2ec91d0/1, E_0x59e2d2ec91d0/2;
E_0x59e2d2ec9210/0 .event anyedge, v0x59e2d364d230_0, v0x59e2d37351e0_0, v0x59e2d36d9650_0, v0x59e2d3700cb0_0;
E_0x59e2d2ec9210/1 .event anyedge, v0x59e2d3732a80_0, v0x59e2d36fe260_0, v0x59e2d3700d50_0;
E_0x59e2d2ec9210 .event/or E_0x59e2d2ec9210/0, E_0x59e2d2ec9210/1;
L_0x59e2d382a040 .functor MUXZ 32, v0x59e2d3732a80_0, v0x59e2d35af6c0_0, v0x59e2d364d2f0_0, C4<>;
L_0x59e2d382a4c0 .functor MUXZ 2, v0x59e2d3734e20_0, L_0x59e2d3820420, v0x59e2d364d2f0_0, C4<>;
L_0x59e2d382a560 .part v0x59e2d3732580_0, 15, 5;
L_0x59e2d382a600 .part v0x59e2d3732580_0, 20, 5;
L_0x59e2d382a6a0 .part v0x59e2d3732580_0, 7, 5;
L_0x59e2d382a790 .functor MUXZ 1, L_0x59e2d37fbfe0, L_0x59e2d37c66d0, v0x59e2d37350a0_0, C4<>;
L_0x59e2d382a880 .functor MUXZ 1, L_0x59e2d3802c60, L_0x59e2d37ce460, v0x59e2d37350a0_0, C4<>;
L_0x59e2d382a970 .functor MUXZ 1, L_0x59e2d3802e30, L_0x59e2d37ce630, v0x59e2d37350a0_0, C4<>;
L_0x59e2d382aab0 .functor MUXZ 1, L_0x59e2d3805060, L_0x59e2d37d0860, v0x59e2d37350a0_0, C4<>;
L_0x59e2d382aba0 .functor MUXZ 1, L_0x59e2d38063a0, L_0x59e2d37d1ba0, v0x59e2d37350a0_0, C4<>;
L_0x59e2d382ac40 .functor MUXZ 1, L_0x59e2d3806900, L_0x59e2d37d2100, v0x59e2d37350a0_0, C4<>;
L_0x59e2d382ace0 .functor MUXZ 1, L_0x59e2d3809b60, L_0x59e2d37d5360, v0x59e2d37350a0_0, C4<>;
L_0x59e2d382ae40 .functor MUXZ 1, L_0x59e2d3809eb0, L_0x59e2d37d56b0, v0x59e2d37350a0_0, C4<>;
L_0x59e2d382b040 .functor MUXZ 1, L_0x59e2d380a170, L_0x59e2d37d5970, v0x59e2d37350a0_0, C4<>;
L_0x59e2d382b0e0 .functor MUXZ 1, L_0x59e2d380a430, L_0x59e2d37d5c30, v0x59e2d37350a0_0, C4<>;
L_0x59e2d382b180 .functor MUXZ 1, L_0x59e2d3809340, L_0x59e2d37d4b40, v0x59e2d37350a0_0, C4<>;
L_0x59e2d382b300 .functor MUXZ 1, L_0x59e2d37eda20, L_0x59e2d37b9920, v0x59e2d37350a0_0, C4<>;
L_0x59e2d382b3a0 .part v0x59e2d3732940_0, 15, 5;
L_0x59e2d382b530 .part v0x59e2d3732940_0, 20, 5;
L_0x59e2d382b670 .part v0x59e2d3732940_0, 7, 5;
L_0x59e2d382b490 .part v0x59e2d37323a0_0, 0, 1;
L_0x59e2d382bcb0 .part v0x59e2d37323a0_0, 1, 1;
L_0x59e2d382b760 .functor MUXZ 6, L_0x78152e1c70e0, L_0x78152e1c7098, L_0x59e2d382bcb0, C4<>;
L_0x59e2d382bf50 .functor MUXZ 6, L_0x59e2d382b760, L_0x78152e1c7050, L_0x59e2d382b490, C4<>;
L_0x59e2d3831210 .part v0x59e2d3732760_0, 0, 1;
L_0x59e2d38312b0 .part v0x59e2d3732760_0, 1, 1;
L_0x59e2d382bff0 .functor MUXZ 6, L_0x78152e1c7248, L_0x78152e1c7200, L_0x59e2d38312b0, C4<>;
L_0x59e2d3831520 .functor MUXZ 6, L_0x59e2d382bff0, L_0x78152e1c71b8, L_0x59e2d3831210, C4<>;
L_0x59e2d3835ed0 .reduce/or v0x59e2d3716530_0;
L_0x59e2d38362a0 .functor MUXZ 32, v0x59e2d3720840_0, v0x59e2d3719220_0, L_0x59e2d3835ed0, C4<>;
L_0x59e2d3836440 .reduce/or v0x59e2d3716530_0;
L_0x59e2d38364e0 .functor MUXZ 32, v0x59e2d3720d40_0, v0x59e2d3719720_0, L_0x59e2d3836440, C4<>;
L_0x59e2d3836a20 .functor MUXZ 32, v0x59e2d34f9ae0_0, v0x59e2d3653a30_0, L_0x59e2d38371c0, C4<>;
L_0x59e2d3837520 .functor MUXZ 32, v0x59e2d34f7780_0, v0x59e2d3653b10_0, L_0x59e2d38372a0, C4<>;
L_0x59e2d3838820 .functor MUXZ 1, v0x59e2d3732440_0, v0x59e2d3732800_0, v0x59e2d37341a0_0, C4<>;
L_0x59e2d3839050 .functor MUXZ 1, v0x59e2d3732440_0, v0x59e2d3732800_0, v0x59e2d3734240_0, C4<>;
L_0x59e2d383dd90 .functor MUXZ 5, L_0x59e2d38303f0, v0x59e2d37707f0_0, L_0x59e2d383c590, C4<>;
L_0x59e2d383de80 .functor MUXZ 32, v0x59e2d3719720_0, L_0x59e2d3824040, L_0x59e2d383c590, C4<>;
L_0x59e2d383e060 .functor MUXZ 5, L_0x59e2d383dd90, v0x59e2d3775030_0, L_0x59e2d383cee0, C4<>;
L_0x59e2d383e100 .functor MUXZ 32, L_0x59e2d383de80, v0x59e2d3775110_0, L_0x59e2d383cee0, C4<>;
L_0x59e2d383df20 .functor MUXZ 5, L_0x59e2d383e060, v0x59e2d2ef79a0_0, L_0x59e2d383d980, C4<>;
L_0x59e2d383e340 .functor MUXZ 32, L_0x59e2d383e100, v0x59e2d2f22460_0, L_0x59e2d383d980, C4<>;
L_0x59e2d383ee10 .functor MUXZ 32, L_0x59e2d383faf0, L_0x59e2d3840910, v0x59e2d37341a0_0, C4<>;
L_0x59e2d3841c50 .functor MUXZ 32, v0x59e2d37324e0_0, v0x59e2d37328a0_0, v0x59e2d37341a0_0, C4<>;
L_0x59e2d383e3e0 .functor MUXZ 5, L_0x59e2d383fee0, L_0x59e2d3840ee0, v0x59e2d37341a0_0, C4<>;
L_0x59e2d3841ef0 .functor MUXZ 5, L_0x59e2d383ff50, L_0x59e2d38412a0, v0x59e2d37341a0_0, C4<>;
L_0x59e2d3841d80 .functor MUXZ 5, L_0x59e2d3840370, L_0x59e2d3841310, v0x59e2d37341a0_0, C4<>;
L_0x59e2d38421a0 .functor MUXZ 32, v0x59e2d372dd30_0, v0x59e2d372e730_0, v0x59e2d37341a0_0, C4<>;
L_0x59e2d3841f90 .functor MUXZ 32, v0x59e2d372df10_0, v0x59e2d372e910_0, v0x59e2d37341a0_0, C4<>;
L_0x59e2d3842030 .functor MUXZ 32, L_0x59e2d383faf0, L_0x59e2d3840910, v0x59e2d3734240_0, C4<>;
L_0x59e2d38423e0 .functor MUXZ 32, v0x59e2d37324e0_0, v0x59e2d37328a0_0, v0x59e2d3734240_0, C4<>;
L_0x59e2d3842480 .functor MUXZ 5, L_0x59e2d383fee0, L_0x59e2d3840ee0, v0x59e2d3734240_0, C4<>;
L_0x59e2d3842240 .functor MUXZ 5, L_0x59e2d383ff50, L_0x59e2d38412a0, v0x59e2d3734240_0, C4<>;
L_0x59e2d38422e0 .functor MUXZ 5, L_0x59e2d3840370, L_0x59e2d3841310, v0x59e2d3734240_0, C4<>;
L_0x59e2d38426e0 .functor MUXZ 32, v0x59e2d372dd30_0, v0x59e2d372e730_0, v0x59e2d3734240_0, C4<>;
L_0x59e2d3842780 .functor MUXZ 32, v0x59e2d372df10_0, v0x59e2d372e910_0, v0x59e2d3734240_0, C4<>;
S_0x59e2d37128a0 .scope module, "u_pipe0_ctrl" "biriscv_pipe_ctrl" 16 438, 17 25 0, S_0x59e2d3710aa0;
 .timescale 0 0;
    .port_info 0 /INPUT 1 "clk_i";
    .port_info 1 /INPUT 1 "rst_i";
    .port_info 2 /INPUT 1 "issue_valid_i";
    .port_info 3 /INPUT 1 "issue_accept_i";
    .port_info 4 /INPUT 1 "issue_stall_i";
    .port_info 5 /INPUT 1 "issue_lsu_i";
    .port_info 6 /INPUT 1 "issue_csr_i";
    .port_info 7 /INPUT 1 "issue_div_i";
    .port_info 8 /INPUT 1 "issue_mul_i";
    .port_info 9 /INPUT 1 "issue_mule_i";
    .port_info 10 /INPUT 1 "issue_muls_i";
    .port_info 11 /INPUT 1 "issue_cbm_i";
    .port_info 12 /INPUT 1 "issue_mulp_i";
    .port_info 13 /INPUT 1 "issue_branch_i";
    .port_info 14 /INPUT 1 "issue_rd_valid_i";
    .port_info 15 /INPUT 5 "issue_rd_i";
    .port_info 16 /INPUT 6 "issue_exception_i";
    .port_info 17 /INPUT 1 "take_interrupt_i";
    .port_info 18 /INPUT 1 "issue_branch_taken_i";
    .port_info 19 /INPUT 32 "issue_branch_target_i";
    .port_info 20 /INPUT 32 "issue_pc_i";
    .port_info 21 /INPUT 32 "issue_opcode_i";
    .port_info 22 /INPUT 32 "issue_operand_ra_i";
    .port_info 23 /INPUT 32 "issue_operand_rb_i";
    .port_info 24 /INPUT 32 "alu_result_e1_i";
    .port_info 25 /INPUT 32 "csr_result_value_e1_i";
    .port_info 26 /INPUT 1 "csr_result_write_e1_i";
    .port_info 27 /INPUT 32 "csr_result_wdata_e1_i";
    .port_info 28 /INPUT 6 "csr_result_exception_e1_i";
    .port_info 29 /OUTPUT 1 "load_e1_o";
    .port_info 30 /OUTPUT 1 "store_e1_o";
    .port_info 31 /OUTPUT 1 "mul_e1_o";
    .port_info 32 /OUTPUT 1 "branch_e1_o";
    .port_info 33 /OUTPUT 5 "rd_e1_o";
    .port_info 34 /OUTPUT 32 "pc_e1_o";
    .port_info 35 /OUTPUT 32 "opcode_e1_o";
    .port_info 36 /OUTPUT 32 "operand_ra_e1_o";
    .port_info 37 /OUTPUT 32 "operand_rb_e1_o";
    .port_info 38 /INPUT 1 "mem_complete_i";
    .port_info 39 /INPUT 32 "mem_result_e2_i";
    .port_info 40 /INPUT 6 "mem_exception_e2_i";
    .port_info 41 /INPUT 32 "mul_result_e2_i";
    .port_info 42 /OUTPUT 1 "load_e2_o";
    .port_info 43 /OUTPUT 1 "mul_e2_o";
    .port_info 44 /OUTPUT 5 "rd_e2_o";
    .port_info 45 /OUTPUT 32 "result_e2_o";
    .port_info 46 /INPUT 1 "div_complete_i";
    .port_info 47 /INPUT 32 "div_result_i";
    .port_info 48 /INPUT 1 "mule_complete_i";
    .port_info 49 /INPUT 32 "mule_result_i";
    .port_info 50 /INPUT 1 "muls_complete_i";
    .port_info 51 /INPUT 32 "muls_result_i";
    .port_info 52 /INPUT 1 "cbm_complete_i";
    .port_info 53 /INPUT 32 "cbm_result_i";
    .port_info 54 /INPUT 1 "mulp_complete_i";
    .port_info 55 /INPUT 32 "mulp_result_i";
    .port_info 56 /OUTPUT 1 "valid_wb_o";
    .port_info 57 /OUTPUT 1 "csr_wb_o";
    .port_info 58 /OUTPUT 5 "rd_wb_o";
    .port_info 59 /OUTPUT 32 "result_wb_o";
    .port_info 60 /OUTPUT 32 "pc_wb_o";
    .port_info 61 /OUTPUT 32 "opcode_wb_o";
    .port_info 62 /OUTPUT 32 "operand_ra_wb_o";
    .port_info 63 /OUTPUT 32 "operand_rb_wb_o";
    .port_info 64 /OUTPUT 6 "exception_wb_o";
    .port_info 65 /OUTPUT 1 "csr_write_wb_o";
    .port_info 66 /OUTPUT 12 "csr_waddr_wb_o";
    .port_info 67 /OUTPUT 32 "csr_wdata_wb_o";
    .port_info 68 /OUTPUT 1 "stall_o";
    .port_info 69 /OUTPUT 1 "squash_e1_e2_o";
    .port_info 70 /INPUT 1 "squash_e1_e2_i";
    .port_info 71 /INPUT 1 "squash_wb_i";
P_0x59e2d35d5090 .param/l "SUPPORT_LOAD_BYPASS" 0 17 30, +C4<00000000000000000000000000000001>;
P_0x59e2d35d50d0 .param/l "SUPPORT_MUL_BYPASS" 0 17 31, +C4<00000000000000000000000000000001>;
L_0x59e2d382c2f0 .functor AND 1, L_0x59e2d38478d0, L_0x59e2d382c200, C4<1>, C4<1>;
L_0x59e2d382cda0 .functor AND 5, L_0x59e2d382cbf0, L_0x59e2d382cc90, C4<11111>, C4<11111>;
L_0x59e2d382ceb0 .functor BUFZ 32, v0x59e2d3719040_0, C4<00000000000000000000000000000000>, C4<00000000000000000000000000000000>, C4<00000000000000000000000000000000>;
L_0x59e2d382cf70 .functor BUFZ 32, v0x59e2d3717ed0_0, C4<00000000000000000000000000000000>, C4<00000000000000000000000000000000>, C4<00000000000000000000000000000000>;
L_0x59e2d382d080 .functor BUFZ 32, v0x59e2d37181f0_0, C4<00000000000000000000000000000000>, C4<00000000000000000000000000000000>, C4<00000000000000000000000000000000>;
L_0x59e2d382d140 .functor BUFZ 32, v0x59e2d3718510_0, C4<00000000000000000000000000000000>, C4<00000000000000000000000000000000>, C4<00000000000000000000000000000000>;
L_0x59e2d382d200 .functor NOT 1, L_0x59e2d383bd20, C4<0>, C4<0>, C4<0>;
L_0x59e2d382d270 .functor AND 1, v0x59e2d3719e00_0, L_0x59e2d382d200, C4<1>, C4<1>;
L_0x59e2d382cd30 .functor OR 1, L_0x59e2d382d380, L_0x59e2d382d420, C4<0>, C4<0>;
L_0x59e2d382d950 .functor AND 1, L_0x59e2d382d270, L_0x59e2d382d8b0, C4<1>, C4<1>;
L_0x59e2d382da10 .functor NOT 1, L_0x59e2d382f050, C4<0>, C4<0>, C4<0>;
L_0x59e2d382da80 .functor AND 1, L_0x59e2d382d950, L_0x59e2d382da10, C4<1>, C4<1>;
L_0x59e2d382dec0 .functor AND 5, L_0x59e2d382dc00, L_0x59e2d382de20, C4<11111>, C4<11111>;
L_0x59e2d382dfd0 .functor BUFZ 32, v0x59e2d37195e0_0, C4<00000000000000000000000000000000>, C4<00000000000000000000000000000000>, C4<00000000000000000000000000000000>;
L_0x59e2d382db90 .functor NOT 1, v0x59e2d354e850_0, C4<0>, C4<0>, C4<0>;
L_0x59e2d382e1e0 .functor AND 1, L_0x59e2d382e090, L_0x59e2d382db90, C4<1>, C4<1>;
L_0x59e2d382e380 .functor NOT 1, v0x59e2d3775430_0, C4<0>, C4<0>, C4<0>;
L_0x59e2d382e3f0 .functor AND 1, L_0x59e2d382dd80, L_0x59e2d382e380, C4<1>, C4<1>;
L_0x59e2d382e5a0 .functor OR 1, L_0x59e2d382e1e0, L_0x59e2d382e3f0, C4<0>, C4<0>;
L_0x59e2d382e130 .functor NOT 1, v0x59e2d30627d0_0, C4<0>, C4<0>, C4<0>;
L_0x59e2d382e8c0 .functor AND 1, L_0x59e2d382e6b0, L_0x59e2d382e130, C4<1>, C4<1>;
L_0x59e2d382e9d0 .functor OR 1, L_0x59e2d382e5a0, L_0x59e2d382e8c0, C4<0>, C4<0>;
L_0x59e2d382e810 .functor NOT 1, L_0x59e2d3827e50, C4<0>, C4<0>, C4<0>;
L_0x59e2d382eba0 .functor AND 1, L_0x59e2d382e500, L_0x59e2d382e810, C4<1>, C4<1>;
L_0x59e2d382eae0 .functor OR 1, L_0x59e2d382e9d0, L_0x59e2d382eba0, C4<0>, C4<0>;
L_0x59e2d382ef40 .functor OR 1, L_0x59e2d382edd0, L_0x59e2d382e750, C4<0>, C4<0>;
L_0x59e2d382ecb0 .functor NOT 1, L_0x59e2d381a560, C4<0>, C4<0>, C4<0>;
L_0x59e2d382f130 .functor AND 1, L_0x59e2d382ef40, L_0x59e2d382ecb0, C4<1>, C4<1>;
L_0x59e2d382f050 .functor OR 1, L_0x59e2d382eae0, L_0x59e2d382f130, C4<0>, C4<0>;
L_0x59e2d382ee70 .functor OR 1, L_0x59e2d382f330, v0x59e2d37199a0_0, C4<0>, C4<0>;
L_0x59e2d382f5b0 .functor NOT 1, L_0x59e2d383bd20, C4<0>, C4<0>, C4<0>;
L_0x59e2d382f620 .functor AND 1, L_0x59e2d382f1f0, L_0x59e2d382f5b0, C4<1>, C4<1>;
L_0x59e2d382f4b0 .functor NOT 1, L_0x59e2d383bd20, C4<0>, C4<0>, C4<0>;
L_0x59e2d382f520 .functor AND 1, v0x59e2d3719fe0_0, L_0x59e2d382f4b0, C4<1>, C4<1>;
L_0x59e2d382f3d0 .functor NOT 1, L_0x59e2d383bd20, C4<0>, C4<0>, C4<0>;
L_0x59e2d382f440 .functor AND 1, L_0x59e2d382f910, L_0x59e2d382f3d0, C4<1>, C4<1>;
L_0x59e2d382fdb0 .functor AND 1, L_0x59e2d382f520, L_0x59e2d382fd10, C4<1>, C4<1>;
L_0x59e2d382fe70 .functor NOT 1, L_0x59e2d382f050, C4<0>, C4<0>, C4<0>;
L_0x59e2d38300b0 .functor AND 1, L_0x59e2d382fdb0, L_0x59e2d382fe70, C4<1>, C4<1>;
L_0x59e2d38303f0 .functor AND 5, L_0x59e2d3830170, L_0x59e2d382fa00, C4<11111>, C4<11111>;
L_0x59e2d38307b0 .functor BUFZ 32, v0x59e2d37180b0_0, C4<00000000000000000000000000000000>, C4<00000000000000000000000000000000>, C4<00000000000000000000000000000000>;
L_0x59e2d38308c0 .functor BUFZ 32, v0x59e2d37183d0_0, C4<00000000000000000000000000000000>, C4<00000000000000000000000000000000>, C4<00000000000000000000000000000000>;
L_0x59e2d3830af0 .functor BUFZ 32, v0x59e2d3718f00_0, C4<00000000000000000000000000000000>, C4<00000000000000000000000000000000>, C4<00000000000000000000000000000000>;
L_0x59e2d38302f0 .functor BUFZ 32, v0x59e2d3715860_0, C4<00000000000000000000000000000000>, C4<00000000000000000000000000000000>, C4<00000000000000000000000000000000>;
v0x59e2d3713100_0 .net *"_ivl_1", 1 0, L_0x59e2d382c160;  1 drivers
v0x59e2d37131a0_0 .net *"_ivl_101", 0 0, L_0x59e2d382e750;  1 drivers
v0x59e2d3713240_0 .net *"_ivl_102", 0 0, L_0x59e2d382ef40;  1 drivers
v0x59e2d37132e0_0 .net *"_ivl_104", 0 0, L_0x59e2d382ecb0;  1 drivers
v0x59e2d3713380_0 .net *"_ivl_106", 0 0, L_0x59e2d382f130;  1 drivers
v0x59e2d3713420_0 .net *"_ivl_115", 0 0, L_0x59e2d382f1f0;  1 drivers
v0x59e2d37134c0_0 .net *"_ivl_116", 0 0, L_0x59e2d382f5b0;  1 drivers
v0x59e2d3713560_0 .net *"_ivl_120", 0 0, L_0x59e2d382f4b0;  1 drivers
v0x59e2d3713600_0 .net *"_ivl_125", 0 0, L_0x59e2d382f910;  1 drivers
v0x59e2d37136a0_0 .net *"_ivl_126", 0 0, L_0x59e2d382f3d0;  1 drivers
v0x59e2d3713740_0 .net *"_ivl_131", 0 0, L_0x59e2d382fd10;  1 drivers
v0x59e2d37137e0_0 .net *"_ivl_133", 0 0, L_0x59e2d382fdb0;  1 drivers
v0x59e2d3713880_0 .net *"_ivl_134", 0 0, L_0x59e2d382fe70;  1 drivers
v0x59e2d3713920_0 .net *"_ivl_137", 0 0, L_0x59e2d38300b0;  1 drivers
v0x59e2d37139c0_0 .net *"_ivl_138", 4 0, L_0x59e2d3830170;  1 drivers
v0x59e2d3713a60_0 .net *"_ivl_141", 4 0, L_0x59e2d382fa00;  1 drivers
L_0x78152e1c7128 .functor BUFT 1, C4<00>, C4<0>, C4<0>, C4<0>;
v0x59e2d3713b00_0 .net/2u *"_ivl_2", 1 0, L_0x78152e1c7128;  1 drivers
v0x59e2d3713ba0_0 .net *"_ivl_23", 0 0, L_0x59e2d382c9e0;  1 drivers
v0x59e2d3713c40_0 .net *"_ivl_24", 4 0, L_0x59e2d382cbf0;  1 drivers
v0x59e2d3713ce0_0 .net *"_ivl_27", 4 0, L_0x59e2d382cc90;  1 drivers
v0x59e2d3713d80_0 .net *"_ivl_38", 0 0, L_0x59e2d382d200;  1 drivers
v0x59e2d3713e20_0 .net *"_ivl_4", 0 0, L_0x59e2d382c200;  1 drivers
v0x59e2d3713ec0_0 .net *"_ivl_43", 0 0, L_0x59e2d382d380;  1 drivers
v0x59e2d3713f60_0 .net *"_ivl_45", 0 0, L_0x59e2d382d420;  1 drivers
v0x59e2d3714000_0 .net *"_ivl_53", 0 0, L_0x59e2d382d8b0;  1 drivers
v0x59e2d37140a0_0 .net *"_ivl_55", 0 0, L_0x59e2d382d950;  1 drivers
v0x59e2d3714140_0 .net *"_ivl_56", 0 0, L_0x59e2d382da10;  1 drivers
v0x59e2d37141e0_0 .net *"_ivl_59", 0 0, L_0x59e2d382da80;  1 drivers
v0x59e2d3714280_0 .net *"_ivl_60", 4 0, L_0x59e2d382dc00;  1 drivers
v0x59e2d3714320_0 .net *"_ivl_63", 4 0, L_0x59e2d382de20;  1 drivers
v0x59e2d37143c0_0 .net *"_ivl_69", 0 0, L_0x59e2d382e090;  1 drivers
v0x59e2d3714460_0 .net *"_ivl_70", 0 0, L_0x59e2d382db90;  1 drivers
v0x59e2d3714500_0 .net *"_ivl_73", 0 0, L_0x59e2d382e1e0;  1 drivers
v0x59e2d37145a0_0 .net *"_ivl_75", 0 0, L_0x59e2d382dd80;  1 drivers
v0x59e2d3714640_0 .net *"_ivl_76", 0 0, L_0x59e2d382e380;  1 drivers
v0x59e2d37146e0_0 .net *"_ivl_79", 0 0, L_0x59e2d382e3f0;  1 drivers
v0x59e2d3714780_0 .net *"_ivl_81", 0 0, L_0x59e2d382e5a0;  1 drivers
v0x59e2d3714820_0 .net *"_ivl_83", 0 0, L_0x59e2d382e6b0;  1 drivers
v0x59e2d37148c0_0 .net *"_ivl_84", 0 0, L_0x59e2d382e130;  1 drivers
v0x59e2d3714960_0 .net *"_ivl_87", 0 0, L_0x59e2d382e8c0;  1 drivers
v0x59e2d3714a00_0 .net *"_ivl_89", 0 0, L_0x59e2d382e9d0;  1 drivers
v0x59e2d3714aa0_0 .net *"_ivl_91", 0 0, L_0x59e2d382e500;  1 drivers
v0x59e2d3714b40_0 .net *"_ivl_92", 0 0, L_0x59e2d382e810;  1 drivers
v0x59e2d3714be0_0 .net *"_ivl_95", 0 0, L_0x59e2d382eba0;  1 drivers
v0x59e2d3714c80_0 .net *"_ivl_97", 0 0, L_0x59e2d382eae0;  1 drivers
v0x59e2d3714d20_0 .net *"_ivl_99", 0 0, L_0x59e2d382edd0;  1 drivers
v0x59e2d3714dc0_0 .net "alu_e1_w", 0 0, L_0x59e2d382c360;  1 drivers
v0x59e2d3714e60_0 .net "alu_result_e1_i", 31 0, L_0x59e2d3846f30;  alias, 1 drivers
v0x59e2d3714f00_0 .net "branch_e1_o", 0 0, L_0x59e2d382c8f0;  alias, 1 drivers
v0x59e2d3714fa0_0 .net "branch_misaligned_w", 0 0, L_0x59e2d382c2f0;  1 drivers
v0x59e2d3715040_0 .net "cbm_complete_i", 0 0, v0x59e2d30627d0_0;  alias, 1 drivers
v0x59e2d37150e0_0 .net "cbm_result_i", 31 0, v0x59e2d2f22460_0;  alias, 1 drivers
v0x59e2d3715180_0 .net "clk_i", 0 0, v0x59e2d3787d50_0;  alias, 1 drivers
v0x59e2d3715220_0 .net "complete_wb_w", 0 0, L_0x59e2d382f620;  1 drivers
v0x59e2d37152c0_0 .net "csr_e1_w", 0 0, L_0x59e2d382c630;  1 drivers
v0x59e2d3715360_0 .net "csr_result_exception_e1_i", 5 0, L_0x59e2d3820800;  alias, 1 drivers
v0x59e2d3715400_0 .net "csr_result_value_e1_i", 31 0, L_0x59e2d3820670;  alias, 1 drivers
v0x59e2d37154a0_0 .net "csr_result_wdata_e1_i", 31 0, L_0x59e2d381f4d0;  alias, 1 drivers
v0x59e2d3715540_0 .net "csr_result_write_e1_i", 0 0, L_0x59e2d381f460;  alias, 1 drivers
v0x59e2d37155e0_0 .net "csr_waddr_wb_o", 11 0, L_0x59e2d3830e60;  alias, 1 drivers
v0x59e2d3715680_0 .net "csr_wb_o", 0 0, L_0x59e2d382f440;  alias, 1 drivers
v0x59e2d3715720_0 .var "csr_wdata_e2_q", 31 0;
v0x59e2d37157c0_0 .net "csr_wdata_wb_o", 31 0, L_0x59e2d38302f0;  alias, 1 drivers
v0x59e2d3715860_0 .var "csr_wdata_wb_q", 31 0;
v0x59e2d3715900_0 .var "csr_wr_e2_q", 0 0;
v0x59e2d3715db0_0 .var "csr_wr_wb_q", 0 0;
v0x59e2d3715e50_0 .net "csr_write_wb_o", 0 0, v0x59e2d3715db0_0;  alias, 1 drivers
v0x59e2d3715ef0_0 .var "ctrl_e1_q", 13 0;
v0x59e2d3715f90_0 .var "ctrl_e2_q", 13 0;
v0x59e2d3716030_0 .var "ctrl_wb_q", 13 0;
v0x59e2d37160d0_0 .net "div_complete_i", 0 0, v0x59e2d354e850_0;  alias, 1 drivers
v0x59e2d3716170_0 .net "div_e1_w", 0 0, L_0x59e2d382c760;  1 drivers
v0x59e2d3716210_0 .net "div_result_i", 31 0, L_0x59e2d382a3e0;  alias, 1 drivers
v0x59e2d37162b0_0 .var "exception_e1_q", 5 0;
v0x59e2d3716350_0 .var "exception_e2_q", 5 0;
v0x59e2d37163f0_0 .var "exception_e2_r", 5 0;
v0x59e2d3716490_0 .net "exception_wb_o", 5 0, v0x59e2d3716530_0;  alias, 1 drivers
v0x59e2d3716530_0 .var "exception_wb_q", 5 0;
v0x59e2d37165d0_0 .net "issue_accept_i", 0 0, v0x59e2d3732300_0;  1 drivers
v0x59e2d3716670_0 .net "issue_branch_i", 0 0, L_0x59e2d382aab0;  alias, 1 drivers
v0x59e2d3716710_0 .net "issue_branch_taken_i", 0 0, L_0x59e2d38478d0;  alias, 1 drivers
v0x59e2d37167b0_0 .net "issue_branch_target_i", 31 0, v0x59e2d351a6e0_0;  alias, 1 drivers
v0x59e2d3716850_0 .net "issue_cbm_i", 0 0, L_0x59e2d382b040;  alias, 1 drivers
v0x59e2d37168f0_0 .net "issue_csr_i", 0 0, L_0x59e2d382b180;  alias, 1 drivers
v0x59e2d3716990_0 .net "issue_div_i", 0 0, L_0x59e2d382ac40;  alias, 1 drivers
v0x59e2d3716a30_0 .net "issue_exception_i", 5 0, L_0x59e2d382bf50;  alias, 1 drivers
v0x59e2d3716ad0_0 .net "issue_lsu_i", 0 0, L_0x59e2d382a970;  alias, 1 drivers
v0x59e2d3716b70_0 .net "issue_mul_i", 0 0, L_0x59e2d382aba0;  alias, 1 drivers
v0x59e2d3716c10_0 .net "issue_mule_i", 0 0, L_0x59e2d382ace0;  alias, 1 drivers
v0x59e2d3716cb0_0 .net "issue_mulp_i", 0 0, L_0x59e2d382b0e0;  alias, 1 drivers
v0x59e2d3716d50_0 .net "issue_muls_i", 0 0, L_0x59e2d382ae40;  alias, 1 drivers
v0x59e2d3716df0_0 .net "issue_opcode_i", 31 0, L_0x59e2d383faf0;  alias, 1 drivers
v0x59e2d3716e90_0 .net "issue_operand_ra_i", 31 0, v0x59e2d372dd30_0;  alias, 1 drivers
v0x59e2d3716f30_0 .net "issue_operand_rb_i", 31 0, v0x59e2d372df10_0;  alias, 1 drivers
v0x59e2d3716fd0_0 .net "issue_pc_i", 31 0, v0x59e2d37324e0_0;  alias, 1 drivers
v0x59e2d3717070_0 .net "issue_rd_i", 4 0, L_0x59e2d382a6a0;  alias, 1 drivers
v0x59e2d3717110_0 .net "issue_rd_valid_i", 0 0, L_0x59e2d382a790;  alias, 1 drivers
v0x59e2d37171b0_0 .net "issue_stall_i", 0 0, L_0x59e2d383bd20;  alias, 1 drivers
v0x59e2d3717250_0 .net "issue_valid_i", 0 0, v0x59e2d3732440_0;  1 drivers
v0x59e2d37172f0_0 .net "load_e1_o", 0 0, L_0x59e2d382c400;  alias, 1 drivers
v0x59e2d3717390_0 .net "load_e2_o", 0 0, L_0x59e2d382d5b0;  alias, 1 drivers
v0x59e2d3717430_0 .net "load_store_e2_w", 0 0, L_0x59e2d382cd30;  1 drivers
v0x59e2d37174d0_0 .net "mem_complete_i", 0 0, L_0x59e2d381a560;  alias, 1 drivers
v0x59e2d3717570_0 .net "mem_exception_e2_i", 5 0, L_0x59e2d381c4c0;  alias, 1 drivers
v0x59e2d3717610_0 .net "mem_result_e2_i", 31 0, L_0x59e2d381a880;  alias, 1 drivers
v0x59e2d37176b0_0 .net "mul_e1_o", 0 0, L_0x59e2d382c800;  alias, 1 drivers
v0x59e2d3717750_0 .net "mul_e2_o", 0 0, L_0x59e2d382d6a0;  alias, 1 drivers
v0x59e2d37177f0_0 .net "mul_result_e2_i", 31 0, L_0x59e2d3822530;  alias, 1 drivers
v0x59e2d3717890_0 .net "mule_complete_i", 0 0, v0x59e2d3770d70_0;  alias, 1 drivers
v0x59e2d3717930_0 .net "mule_result_i", 31 0, L_0x59e2d3824040;  alias, 1 drivers
v0x59e2d37179d0_0 .net "mulp_complete_i", 0 0, L_0x59e2d3827e50;  alias, 1 drivers
v0x59e2d3717a70_0 .net "mulp_result_i", 31 0, L_0x59e2d3827f60;  alias, 1 drivers
v0x59e2d3717b10_0 .net "muls_complete_i", 0 0, v0x59e2d3775430_0;  alias, 1 drivers
v0x59e2d3717bb0_0 .net "muls_result_i", 31 0, v0x59e2d3775110_0;  alias, 1 drivers
v0x59e2d3717c50_0 .var "npc_e1_q", 31 0;
v0x59e2d3717cf0_0 .var "npc_e2_q", 31 0;
v0x59e2d3717d90_0 .var "npc_wb_q", 31 0;
v0x59e2d3717e30_0 .net "opcode_e1_o", 31 0, L_0x59e2d382cf70;  alias, 1 drivers
v0x59e2d3717ed0_0 .var "opcode_e1_q", 31 0;
v0x59e2d3717f70_0 .var "opcode_e2_q", 31 0;
v0x59e2d3718010_0 .net "opcode_wb_o", 31 0, L_0x59e2d38307b0;  alias, 1 drivers
v0x59e2d37180b0_0 .var "opcode_wb_q", 31 0;
v0x59e2d3718150_0 .net "operand_ra_e1_o", 31 0, L_0x59e2d382d080;  alias, 1 drivers
v0x59e2d37181f0_0 .var "operand_ra_e1_q", 31 0;
v0x59e2d3718290_0 .var "operand_ra_e2_q", 31 0;
v0x59e2d3718330_0 .net "operand_ra_wb_o", 31 0, L_0x59e2d38308c0;  alias, 1 drivers
v0x59e2d37183d0_0 .var "operand_ra_wb_q", 31 0;
v0x59e2d3718470_0 .net "operand_rb_e1_o", 31 0, L_0x59e2d382d140;  alias, 1 drivers
v0x59e2d3718510_0 .var "operand_rb_e1_q", 31 0;
v0x59e2d3718dc0_0 .var "operand_rb_e2_q", 31 0;
v0x59e2d3718e60_0 .net "operand_rb_wb_o", 31 0, L_0x59e2d3830af0;  alias, 1 drivers
v0x59e2d3718f00_0 .var "operand_rb_wb_q", 31 0;
v0x59e2d3718fa0_0 .net "pc_e1_o", 31 0, L_0x59e2d382ceb0;  alias, 1 drivers
v0x59e2d3719040_0 .var "pc_e1_q", 31 0;
v0x59e2d37190e0_0 .var "pc_e2_q", 31 0;
v0x59e2d3719180_0 .net "pc_wb_o", 31 0, v0x59e2d3719220_0;  alias, 1 drivers
v0x59e2d3719220_0 .var "pc_wb_q", 31 0;
v0x59e2d37192c0_0 .net "rd_e1_o", 4 0, L_0x59e2d382cda0;  alias, 1 drivers
v0x59e2d3719360_0 .net "rd_e2_o", 4 0, L_0x59e2d382dec0;  alias, 1 drivers
v0x59e2d3719400_0 .net "rd_wb_o", 4 0, L_0x59e2d38303f0;  alias, 1 drivers
v0x59e2d37194a0_0 .net "result_e2_o", 31 0, L_0x59e2d382dfd0;  alias, 1 drivers
v0x59e2d3719540_0 .var "result_e2_q", 31 0;
v0x59e2d37195e0_0 .var "result_e2_r", 31 0;
v0x59e2d3719680_0 .net "result_wb_o", 31 0, v0x59e2d3719720_0;  alias, 1 drivers
v0x59e2d3719720_0 .var "result_wb_q", 31 0;
v0x59e2d37197c0_0 .net "rst_i", 0 0, v0x59e2d3789c80_0;  alias, 1 drivers
v0x59e2d3719860_0 .net "squash_e1_e2_i", 0 0, L_0x59e2d38344f0;  alias, 1 drivers
v0x59e2d3719900_0 .net "squash_e1_e2_o", 0 0, L_0x59e2d382ee70;  alias, 1 drivers
v0x59e2d37199a0_0 .var "squash_e1_e2_q", 0 0;
v0x59e2d3719a40_0 .net "squash_e1_e2_w", 0 0, L_0x59e2d382f330;  1 drivers
L_0x78152e1c7170 .functor BUFT 1, C4<0>, C4<0>, C4<0>, C4<0>;
v0x59e2d3719ae0_0 .net "squash_wb_i", 0 0, L_0x78152e1c7170;  1 drivers
v0x59e2d3719b80_0 .net "stall_o", 0 0, L_0x59e2d382f050;  alias, 1 drivers
v0x59e2d3719c20_0 .net "store_e1_o", 0 0, L_0x59e2d382c540;  alias, 1 drivers
v0x59e2d3719cc0_0 .net "take_interrupt_i", 0 0, v0x59e2d35e8ab0_0;  alias, 1 drivers
v0x59e2d3719d60_0 .var "valid_e1_q", 0 0;
v0x59e2d3719e00_0 .var "valid_e2_q", 0 0;
v0x59e2d3719ea0_0 .net "valid_e2_w", 0 0, L_0x59e2d382d270;  1 drivers
v0x59e2d3719f40_0 .net "valid_wb_o", 0 0, L_0x59e2d382f520;  alias, 1 drivers
v0x59e2d3719fe0_0 .var "valid_wb_q", 0 0;
E_0x59e2d2ee3870/0 .event anyedge, v0x59e2d3719e00_0, v0x59e2d3715f90_0, v0x59e2d37174d0_0, v0x59e2d3717570_0;
E_0x59e2d2ee3870/1 .event anyedge, v0x59e2d3716350_0;
E_0x59e2d2ee3870 .event/or E_0x59e2d2ee3870/0, E_0x59e2d2ee3870/1;
E_0x59e2d2ec6df0/0 .event anyedge, v0x59e2d3719540_0, v0x59e2d3719ea0_0, v0x59e2d3715f90_0, v0x59e2d3717610_0;
E_0x59e2d2ec6df0/1 .event anyedge, v0x59e2d37177f0_0;
E_0x59e2d2ec6df0 .event/or E_0x59e2d2ec6df0/0, E_0x59e2d2ec6df0/1;
L_0x59e2d382c160 .part v0x59e2d351a6e0_0, 0, 2;
L_0x59e2d382c200 .cmp/ne 2, L_0x59e2d382c160, L_0x78152e1c7128;
L_0x59e2d382c360 .part v0x59e2d3715ef0_0, 0, 1;
L_0x59e2d382c400 .part v0x59e2d3715ef0_0, 1, 1;
L_0x59e2d382c540 .part v0x59e2d3715ef0_0, 2, 1;
L_0x59e2d382c630 .part v0x59e2d3715ef0_0, 3, 1;
L_0x59e2d382c760 .part v0x59e2d3715ef0_0, 4, 1;
L_0x59e2d382c800 .part v0x59e2d3715ef0_0, 5, 1;
L_0x59e2d382c8f0 .part v0x59e2d3715ef0_0, 6, 1;
L_0x59e2d382c9e0 .part v0x59e2d3715ef0_0, 7, 1;
LS_0x59e2d382cbf0_0_0 .concat [ 1 1 1 1], L_0x59e2d382c9e0, L_0x59e2d382c9e0, L_0x59e2d382c9e0, L_0x59e2d382c9e0;
LS_0x59e2d382cbf0_0_4 .concat [ 1 0 0 0], L_0x59e2d382c9e0;
L_0x59e2d382cbf0 .concat [ 4 1 0 0], LS_0x59e2d382cbf0_0_0, LS_0x59e2d382cbf0_0_4;
L_0x59e2d382cc90 .part v0x59e2d3717ed0_0, 7, 5;
L_0x59e2d382d380 .part v0x59e2d3715f90_0, 1, 1;
L_0x59e2d382d420 .part v0x59e2d3715f90_0, 2, 1;
L_0x59e2d382d5b0 .part v0x59e2d3715f90_0, 1, 1;
L_0x59e2d382d6a0 .part v0x59e2d3715f90_0, 5, 1;
L_0x59e2d382d8b0 .part v0x59e2d3715f90_0, 7, 1;
LS_0x59e2d382dc00_0_0 .concat [ 1 1 1 1], L_0x59e2d382da80, L_0x59e2d382da80, L_0x59e2d382da80, L_0x59e2d382da80;
LS_0x59e2d382dc00_0_4 .concat [ 1 0 0 0], L_0x59e2d382da80;
L_0x59e2d382dc00 .concat [ 4 1 0 0], LS_0x59e2d382dc00_0_0, LS_0x59e2d382dc00_0_4;
L_0x59e2d382de20 .part v0x59e2d3717f70_0, 7, 5;
L_0x59e2d382e090 .part v0x59e2d3715ef0_0, 4, 1;
L_0x59e2d382dd80 .part v0x59e2d3715ef0_0, 11, 1;
L_0x59e2d382e6b0 .part v0x59e2d3715ef0_0, 12, 1;
L_0x59e2d382e500 .part v0x59e2d3715ef0_0, 13, 1;
L_0x59e2d382edd0 .part v0x59e2d3715f90_0, 1, 1;
L_0x59e2d382e750 .part v0x59e2d3715f90_0, 2, 1;
L_0x59e2d382f330 .reduce/or v0x59e2d37163f0_0;
L_0x59e2d382f1f0 .part v0x59e2d3716030_0, 9, 1;
L_0x59e2d382f910 .part v0x59e2d3716030_0, 3, 1;
L_0x59e2d382fd10 .part v0x59e2d3716030_0, 7, 1;
LS_0x59e2d3830170_0_0 .concat [ 1 1 1 1], L_0x59e2d38300b0, L_0x59e2d38300b0, L_0x59e2d38300b0, L_0x59e2d38300b0;
LS_0x59e2d3830170_0_4 .concat [ 1 0 0 0], L_0x59e2d38300b0;
L_0x59e2d3830170 .concat [ 4 1 0 0], LS_0x59e2d3830170_0_0, LS_0x59e2d3830170_0_4;
L_0x59e2d382fa00 .part v0x59e2d37180b0_0, 7, 5;
L_0x59e2d3830e60 .part v0x59e2d37180b0_0, 20, 12;
S_0x59e2d371a2d0 .scope module, "u_pipe1_ctrl" "biriscv_pipe_ctrl" 16 572, 17 25 0, S_0x59e2d3710aa0;
 .timescale 0 0;
    .port_info 0 /INPUT 1 "clk_i";
    .port_info 1 /INPUT 1 "rst_i";
    .port_info 2 /INPUT 1 "issue_valid_i";
    .port_info 3 /INPUT 1 "issue_accept_i";
    .port_info 4 /INPUT 1 "issue_stall_i";
    .port_info 5 /INPUT 1 "issue_lsu_i";
    .port_info 6 /INPUT 1 "issue_csr_i";
    .port_info 7 /INPUT 1 "issue_div_i";
    .port_info 8 /INPUT 1 "issue_mul_i";
    .port_info 9 /INPUT 1 "issue_mule_i";
    .port_info 10 /INPUT 1 "issue_muls_i";
    .port_info 11 /INPUT 1 "issue_cbm_i";
    .port_info 12 /INPUT 1 "issue_mulp_i";
    .port_info 13 /INPUT 1 "issue_branch_i";
    .port_info 14 /INPUT 1 "issue_rd_valid_i";
    .port_info 15 /INPUT 5 "issue_rd_i";
    .port_info 16 /INPUT 6 "issue_exception_i";
    .port_info 17 /INPUT 1 "take_interrupt_i";
    .port_info 18 /INPUT 1 "issue_branch_taken_i";
    .port_info 19 /INPUT 32 "issue_branch_target_i";
    .port_info 20 /INPUT 32 "issue_pc_i";
    .port_info 21 /INPUT 32 "issue_opcode_i";
    .port_info 22 /INPUT 32 "issue_operand_ra_i";
    .port_info 23 /INPUT 32 "issue_operand_rb_i";
    .port_info 24 /INPUT 32 "alu_result_e1_i";
    .port_info 25 /INPUT 32 "csr_result_value_e1_i";
    .port_info 26 /INPUT 1 "csr_result_write_e1_i";
    .port_info 27 /INPUT 32 "csr_result_wdata_e1_i";
    .port_info 28 /INPUT 6 "csr_result_exception_e1_i";
    .port_info 29 /OUTPUT 1 "load_e1_o";
    .port_info 30 /OUTPUT 1 "store_e1_o";
    .port_info 31 /OUTPUT 1 "mul_e1_o";
    .port_info 32 /OUTPUT 1 "branch_e1_o";
    .port_info 33 /OUTPUT 5 "rd_e1_o";
    .port_info 34 /OUTPUT 32 "pc_e1_o";
    .port_info 35 /OUTPUT 32 "opcode_e1_o";
    .port_info 36 /OUTPUT 32 "operand_ra_e1_o";
    .port_info 37 /OUTPUT 32 "operand_rb_e1_o";
    .port_info 38 /INPUT 1 "mem_complete_i";
    .port_info 39 /INPUT 32 "mem_result_e2_i";
    .port_info 40 /INPUT 6 "mem_exception_e2_i";
    .port_info 41 /INPUT 32 "mul_result_e2_i";
    .port_info 42 /OUTPUT 1 "load_e2_o";
    .port_info 43 /OUTPUT 1 "mul_e2_o";
    .port_info 44 /OUTPUT 5 "rd_e2_o";
    .port_info 45 /OUTPUT 32 "result_e2_o";
    .port_info 46 /INPUT 1 "div_complete_i";
    .port_info 47 /INPUT 32 "div_result_i";
    .port_info 48 /INPUT 1 "mule_complete_i";
    .port_info 49 /INPUT 32 "mule_result_i";
    .port_info 50 /INPUT 1 "muls_complete_i";
    .port_info 51 /INPUT 32 "muls_result_i";
    .port_info 52 /INPUT 1 "cbm_complete_i";
    .port_info 53 /INPUT 32 "cbm_result_i";
    .port_info 54 /INPUT 1 "mulp_complete_i";
    .port_info 55 /INPUT 32 "mulp_result_i";
    .port_info 56 /OUTPUT 1 "valid_wb_o";
    .port_info 57 /OUTPUT 1 "csr_wb_o";
    .port_info 58 /OUTPUT 5 "rd_wb_o";
    .port_info 59 /OUTPUT 32 "result_wb_o";
    .port_info 60 /OUTPUT 32 "pc_wb_o";
    .port_info 61 /OUTPUT 32 "opcode_wb_o";
    .port_info 62 /OUTPUT 32 "operand_ra_wb_o";
    .port_info 63 /OUTPUT 32 "operand_rb_wb_o";
    .port_info 64 /OUTPUT 6 "exception_wb_o";
    .port_info 65 /OUTPUT 1 "csr_write_wb_o";
    .port_info 66 /OUTPUT 12 "csr_waddr_wb_o";
    .port_info 67 /OUTPUT 32 "csr_wdata_wb_o";
    .port_info 68 /OUTPUT 1 "stall_o";
    .port_info 69 /OUTPUT 1 "squash_e1_e2_o";
    .port_info 70 /INPUT 1 "squash_e1_e2_i";
    .port_info 71 /INPUT 1 "squash_wb_i";
P_0x59e2d3505c80 .param/l "SUPPORT_LOAD_BYPASS" 0 17 30, +C4<00000000000000000000000000000001>;
P_0x59e2d3505cc0 .param/l "SUPPORT_MUL_BYPASS" 0 17 31, +C4<00000000000000000000000000000001>;
L_0x59e2d38318e0 .functor AND 1, L_0x59e2d3848460, L_0x59e2d38317f0, C4<1>, C4<1>;
L_0x59e2d3832420 .functor AND 5, L_0x59e2d3832270, L_0x59e2d3832310, C4<11111>, C4<11111>;
L_0x59e2d3832530 .functor BUFZ 32, v0x59e2d3720660_0, C4<00000000000000000000000000000000>, C4<00000000000000000000000000000000>, C4<00000000000000000000000000000000>;
L_0x59e2d38325f0 .functor BUFZ 32, v0x59e2d371f4f0_0, C4<00000000000000000000000000000000>, C4<00000000000000000000000000000000>, C4<00000000000000000000000000000000>;
L_0x59e2d3832700 .functor BUFZ 32, v0x59e2d371f810_0, C4<00000000000000000000000000000000>, C4<00000000000000000000000000000000>, C4<00000000000000000000000000000000>;
L_0x59e2d38327c0 .functor BUFZ 32, v0x59e2d371fb30_0, C4<00000000000000000000000000000000>, C4<00000000000000000000000000000000>, C4<00000000000000000000000000000000>;
L_0x59e2d3832880 .functor NOT 1, L_0x59e2d383bd20, C4<0>, C4<0>, C4<0>;
L_0x59e2d38328f0 .functor AND 1, v0x59e2d3721420_0, L_0x59e2d3832880, C4<1>, C4<1>;
L_0x59e2d38323b0 .functor OR 1, L_0x59e2d3832a00, L_0x59e2d3832aa0, C4<0>, C4<0>;
L_0x59e2d3832fd0 .functor AND 1, L_0x59e2d38328f0, L_0x59e2d3832f30, C4<1>, C4<1>;
L_0x59e2d3833090 .functor NOT 1, L_0x59e2d38346d0, C4<0>, C4<0>, C4<0>;
L_0x59e2d3833100 .functor AND 1, L_0x59e2d3832fd0, L_0x59e2d3833090, C4<1>, C4<1>;
L_0x59e2d3833540 .functor AND 5, L_0x59e2d3833280, L_0x59e2d38334a0, C4<11111>, C4<11111>;
L_0x59e2d3833650 .functor BUFZ 32, v0x59e2d3720c00_0, C4<00000000000000000000000000000000>, C4<00000000000000000000000000000000>, C4<00000000000000000000000000000000>;
L_0x59e2d3833210 .functor NOT 1, v0x59e2d354e850_0, C4<0>, C4<0>, C4<0>;
L_0x59e2d3833860 .functor AND 1, L_0x59e2d3833710, L_0x59e2d3833210, C4<1>, C4<1>;
L_0x59e2d3833a00 .functor NOT 1, v0x59e2d3775430_0, C4<0>, C4<0>, C4<0>;
L_0x59e2d3833a70 .functor AND 1, L_0x59e2d3833400, L_0x59e2d3833a00, C4<1>, C4<1>;
L_0x59e2d3833c20 .functor OR 1, L_0x59e2d3833860, L_0x59e2d3833a70, C4<0>, C4<0>;
L_0x59e2d38337b0 .functor NOT 1, v0x59e2d30627d0_0, C4<0>, C4<0>, C4<0>;
L_0x59e2d3833f40 .functor AND 1, L_0x59e2d3833d30, L_0x59e2d38337b0, C4<1>, C4<1>;
L_0x59e2d3834050 .functor OR 1, L_0x59e2d3833c20, L_0x59e2d3833f40, C4<0>, C4<0>;
L_0x59e2d3833e90 .functor NOT 1, L_0x59e2d3827e50, C4<0>, C4<0>, C4<0>;
L_0x59e2d3834220 .functor AND 1, L_0x59e2d3833b80, L_0x59e2d3833e90, C4<1>, C4<1>;
L_0x59e2d3834160 .functor OR 1, L_0x59e2d3834050, L_0x59e2d3834220, C4<0>, C4<0>;
L_0x59e2d38345c0 .functor OR 1, L_0x59e2d3834450, L_0x59e2d3833dd0, C4<0>, C4<0>;
L_0x59e2d3834330 .functor NOT 1, L_0x59e2d381a560, C4<0>, C4<0>, C4<0>;
L_0x59e2d38347b0 .functor AND 1, L_0x59e2d38345c0, L_0x59e2d3834330, C4<1>, C4<1>;
L_0x59e2d38346d0 .functor OR 1, L_0x59e2d3834160, L_0x59e2d38347b0, C4<0>, C4<0>;
L_0x59e2d38344f0 .functor OR 1, L_0x59e2d38349b0, v0x59e2d3720fc0_0, C4<0>, C4<0>;
L_0x59e2d3834c30 .functor NOT 1, L_0x59e2d383bd20, C4<0>, C4<0>, C4<0>;
L_0x59e2d3834ca0 .functor AND 1, L_0x59e2d3834870, L_0x59e2d3834c30, C4<1>, C4<1>;
L_0x59e2d3834b30 .functor NOT 1, L_0x59e2d383bd20, C4<0>, C4<0>, C4<0>;
L_0x59e2d3834ba0 .functor AND 1, v0x59e2d3721600_0, L_0x59e2d3834b30, C4<1>, C4<1>;
L_0x59e2d3834a50 .functor NOT 1, L_0x59e2d383bd20, C4<0>, C4<0>, C4<0>;
L_0x59e2d3834ac0 .functor AND 1, L_0x59e2d3835030, L_0x59e2d3834a50, C4<1>, C4<1>;
L_0x59e2d3835480 .functor AND 1, L_0x59e2d3834ba0, L_0x59e2d38353e0, C4<1>, C4<1>;
L_0x59e2d3835540 .functor NOT 1, L_0x59e2d38346d0, C4<0>, C4<0>, C4<0>;
L_0x59e2d38352b0 .functor AND 1, L_0x59e2d3835480, L_0x59e2d3835540, C4<1>, C4<1>;
L_0x59e2d3835890 .functor AND 5, L_0x59e2d38356f0, L_0x59e2d3835120, C4<11111>, C4<11111>;
L_0x59e2d3835a60 .functor BUFZ 32, v0x59e2d371f6d0_0, C4<00000000000000000000000000000000>, C4<00000000000000000000000000000000>, C4<00000000000000000000000000000000>;
L_0x59e2d3835b70 .functor BUFZ 32, v0x59e2d371f9f0_0, C4<00000000000000000000000000000000>, C4<00000000000000000000000000000000>, C4<00000000000000000000000000000000>;
L_0x59e2d3835900 .functor BUFZ 32, v0x59e2d3720520_0, C4<00000000000000000000000000000000>, C4<00000000000000000000000000000000>, C4<00000000000000000000000000000000>;
L_0x59e2d3835c30 .functor BUFZ 1, v0x59e2d371d3d0_0, C4<0>, C4<0>, C4<0>;
L_0x59e2d3835790 .functor BUFZ 32, v0x59e2d371d290_0, C4<00000000000000000000000000000000>, C4<00000000000000000000000000000000>, C4<00000000000000000000000000000000>;
v0x59e2d371ab30_0 .net *"_ivl_1", 1 0, L_0x59e2d3831750;  1 drivers
v0x59e2d371abd0_0 .net *"_ivl_101", 0 0, L_0x59e2d3833dd0;  1 drivers
v0x59e2d371ac70_0 .net *"_ivl_102", 0 0, L_0x59e2d38345c0;  1 drivers
v0x59e2d371ad10_0 .net *"_ivl_104", 0 0, L_0x59e2d3834330;  1 drivers
v0x59e2d371adb0_0 .net *"_ivl_106", 0 0, L_0x59e2d38347b0;  1 drivers
v0x59e2d371ae50_0 .net *"_ivl_115", 0 0, L_0x59e2d3834870;  1 drivers
v0x59e2d371aef0_0 .net *"_ivl_116", 0 0, L_0x59e2d3834c30;  1 drivers
v0x59e2d371af90_0 .net *"_ivl_120", 0 0, L_0x59e2d3834b30;  1 drivers
v0x59e2d371b030_0 .net *"_ivl_125", 0 0, L_0x59e2d3835030;  1 drivers
v0x59e2d371b0d0_0 .net *"_ivl_126", 0 0, L_0x59e2d3834a50;  1 drivers
v0x59e2d371b170_0 .net *"_ivl_131", 0 0, L_0x59e2d38353e0;  1 drivers
v0x59e2d371b210_0 .net *"_ivl_133", 0 0, L_0x59e2d3835480;  1 drivers
v0x59e2d371b2b0_0 .net *"_ivl_134", 0 0, L_0x59e2d3835540;  1 drivers
v0x59e2d371b350_0 .net *"_ivl_137", 0 0, L_0x59e2d38352b0;  1 drivers
v0x59e2d371b3f0_0 .net *"_ivl_138", 4 0, L_0x59e2d38356f0;  1 drivers
v0x59e2d371b490_0 .net *"_ivl_141", 4 0, L_0x59e2d3835120;  1 drivers
L_0x78152e1c7290 .functor BUFT 1, C4<00>, C4<0>, C4<0>, C4<0>;
v0x59e2d371b530_0 .net/2u *"_ivl_2", 1 0, L_0x78152e1c7290;  1 drivers
v0x59e2d371b5d0_0 .net *"_ivl_23", 0 0, L_0x59e2d3832060;  1 drivers
v0x59e2d371b670_0 .net *"_ivl_24", 4 0, L_0x59e2d3832270;  1 drivers
v0x59e2d371b710_0 .net *"_ivl_27", 4 0, L_0x59e2d3832310;  1 drivers
v0x59e2d371b7b0_0 .net *"_ivl_38", 0 0, L_0x59e2d3832880;  1 drivers
v0x59e2d371b850_0 .net *"_ivl_4", 0 0, L_0x59e2d38317f0;  1 drivers
v0x59e2d371b8f0_0 .net *"_ivl_43", 0 0, L_0x59e2d3832a00;  1 drivers
v0x59e2d371b990_0 .net *"_ivl_45", 0 0, L_0x59e2d3832aa0;  1 drivers
v0x59e2d371ba30_0 .net *"_ivl_53", 0 0, L_0x59e2d3832f30;  1 drivers
v0x59e2d371bad0_0 .net *"_ivl_55", 0 0, L_0x59e2d3832fd0;  1 drivers
v0x59e2d371bb70_0 .net *"_ivl_56", 0 0, L_0x59e2d3833090;  1 drivers
v0x59e2d371bc10_0 .net *"_ivl_59", 0 0, L_0x59e2d3833100;  1 drivers
v0x59e2d371bcb0_0 .net *"_ivl_60", 4 0, L_0x59e2d3833280;  1 drivers
v0x59e2d371bd50_0 .net *"_ivl_63", 4 0, L_0x59e2d38334a0;  1 drivers
v0x59e2d371bdf0_0 .net *"_ivl_69", 0 0, L_0x59e2d3833710;  1 drivers
v0x59e2d371be90_0 .net *"_ivl_70", 0 0, L_0x59e2d3833210;  1 drivers
v0x59e2d371bf30_0 .net *"_ivl_73", 0 0, L_0x59e2d3833860;  1 drivers
v0x59e2d371bfd0_0 .net *"_ivl_75", 0 0, L_0x59e2d3833400;  1 drivers
v0x59e2d371c070_0 .net *"_ivl_76", 0 0, L_0x59e2d3833a00;  1 drivers
v0x59e2d371c110_0 .net *"_ivl_79", 0 0, L_0x59e2d3833a70;  1 drivers
v0x59e2d371c1b0_0 .net *"_ivl_81", 0 0, L_0x59e2d3833c20;  1 drivers
v0x59e2d371c250_0 .net *"_ivl_83", 0 0, L_0x59e2d3833d30;  1 drivers
v0x59e2d371c2f0_0 .net *"_ivl_84", 0 0, L_0x59e2d38337b0;  1 drivers
v0x59e2d371c390_0 .net *"_ivl_87", 0 0, L_0x59e2d3833f40;  1 drivers
v0x59e2d371c430_0 .net *"_ivl_89", 0 0, L_0x59e2d3834050;  1 drivers
v0x59e2d371c4d0_0 .net *"_ivl_91", 0 0, L_0x59e2d3833b80;  1 drivers
v0x59e2d371c570_0 .net *"_ivl_92", 0 0, L_0x59e2d3833e90;  1 drivers
v0x59e2d371c610_0 .net *"_ivl_95", 0 0, L_0x59e2d3834220;  1 drivers
v0x59e2d371c6b0_0 .net *"_ivl_97", 0 0, L_0x59e2d3834160;  1 drivers
v0x59e2d371c750_0 .net *"_ivl_99", 0 0, L_0x59e2d3834450;  1 drivers
v0x59e2d371c7f0_0 .net "alu_e1_w", 0 0, L_0x59e2d38319e0;  1 drivers
v0x59e2d371c890_0 .net "alu_result_e1_i", 31 0, L_0x59e2d3847ac0;  alias, 1 drivers
v0x59e2d371c930_0 .net "branch_e1_o", 0 0, L_0x59e2d3831f70;  alias, 1 drivers
v0x59e2d371c9d0_0 .net "branch_misaligned_w", 0 0, L_0x59e2d38318e0;  1 drivers
v0x59e2d371ca70_0 .net "cbm_complete_i", 0 0, v0x59e2d30627d0_0;  alias, 1 drivers
v0x59e2d371cb10_0 .net "cbm_result_i", 31 0, v0x59e2d2f22460_0;  alias, 1 drivers
v0x59e2d371cbb0_0 .net "clk_i", 0 0, v0x59e2d3787d50_0;  alias, 1 drivers
v0x59e2d371cc50_0 .net "complete_wb_w", 0 0, L_0x59e2d3834ca0;  1 drivers
v0x59e2d371ccf0_0 .net "csr_e1_w", 0 0, L_0x59e2d3831cb0;  1 drivers
v0x59e2d371cd90_0 .net "csr_result_exception_e1_i", 5 0, L_0x59e2d3820800;  alias, 1 drivers
v0x59e2d371ce30_0 .net "csr_result_value_e1_i", 31 0, L_0x59e2d3820670;  alias, 1 drivers
v0x59e2d371ced0_0 .net "csr_result_wdata_e1_i", 31 0, L_0x59e2d381f4d0;  alias, 1 drivers
v0x59e2d371cf70_0 .net "csr_result_write_e1_i", 0 0, L_0x59e2d381f460;  alias, 1 drivers
v0x59e2d371d010_0 .net "csr_waddr_wb_o", 11 0, L_0x59e2d3835ca0;  1 drivers
v0x59e2d371d0b0_0 .net "csr_wb_o", 0 0, L_0x59e2d3834ac0;  1 drivers
v0x59e2d371d150_0 .var "csr_wdata_e2_q", 31 0;
v0x59e2d371d1f0_0 .net "csr_wdata_wb_o", 31 0, L_0x59e2d3835790;  1 drivers
v0x59e2d371d290_0 .var "csr_wdata_wb_q", 31 0;
v0x59e2d371d330_0 .var "csr_wr_e2_q", 0 0;
v0x59e2d371d3d0_0 .var "csr_wr_wb_q", 0 0;
v0x59e2d371d470_0 .net "csr_write_wb_o", 0 0, L_0x59e2d3835c30;  1 drivers
v0x59e2d371d510_0 .var "ctrl_e1_q", 13 0;
v0x59e2d371d5b0_0 .var "ctrl_e2_q", 13 0;
v0x59e2d371d650_0 .var "ctrl_wb_q", 13 0;
v0x59e2d371d6f0_0 .net "div_complete_i", 0 0, v0x59e2d354e850_0;  alias, 1 drivers
v0x59e2d371d790_0 .net "div_e1_w", 0 0, L_0x59e2d3831de0;  1 drivers
v0x59e2d371d830_0 .net "div_result_i", 31 0, L_0x59e2d382a3e0;  alias, 1 drivers
v0x59e2d371d8d0_0 .var "exception_e1_q", 5 0;
v0x59e2d371d970_0 .var "exception_e2_q", 5 0;
v0x59e2d371da10_0 .var "exception_e2_r", 5 0;
v0x59e2d371dab0_0 .net "exception_wb_o", 5 0, v0x59e2d371db50_0;  alias, 1 drivers
v0x59e2d371db50_0 .var "exception_wb_q", 5 0;
v0x59e2d371dbf0_0 .net "issue_accept_i", 0 0, v0x59e2d37326c0_0;  1 drivers
v0x59e2d371dc90_0 .net "issue_branch_i", 0 0, L_0x59e2d382b990;  alias, 1 drivers
v0x59e2d371dd30_0 .net "issue_branch_taken_i", 0 0, L_0x59e2d3848460;  alias, 1 drivers
v0x59e2d371ddd0_0 .net "issue_branch_target_i", 31 0, v0x59e2d3655330_0;  alias, 1 drivers
L_0x78152e1c73f8 .functor BUFT 1, C4<0>, C4<0>, C4<0>, C4<0>;
v0x59e2d371de70_0 .net "issue_cbm_i", 0 0, L_0x78152e1c73f8;  1 drivers
L_0x78152e1c72d8 .functor BUFT 1, C4<0>, C4<0>, C4<0>, C4<0>;
v0x59e2d371df10_0 .net "issue_csr_i", 0 0, L_0x78152e1c72d8;  1 drivers
L_0x78152e1c7320 .functor BUFT 1, C4<0>, C4<0>, C4<0>, C4<0>;
v0x59e2d371dfb0_0 .net "issue_div_i", 0 0, L_0x78152e1c7320;  1 drivers
v0x59e2d371e050_0 .net "issue_exception_i", 5 0, L_0x59e2d3831520;  alias, 1 drivers
v0x59e2d371e0f0_0 .net "issue_lsu_i", 0 0, L_0x59e2d382b8d0;  alias, 1 drivers
v0x59e2d371e190_0 .net "issue_mul_i", 0 0, L_0x59e2d382ba50;  alias, 1 drivers
L_0x78152e1c7368 .functor BUFT 1, C4<0>, C4<0>, C4<0>, C4<0>;
v0x59e2d371e230_0 .net "issue_mule_i", 0 0, L_0x78152e1c7368;  1 drivers
L_0x78152e1c7440 .functor BUFT 1, C4<0>, C4<0>, C4<0>, C4<0>;
v0x59e2d371e2d0_0 .net "issue_mulp_i", 0 0, L_0x78152e1c7440;  1 drivers
L_0x78152e1c73b0 .functor BUFT 1, C4<0>, C4<0>, C4<0>, C4<0>;
v0x59e2d371e370_0 .net "issue_muls_i", 0 0, L_0x78152e1c73b0;  1 drivers
v0x59e2d371e410_0 .net "issue_opcode_i", 31 0, L_0x59e2d3840910;  alias, 1 drivers
v0x59e2d371e4b0_0 .net "issue_operand_ra_i", 31 0, v0x59e2d372e730_0;  alias, 1 drivers
v0x59e2d371e550_0 .net "issue_operand_rb_i", 31 0, v0x59e2d372e910_0;  alias, 1 drivers
v0x59e2d371e5f0_0 .net "issue_pc_i", 31 0, v0x59e2d37328a0_0;  alias, 1 drivers
v0x59e2d371e690_0 .net "issue_rd_i", 4 0, L_0x59e2d382b670;  alias, 1 drivers
v0x59e2d371e730_0 .net "issue_rd_valid_i", 0 0, L_0x59e2d382ad80;  alias, 1 drivers
v0x59e2d371e7d0_0 .net "issue_stall_i", 0 0, L_0x59e2d383bd20;  alias, 1 drivers
v0x59e2d371e870_0 .net "issue_valid_i", 0 0, v0x59e2d3732800_0;  1 drivers
v0x59e2d371e910_0 .net "load_e1_o", 0 0, L_0x59e2d3831a80;  alias, 1 drivers
v0x59e2d371e9b0_0 .net "load_e2_o", 0 0, L_0x59e2d3832c30;  alias, 1 drivers
v0x59e2d371ea50_0 .net "load_store_e2_w", 0 0, L_0x59e2d38323b0;  1 drivers
v0x59e2d371eaf0_0 .net "mem_complete_i", 0 0, L_0x59e2d381a560;  alias, 1 drivers
v0x59e2d371eb90_0 .net "mem_exception_e2_i", 5 0, L_0x59e2d381c4c0;  alias, 1 drivers
v0x59e2d371ec30_0 .net "mem_result_e2_i", 31 0, L_0x59e2d381a880;  alias, 1 drivers
v0x59e2d371ecd0_0 .net "mul_e1_o", 0 0, L_0x59e2d3831e80;  alias, 1 drivers
v0x59e2d371ed70_0 .net "mul_e2_o", 0 0, L_0x59e2d3832d20;  alias, 1 drivers
v0x59e2d371ee10_0 .net "mul_result_e2_i", 31 0, L_0x59e2d3822530;  alias, 1 drivers
v0x59e2d371eeb0_0 .net "mule_complete_i", 0 0, v0x59e2d3770d70_0;  alias, 1 drivers
v0x59e2d371ef50_0 .net "mule_result_i", 31 0, L_0x59e2d3824040;  alias, 1 drivers
v0x59e2d371eff0_0 .net "mulp_complete_i", 0 0, L_0x59e2d3827e50;  alias, 1 drivers
v0x59e2d371f090_0 .net "mulp_result_i", 31 0, L_0x59e2d3827f60;  alias, 1 drivers
v0x59e2d371f130_0 .net "muls_complete_i", 0 0, v0x59e2d3775430_0;  alias, 1 drivers
v0x59e2d371f1d0_0 .net "muls_result_i", 31 0, v0x59e2d3775110_0;  alias, 1 drivers
v0x59e2d371f270_0 .var "npc_e1_q", 31 0;
v0x59e2d371f310_0 .var "npc_e2_q", 31 0;
v0x59e2d371f3b0_0 .var "npc_wb_q", 31 0;
v0x59e2d371f450_0 .net "opcode_e1_o", 31 0, L_0x59e2d38325f0;  alias, 1 drivers
v0x59e2d371f4f0_0 .var "opcode_e1_q", 31 0;
v0x59e2d371f590_0 .var "opcode_e2_q", 31 0;
v0x59e2d371f630_0 .net "opcode_wb_o", 31 0, L_0x59e2d3835a60;  alias, 1 drivers
v0x59e2d371f6d0_0 .var "opcode_wb_q", 31 0;
v0x59e2d371f770_0 .net "operand_ra_e1_o", 31 0, L_0x59e2d3832700;  alias, 1 drivers
v0x59e2d371f810_0 .var "operand_ra_e1_q", 31 0;
v0x59e2d371f8b0_0 .var "operand_ra_e2_q", 31 0;
v0x59e2d371f950_0 .net "operand_ra_wb_o", 31 0, L_0x59e2d3835b70;  alias, 1 drivers
v0x59e2d371f9f0_0 .var "operand_ra_wb_q", 31 0;
v0x59e2d371fa90_0 .net "operand_rb_e1_o", 31 0, L_0x59e2d38327c0;  alias, 1 drivers
v0x59e2d371fb30_0 .var "operand_rb_e1_q", 31 0;
v0x59e2d37203e0_0 .var "operand_rb_e2_q", 31 0;
v0x59e2d3720480_0 .net "operand_rb_wb_o", 31 0, L_0x59e2d3835900;  alias, 1 drivers
v0x59e2d3720520_0 .var "operand_rb_wb_q", 31 0;
v0x59e2d37205c0_0 .net "pc_e1_o", 31 0, L_0x59e2d3832530;  alias, 1 drivers
v0x59e2d3720660_0 .var "pc_e1_q", 31 0;
v0x59e2d3720700_0 .var "pc_e2_q", 31 0;
v0x59e2d37207a0_0 .net "pc_wb_o", 31 0, v0x59e2d3720840_0;  alias, 1 drivers
v0x59e2d3720840_0 .var "pc_wb_q", 31 0;
v0x59e2d37208e0_0 .net "rd_e1_o", 4 0, L_0x59e2d3832420;  alias, 1 drivers
v0x59e2d3720980_0 .net "rd_e2_o", 4 0, L_0x59e2d3833540;  alias, 1 drivers
v0x59e2d3720a20_0 .net "rd_wb_o", 4 0, L_0x59e2d3835890;  alias, 1 drivers
v0x59e2d3720ac0_0 .net "result_e2_o", 31 0, L_0x59e2d3833650;  alias, 1 drivers
v0x59e2d3720b60_0 .var "result_e2_q", 31 0;
v0x59e2d3720c00_0 .var "result_e2_r", 31 0;
v0x59e2d3720ca0_0 .net "result_wb_o", 31 0, v0x59e2d3720d40_0;  alias, 1 drivers
v0x59e2d3720d40_0 .var "result_wb_q", 31 0;
v0x59e2d3720de0_0 .net "rst_i", 0 0, v0x59e2d3789c80_0;  alias, 1 drivers
v0x59e2d3720e80_0 .net "squash_e1_e2_i", 0 0, L_0x59e2d382ee70;  alias, 1 drivers
v0x59e2d3720f20_0 .net "squash_e1_e2_o", 0 0, L_0x59e2d38344f0;  alias, 1 drivers
v0x59e2d3720fc0_0 .var "squash_e1_e2_q", 0 0;
v0x59e2d3721060_0 .net "squash_e1_e2_w", 0 0, L_0x59e2d38349b0;  1 drivers
v0x59e2d3721100_0 .net "squash_wb_i", 0 0, L_0x59e2d382ee70;  alias, 1 drivers
v0x59e2d37211a0_0 .net "stall_o", 0 0, L_0x59e2d38346d0;  alias, 1 drivers
v0x59e2d3721240_0 .net "store_e1_o", 0 0, L_0x59e2d3831bc0;  alias, 1 drivers
v0x59e2d37212e0_0 .net "take_interrupt_i", 0 0, v0x59e2d35e8ab0_0;  alias, 1 drivers
v0x59e2d3721380_0 .var "valid_e1_q", 0 0;
v0x59e2d3721420_0 .var "valid_e2_q", 0 0;
v0x59e2d37214c0_0 .net "valid_e2_w", 0 0, L_0x59e2d38328f0;  1 drivers
v0x59e2d3721560_0 .net "valid_wb_o", 0 0, L_0x59e2d3834ba0;  alias, 1 drivers
v0x59e2d3721600_0 .var "valid_wb_q", 0 0;
E_0x59e2d3586ab0/0 .event anyedge, v0x59e2d3721420_0, v0x59e2d371d5b0_0, v0x59e2d37174d0_0, v0x59e2d3717570_0;
E_0x59e2d3586ab0/1 .event anyedge, v0x59e2d371d970_0;
E_0x59e2d3586ab0 .event/or E_0x59e2d3586ab0/0, E_0x59e2d3586ab0/1;
E_0x59e2d36b3570/0 .event anyedge, v0x59e2d3720b60_0, v0x59e2d37214c0_0, v0x59e2d371d5b0_0, v0x59e2d3717610_0;
E_0x59e2d36b3570/1 .event anyedge, v0x59e2d37177f0_0;
E_0x59e2d36b3570 .event/or E_0x59e2d36b3570/0, E_0x59e2d36b3570/1;
L_0x59e2d3831750 .part v0x59e2d3655330_0, 0, 2;
L_0x59e2d38317f0 .cmp/ne 2, L_0x59e2d3831750, L_0x78152e1c7290;
L_0x59e2d38319e0 .part v0x59e2d371d510_0, 0, 1;
L_0x59e2d3831a80 .part v0x59e2d371d510_0, 1, 1;
L_0x59e2d3831bc0 .part v0x59e2d371d510_0, 2, 1;
L_0x59e2d3831cb0 .part v0x59e2d371d510_0, 3, 1;
L_0x59e2d3831de0 .part v0x59e2d371d510_0, 4, 1;
L_0x59e2d3831e80 .part v0x59e2d371d510_0, 5, 1;
L_0x59e2d3831f70 .part v0x59e2d371d510_0, 6, 1;
L_0x59e2d3832060 .part v0x59e2d371d510_0, 7, 1;
LS_0x59e2d3832270_0_0 .concat [ 1 1 1 1], L_0x59e2d3832060, L_0x59e2d3832060, L_0x59e2d3832060, L_0x59e2d3832060;
LS_0x59e2d3832270_0_4 .concat [ 1 0 0 0], L_0x59e2d3832060;
L_0x59e2d3832270 .concat [ 4 1 0 0], LS_0x59e2d3832270_0_0, LS_0x59e2d3832270_0_4;
L_0x59e2d3832310 .part v0x59e2d371f4f0_0, 7, 5;
L_0x59e2d3832a00 .part v0x59e2d371d5b0_0, 1, 1;
L_0x59e2d3832aa0 .part v0x59e2d371d5b0_0, 2, 1;
L_0x59e2d3832c30 .part v0x59e2d371d5b0_0, 1, 1;
L_0x59e2d3832d20 .part v0x59e2d371d5b0_0, 5, 1;
L_0x59e2d3832f30 .part v0x59e2d371d5b0_0, 7, 1;
LS_0x59e2d3833280_0_0 .concat [ 1 1 1 1], L_0x59e2d3833100, L_0x59e2d3833100, L_0x59e2d3833100, L_0x59e2d3833100;
LS_0x59e2d3833280_0_4 .concat [ 1 0 0 0], L_0x59e2d3833100;
L_0x59e2d3833280 .concat [ 4 1 0 0], LS_0x59e2d3833280_0_0, LS_0x59e2d3833280_0_4;
L_0x59e2d38334a0 .part v0x59e2d371f590_0, 7, 5;
L_0x59e2d3833710 .part v0x59e2d371d510_0, 4, 1;
L_0x59e2d3833400 .part v0x59e2d371d510_0, 11, 1;
L_0x59e2d3833d30 .part v0x59e2d371d510_0, 12, 1;
L_0x59e2d3833b80 .part v0x59e2d371d510_0, 13, 1;
L_0x59e2d3834450 .part v0x59e2d371d5b0_0, 1, 1;
L_0x59e2d3833dd0 .part v0x59e2d371d5b0_0, 2, 1;
L_0x59e2d38349b0 .reduce/or v0x59e2d371da10_0;
L_0x59e2d3834870 .part v0x59e2d371d650_0, 9, 1;
L_0x59e2d3835030 .part v0x59e2d371d650_0, 3, 1;
L_0x59e2d38353e0 .part v0x59e2d371d650_0, 7, 1;
LS_0x59e2d38356f0_0_0 .concat [ 1 1 1 1], L_0x59e2d38352b0, L_0x59e2d38352b0, L_0x59e2d38352b0, L_0x59e2d38352b0;
LS_0x59e2d38356f0_0_4 .concat [ 1 0 0 0], L_0x59e2d38352b0;
L_0x59e2d38356f0 .concat [ 4 1 0 0], LS_0x59e2d38356f0_0_0, LS_0x59e2d38356f0_0_4;
L_0x59e2d3835120 .part v0x59e2d371f6d0_0, 7, 5;
L_0x59e2d3835ca0 .part v0x59e2d371f6d0_0, 20, 12;
S_0x59e2d37218f0 .scope module, "u_regfile" "biriscv_regfile" 16 964, 18 25 0, S_0x59e2d3710aa0;
 .timescale 0 0;
    .port_info 0 /INPUT 1 "clk_i";
    .port_info 1 /INPUT 1 "rst_i";
    .port_info 2 /INPUT 5 "rd0_i";
    .port_info 3 /INPUT 5 "rd1_i";
    .port_info 4 /INPUT 32 "rd0_value_i";
    .port_info 5 /INPUT 32 "rd1_value_i";
    .port_info 6 /INPUT 5 "ra0_i";
    .port_info 7 /INPUT 5 "rb0_i";
    .port_info 8 /INPUT 5 "ra1_i";
    .port_info 9 /INPUT 5 "rb1_i";
    .port_info 10 /OUTPUT 32 "ra0_value_o";
    .port_info 11 /OUTPUT 32 "rb0_value_o";
    .port_info 12 /OUTPUT 32 "ra1_value_o";
    .port_info 13 /OUTPUT 32 "rb1_value_o";
P_0x59e2d35e85d0 .param/l "SUPPORT_DUAL_ISSUE" 0 18 31, +C4<00000000000000000000000000000001>;
P_0x59e2d35e8610 .param/l "SUPPORT_REGFILE_XILINX" 0 18 30, +C4<00000000000000000000000000000000>;
v0x59e2d3724970_0 .net "clk_i", 0 0, v0x59e2d3787d50_0;  alias, 1 drivers
v0x59e2d3724a10_0 .net "ra0_i", 4 0, L_0x59e2d382a560;  alias, 1 drivers
v0x59e2d3724ab0_0 .net "ra0_value_o", 31 0, L_0x59e2d383f740;  alias, 1 drivers
v0x59e2d3724b50_0 .net "ra1_i", 4 0, L_0x59e2d382b3a0;  alias, 1 drivers
v0x59e2d3724bf0_0 .net "ra1_value_o", 31 0, L_0x59e2d383f6b0;  alias, 1 drivers
v0x59e2d3724c90_0 .net "rb0_i", 4 0, L_0x59e2d382a600;  alias, 1 drivers
v0x59e2d3724d30_0 .net "rb0_value_o", 31 0, L_0x59e2d383f640;  alias, 1 drivers
v0x59e2d3724dd0_0 .net "rb1_i", 4 0, L_0x59e2d382b530;  alias, 1 drivers
v0x59e2d3724e70_0 .net "rb1_value_o", 31 0, L_0x59e2d383fa30;  alias, 1 drivers
v0x59e2d3724f10_0 .net "rd0_i", 4 0, L_0x59e2d383df20;  alias, 1 drivers
v0x59e2d3724fb0_0 .net "rd0_value_i", 31 0, L_0x59e2d383e340;  alias, 1 drivers
v0x59e2d3725050_0 .net "rd1_i", 4 0, L_0x59e2d3835890;  alias, 1 drivers
v0x59e2d37250f0_0 .net "rd1_value_i", 31 0, v0x59e2d3720d40_0;  alias, 1 drivers
v0x59e2d3725190_0 .net "rst_i", 0 0, v0x59e2d3789c80_0;  alias, 1 drivers
S_0x59e2d3721be0 .scope generate, "REGFILE" "REGFILE" 18 161, 18 161 0, S_0x59e2d37218f0;
 .timescale 0 0;
L_0x59e2d383e1f0 .functor BUFZ 32, v0x59e2d3722850_0, C4<00000000000000000000000000000000>, C4<00000000000000000000000000000000>, C4<00000000000000000000000000000000>;
L_0x59e2d383e260 .functor BUFZ 32, v0x59e2d3722f30_0, C4<00000000000000000000000000000000>, C4<00000000000000000000000000000000>, C4<00000000000000000000000000000000>;
L_0x59e2d383e540 .functor BUFZ 32, v0x59e2d3723110_0, C4<00000000000000000000000000000000>, C4<00000000000000000000000000000000>, C4<00000000000000000000000000000000>;
L_0x59e2d383e5b0 .functor BUFZ 32, v0x59e2d37231b0_0, C4<00000000000000000000000000000000>, C4<00000000000000000000000000000000>, C4<00000000000000000000000000000000>;
L_0x59e2d383e620 .functor BUFZ 32, v0x59e2d3723250_0, C4<00000000000000000000000000000000>, C4<00000000000000000000000000000000>, C4<00000000000000000000000000000000>;
L_0x59e2d383e690 .functor BUFZ 32, v0x59e2d37232f0_0, C4<00000000000000000000000000000000>, C4<00000000000000000000000000000000>, C4<00000000000000000000000000000000>;
L_0x59e2d383e700 .functor BUFZ 32, v0x59e2d3723390_0, C4<00000000000000000000000000000000>, C4<00000000000000000000000000000000>, C4<00000000000000000000000000000000>;
L_0x59e2d383e770 .functor BUFZ 32, v0x59e2d3723430_0, C4<00000000000000000000000000000000>, C4<00000000000000000000000000000000>, C4<00000000000000000000000000000000>;
L_0x59e2d383e830 .functor BUFZ 32, v0x59e2d37234d0_0, C4<00000000000000000000000000000000>, C4<00000000000000000000000000000000>, C4<00000000000000000000000000000000>;
L_0x59e2d383e8a0 .functor BUFZ 32, v0x59e2d3722210_0, C4<00000000000000000000000000000000>, C4<00000000000000000000000000000000>, C4<00000000000000000000000000000000>;
L_0x59e2d383e960 .functor BUFZ 32, v0x59e2d37222b0_0, C4<00000000000000000000000000000000>, C4<00000000000000000000000000000000>, C4<00000000000000000000000000000000>;
L_0x59e2d383e9d0 .functor BUFZ 32, v0x59e2d3722350_0, C4<00000000000000000000000000000000>, C4<00000000000000000000000000000000>, C4<00000000000000000000000000000000>;
L_0x59e2d383eb00 .functor BUFZ 32, v0x59e2d37223f0_0, C4<00000000000000000000000000000000>, C4<00000000000000000000000000000000>, C4<00000000000000000000000000000000>;
L_0x59e2d383ebc0 .functor BUFZ 32, v0x59e2d3722490_0, C4<00000000000000000000000000000000>, C4<00000000000000000000000000000000>, C4<00000000000000000000000000000000>;
L_0x59e2d383ea90 .functor BUFZ 32, v0x59e2d3722530_0, C4<00000000000000000000000000000000>, C4<00000000000000000000000000000000>, C4<00000000000000000000000000000000>;
L_0x59e2d383ec30 .functor BUFZ 32, v0x59e2d37225d0_0, C4<00000000000000000000000000000000>, C4<00000000000000000000000000000000>, C4<00000000000000000000000000000000>;
L_0x59e2d383ed30 .functor BUFZ 32, v0x59e2d3722670_0, C4<00000000000000000000000000000000>, C4<00000000000000000000000000000000>, C4<00000000000000000000000000000000>;
L_0x59e2d383eda0 .functor BUFZ 32, v0x59e2d3722710_0, C4<00000000000000000000000000000000>, C4<00000000000000000000000000000000>, C4<00000000000000000000000000000000>;
L_0x59e2d383eeb0 .functor BUFZ 32, v0x59e2d37227b0_0, C4<00000000000000000000000000000000>, C4<00000000000000000000000000000000>, C4<00000000000000000000000000000000>;
L_0x59e2d383ef20 .functor BUFZ 32, v0x59e2d37228f0_0, C4<00000000000000000000000000000000>, C4<00000000000000000000000000000000>, C4<00000000000000000000000000000000>;
L_0x59e2d383f040 .functor BUFZ 32, v0x59e2d3722990_0, C4<00000000000000000000000000000000>, C4<00000000000000000000000000000000>, C4<00000000000000000000000000000000>;
L_0x59e2d383f0b0 .functor BUFZ 32, v0x59e2d3722a30_0, C4<00000000000000000000000000000000>, C4<00000000000000000000000000000000>, C4<00000000000000000000000000000000>;
L_0x59e2d383ef90 .functor BUFZ 32, v0x59e2d3722ad0_0, C4<00000000000000000000000000000000>, C4<00000000000000000000000000000000>, C4<00000000000000000000000000000000>;
L_0x59e2d383f1e0 .functor BUFZ 32, v0x59e2d3722b70_0, C4<00000000000000000000000000000000>, C4<00000000000000000000000000000000>, C4<00000000000000000000000000000000>;
L_0x59e2d383f120 .functor BUFZ 32, v0x59e2d3722c10_0, C4<00000000000000000000000000000000>, C4<00000000000000000000000000000000>, C4<00000000000000000000000000000000>;
L_0x59e2d383f320 .functor BUFZ 32, v0x59e2d3722cb0_0, C4<00000000000000000000000000000000>, C4<00000000000000000000000000000000>, C4<00000000000000000000000000000000>;
L_0x59e2d383f250 .functor BUFZ 32, v0x59e2d3722d50_0, C4<00000000000000000000000000000000>, C4<00000000000000000000000000000000>, C4<00000000000000000000000000000000>;
L_0x59e2d383f470 .functor BUFZ 32, v0x59e2d3722df0_0, C4<00000000000000000000000000000000>, C4<00000000000000000000000000000000>, C4<00000000000000000000000000000000>;
L_0x59e2d383f390 .functor BUFZ 32, v0x59e2d3722e90_0, C4<00000000000000000000000000000000>, C4<00000000000000000000000000000000>, C4<00000000000000000000000000000000>;
L_0x59e2d383f5d0 .functor BUFZ 32, v0x59e2d3722fd0_0, C4<00000000000000000000000000000000>, C4<00000000000000000000000000000000>, C4<00000000000000000000000000000000>;
L_0x59e2d383f4e0 .functor BUFZ 32, v0x59e2d3723070_0, C4<00000000000000000000000000000000>, C4<00000000000000000000000000000000>, C4<00000000000000000000000000000000>;
L_0x59e2d383f740 .functor BUFZ 32, v0x59e2d3721f90_0, C4<00000000000000000000000000000000>, C4<00000000000000000000000000000000>, C4<00000000000000000000000000000000>;
L_0x59e2d383f640 .functor BUFZ 32, v0x59e2d37220d0_0, C4<00000000000000000000000000000000>, C4<00000000000000000000000000000000>, C4<00000000000000000000000000000000>;
L_0x59e2d383f6b0 .functor BUFZ 32, v0x59e2d3722030_0, C4<00000000000000000000000000000000>, C4<00000000000000000000000000000000>, C4<00000000000000000000000000000000>;
L_0x59e2d383fa30 .functor BUFZ 32, v0x59e2d3722170_0, C4<00000000000000000000000000000000>, C4<00000000000000000000000000000000>, C4<00000000000000000000000000000000>;
v0x59e2d3721f90_0 .var "ra0_value_r", 31 0;
v0x59e2d3722030_0 .var "ra1_value_r", 31 0;
v0x59e2d37220d0_0 .var "rb0_value_r", 31 0;
v0x59e2d3722170_0 .var "rb1_value_r", 31 0;
v0x59e2d3722210_0 .var "reg_r10_q", 31 0;
v0x59e2d37222b0_0 .var "reg_r11_q", 31 0;
v0x59e2d3722350_0 .var "reg_r12_q", 31 0;
v0x59e2d37223f0_0 .var "reg_r13_q", 31 0;
v0x59e2d3722490_0 .var "reg_r14_q", 31 0;
v0x59e2d3722530_0 .var "reg_r15_q", 31 0;
v0x59e2d37225d0_0 .var "reg_r16_q", 31 0;
v0x59e2d3722670_0 .var "reg_r17_q", 31 0;
v0x59e2d3722710_0 .var "reg_r18_q", 31 0;
v0x59e2d37227b0_0 .var "reg_r19_q", 31 0;
v0x59e2d3722850_0 .var "reg_r1_q", 31 0;
v0x59e2d37228f0_0 .var "reg_r20_q", 31 0;
v0x59e2d3722990_0 .var "reg_r21_q", 31 0;
v0x59e2d3722a30_0 .var "reg_r22_q", 31 0;
v0x59e2d3722ad0_0 .var "reg_r23_q", 31 0;
v0x59e2d3722b70_0 .var "reg_r24_q", 31 0;
v0x59e2d3722c10_0 .var "reg_r25_q", 31 0;
v0x59e2d3722cb0_0 .var "reg_r26_q", 31 0;
v0x59e2d3722d50_0 .var "reg_r27_q", 31 0;
v0x59e2d3722df0_0 .var "reg_r28_q", 31 0;
v0x59e2d3722e90_0 .var "reg_r29_q", 31 0;
v0x59e2d3722f30_0 .var "reg_r2_q", 31 0;
v0x59e2d3722fd0_0 .var "reg_r30_q", 31 0;
v0x59e2d3723070_0 .var "reg_r31_q", 31 0;
v0x59e2d3723110_0 .var "reg_r3_q", 31 0;
v0x59e2d37231b0_0 .var "reg_r4_q", 31 0;
v0x59e2d3723250_0 .var "reg_r5_q", 31 0;
v0x59e2d37232f0_0 .var "reg_r6_q", 31 0;
v0x59e2d3723390_0 .var "reg_r7_q", 31 0;
v0x59e2d3723430_0 .var "reg_r8_q", 31 0;
v0x59e2d37234d0_0 .var "reg_r9_q", 31 0;
L_0x78152e1c7488 .functor BUFT 1, C4<00000000000000000000000000000000>, C4<0>, C4<0>, C4<0>;
v0x59e2d3723570_0 .net "x0_zero_w", 31 0, L_0x78152e1c7488;  1 drivers
v0x59e2d3723610_0 .net "x10_a0_w", 31 0, L_0x59e2d383e8a0;  1 drivers
v0x59e2d37236b0_0 .net "x11_a1_w", 31 0, L_0x59e2d383e960;  1 drivers
v0x59e2d3723750_0 .net "x12_a2_w", 31 0, L_0x59e2d383e9d0;  1 drivers
v0x59e2d37237f0_0 .net "x13_a3_w", 31 0, L_0x59e2d383eb00;  1 drivers
v0x59e2d3723890_0 .net "x14_a4_w", 31 0, L_0x59e2d383ebc0;  1 drivers
v0x59e2d3723930_0 .net "x15_a5_w", 31 0, L_0x59e2d383ea90;  1 drivers
v0x59e2d37239d0_0 .net "x16_a6_w", 31 0, L_0x59e2d383ec30;  1 drivers
v0x59e2d3723a70_0 .net "x17_a7_w", 31 0, L_0x59e2d383ed30;  1 drivers
v0x59e2d3723b10_0 .net "x18_s2_w", 31 0, L_0x59e2d383eda0;  1 drivers
v0x59e2d3723bb0_0 .net "x19_s3_w", 31 0, L_0x59e2d383eeb0;  1 drivers
v0x59e2d3723c50_0 .net "x1_ra_w", 31 0, L_0x59e2d383e1f0;  1 drivers
v0x59e2d3723cf0_0 .net "x20_s4_w", 31 0, L_0x59e2d383ef20;  1 drivers
v0x59e2d3723d90_0 .net "x21_s5_w", 31 0, L_0x59e2d383f040;  1 drivers
v0x59e2d3723e30_0 .net "x22_s6_w", 31 0, L_0x59e2d383f0b0;  1 drivers
v0x59e2d3723ed0_0 .net "x23_s7_w", 31 0, L_0x59e2d383ef90;  1 drivers
v0x59e2d3723f70_0 .net "x24_s8_w", 31 0, L_0x59e2d383f1e0;  1 drivers
v0x59e2d3724010_0 .net "x25_s9_w", 31 0, L_0x59e2d383f120;  1 drivers
v0x59e2d37240b0_0 .net "x26_s10_w", 31 0, L_0x59e2d383f320;  1 drivers
v0x59e2d3724150_0 .net "x27_s11_w", 31 0, L_0x59e2d383f250;  1 drivers
v0x59e2d37241f0_0 .net "x28_t3_w", 31 0, L_0x59e2d383f470;  1 drivers
v0x59e2d3724290_0 .net "x29_t4_w", 31 0, L_0x59e2d383f390;  1 drivers
v0x59e2d3724330_0 .net "x2_sp_w", 31 0, L_0x59e2d383e260;  1 drivers
v0x59e2d37243d0_0 .net "x30_t5_w", 31 0, L_0x59e2d383f5d0;  1 drivers
v0x59e2d3724470_0 .net "x31_t6_w", 31 0, L_0x59e2d383f4e0;  1 drivers
v0x59e2d3724510_0 .net "x3_gp_w", 31 0, L_0x59e2d383e540;  1 drivers
v0x59e2d37245b0_0 .net "x4_tp_w", 31 0, L_0x59e2d383e5b0;  1 drivers
v0x59e2d3724650_0 .net "x5_t0_w", 31 0, L_0x59e2d383e620;  1 drivers
v0x59e2d37246f0_0 .net "x6_t1_w", 31 0, L_0x59e2d383e690;  1 drivers
v0x59e2d3724790_0 .net "x7_t2_w", 31 0, L_0x59e2d383e700;  1 drivers
v0x59e2d3724830_0 .net "x8_s0_w", 31 0, L_0x59e2d383e770;  1 drivers
v0x59e2d37248d0_0 .net "x9_s1_w", 31 0, L_0x59e2d383e830;  1 drivers
E_0x59e2d2e17870/0 .event anyedge, v0x59e2d3724b50_0, v0x59e2d3722850_0, v0x59e2d3722f30_0, v0x59e2d3723110_0;
E_0x59e2d2e17870/1 .event anyedge, v0x59e2d37231b0_0, v0x59e2d3723250_0, v0x59e2d37232f0_0, v0x59e2d3723390_0;
E_0x59e2d2e17870/2 .event anyedge, v0x59e2d3723430_0, v0x59e2d37234d0_0, v0x59e2d3722210_0, v0x59e2d37222b0_0;
E_0x59e2d2e17870/3 .event anyedge, v0x59e2d3722350_0, v0x59e2d37223f0_0, v0x59e2d3722490_0, v0x59e2d3722530_0;
E_0x59e2d2e17870/4 .event anyedge, v0x59e2d37225d0_0, v0x59e2d3722670_0, v0x59e2d3722710_0, v0x59e2d37227b0_0;
E_0x59e2d2e17870/5 .event anyedge, v0x59e2d37228f0_0, v0x59e2d3722990_0, v0x59e2d3722a30_0, v0x59e2d3722ad0_0;
E_0x59e2d2e17870/6 .event anyedge, v0x59e2d3722b70_0, v0x59e2d3722c10_0, v0x59e2d3722cb0_0, v0x59e2d3722d50_0;
E_0x59e2d2e17870/7 .event anyedge, v0x59e2d3722df0_0, v0x59e2d3722e90_0, v0x59e2d3722fd0_0, v0x59e2d3723070_0;
E_0x59e2d2e17870/8 .event anyedge, v0x59e2d3724dd0_0;
E_0x59e2d2e17870 .event/or E_0x59e2d2e17870/0, E_0x59e2d2e17870/1, E_0x59e2d2e17870/2, E_0x59e2d2e17870/3, E_0x59e2d2e17870/4, E_0x59e2d2e17870/5, E_0x59e2d2e17870/6, E_0x59e2d2e17870/7, E_0x59e2d2e17870/8;
E_0x59e2d2e178b0/0 .event anyedge, v0x59e2d3724a10_0, v0x59e2d3722850_0, v0x59e2d3722f30_0, v0x59e2d3723110_0;
E_0x59e2d2e178b0/1 .event anyedge, v0x59e2d37231b0_0, v0x59e2d3723250_0, v0x59e2d37232f0_0, v0x59e2d3723390_0;
E_0x59e2d2e178b0/2 .event anyedge, v0x59e2d3723430_0, v0x59e2d37234d0_0, v0x59e2d3722210_0, v0x59e2d37222b0_0;
E_0x59e2d2e178b0/3 .event anyedge, v0x59e2d3722350_0, v0x59e2d37223f0_0, v0x59e2d3722490_0, v0x59e2d3722530_0;
E_0x59e2d2e178b0/4 .event anyedge, v0x59e2d37225d0_0, v0x59e2d3722670_0, v0x59e2d3722710_0, v0x59e2d37227b0_0;
E_0x59e2d2e178b0/5 .event anyedge, v0x59e2d37228f0_0, v0x59e2d3722990_0, v0x59e2d3722a30_0, v0x59e2d3722ad0_0;
E_0x59e2d2e178b0/6 .event anyedge, v0x59e2d3722b70_0, v0x59e2d3722c10_0, v0x59e2d3722cb0_0, v0x59e2d3722d50_0;
E_0x59e2d2e178b0/7 .event anyedge, v0x59e2d3722df0_0, v0x59e2d3722e90_0, v0x59e2d3722fd0_0, v0x59e2d3723070_0;
E_0x59e2d2e178b0/8 .event anyedge, v0x59e2d3724c90_0;
E_0x59e2d2e178b0 .event/or E_0x59e2d2e178b0/0, E_0x59e2d2e178b0/1, E_0x59e2d2e178b0/2, E_0x59e2d2e178b0/3, E_0x59e2d2e178b0/4, E_0x59e2d2e178b0/5, E_0x59e2d2e178b0/6, E_0x59e2d2e178b0/7, E_0x59e2d2e178b0/8;
E_0x59e2d2e2d400 .event posedge, v0x59e2d30b8b80_0;
S_0x59e2d3710d80 .scope module, "u_lsu" "biriscv_lsu" 4 479, 19 26 0, S_0x59e2d34cce00;
 .timescale 0 0;
    .port_info 0 /INPUT 1 "clk_i";
    .port_info 1 /INPUT 1 "rst_i";
    .port_info 2 /INPUT 1 "opcode_valid_i";
    .port_info 3 /INPUT 32 "opcode_opcode_i";
    .port_info 4 /INPUT 32 "opcode_pc_i";
    .port_info 5 /INPUT 1 "opcode_invalid_i";
    .port_info 6 /INPUT 5 "opcode_rd_idx_i";
    .port_info 7 /INPUT 5 "opcode_ra_idx_i";
    .port_info 8 /INPUT 5 "opcode_rb_idx_i";
    .port_info 9 /INPUT 32 "opcode_ra_operand_i";
    .port_info 10 /INPUT 32 "opcode_rb_operand_i";
    .port_info 11 /INPUT 32 "mem_data_rd_i";
    .port_info 12 /INPUT 1 "mem_accept_i";
    .port_info 13 /INPUT 1 "mem_ack_i";
    .port_info 14 /INPUT 1 "mem_error_i";
    .port_info 15 /INPUT 11 "mem_resp_tag_i";
    .port_info 16 /INPUT 1 "mem_load_fault_i";
    .port_info 17 /INPUT 1 "mem_store_fault_i";
    .port_info 18 /OUTPUT 32 "mem_addr_o";
    .port_info 19 /OUTPUT 32 "mem_data_wr_o";
    .port_info 20 /OUTPUT 1 "mem_rd_o";
    .port_info 21 /OUTPUT 4 "mem_wr_o";
    .port_info 22 /OUTPUT 1 "mem_cacheable_o";
    .port_info 23 /OUTPUT 11 "mem_req_tag_o";
    .port_info 24 /OUTPUT 1 "mem_invalidate_o";
    .port_info 25 /OUTPUT 1 "mem_writeback_o";
    .port_info 26 /OUTPUT 1 "mem_flush_o";
    .port_info 27 /OUTPUT 1 "writeback_valid_o";
    .port_info 28 /OUTPUT 32 "writeback_value_o";
    .port_info 29 /OUTPUT 6 "writeback_exception_o";
    .port_info 30 /OUTPUT 1 "stall_o";
P_0x59e2d361c000 .param/l "MEM_CACHE_ADDR_MAX" 0 19 32, C4<10001111111111111111111111111111>;
P_0x59e2d361c040 .param/l "MEM_CACHE_ADDR_MIN" 0 19 31, C4<10000000000000000000000000000000>;
L_0x59e2d380ea00 .functor OR 1, L_0x59e2d3816570, L_0x59e2d380e480, C4<0>, C4<0>;
L_0x59e2d380eb00 .functor OR 1, L_0x59e2d380ea00, v0x59e2d3764450_0, C4<0>, C4<0>;
L_0x59e2d380ec00 .functor OR 1, L_0x59e2d380eb00, v0x59e2d37636f0_0, C4<0>, C4<0>;
L_0x59e2d380ed00 .functor OR 1, L_0x59e2d380ec00, v0x59e2d3763570_0, C4<0>, C4<0>;
L_0x59e2d380ee00 .functor AND 1, L_0x59e2d380ed00, L_0x59e2d380e840, C4<1>, C4<1>;
L_0x59e2d380ef00 .functor NOT 1, L_0x59e2d380e590, C4<0>, C4<0>, C4<0>;
L_0x59e2d380f000 .functor AND 1, L_0x59e2d380e380, L_0x59e2d380ef00, C4<1>, C4<1>;
L_0x59e2d380f100 .functor AND 1, L_0x59e2d380e380, L_0x59e2d380e590, C4<1>, C4<1>;
L_0x59e2d380f210 .functor AND 1, v0x59e2d3764da0_0, L_0x59e2d380f170, C4<1>, C4<1>;
L_0x78152e1c3f18 .functor BUFT 1, C4<00000000000000000111000001111111>, C4<0>, C4<0>, C4<0>;
L_0x59e2d380f280 .functor AND 32, L_0x59e2d383ee10, L_0x78152e1c3f18, C4<11111111111111111111111111111111>, C4<11111111111111111111111111111111>;
L_0x78152e1c3fa8 .functor BUFT 1, C4<00000000000000000111000001111111>, C4<0>, C4<0>, C4<0>;
L_0x59e2d380f390 .functor AND 32, L_0x59e2d383ee10, L_0x78152e1c3fa8, C4<11111111111111111111111111111111>, C4<11111111111111111111111111111111>;
L_0x59e2d380f530 .functor OR 1, L_0x59e2d380f2f0, L_0x59e2d380f490, C4<0>, C4<0>;
L_0x78152e1c4038 .functor BUFT 1, C4<00000000000000000111000001111111>, C4<0>, C4<0>, C4<0>;
L_0x59e2d380f610 .functor AND 32, L_0x59e2d383ee10, L_0x78152e1c4038, C4<11111111111111111111111111111111>, C4<11111111111111111111111111111111>;
L_0x59e2d380f720 .functor OR 1, L_0x59e2d380f530, L_0x59e2d380f680, C4<0>, C4<0>;
L_0x78152e1c40c8 .functor BUFT 1, C4<00000000000000000111000001111111>, C4<0>, C4<0>, C4<0>;
L_0x59e2d380f5a0 .functor AND 32, L_0x59e2d383ee10, L_0x78152e1c40c8, C4<11111111111111111111111111111111>, C4<11111111111111111111111111111111>;
L_0x59e2d380f830 .functor OR 1, L_0x59e2d380f720, L_0x59e2d380f790, C4<0>, C4<0>;
L_0x78152e1c4158 .functor BUFT 1, C4<00000000000000000111000001111111>, C4<0>, C4<0>, C4<0>;
L_0x59e2d380f930 .functor AND 32, L_0x59e2d383ee10, L_0x78152e1c4158, C4<11111111111111111111111111111111>, C4<11111111111111111111111111111111>;
L_0x59e2d380fa40 .functor OR 1, L_0x59e2d380f830, L_0x59e2d380f9a0, C4<0>, C4<0>;
L_0x78152e1c41e8 .functor BUFT 1, C4<00000000000000000111000001111111>, C4<0>, C4<0>, C4<0>;
L_0x59e2d380fba0 .functor AND 32, L_0x59e2d383ee10, L_0x78152e1c41e8, C4<11111111111111111111111111111111>, C4<11111111111111111111111111111111>;
L_0x59e2d380fdf0 .functor OR 1, L_0x59e2d380fa40, L_0x59e2d380fc60, C4<0>, C4<0>;
L_0x78152e1c4278 .functor BUFT 1, C4<00000000000000000111000001111111>, C4<0>, C4<0>, C4<0>;
L_0x59e2d380ffb0 .functor AND 32, L_0x59e2d383ee10, L_0x78152e1c4278, C4<11111111111111111111111111111111>, C4<11111111111111111111111111111111>;
L_0x78152e1c4308 .functor BUFT 1, C4<00000000000000000111000001111111>, C4<0>, C4<0>, C4<0>;
L_0x59e2d3810110 .functor AND 32, L_0x59e2d383ee10, L_0x78152e1c4308, C4<11111111111111111111111111111111>, C4<11111111111111111111111111111111>;
L_0x59e2d3810330 .functor OR 1, L_0x59e2d380fb00, L_0x59e2d380ff00, C4<0>, C4<0>;
L_0x78152e1c4398 .functor BUFT 1, C4<00000000000000000111000001111111>, C4<0>, C4<0>, C4<0>;
L_0x59e2d38103f0 .functor AND 32, L_0x59e2d383ee10, L_0x78152e1c4398, C4<11111111111111111111111111111111>, C4<11111111111111111111111111111111>;
L_0x59e2d38106c0 .functor OR 1, L_0x59e2d3810330, L_0x59e2d3810580, C4<0>, C4<0>;
L_0x78152e1c4428 .functor BUFT 1, C4<00000000000000000111000001111111>, C4<0>, C4<0>, C4<0>;
L_0x59e2d38107d0 .functor AND 32, L_0x59e2d383ee10, L_0x78152e1c4428, C4<11111111111111111111111111111111>, C4<11111111111111111111111111111111>;
L_0x78152e1c44b8 .functor BUFT 1, C4<00000000000000000111000001111111>, C4<0>, C4<0>, C4<0>;
L_0x59e2d3810a80 .functor AND 32, L_0x59e2d383ee10, L_0x78152e1c44b8, C4<11111111111111111111111111111111>, C4<11111111111111111111111111111111>;
L_0x59e2d3810c80 .functor OR 1, L_0x59e2d38104b0, L_0x59e2d3810b40, C4<0>, C4<0>;
L_0x78152e1c4548 .functor BUFT 1, C4<00000000000000000111000001111111>, C4<0>, C4<0>, C4<0>;
L_0x59e2d3810890 .functor AND 32, L_0x59e2d383ee10, L_0x78152e1c4548, C4<11111111111111111111111111111111>, C4<11111111111111111111111111111111>;
L_0x59e2d3810a10 .functor OR 1, L_0x59e2d3810c80, L_0x59e2d3810e80, C4<0>, C4<0>;
L_0x78152e1c45d8 .functor BUFT 1, C4<00000000000000000111000001111111>, C4<0>, C4<0>, C4<0>;
L_0x59e2d3811160 .functor AND 32, L_0x59e2d383ee10, L_0x78152e1c45d8, C4<11111111111111111111111111111111>, C4<11111111111111111111111111111111>;
L_0x78152e1c4668 .functor BUFT 1, C4<00000000000000000111000001111111>, C4<0>, C4<0>, C4<0>;
L_0x59e2d3811360 .functor AND 32, L_0x59e2d383ee10, L_0x78152e1c4668, C4<11111111111111111111111111111111>, C4<11111111111111111111111111111111>;
L_0x59e2d3811700 .functor OR 1, L_0x59e2d3811220, L_0x59e2d3811530, C4<0>, C4<0>;
L_0x78152e1c46f8 .functor BUFT 1, C4<00000000000000000111000001111111>, C4<0>, C4<0>, C4<0>;
L_0x59e2d3811810 .functor AND 32, L_0x59e2d383ee10, L_0x78152e1c46f8, C4<11111111111111111111111111111111>, C4<11111111111111111111111111111111>;
L_0x78152e1c4788 .functor BUFT 1, C4<00000000000000000111000001111111>, C4<0>, C4<0>, C4<0>;
L_0x59e2d3811b30 .functor AND 32, L_0x59e2d383ee10, L_0x78152e1c4788, C4<11111111111111111111111111111111>, C4<11111111111111111111111111111111>;
L_0x59e2d3811dd0 .functor OR 1, L_0x59e2d38119f0, L_0x59e2d3811bf0, C4<0>, C4<0>;
L_0x78152e1c4818 .functor BUFT 1, C4<00000000000000000111000001111111>, C4<0>, C4<0>, C4<0>;
L_0x59e2d38118d0 .functor AND 32, L_0x59e2d383ee10, L_0x78152e1c4818, C4<11111111111111111111111111111111>, C4<11111111111111111111111111111111>;
L_0x78152e1c48a8 .functor BUFT 1, C4<00000000000000000111000001111111>, C4<0>, C4<0>, C4<0>;
L_0x59e2d3812100 .functor AND 32, L_0x59e2d383ee10, L_0x78152e1c48a8, C4<11111111111111111111111111111111>, C4<11111111111111111111111111111111>;
L_0x59e2d38124f0 .functor OR 1, L_0x59e2d3812010, L_0x59e2d3812300, C4<0>, C4<0>;
L_0x78152e1c4938 .functor BUFT 1, C4<00000000000000000111000001111111>, C4<0>, C4<0>, C4<0>;
L_0x59e2d3812600 .functor AND 32, L_0x59e2d383ee10, L_0x78152e1c4938, C4<11111111111111111111111111111111>, C4<11111111111111111111111111111111>;
L_0x78152e1c49c8 .functor BUFT 1, C4<00000000000000000111000001111111>, C4<0>, C4<0>, C4<0>;
L_0x59e2d38128b0 .functor AND 32, L_0x59e2d383ee10, L_0x78152e1c49c8, C4<11111111111111111111111111111111>, C4<11111111111111111111111111111111>;
L_0x78152e1c4a58 .functor BUFT 1, C4<00000000000000000111000001111111>, C4<0>, C4<0>, C4<0>;
L_0x59e2d3812440 .functor AND 32, L_0x59e2d383ee10, L_0x78152e1c4a58, C4<11111111111111111111111111111111>, C4<11111111111111111111111111111111>;
L_0x78152e1c4ae8 .functor BUFT 1, C4<00000000000000000111000001111111>, C4<0>, C4<0>, C4<0>;
L_0x59e2d3812e60 .functor AND 32, L_0x59e2d383ee10, L_0x78152e1c4ae8, C4<11111111111111111111111111111111>, C4<11111111111111111111111111111111>;
L_0x78152e1c4b78 .functor BUFT 1, C4<00000000000000000111000001111111>, C4<0>, C4<0>, C4<0>;
L_0x59e2d3812ab0 .functor AND 32, L_0x59e2d383ee10, L_0x78152e1c4b78, C4<11111111111111111111111111111111>, C4<11111111111111111111111111111111>;
L_0x59e2d38133e0 .functor OR 1, L_0x59e2d3812f20, L_0x59e2d38132a0, C4<0>, C4<0>;
L_0x78152e1c4c08 .functor BUFT 1, C4<00000000000000000111000001111111>, C4<0>, C4<0>, C4<0>;
L_0x59e2d38134f0 .functor AND 32, L_0x59e2d383ee10, L_0x78152e1c4c08, C4<11111111111111111111111111111111>, C4<11111111111111111111111111111111>;
L_0x59e2d3813060 .functor OR 1, L_0x59e2d38133e0, L_0x59e2d3813730, C4<0>, C4<0>;
L_0x78152e1c4c98 .functor BUFT 1, C4<00000000000000000111000001111111>, C4<0>, C4<0>, C4<0>;
L_0x59e2d38139a0 .functor AND 32, L_0x59e2d383ee10, L_0x78152e1c4c98, C4<11111111111111111111111111111111>, C4<11111111111111111111111111111111>;
L_0x78152e1c4d28 .functor BUFT 1, C4<00000000000000000111000001111111>, C4<0>, C4<0>, C4<0>;
L_0x59e2d3813d30 .functor AND 32, L_0x59e2d383ee10, L_0x78152e1c4d28, C4<11111111111111111111111111111111>, C4<11111111111111111111111111111111>;
L_0x59e2d3813870 .functor OR 1, L_0x59e2d3813bf0, L_0x59e2d3813df0, C4<0>, C4<0>;
L_0x78152e1c4db8 .functor BUFT 1, C4<00000000000000000111000001111111>, C4<0>, C4<0>, C4<0>;
L_0x59e2d3814210 .functor AND 32, L_0x59e2d383ee10, L_0x78152e1c4db8, C4<11111111111111111111111111111111>, C4<11111111111111111111111111111111>;
L_0x59e2d3814410 .functor OR 1, L_0x59e2d3813870, L_0x59e2d38142d0, C4<0>, C4<0>;
L_0x78152e1c4e48 .functor BUFT 1, C4<00000000000000000111000001111111>, C4<0>, C4<0>, C4<0>;
L_0x59e2d38146d0 .functor AND 32, L_0x59e2d383ee10, L_0x78152e1c4e48, C4<11111111111111111111111111111111>, C4<11111111111111111111111111111111>;
L_0x59e2d3814cc0 .functor AND 1, L_0x59e2d3814790, L_0x59e2d3814a70, C4<1>, C4<1>;
L_0x78152e1c4f20 .functor BUFT 1, C4<00000000000000000111000001111111>, C4<0>, C4<0>, C4<0>;
L_0x59e2d3814f90 .functor AND 32, L_0x59e2d383ee10, L_0x78152e1c4f20, C4<11111111111111111111111111111111>, C4<11111111111111111111111111111111>;
L_0x59e2d3815490 .functor AND 1, L_0x59e2d3815050, L_0x59e2d3815350, C4<1>, C4<1>;
L_0x78152e1c4ff8 .functor BUFT 1, C4<00000000000000000111000001111111>, C4<0>, C4<0>, C4<0>;
L_0x59e2d3815770 .functor AND 32, L_0x59e2d383ee10, L_0x78152e1c4ff8, C4<11111111111111111111111111111111>, C4<11111111111111111111111111111111>;
L_0x59e2d3815cd0 .functor AND 1, L_0x59e2d3815830, L_0x59e2d3815aa0, C4<1>, C4<1>;
L_0x59e2d3816310 .functor NOT 1, L_0x59e2d380f210, C4<0>, C4<0>, C4<0>;
L_0x59e2d3816570 .functor AND 1, v0x59e2d3763ab0_0, L_0x59e2d3816310, C4<1>, C4<1>;
L_0x59e2d38166d0 .functor NOT 4, L_0x59e2d3816630, C4<0000>, C4<0000>, C4<0000>;
L_0x59e2d3816940 .functor AND 4, v0x59e2d37641d0_0, L_0x59e2d38166d0, C4<1111>, C4<1111>;
L_0x59e2d3817110 .functor OR 1, v0x59e2d3764450_0, v0x59e2d37636f0_0, C4<0>, C4<0>;
L_0x59e2d38173b0 .functor OR 1, L_0x59e2d3817110, v0x59e2d3763570_0, C4<0>, C4<0>;
L_0x59e2d3817420 .functor OR 1, L_0x59e2d38173b0, L_0x59e2d3816570, C4<0>, C4<0>;
L_0x59e2d3817920 .functor OR 1, L_0x59e2d3817420, L_0x59e2d38176d0, C4<0>, C4<0>;
L_0x59e2d3817ad0 .functor AND 1, L_0x59e2d3817920, L_0x59e2d3817a30, C4<1>, C4<1>;
L_0x59e2d3817e30 .functor OR 1, L_0x59e2d3817ad0, L_0x59e2d380f210, C4<0>, C4<0>;
L_0x59e2d3817ef0 .functor OR 1, L_0x59e2d3817e30, v0x59e2d3763eb0_0, C4<0>, C4<0>;
L_0x59e2d3818c60 .functor OR 1, L_0x59e2d3816570, L_0x59e2d3818bc0, C4<0>, C4<0>;
L_0x59e2d3818d20 .functor OR 1, L_0x59e2d3818c60, v0x59e2d3764450_0, C4<0>, C4<0>;
L_0x59e2d3819050 .functor OR 1, L_0x59e2d3818d20, v0x59e2d37636f0_0, C4<0>, C4<0>;
L_0x59e2d3819110 .functor OR 1, L_0x59e2d3819050, v0x59e2d3763570_0, C4<0>, C4<0>;
L_0x59e2d3819450 .functor AND 1, L_0x59e2d3819110, L_0x59e2d380e840, C4<1>, C4<1>;
L_0x59e2d3819510 .functor NOT 1, L_0x59e2d380f210, C4<0>, C4<0>, C4<0>;
L_0x59e2d3819810 .functor AND 1, v0x59e2d3763eb0_0, L_0x59e2d3819510, C4<1>, C4<1>;
L_0x59e2d3819920 .functor OR 1, L_0x59e2d3819450, L_0x59e2d3819810, C4<0>, C4<0>;
L_0x59e2d3819cd0 .functor OR 1, L_0x59e2d380e380, v0x59e2d3763f70_0, C4<0>, C4<0>;
L_0x59e2d381a560 .functor OR 1, L_0x59e2d380e380, v0x59e2d3763f70_0, C4<0>, C4<0>;
L_0x59e2d381a880 .functor BUFZ 32, v0x59e2d373ec30_0, C4<00000000000000000000000000000000>, C4<00000000000000000000000000000000>, C4<00000000000000000000000000000000>;
L_0x59e2d381a8f0 .functor AND 1, v0x59e2d3763f70_0, L_0x59e2d381a320, C4<1>, C4<1>;
L_0x59e2d381ac70 .functor NOT 1, L_0x59e2d381a320, C4<0>, C4<0>, C4<0>;
L_0x59e2d381ace0 .functor AND 1, v0x59e2d3763f70_0, L_0x59e2d381ac70, C4<1>, C4<1>;
L_0x59e2d381b0b0 .functor AND 1, L_0x59e2d380e590, L_0x59e2d381a320, C4<1>, C4<1>;
L_0x59e2d381b1b0 .functor NOT 1, L_0x59e2d381a320, C4<0>, C4<0>, C4<0>;
L_0x59e2d381b500 .functor AND 1, L_0x59e2d380e590, L_0x59e2d381b1b0, C4<1>, C4<1>;
L_0x59e2d381b570 .functor AND 1, L_0x59e2d380e590, L_0x78152e1c3ed0, C4<1>, C4<1>;
L_0x59e2d381b8d0 .functor AND 1, L_0x59e2d380e590, L_0x78152e1c3e88, C4<1>, C4<1>;
v0x59e2d3737e30_0 .net *"_ivl_1", 0 0, L_0x59e2d380e480;  1 drivers
v0x59e2d3737f10_0 .net *"_ivl_100", 31 0, L_0x59e2d38103f0;  1 drivers
L_0x78152e1c43e0 .functor BUFT 1, C4<00000000000000000010000000000011>, C4<0>, C4<0>, C4<0>;
v0x59e2d3737ff0_0 .net/2u *"_ivl_102", 31 0, L_0x78152e1c43e0;  1 drivers
v0x59e2d37380b0_0 .net *"_ivl_104", 0 0, L_0x59e2d3810580;  1 drivers
v0x59e2d3738170_0 .net/2u *"_ivl_108", 31 0, L_0x78152e1c4428;  1 drivers
v0x59e2d3738250_0 .net *"_ivl_110", 31 0, L_0x59e2d38107d0;  1 drivers
L_0x78152e1c4470 .functor BUFT 1, C4<00000000000000000000000000100011>, C4<0>, C4<0>, C4<0>;
v0x59e2d3738330_0 .net/2u *"_ivl_112", 31 0, L_0x78152e1c4470;  1 drivers
v0x59e2d3738410_0 .net *"_ivl_114", 0 0, L_0x59e2d38104b0;  1 drivers
v0x59e2d37384d0_0 .net/2u *"_ivl_116", 31 0, L_0x78152e1c44b8;  1 drivers
v0x59e2d37385b0_0 .net *"_ivl_118", 31 0, L_0x59e2d3810a80;  1 drivers
v0x59e2d3738690_0 .net *"_ivl_12", 0 0, L_0x59e2d380ef00;  1 drivers
L_0x78152e1c4500 .functor BUFT 1, C4<00000000000000000001000000100011>, C4<0>, C4<0>, C4<0>;
v0x59e2d3738770_0 .net/2u *"_ivl_120", 31 0, L_0x78152e1c4500;  1 drivers
v0x59e2d3738850_0 .net *"_ivl_122", 0 0, L_0x59e2d3810b40;  1 drivers
v0x59e2d3738910_0 .net *"_ivl_125", 0 0, L_0x59e2d3810c80;  1 drivers
v0x59e2d37389d0_0 .net/2u *"_ivl_126", 31 0, L_0x78152e1c4548;  1 drivers
v0x59e2d3738ab0_0 .net *"_ivl_128", 31 0, L_0x59e2d3810890;  1 drivers
L_0x78152e1c4590 .functor BUFT 1, C4<00000000000000000010000000100011>, C4<0>, C4<0>, C4<0>;
v0x59e2d3738b90_0 .net/2u *"_ivl_130", 31 0, L_0x78152e1c4590;  1 drivers
v0x59e2d3738c70_0 .net *"_ivl_132", 0 0, L_0x59e2d3810e80;  1 drivers
v0x59e2d3738d30_0 .net/2u *"_ivl_136", 31 0, L_0x78152e1c45d8;  1 drivers
v0x59e2d3738e10_0 .net *"_ivl_138", 31 0, L_0x59e2d3811160;  1 drivers
L_0x78152e1c4620 .functor BUFT 1, C4<00000000000000000000000000000011>, C4<0>, C4<0>, C4<0>;
v0x59e2d3738ef0_0 .net/2u *"_ivl_140", 31 0, L_0x78152e1c4620;  1 drivers
v0x59e2d3738fd0_0 .net *"_ivl_142", 0 0, L_0x59e2d3811220;  1 drivers
v0x59e2d3739090_0 .net/2u *"_ivl_144", 31 0, L_0x78152e1c4668;  1 drivers
v0x59e2d3739170_0 .net *"_ivl_146", 31 0, L_0x59e2d3811360;  1 drivers
L_0x78152e1c46b0 .functor BUFT 1, C4<00000000000000000100000000000011>, C4<0>, C4<0>, C4<0>;
v0x59e2d3739250_0 .net/2u *"_ivl_148", 31 0, L_0x78152e1c46b0;  1 drivers
v0x59e2d3739330_0 .net *"_ivl_150", 0 0, L_0x59e2d3811530;  1 drivers
v0x59e2d37393f0_0 .net/2u *"_ivl_154", 31 0, L_0x78152e1c46f8;  1 drivers
v0x59e2d37394d0_0 .net *"_ivl_156", 31 0, L_0x59e2d3811810;  1 drivers
L_0x78152e1c4740 .functor BUFT 1, C4<00000000000000000001000000000011>, C4<0>, C4<0>, C4<0>;
v0x59e2d37395b0_0 .net/2u *"_ivl_158", 31 0, L_0x78152e1c4740;  1 drivers
v0x59e2d3739690_0 .net *"_ivl_160", 0 0, L_0x59e2d38119f0;  1 drivers
v0x59e2d3739750_0 .net/2u *"_ivl_162", 31 0, L_0x78152e1c4788;  1 drivers
v0x59e2d3739830_0 .net *"_ivl_164", 31 0, L_0x59e2d3811b30;  1 drivers
L_0x78152e1c47d0 .functor BUFT 1, C4<00000000000000000101000000000011>, C4<0>, C4<0>, C4<0>;
v0x59e2d3739910_0 .net/2u *"_ivl_166", 31 0, L_0x78152e1c47d0;  1 drivers
v0x59e2d3739c00_0 .net *"_ivl_168", 0 0, L_0x59e2d3811bf0;  1 drivers
v0x59e2d3739cc0_0 .net/2u *"_ivl_172", 31 0, L_0x78152e1c4818;  1 drivers
v0x59e2d3739da0_0 .net *"_ivl_174", 31 0, L_0x59e2d38118d0;  1 drivers
L_0x78152e1c4860 .functor BUFT 1, C4<00000000000000000010000000000011>, C4<0>, C4<0>, C4<0>;
v0x59e2d3739e80_0 .net/2u *"_ivl_176", 31 0, L_0x78152e1c4860;  1 drivers
v0x59e2d3739f60_0 .net *"_ivl_178", 0 0, L_0x59e2d3812010;  1 drivers
v0x59e2d373a020_0 .net/2u *"_ivl_180", 31 0, L_0x78152e1c48a8;  1 drivers
v0x59e2d373a100_0 .net *"_ivl_182", 31 0, L_0x59e2d3812100;  1 drivers
L_0x78152e1c48f0 .functor BUFT 1, C4<00000000000000000110000000000011>, C4<0>, C4<0>, C4<0>;
v0x59e2d373a1e0_0 .net/2u *"_ivl_184", 31 0, L_0x78152e1c48f0;  1 drivers
v0x59e2d373a2c0_0 .net *"_ivl_186", 0 0, L_0x59e2d3812300;  1 drivers
v0x59e2d373a380_0 .net *"_ivl_19", 0 0, L_0x59e2d380f170;  1 drivers
v0x59e2d373a440_0 .net/2u *"_ivl_190", 31 0, L_0x78152e1c4938;  1 drivers
v0x59e2d373a520_0 .net *"_ivl_192", 31 0, L_0x59e2d3812600;  1 drivers
L_0x78152e1c4980 .functor BUFT 1, C4<00000000000000000000000000100011>, C4<0>, C4<0>, C4<0>;
v0x59e2d373a600_0 .net/2u *"_ivl_194", 31 0, L_0x78152e1c4980;  1 drivers
v0x59e2d373a6e0_0 .net/2u *"_ivl_198", 31 0, L_0x78152e1c49c8;  1 drivers
v0x59e2d373a7c0_0 .net *"_ivl_200", 31 0, L_0x59e2d38128b0;  1 drivers
L_0x78152e1c4a10 .functor BUFT 1, C4<00000000000000000001000000100011>, C4<0>, C4<0>, C4<0>;
v0x59e2d373a8a0_0 .net/2u *"_ivl_202", 31 0, L_0x78152e1c4a10;  1 drivers
v0x59e2d373a980_0 .net/2u *"_ivl_206", 31 0, L_0x78152e1c4a58;  1 drivers
v0x59e2d373aa60_0 .net *"_ivl_208", 31 0, L_0x59e2d3812440;  1 drivers
L_0x78152e1c4aa0 .functor BUFT 1, C4<00000000000000000010000000100011>, C4<0>, C4<0>, C4<0>;
v0x59e2d373ab40_0 .net/2u *"_ivl_210", 31 0, L_0x78152e1c4aa0;  1 drivers
v0x59e2d373ac20_0 .net/2u *"_ivl_214", 31 0, L_0x78152e1c4ae8;  1 drivers
v0x59e2d373ad00_0 .net *"_ivl_216", 31 0, L_0x59e2d3812e60;  1 drivers
L_0x78152e1c4b30 .functor BUFT 1, C4<00000000000000000010000000100011>, C4<0>, C4<0>, C4<0>;
v0x59e2d373ade0_0 .net/2u *"_ivl_218", 31 0, L_0x78152e1c4b30;  1 drivers
v0x59e2d373aec0_0 .net/2u *"_ivl_22", 31 0, L_0x78152e1c3f18;  1 drivers
v0x59e2d373afa0_0 .net *"_ivl_220", 0 0, L_0x59e2d3812f20;  1 drivers
v0x59e2d373b060_0 .net/2u *"_ivl_222", 31 0, L_0x78152e1c4b78;  1 drivers
v0x59e2d373b140_0 .net *"_ivl_224", 31 0, L_0x59e2d3812ab0;  1 drivers
L_0x78152e1c4bc0 .functor BUFT 1, C4<00000000000000000010000000000011>, C4<0>, C4<0>, C4<0>;
v0x59e2d373b220_0 .net/2u *"_ivl_226", 31 0, L_0x78152e1c4bc0;  1 drivers
v0x59e2d373b300_0 .net *"_ivl_228", 0 0, L_0x59e2d38132a0;  1 drivers
v0x59e2d373b3c0_0 .net *"_ivl_231", 0 0, L_0x59e2d38133e0;  1 drivers
v0x59e2d373b480_0 .net/2u *"_ivl_232", 31 0, L_0x78152e1c4c08;  1 drivers
v0x59e2d373b560_0 .net *"_ivl_234", 31 0, L_0x59e2d38134f0;  1 drivers
L_0x78152e1c4c50 .functor BUFT 1, C4<00000000000000000110000000000011>, C4<0>, C4<0>, C4<0>;
v0x59e2d373b640_0 .net/2u *"_ivl_236", 31 0, L_0x78152e1c4c50;  1 drivers
v0x59e2d373b720_0 .net *"_ivl_238", 0 0, L_0x59e2d3813730;  1 drivers
v0x59e2d373b7e0_0 .net *"_ivl_24", 31 0, L_0x59e2d380f280;  1 drivers
v0x59e2d373b8c0_0 .net/2u *"_ivl_242", 31 0, L_0x78152e1c4c98;  1 drivers
v0x59e2d373b9a0_0 .net *"_ivl_244", 31 0, L_0x59e2d38139a0;  1 drivers
L_0x78152e1c4ce0 .functor BUFT 1, C4<00000000000000000001000000100011>, C4<0>, C4<0>, C4<0>;
v0x59e2d373ba80_0 .net/2u *"_ivl_246", 31 0, L_0x78152e1c4ce0;  1 drivers
v0x59e2d373bb60_0 .net *"_ivl_248", 0 0, L_0x59e2d3813bf0;  1 drivers
v0x59e2d373bc20_0 .net/2u *"_ivl_250", 31 0, L_0x78152e1c4d28;  1 drivers
v0x59e2d373bd00_0 .net *"_ivl_252", 31 0, L_0x59e2d3813d30;  1 drivers
L_0x78152e1c4d70 .functor BUFT 1, C4<00000000000000000001000000000011>, C4<0>, C4<0>, C4<0>;
v0x59e2d373bde0_0 .net/2u *"_ivl_254", 31 0, L_0x78152e1c4d70;  1 drivers
v0x59e2d373bec0_0 .net *"_ivl_256", 0 0, L_0x59e2d3813df0;  1 drivers
v0x59e2d373bf80_0 .net *"_ivl_259", 0 0, L_0x59e2d3813870;  1 drivers
L_0x78152e1c3f60 .functor BUFT 1, C4<00000000000000000000000000000011>, C4<0>, C4<0>, C4<0>;
v0x59e2d373c040_0 .net/2u *"_ivl_26", 31 0, L_0x78152e1c3f60;  1 drivers
v0x59e2d373c120_0 .net/2u *"_ivl_260", 31 0, L_0x78152e1c4db8;  1 drivers
v0x59e2d373c200_0 .net *"_ivl_262", 31 0, L_0x59e2d3814210;  1 drivers
L_0x78152e1c4e00 .functor BUFT 1, C4<00000000000000000101000000000011>, C4<0>, C4<0>, C4<0>;
v0x59e2d373c2e0_0 .net/2u *"_ivl_264", 31 0, L_0x78152e1c4e00;  1 drivers
v0x59e2d373c3c0_0 .net *"_ivl_266", 0 0, L_0x59e2d38142d0;  1 drivers
v0x59e2d373c480_0 .net/2u *"_ivl_270", 31 0, L_0x78152e1c4e48;  1 drivers
v0x59e2d373c560_0 .net *"_ivl_272", 31 0, L_0x59e2d38146d0;  1 drivers
L_0x78152e1c4e90 .functor BUFT 1, C4<00000000000000000001000001110011>, C4<0>, C4<0>, C4<0>;
v0x59e2d373c640_0 .net/2u *"_ivl_274", 31 0, L_0x78152e1c4e90;  1 drivers
v0x59e2d373c720_0 .net *"_ivl_276", 0 0, L_0x59e2d3814790;  1 drivers
v0x59e2d373c7e0_0 .net *"_ivl_279", 11 0, L_0x59e2d38149d0;  1 drivers
v0x59e2d373c8c0_0 .net *"_ivl_28", 0 0, L_0x59e2d380f2f0;  1 drivers
L_0x78152e1c4ed8 .functor BUFT 1, C4<001110100000>, C4<0>, C4<0>, C4<0>;
v0x59e2d373c980_0 .net/2u *"_ivl_280", 11 0, L_0x78152e1c4ed8;  1 drivers
v0x59e2d373ca60_0 .net *"_ivl_282", 0 0, L_0x59e2d3814a70;  1 drivers
v0x59e2d373cb20_0 .net/2u *"_ivl_286", 31 0, L_0x78152e1c4f20;  1 drivers
v0x59e2d373cc00_0 .net *"_ivl_288", 31 0, L_0x59e2d3814f90;  1 drivers
L_0x78152e1c4f68 .functor BUFT 1, C4<00000000000000000001000001110011>, C4<0>, C4<0>, C4<0>;
v0x59e2d373cce0_0 .net/2u *"_ivl_290", 31 0, L_0x78152e1c4f68;  1 drivers
v0x59e2d373cdc0_0 .net *"_ivl_292", 0 0, L_0x59e2d3815050;  1 drivers
v0x59e2d373ce80_0 .net *"_ivl_295", 11 0, L_0x59e2d3815190;  1 drivers
L_0x78152e1c4fb0 .functor BUFT 1, C4<001110100001>, C4<0>, C4<0>, C4<0>;
v0x59e2d373cf60_0 .net/2u *"_ivl_296", 11 0, L_0x78152e1c4fb0;  1 drivers
v0x59e2d373d040_0 .net *"_ivl_298", 0 0, L_0x59e2d3815350;  1 drivers
v0x59e2d373d100_0 .net *"_ivl_3", 0 0, L_0x59e2d380ea00;  1 drivers
v0x59e2d373d1c0_0 .net/2u *"_ivl_30", 31 0, L_0x78152e1c3fa8;  1 drivers
v0x59e2d373d2a0_0 .net/2u *"_ivl_302", 31 0, L_0x78152e1c4ff8;  1 drivers
v0x59e2d373d380_0 .net *"_ivl_304", 31 0, L_0x59e2d3815770;  1 drivers
L_0x78152e1c5040 .functor BUFT 1, C4<00000000000000000001000001110011>, C4<0>, C4<0>, C4<0>;
v0x59e2d373d460_0 .net/2u *"_ivl_306", 31 0, L_0x78152e1c5040;  1 drivers
v0x59e2d373d540_0 .net *"_ivl_308", 0 0, L_0x59e2d3815830;  1 drivers
v0x59e2d373d600_0 .net *"_ivl_311", 11 0, L_0x59e2d3815230;  1 drivers
L_0x78152e1c5088 .functor BUFT 1, C4<001110100010>, C4<0>, C4<0>, C4<0>;
v0x59e2d373d6e0_0 .net/2u *"_ivl_312", 11 0, L_0x78152e1c5088;  1 drivers
v0x59e2d373d7c0_0 .net *"_ivl_314", 0 0, L_0x59e2d3815aa0;  1 drivers
v0x59e2d373d880_0 .net *"_ivl_319", 29 0, L_0x59e2d3815fc0;  1 drivers
v0x59e2d373d960_0 .net *"_ivl_32", 31 0, L_0x59e2d380f390;  1 drivers
L_0x78152e1c50d0 .functor BUFT 1, C4<00>, C4<0>, C4<0>, C4<0>;
v0x59e2d373da40_0 .net/2u *"_ivl_320", 1 0, L_0x78152e1c50d0;  1 drivers
v0x59e2d373db20_0 .net *"_ivl_326", 0 0, L_0x59e2d3816310;  1 drivers
v0x59e2d373dc00_0 .net *"_ivl_330", 3 0, L_0x59e2d3816630;  1 drivers
v0x59e2d373dce0_0 .net *"_ivl_332", 3 0, L_0x59e2d38166d0;  1 drivers
L_0x78152e1c3ff0 .functor BUFT 1, C4<00000000000000000001000000000011>, C4<0>, C4<0>, C4<0>;
v0x59e2d373ddc0_0 .net/2u *"_ivl_34", 31 0, L_0x78152e1c3ff0;  1 drivers
v0x59e2d373dea0_0 .net *"_ivl_347", 0 0, L_0x59e2d3817110;  1 drivers
v0x59e2d373df60_0 .net *"_ivl_349", 0 0, L_0x59e2d38173b0;  1 drivers
v0x59e2d373e020_0 .net *"_ivl_351", 0 0, L_0x59e2d3817420;  1 drivers
L_0x78152e1c5160 .functor BUFT 1, C4<0000>, C4<0>, C4<0>, C4<0>;
v0x59e2d373e0e0_0 .net/2u *"_ivl_352", 3 0, L_0x78152e1c5160;  1 drivers
v0x59e2d373e1c0_0 .net *"_ivl_354", 0 0, L_0x59e2d38176d0;  1 drivers
v0x59e2d373e280_0 .net *"_ivl_357", 0 0, L_0x59e2d3817920;  1 drivers
v0x59e2d373e340_0 .net *"_ivl_359", 0 0, L_0x59e2d3817a30;  1 drivers
v0x59e2d373e400_0 .net *"_ivl_36", 0 0, L_0x59e2d380f490;  1 drivers
v0x59e2d373e4c0_0 .net *"_ivl_361", 0 0, L_0x59e2d3817ad0;  1 drivers
v0x59e2d373e580_0 .net *"_ivl_363", 0 0, L_0x59e2d3817e30;  1 drivers
v0x59e2d373e640_0 .net *"_ivl_369", 0 0, L_0x59e2d3818bc0;  1 drivers
v0x59e2d373e700_0 .net *"_ivl_371", 0 0, L_0x59e2d3818c60;  1 drivers
v0x59e2d373e7c0_0 .net *"_ivl_373", 0 0, L_0x59e2d3818d20;  1 drivers
v0x59e2d373e880_0 .net *"_ivl_375", 0 0, L_0x59e2d3819050;  1 drivers
v0x59e2d373e940_0 .net *"_ivl_377", 0 0, L_0x59e2d3819110;  1 drivers
v0x59e2d373ea00_0 .net *"_ivl_379", 0 0, L_0x59e2d3819450;  1 drivers
v0x59e2d373eac0_0 .net *"_ivl_380", 0 0, L_0x59e2d3819510;  1 drivers
v0x59e2d373f3b0_0 .net *"_ivl_383", 0 0, L_0x59e2d3819810;  1 drivers
v0x59e2d373f470_0 .net *"_ivl_39", 0 0, L_0x59e2d380f530;  1 drivers
v0x59e2d373f530_0 .net/2u *"_ivl_40", 31 0, L_0x78152e1c4038;  1 drivers
v0x59e2d373f610_0 .net *"_ivl_400", 0 0, L_0x59e2d381ac70;  1 drivers
v0x59e2d373f6f0_0 .net *"_ivl_406", 0 0, L_0x59e2d381b1b0;  1 drivers
L_0x78152e1c5310 .functor BUFT 1, C4<010100>, C4<0>, C4<0>, C4<0>;
v0x59e2d373f7d0_0 .net/2u *"_ivl_414", 5 0, L_0x78152e1c5310;  1 drivers
L_0x78152e1c5358 .functor BUFT 1, C4<010110>, C4<0>, C4<0>, C4<0>;
v0x59e2d373f8b0_0 .net/2u *"_ivl_416", 5 0, L_0x78152e1c5358;  1 drivers
L_0x78152e1c53a0 .functor BUFT 1, C4<011101>, C4<0>, C4<0>, C4<0>;
v0x59e2d373f990_0 .net/2u *"_ivl_418", 5 0, L_0x78152e1c53a0;  1 drivers
v0x59e2d373fa70_0 .net *"_ivl_42", 31 0, L_0x59e2d380f610;  1 drivers
L_0x78152e1c53e8 .functor BUFT 1, C4<011111>, C4<0>, C4<0>, C4<0>;
v0x59e2d373fb50_0 .net/2u *"_ivl_420", 5 0, L_0x78152e1c53e8;  1 drivers
L_0x78152e1c5430 .functor BUFT 1, C4<010101>, C4<0>, C4<0>, C4<0>;
v0x59e2d373fc30_0 .net/2u *"_ivl_422", 5 0, L_0x78152e1c5430;  1 drivers
L_0x78152e1c5478 .functor BUFT 1, C4<010111>, C4<0>, C4<0>, C4<0>;
v0x59e2d373fd10_0 .net/2u *"_ivl_424", 5 0, L_0x78152e1c5478;  1 drivers
L_0x78152e1c54c0 .functor BUFT 1, C4<000000>, C4<0>, C4<0>, C4<0>;
v0x59e2d373fdf0_0 .net/2u *"_ivl_426", 5 0, L_0x78152e1c54c0;  1 drivers
v0x59e2d373fed0_0 .net *"_ivl_428", 5 0, L_0x59e2d381b9d0;  1 drivers
v0x59e2d373ffb0_0 .net *"_ivl_430", 5 0, L_0x59e2d381bb10;  1 drivers
v0x59e2d3740090_0 .net *"_ivl_432", 5 0, L_0x59e2d381be50;  1 drivers
v0x59e2d3740170_0 .net *"_ivl_434", 5 0, L_0x59e2d381bfe0;  1 drivers
v0x59e2d3740250_0 .net *"_ivl_436", 5 0, L_0x59e2d381c330;  1 drivers
L_0x78152e1c4080 .functor BUFT 1, C4<00000000000000000010000000000011>, C4<0>, C4<0>, C4<0>;
v0x59e2d3740330_0 .net/2u *"_ivl_44", 31 0, L_0x78152e1c4080;  1 drivers
v0x59e2d3740410_0 .net *"_ivl_46", 0 0, L_0x59e2d380f680;  1 drivers
v0x59e2d37404d0_0 .net *"_ivl_49", 0 0, L_0x59e2d380f720;  1 drivers
v0x59e2d3740590_0 .net *"_ivl_5", 0 0, L_0x59e2d380eb00;  1 drivers
v0x59e2d3740650_0 .net/2u *"_ivl_50", 31 0, L_0x78152e1c40c8;  1 drivers
v0x59e2d3740730_0 .net *"_ivl_52", 31 0, L_0x59e2d380f5a0;  1 drivers
L_0x78152e1c4110 .functor BUFT 1, C4<00000000000000000100000000000011>, C4<0>, C4<0>, C4<0>;
v0x59e2d3740810_0 .net/2u *"_ivl_54", 31 0, L_0x78152e1c4110;  1 drivers
v0x59e2d37408f0_0 .net *"_ivl_56", 0 0, L_0x59e2d380f790;  1 drivers
v0x59e2d37409b0_0 .net *"_ivl_59", 0 0, L_0x59e2d380f830;  1 drivers
v0x59e2d3740a70_0 .net/2u *"_ivl_60", 31 0, L_0x78152e1c4158;  1 drivers
v0x59e2d3740b50_0 .net *"_ivl_62", 31 0, L_0x59e2d380f930;  1 drivers
L_0x78152e1c41a0 .functor BUFT 1, C4<00000000000000000101000000000011>, C4<0>, C4<0>, C4<0>;
v0x59e2d3740c30_0 .net/2u *"_ivl_64", 31 0, L_0x78152e1c41a0;  1 drivers
v0x59e2d3740d10_0 .net *"_ivl_66", 0 0, L_0x59e2d380f9a0;  1 drivers
v0x59e2d3740dd0_0 .net *"_ivl_69", 0 0, L_0x59e2d380fa40;  1 drivers
v0x59e2d3740e90_0 .net *"_ivl_7", 0 0, L_0x59e2d380ec00;  1 drivers
v0x59e2d3740f50_0 .net/2u *"_ivl_70", 31 0, L_0x78152e1c41e8;  1 drivers
v0x59e2d3741030_0 .net *"_ivl_72", 31 0, L_0x59e2d380fba0;  1 drivers
L_0x78152e1c4230 .functor BUFT 1, C4<00000000000000000110000000000011>, C4<0>, C4<0>, C4<0>;
v0x59e2d3741110_0 .net/2u *"_ivl_74", 31 0, L_0x78152e1c4230;  1 drivers
v0x59e2d37411f0_0 .net *"_ivl_76", 0 0, L_0x59e2d380fc60;  1 drivers
v0x59e2d37412b0_0 .net/2u *"_ivl_80", 31 0, L_0x78152e1c4278;  1 drivers
v0x59e2d3741390_0 .net *"_ivl_82", 31 0, L_0x59e2d380ffb0;  1 drivers
L_0x78152e1c42c0 .functor BUFT 1, C4<00000000000000000000000000000011>, C4<0>, C4<0>, C4<0>;
v0x59e2d3741470_0 .net/2u *"_ivl_84", 31 0, L_0x78152e1c42c0;  1 drivers
v0x59e2d3741550_0 .net *"_ivl_86", 0 0, L_0x59e2d380fb00;  1 drivers
v0x59e2d3741610_0 .net/2u *"_ivl_88", 31 0, L_0x78152e1c4308;  1 drivers
v0x59e2d37416f0_0 .net *"_ivl_9", 0 0, L_0x59e2d380ed00;  1 drivers
v0x59e2d37417b0_0 .net *"_ivl_90", 31 0, L_0x59e2d3810110;  1 drivers
L_0x78152e1c4350 .functor BUFT 1, C4<00000000000000000001000000000011>, C4<0>, C4<0>, C4<0>;
v0x59e2d3741890_0 .net/2u *"_ivl_92", 31 0, L_0x78152e1c4350;  1 drivers
v0x59e2d3741970_0 .net *"_ivl_94", 0 0, L_0x59e2d380ff00;  1 drivers
v0x59e2d3741a30_0 .net *"_ivl_97", 0 0, L_0x59e2d3810330;  1 drivers
v0x59e2d3741af0_0 .net/2u *"_ivl_98", 31 0, L_0x78152e1c4398;  1 drivers
v0x59e2d3741bd0_0 .var "addr_lsb_r", 1 0;
v0x59e2d3741cb0_0 .net "clk_i", 0 0, v0x59e2d3787d50_0;  alias, 1 drivers
v0x59e2d3741d50_0 .net "complete_err_e2_w", 0 0, L_0x59e2d380f100;  1 drivers
v0x59e2d3741e10_0 .net "complete_ok_e2_w", 0 0, L_0x59e2d380f000;  1 drivers
v0x59e2d3741ed0_0 .net "dcache_flush_w", 0 0, L_0x59e2d3814cc0;  1 drivers
v0x59e2d3741f90_0 .net "dcache_invalidate_w", 0 0, L_0x59e2d3815cd0;  1 drivers
v0x59e2d3742050_0 .net "dcache_writeback_w", 0 0, L_0x59e2d3815490;  1 drivers
v0x59e2d3742110_0 .net "delay_lsu_e2_w", 0 0, L_0x59e2d380f210;  1 drivers
v0x59e2d37421d0_0 .net "fault_load_align_w", 0 0, L_0x59e2d381a8f0;  1 drivers
v0x59e2d3742290_0 .net "fault_load_bus_w", 0 0, L_0x59e2d381b0b0;  1 drivers
v0x59e2d3742350_0 .net "fault_load_page_w", 0 0, L_0x59e2d381b570;  1 drivers
v0x59e2d3742410_0 .net "fault_store_align_w", 0 0, L_0x59e2d381ace0;  1 drivers
v0x59e2d37424d0_0 .net "fault_store_bus_w", 0 0, L_0x59e2d381b500;  1 drivers
v0x59e2d3742590_0 .net "fault_store_page_w", 0 0, L_0x59e2d381b8d0;  1 drivers
v0x59e2d3742650_0 .net "issue_lsu_e1_w", 0 0, L_0x59e2d380ee00;  1 drivers
v0x59e2d3742710_0 .var "load_byte_r", 0 0;
v0x59e2d37427d0_0 .var "load_half_r", 0 0;
v0x59e2d3742890_0 .net "load_inst_w", 0 0, L_0x59e2d380fdf0;  1 drivers
v0x59e2d3742950_0 .net "load_signed_inst_w", 0 0, L_0x59e2d38106c0;  1 drivers
v0x59e2d3742a10_0 .var "load_signed_r", 0 0;
v0x59e2d3742ad0_0 .net "mem_accept_i", 0 0, L_0x59e2d380e840;  alias, 1 drivers
v0x59e2d3742b90_0 .net "mem_ack_i", 0 0, L_0x59e2d380e380;  alias, 1 drivers
v0x59e2d3742c50_0 .net "mem_addr_o", 31 0, L_0x59e2d3816060;  alias, 1 drivers
v0x59e2d3742d30_0 .var "mem_addr_q", 31 0;
v0x59e2d3742e10_0 .var "mem_addr_r", 31 0;
v0x59e2d3742ef0_0 .net "mem_cacheable_o", 0 0, v0x59e2d3742fb0_0;  alias, 1 drivers
v0x59e2d3742fb0_0 .var "mem_cacheable_q", 0 0;
v0x59e2d3743070_0 .var "mem_data_r", 31 0;
v0x59e2d3743150_0 .net "mem_data_rd_i", 31 0, L_0x59e2d380e740;  alias, 1 drivers
v0x59e2d3743230_0 .net "mem_data_wr_o", 31 0, v0x59e2d3763310_0;  alias, 1 drivers
v0x59e2d3763310_0 .var "mem_data_wr_q", 31 0;
v0x59e2d37633f0_0 .net "mem_error_i", 0 0, L_0x59e2d380e590;  alias, 1 drivers
v0x59e2d37634b0_0 .net "mem_flush_o", 0 0, v0x59e2d3763570_0;  alias, 1 drivers
v0x59e2d3763570_0 .var "mem_flush_q", 0 0;
v0x59e2d3763630_0 .net "mem_invalidate_o", 0 0, v0x59e2d37636f0_0;  alias, 1 drivers
v0x59e2d37636f0_0 .var "mem_invalidate_q", 0 0;
v0x59e2d37637b0_0 .net "mem_load_fault_i", 0 0, L_0x78152e1c3ed0;  alias, 1 drivers
v0x59e2d3763870_0 .var "mem_load_q", 0 0;
v0x59e2d3763930_0 .var "mem_ls_q", 0 0;
v0x59e2d37639f0_0 .net "mem_rd_o", 0 0, L_0x59e2d3816570;  alias, 1 drivers
v0x59e2d3763ab0_0 .var "mem_rd_q", 0 0;
v0x59e2d3763b70_0 .var "mem_rd_r", 0 0;
v0x59e2d3763c30_0 .net "mem_req_tag_o", 10 0, L_0x78152e1c5118;  alias, 1 drivers
v0x59e2d3763d10_0 .net "mem_resp_tag_i", 10 0, L_0x59e2d380e520;  alias, 1 drivers
v0x59e2d3763df0_0 .net "mem_store_fault_i", 0 0, L_0x78152e1c3e88;  alias, 1 drivers
v0x59e2d3763eb0_0 .var "mem_unaligned_e1_q", 0 0;
v0x59e2d3763f70_0 .var "mem_unaligned_e2_q", 0 0;
v0x59e2d3764030_0 .var "mem_unaligned_r", 0 0;
v0x59e2d37640f0_0 .net "mem_wr_o", 3 0, L_0x59e2d3816940;  alias, 1 drivers
v0x59e2d37641d0_0 .var "mem_wr_q", 3 0;
v0x59e2d37642b0_0 .var "mem_wr_r", 3 0;
v0x59e2d3764390_0 .net "mem_writeback_o", 0 0, v0x59e2d3764450_0;  alias, 1 drivers
v0x59e2d3764450_0 .var "mem_writeback_q", 0 0;
v0x59e2d3764510_0 .var "mem_xb_q", 0 0;
v0x59e2d37645d0_0 .var "mem_xh_q", 0 0;
v0x59e2d3764690_0 .net "opcode_invalid_i", 0 0, L_0x78152e1c7560;  alias, 1 drivers
v0x59e2d3764730_0 .net "opcode_opcode_i", 31 0, L_0x59e2d383ee10;  alias, 1 drivers
v0x59e2d3764800_0 .net "opcode_pc_i", 31 0, L_0x59e2d3841c50;  alias, 1 drivers
v0x59e2d37648d0_0 .net "opcode_ra_idx_i", 4 0, L_0x59e2d3841ef0;  alias, 1 drivers
v0x59e2d37649a0_0 .net "opcode_ra_operand_i", 31 0, L_0x59e2d38421a0;  alias, 1 drivers
v0x59e2d3764a70_0 .net "opcode_rb_idx_i", 4 0, L_0x59e2d3841d80;  alias, 1 drivers
v0x59e2d3764b30_0 .net "opcode_rb_operand_i", 31 0, L_0x59e2d3841f90;  alias, 1 drivers
v0x59e2d3764c00_0 .net "opcode_rd_idx_i", 4 0, L_0x59e2d383e3e0;  alias, 1 drivers
v0x59e2d3764cd0_0 .net "opcode_valid_i", 0 0, L_0x59e2d3838d60;  alias, 1 drivers
v0x59e2d3764da0_0 .var "pending_lsu_e2_q", 0 0;
v0x59e2d3764e40_0 .net "req_lb_w", 0 0, L_0x59e2d3811700;  1 drivers
v0x59e2d3764ee0_0 .net "req_lh_w", 0 0, L_0x59e2d3811dd0;  1 drivers
v0x59e2d3764fa0_0 .net "req_lw_w", 0 0, L_0x59e2d38124f0;  1 drivers
v0x59e2d3765060_0 .net "req_sb_w", 0 0, L_0x59e2d3811d30;  1 drivers
v0x59e2d3765120_0 .net "req_sh_lh_w", 0 0, L_0x59e2d3814410;  1 drivers
v0x59e2d37651e0_0 .net "req_sh_w", 0 0, L_0x59e2d3812970;  1 drivers
v0x59e2d37652a0_0 .net "req_sw_lw_w", 0 0, L_0x59e2d3813060;  1 drivers
v0x59e2d3765360_0 .net "req_sw_w", 0 0, L_0x59e2d3812d20;  1 drivers
v0x59e2d3765420_0 .net "resp_addr_w", 31 0, L_0x59e2d3819d40;  1 drivers
v0x59e2d3765500_0 .net "resp_byte_w", 0 0, L_0x59e2d381a280;  1 drivers
v0x59e2d37655c0_0 .net "resp_half_w", 0 0, L_0x59e2d381a050;  1 drivers
v0x59e2d3765680_0 .net "resp_load_w", 0 0, L_0x59e2d381a320;  1 drivers
v0x59e2d3765740_0 .net "resp_signed_w", 0 0, L_0x59e2d3819fb0;  1 drivers
v0x59e2d3765800_0 .net "rst_i", 0 0, v0x59e2d3789c80_0;  alias, 1 drivers
v0x59e2d37658a0_0 .net "stall_o", 0 0, L_0x59e2d3817ef0;  alias, 1 drivers
v0x59e2d373eb90_0 .net "store_inst_w", 0 0, L_0x59e2d3810a10;  1 drivers
v0x59e2d373ec30_0 .var "wb_result_r", 31 0;
v0x59e2d373ed10_0 .net "writeback_exception_o", 5 0, L_0x59e2d381c4c0;  alias, 1 drivers
v0x59e2d373edd0_0 .net "writeback_valid_o", 0 0, L_0x59e2d381a560;  alias, 1 drivers
v0x59e2d373ee70_0 .net "writeback_value_o", 31 0, L_0x59e2d381a880;  alias, 1 drivers
E_0x59e2d2e10370/0 .event anyedge, v0x59e2d3765420_0, v0x59e2d3765500_0, v0x59e2d37655c0_0, v0x59e2d3765740_0;
E_0x59e2d2e10370/1 .event anyedge, v0x59e2d3742b90_0, v0x59e2d37633f0_0, v0x59e2d3763f70_0, v0x59e2d3765680_0;
E_0x59e2d2e10370/2 .event anyedge, v0x59e2d3742710_0, v0x59e2d3741bd0_0, v0x59e2d3743150_0, v0x59e2d3742a10_0;
E_0x59e2d2e10370/3 .event anyedge, v0x59e2d373ec30_0, v0x59e2d37427d0_0;
E_0x59e2d2e10370 .event/or E_0x59e2d2e10370/0, E_0x59e2d2e10370/1, E_0x59e2d2e10370/2, E_0x59e2d2e10370/3;
E_0x59e2d3565c70/0 .event anyedge, v0x59e2d372f090_0, v0x59e2d372ec30_0, v0x59e2d372ee10_0, v0x59e2d3742890_0;
E_0x59e2d3565c70/1 .event anyedge, v0x59e2d37652a0_0, v0x59e2d3742e10_0, v0x59e2d3765120_0, v0x59e2d3764030_0;
E_0x59e2d3565c70/2 .event anyedge, v0x59e2d372ef50_0;
E_0x59e2d3565c70 .event/or E_0x59e2d3565c70/0, E_0x59e2d3565c70/1, E_0x59e2d3565c70/2;
L_0x59e2d380e480 .reduce/or L_0x59e2d3816940;
L_0x59e2d380f170 .reduce/nor L_0x59e2d380f000;
L_0x59e2d380f2f0 .cmp/eq 32, L_0x59e2d380f280, L_0x78152e1c3f60;
L_0x59e2d380f490 .cmp/eq 32, L_0x59e2d380f390, L_0x78152e1c3ff0;
L_0x59e2d380f680 .cmp/eq 32, L_0x59e2d380f610, L_0x78152e1c4080;
L_0x59e2d380f790 .cmp/eq 32, L_0x59e2d380f5a0, L_0x78152e1c4110;
L_0x59e2d380f9a0 .cmp/eq 32, L_0x59e2d380f930, L_0x78152e1c41a0;
L_0x59e2d380fc60 .cmp/eq 32, L_0x59e2d380fba0, L_0x78152e1c4230;
L_0x59e2d380fb00 .cmp/eq 32, L_0x59e2d380ffb0, L_0x78152e1c42c0;
L_0x59e2d380ff00 .cmp/eq 32, L_0x59e2d3810110, L_0x78152e1c4350;
L_0x59e2d3810580 .cmp/eq 32, L_0x59e2d38103f0, L_0x78152e1c43e0;
L_0x59e2d38104b0 .cmp/eq 32, L_0x59e2d38107d0, L_0x78152e1c4470;
L_0x59e2d3810b40 .cmp/eq 32, L_0x59e2d3810a80, L_0x78152e1c4500;
L_0x59e2d3810e80 .cmp/eq 32, L_0x59e2d3810890, L_0x78152e1c4590;
L_0x59e2d3811220 .cmp/eq 32, L_0x59e2d3811160, L_0x78152e1c4620;
L_0x59e2d3811530 .cmp/eq 32, L_0x59e2d3811360, L_0x78152e1c46b0;
L_0x59e2d38119f0 .cmp/eq 32, L_0x59e2d3811810, L_0x78152e1c4740;
L_0x59e2d3811bf0 .cmp/eq 32, L_0x59e2d3811b30, L_0x78152e1c47d0;
L_0x59e2d3812010 .cmp/eq 32, L_0x59e2d38118d0, L_0x78152e1c4860;
L_0x59e2d3812300 .cmp/eq 32, L_0x59e2d3812100, L_0x78152e1c48f0;
L_0x59e2d3811d30 .cmp/eq 32, L_0x59e2d3812600, L_0x78152e1c4980;
L_0x59e2d3812970 .cmp/eq 32, L_0x59e2d38128b0, L_0x78152e1c4a10;
L_0x59e2d3812d20 .cmp/eq 32, L_0x59e2d3812440, L_0x78152e1c4aa0;
L_0x59e2d3812f20 .cmp/eq 32, L_0x59e2d3812e60, L_0x78152e1c4b30;
L_0x59e2d38132a0 .cmp/eq 32, L_0x59e2d3812ab0, L_0x78152e1c4bc0;
L_0x59e2d3813730 .cmp/eq 32, L_0x59e2d38134f0, L_0x78152e1c4c50;
L_0x59e2d3813bf0 .cmp/eq 32, L_0x59e2d38139a0, L_0x78152e1c4ce0;
L_0x59e2d3813df0 .cmp/eq 32, L_0x59e2d3813d30, L_0x78152e1c4d70;
L_0x59e2d38142d0 .cmp/eq 32, L_0x59e2d3814210, L_0x78152e1c4e00;
L_0x59e2d3814790 .cmp/eq 32, L_0x59e2d38146d0, L_0x78152e1c4e90;
L_0x59e2d38149d0 .part L_0x59e2d383ee10, 20, 12;
L_0x59e2d3814a70 .cmp/eq 12, L_0x59e2d38149d0, L_0x78152e1c4ed8;
L_0x59e2d3815050 .cmp/eq 32, L_0x59e2d3814f90, L_0x78152e1c4f68;
L_0x59e2d3815190 .part L_0x59e2d383ee10, 20, 12;
L_0x59e2d3815350 .cmp/eq 12, L_0x59e2d3815190, L_0x78152e1c4fb0;
L_0x59e2d3815830 .cmp/eq 32, L_0x59e2d3815770, L_0x78152e1c5040;
L_0x59e2d3815230 .part L_0x59e2d383ee10, 20, 12;
L_0x59e2d3815aa0 .cmp/eq 12, L_0x59e2d3815230, L_0x78152e1c5088;
L_0x59e2d3815fc0 .part v0x59e2d3742d30_0, 2, 30;
L_0x59e2d3816060 .concat [ 2 30 0 0], L_0x78152e1c50d0, L_0x59e2d3815fc0;
L_0x59e2d3816630 .concat [ 1 1 1 1], L_0x59e2d380f210, L_0x59e2d380f210, L_0x59e2d380f210, L_0x59e2d380f210;
L_0x59e2d38176d0 .cmp/ne 4, L_0x59e2d3816940, L_0x78152e1c5160;
L_0x59e2d3817a30 .reduce/nor L_0x59e2d380e840;
LS_0x59e2d3818960_0_0 .concat [ 1 1 1 1], v0x59e2d3763870_0, v0x59e2d3764510_0, v0x59e2d37645d0_0, v0x59e2d3763930_0;
LS_0x59e2d3818960_0_4 .concat [ 32 0 0 0], v0x59e2d3742d30_0;
L_0x59e2d3818960 .concat [ 4 32 0 0], LS_0x59e2d3818960_0_0, LS_0x59e2d3818960_0_4;
L_0x59e2d3818bc0 .reduce/or L_0x59e2d3816940;
L_0x59e2d3819d40 .part L_0x59e2d38188a0, 4, 32;
L_0x59e2d3819fb0 .part L_0x59e2d38188a0, 3, 1;
L_0x59e2d381a050 .part L_0x59e2d38188a0, 2, 1;
L_0x59e2d381a280 .part L_0x59e2d38188a0, 1, 1;
L_0x59e2d381a320 .part L_0x59e2d38188a0, 0, 1;
L_0x59e2d381b9d0 .functor MUXZ 6, L_0x78152e1c54c0, L_0x78152e1c5478, L_0x59e2d381b500, C4<>;
L_0x59e2d381bb10 .functor MUXZ 6, L_0x59e2d381b9d0, L_0x78152e1c5430, L_0x59e2d381b0b0, C4<>;
L_0x59e2d381be50 .functor MUXZ 6, L_0x59e2d381bb10, L_0x78152e1c53e8, L_0x59e2d381b8d0, C4<>;
L_0x59e2d381bfe0 .functor MUXZ 6, L_0x59e2d381be50, L_0x78152e1c53a0, L_0x59e2d381b570, C4<>;
L_0x59e2d381c330 .functor MUXZ 6, L_0x59e2d381bfe0, L_0x78152e1c5358, L_0x59e2d381ace0, C4<>;
L_0x59e2d381c4c0 .functor MUXZ 6, L_0x59e2d381c330, L_0x78152e1c5310, L_0x59e2d381a8f0, C4<>;
S_0x59e2d37111f0 .scope module, "u_lsu_request" "biriscv_lsu_fifo" 19 335, 19 422 0, S_0x59e2d3710d80;
 .timescale 0 0;
    .port_info 0 /INPUT 1 "clk_i";
    .port_info 1 /INPUT 1 "rst_i";
    .port_info 2 /INPUT 36 "data_in_i";
    .port_info 3 /INPUT 1 "push_i";
    .port_info 4 /INPUT 1 "pop_i";
    .port_info 5 /OUTPUT 36 "data_out_o";
    .port_info 6 /OUTPUT 1 "accept_o";
    .port_info 7 /OUTPUT 1 "valid_o";
P_0x59e2d370e1d0 .param/l "ADDR_W" 0 19 429, +C4<00000000000000000000000000000001>;
P_0x59e2d370e210 .param/l "COUNT_W" 1 19 451, +C4<000000000000000000000000000000010>;
P_0x59e2d370e250 .param/l "DEPTH" 0 19 428, +C4<00000000000000000000000000000010>;
P_0x59e2d370e290 .param/l "WIDTH" 0 19 427, +C4<00000000000000000000000000100100>;
L_0x59e2d38188a0 .functor BUFZ 36, L_0x59e2d38186c0, C4<000000000000000000000000000000000000>, C4<000000000000000000000000000000000000>, C4<000000000000000000000000000000000000>;
v0x59e2d37368b0_0 .net *"_ivl_0", 31 0, L_0x59e2d3818210;  1 drivers
L_0x78152e1c5238 .functor BUFT 1, C4<000000000000000000000000000000>, C4<0>, C4<0>, C4<0>;
v0x59e2d37369b0_0 .net *"_ivl_11", 29 0, L_0x78152e1c5238;  1 drivers
L_0x78152e1c5280 .functor BUFT 1, C4<00000000000000000000000000000010>, C4<0>, C4<0>, C4<0>;
v0x59e2d3736a90_0 .net/2u *"_ivl_12", 31 0, L_0x78152e1c5280;  1 drivers
v0x59e2d3736b50_0 .net *"_ivl_16", 35 0, L_0x59e2d38186c0;  1 drivers
v0x59e2d3736c30_0 .net *"_ivl_18", 2 0, L_0x59e2d3818760;  1 drivers
L_0x78152e1c52c8 .functor BUFT 1, C4<00>, C4<0>, C4<0>, C4<0>;
v0x59e2d3736d60_0 .net *"_ivl_21", 1 0, L_0x78152e1c52c8;  1 drivers
L_0x78152e1c51a8 .functor BUFT 1, C4<000000000000000000000000000000>, C4<0>, C4<0>, C4<0>;
v0x59e2d3736e40_0 .net *"_ivl_3", 29 0, L_0x78152e1c51a8;  1 drivers
L_0x78152e1c51f0 .functor BUFT 1, C4<00000000000000000000000000000000>, C4<0>, C4<0>, C4<0>;
v0x59e2d3736f20_0 .net/2u *"_ivl_4", 31 0, L_0x78152e1c51f0;  1 drivers
v0x59e2d3737000_0 .net *"_ivl_8", 31 0, L_0x59e2d3818440;  1 drivers
v0x59e2d37370e0_0 .net "accept_o", 0 0, L_0x59e2d3818580;  1 drivers
v0x59e2d37371a0_0 .net "clk_i", 0 0, v0x59e2d3787d50_0;  alias, 1 drivers
v0x59e2d3737240_0 .var "count_q", 1 0;
v0x59e2d3737320_0 .net "data_in_i", 35 0, L_0x59e2d3818960;  1 drivers
v0x59e2d3737400_0 .net "data_out_o", 35 0, L_0x59e2d38188a0;  1 drivers
v0x59e2d37374e0_0 .var/i "i", 31 0;
v0x59e2d37375c0_0 .net "pop_i", 0 0, L_0x59e2d3819cd0;  1 drivers
v0x59e2d3737680_0 .net "push_i", 0 0, L_0x59e2d3819920;  1 drivers
v0x59e2d3737740 .array "ram_q", 0 1, 35 0;
v0x59e2d3737800_0 .var "rd_ptr_q", 0 0;
v0x59e2d37378e0_0 .net "rst_i", 0 0, v0x59e2d3789c80_0;  alias, 1 drivers
v0x59e2d3737b90_0 .net "valid_o", 0 0, L_0x59e2d3818300;  1 drivers
v0x59e2d3737c50_0 .var "wr_ptr_q", 0 0;
L_0x59e2d3818210 .concat [ 2 30 0 0], v0x59e2d3737240_0, L_0x78152e1c51a8;
L_0x59e2d3818300 .cmp/ne 32, L_0x59e2d3818210, L_0x78152e1c51f0;
L_0x59e2d3818440 .concat [ 2 30 0 0], v0x59e2d3737240_0, L_0x78152e1c5238;
L_0x59e2d3818580 .cmp/ne 32, L_0x59e2d3818440, L_0x78152e1c5280;
L_0x59e2d38186c0 .array/port v0x59e2d3737740, L_0x59e2d3818760;
L_0x59e2d3818760 .concat [ 1 2 0 0], v0x59e2d3737800_0, L_0x78152e1c52c8;
S_0x59e2d37669f0 .scope module, "u_mmu" "biriscv_mmu" 4 411, 20 26 0, S_0x59e2d34cce00;
 .timescale 0 0;
    .port_info 0 /INPUT 1 "clk_i";
    .port_info 1 /INPUT 1 "rst_i";
    .port_info 2 /INPUT 2 "priv_d_i";
    .port_info 3 /INPUT 1 "sum_i";
    .port_info 4 /INPUT 1 "mxr_i";
    .port_info 5 /INPUT 1 "flush_i";
    .port_info 6 /INPUT 32 "satp_i";
    .port_info 7 /INPUT 1 "fetch_in_rd_i";
    .port_info 8 /INPUT 1 "fetch_in_flush_i";
    .port_info 9 /INPUT 1 "fetch_in_invalidate_i";
    .port_info 10 /INPUT 32 "fetch_in_pc_i";
    .port_info 11 /INPUT 2 "fetch_in_priv_i";
    .port_info 12 /INPUT 1 "fetch_out_accept_i";
    .port_info 13 /INPUT 1 "fetch_out_valid_i";
    .port_info 14 /INPUT 1 "fetch_out_error_i";
    .port_info 15 /INPUT 64 "fetch_out_inst_i";
    .port_info 16 /INPUT 32 "lsu_in_addr_i";
    .port_info 17 /INPUT 32 "lsu_in_data_wr_i";
    .port_info 18 /INPUT 1 "lsu_in_rd_i";
    .port_info 19 /INPUT 4 "lsu_in_wr_i";
    .port_info 20 /INPUT 1 "lsu_in_cacheable_i";
    .port_info 21 /INPUT 11 "lsu_in_req_tag_i";
    .port_info 22 /INPUT 1 "lsu_in_invalidate_i";
    .port_info 23 /INPUT 1 "lsu_in_writeback_i";
    .port_info 24 /INPUT 1 "lsu_in_flush_i";
    .port_info 25 /INPUT 32 "lsu_out_data_rd_i";
    .port_info 26 /INPUT 1 "lsu_out_accept_i";
    .port_info 27 /INPUT 1 "lsu_out_ack_i";
    .port_info 28 /INPUT 1 "lsu_out_error_i";
    .port_info 29 /INPUT 11 "lsu_out_resp_tag_i";
    .port_info 30 /OUTPUT 1 "fetch_in_accept_o";
    .port_info 31 /OUTPUT 1 "fetch_in_valid_o";
    .port_info 32 /OUTPUT 1 "fetch_in_error_o";
    .port_info 33 /OUTPUT 64 "fetch_in_inst_o";
    .port_info 34 /OUTPUT 1 "fetch_out_rd_o";
    .port_info 35 /OUTPUT 1 "fetch_out_flush_o";
    .port_info 36 /OUTPUT 1 "fetch_out_invalidate_o";
    .port_info 37 /OUTPUT 32 "fetch_out_pc_o";
    .port_info 38 /OUTPUT 1 "fetch_in_fault_o";
    .port_info 39 /OUTPUT 32 "lsu_in_data_rd_o";
    .port_info 40 /OUTPUT 1 "lsu_in_accept_o";
    .port_info 41 /OUTPUT 1 "lsu_in_ack_o";
    .port_info 42 /OUTPUT 1 "lsu_in_error_o";
    .port_info 43 /OUTPUT 11 "lsu_in_resp_tag_o";
    .port_info 44 /OUTPUT 32 "lsu_out_addr_o";
    .port_info 45 /OUTPUT 32 "lsu_out_data_wr_o";
    .port_info 46 /OUTPUT 1 "lsu_out_rd_o";
    .port_info 47 /OUTPUT 4 "lsu_out_wr_o";
    .port_info 48 /OUTPUT 1 "lsu_out_cacheable_o";
    .port_info 49 /OUTPUT 11 "lsu_out_req_tag_o";
    .port_info 50 /OUTPUT 1 "lsu_out_invalidate_o";
    .port_info 51 /OUTPUT 1 "lsu_out_writeback_o";
    .port_info 52 /OUTPUT 1 "lsu_out_flush_o";
    .port_info 53 /OUTPUT 1 "lsu_in_load_fault_o";
    .port_info 54 /OUTPUT 1 "lsu_in_store_fault_o";
P_0x59e2d37399b0 .param/l "MEM_CACHE_ADDR_MAX" 0 20 32, C4<10001111111111111111111111111111>;
P_0x59e2d37399f0 .param/l "MEM_CACHE_ADDR_MIN" 0 20 31, C4<10000000000000000000000000000000>;
P_0x59e2d3739a30 .param/l "STATE_IDLE" 1 20 110, +C4<00000000000000000000000000000000>;
P_0x59e2d3739a70 .param/l "STATE_LEVEL_FIRST" 1 20 111, +C4<00000000000000000000000000000001>;
P_0x59e2d3739ab0 .param/l "STATE_LEVEL_SECOND" 1 20 112, +C4<00000000000000000000000000000010>;
P_0x59e2d3739af0 .param/l "STATE_UPDATE" 1 20 113, +C4<00000000000000000000000000000011>;
P_0x59e2d3739b30 .param/l "STATE_W" 1 20 109, +C4<00000000000000000000000000000010>;
P_0x59e2d3739b70 .param/l "SUPPORT_MMU" 0 20 33, +C4<00000000000000000000000000000000>;
v0x59e2d3767660_0 .net "clk_i", 0 0, v0x59e2d3787d50_0;  alias, 1 drivers
v0x59e2d3767720_0 .net "fetch_in_accept_o", 0 0, L_0x59e2d380d680;  alias, 1 drivers
v0x59e2d3767830_0 .net "fetch_in_error_o", 0 0, L_0x59e2d380d880;  alias, 1 drivers
v0x59e2d3767920_0 .net "fetch_in_fault_o", 0 0, L_0x78152e1c3e40;  alias, 1 drivers
v0x59e2d3767a10_0 .net "fetch_in_flush_i", 0 0, L_0x59e2d3809a00;  alias, 1 drivers
v0x59e2d3767b50_0 .net "fetch_in_inst_o", 63 0, L_0x59e2d380d980;  alias, 1 drivers
v0x59e2d3767c40_0 .net "fetch_in_invalidate_i", 0 0, L_0x78152e1c3db0;  alias, 1 drivers
v0x59e2d3767d30_0 .net "fetch_in_pc_i", 31 0, L_0x59e2d38098a0;  alias, 1 drivers
v0x59e2d3767e20_0 .net "fetch_in_priv_i", 1 0, L_0x59e2d3809990;  alias, 1 drivers
v0x59e2d3767ee0_0 .net "fetch_in_rd_i", 0 0, L_0x59e2d38096f0;  alias, 1 drivers
v0x59e2d3767fd0_0 .net "fetch_in_valid_o", 0 0, L_0x59e2d380d780;  alias, 1 drivers
v0x59e2d37680c0_0 .net "fetch_out_accept_i", 0 0, L_0x78152e1c7908;  alias, 1 drivers
v0x59e2d3768180_0 .net "fetch_out_error_i", 0 0, L_0x78152e1c7950;  alias, 1 drivers
v0x59e2d3768240_0 .net "fetch_out_flush_o", 0 0, L_0x59e2d380d480;  alias, 1 drivers
v0x59e2d3768300_0 .net "fetch_out_inst_i", 63 0, v0x59e2d3784f20_0;  alias, 1 drivers
v0x59e2d37683e0_0 .net "fetch_out_invalidate_o", 0 0, L_0x59e2d380d580;  alias, 1 drivers
v0x59e2d37684a0_0 .net "fetch_out_pc_o", 31 0, L_0x59e2d380d380;  alias, 1 drivers
v0x59e2d3768580_0 .net "fetch_out_rd_o", 0 0, L_0x59e2d380d280;  alias, 1 drivers
v0x59e2d3768640_0 .net "fetch_out_valid_i", 0 0, v0x59e2d3787690_0;  alias, 1 drivers
v0x59e2d3768700_0 .net "flush_i", 0 0, L_0x59e2d38211c0;  alias, 1 drivers
v0x59e2d37687a0_0 .net "lsu_in_accept_o", 0 0, L_0x59e2d380e840;  alias, 1 drivers
v0x59e2d3768840_0 .net "lsu_in_ack_o", 0 0, L_0x59e2d380e380;  alias, 1 drivers
v0x59e2d37688e0_0 .net "lsu_in_addr_i", 31 0, L_0x59e2d3816060;  alias, 1 drivers
v0x59e2d3768980_0 .net "lsu_in_cacheable_i", 0 0, v0x59e2d3742fb0_0;  alias, 1 drivers
v0x59e2d3768a20_0 .net "lsu_in_data_rd_o", 31 0, L_0x59e2d380e740;  alias, 1 drivers
v0x59e2d3768ac0_0 .net "lsu_in_data_wr_i", 31 0, v0x59e2d3763310_0;  alias, 1 drivers
v0x59e2d3768b60_0 .net "lsu_in_error_o", 0 0, L_0x59e2d380e590;  alias, 1 drivers
v0x59e2d3768c00_0 .net "lsu_in_flush_i", 0 0, v0x59e2d3763570_0;  alias, 1 drivers
v0x59e2d3768ca0_0 .net "lsu_in_invalidate_i", 0 0, v0x59e2d37636f0_0;  alias, 1 drivers
v0x59e2d3768d40_0 .net "lsu_in_load_fault_o", 0 0, L_0x78152e1c3ed0;  alias, 1 drivers
v0x59e2d3768e10_0 .net "lsu_in_rd_i", 0 0, L_0x59e2d3816570;  alias, 1 drivers
v0x59e2d3768ee0_0 .net "lsu_in_req_tag_i", 10 0, L_0x78152e1c5118;  alias, 1 drivers
v0x59e2d3768fb0_0 .net "lsu_in_resp_tag_o", 10 0, L_0x59e2d380e520;  alias, 1 drivers
v0x59e2d3769290_0 .net "lsu_in_store_fault_o", 0 0, L_0x78152e1c3e88;  alias, 1 drivers
v0x59e2d3769360_0 .net "lsu_in_wr_i", 3 0, L_0x59e2d3816940;  alias, 1 drivers
v0x59e2d3769430_0 .net "lsu_in_writeback_i", 0 0, v0x59e2d3764450_0;  alias, 1 drivers
v0x59e2d3769500_0 .net "lsu_out_accept_i", 0 0, L_0x78152e1c79e0;  alias, 1 drivers
v0x59e2d37695a0_0 .net "lsu_out_ack_i", 0 0, v0x59e2d3786420_0;  alias, 1 drivers
v0x59e2d3769640_0 .net "lsu_out_addr_o", 31 0, L_0x59e2d380dbf0;  alias, 1 drivers
v0x59e2d37696e0_0 .net "lsu_out_cacheable_o", 0 0, L_0x59e2d380ddf0;  alias, 1 drivers
v0x59e2d3769780_0 .net "lsu_out_data_rd_i", 31 0, L_0x59e2d3848ee0;  alias, 1 drivers
v0x59e2d3769820_0 .net "lsu_out_data_wr_o", 31 0, L_0x59e2d380dcf0;  alias, 1 drivers
v0x59e2d37698c0_0 .net "lsu_out_error_i", 0 0, L_0x78152e1c7998;  alias, 1 drivers
v0x59e2d3769960_0 .net "lsu_out_flush_o", 0 0, L_0x59e2d380e280;  alias, 1 drivers
v0x59e2d3769a00_0 .net "lsu_out_invalidate_o", 0 0, L_0x59e2d380de60;  alias, 1 drivers
v0x59e2d3769ac0_0 .net "lsu_out_rd_o", 0 0, L_0x59e2d380d9f0;  alias, 1 drivers
v0x59e2d3769b80_0 .net "lsu_out_req_tag_o", 10 0, L_0x59e2d380e0f0;  alias, 1 drivers
v0x59e2d3769c60_0 .net "lsu_out_resp_tag_i", 10 0, v0x59e2d3786ce0_0;  alias, 1 drivers
v0x59e2d3769d40_0 .net "lsu_out_wr_o", 3 0, L_0x59e2d380daf0;  alias, 1 drivers
v0x59e2d3769e20_0 .net "lsu_out_writeback_o", 0 0, L_0x59e2d380df60;  alias, 1 drivers
v0x59e2d3769ee0_0 .net "mxr_i", 0 0, L_0x59e2d38212d0;  alias, 1 drivers
v0x59e2d3769fb0_0 .net "priv_d_i", 1 0, L_0x59e2d3820e70;  alias, 1 drivers
v0x59e2d376a080_0 .net "rst_i", 0 0, v0x59e2d3789c80_0;  alias, 1 drivers
v0x59e2d376a120_0 .net "satp_i", 31 0, L_0x59e2d3820d20;  alias, 1 drivers
v0x59e2d376a1f0_0 .net "sum_i", 0 0, L_0x59e2d3821230;  alias, 1 drivers
S_0x59e2d37674b0 .scope generate, "genblk1" "genblk1" 20 119, 20 119 0, S_0x59e2d37669f0;
 .timescale 0 0;
L_0x59e2d380d280 .functor BUFZ 1, L_0x59e2d38096f0, C4<0>, C4<0>, C4<0>;
L_0x59e2d380d380 .functor BUFZ 32, L_0x59e2d38098a0, C4<00000000000000000000000000000000>, C4<00000000000000000000000000000000>, C4<00000000000000000000000000000000>;
L_0x59e2d380d480 .functor BUFZ 1, L_0x59e2d3809a00, C4<0>, C4<0>, C4<0>;
L_0x59e2d380d580 .functor BUFZ 1, L_0x78152e1c3db0, C4<0>, C4<0>, C4<0>;
L_0x59e2d380d680 .functor BUFZ 1, L_0x78152e1c7908, C4<0>, C4<0>, C4<0>;
L_0x59e2d380d780 .functor BUFZ 1, v0x59e2d3787690_0, C4<0>, C4<0>, C4<0>;
L_0x59e2d380d880 .functor BUFZ 1, L_0x78152e1c7950, C4<0>, C4<0>, C4<0>;
L_0x59e2d380d980 .functor BUFZ 64, v0x59e2d3784f20_0, C4<0000000000000000000000000000000000000000000000000000000000000000>, C4<0000000000000000000000000000000000000000000000000000000000000000>, C4<0000000000000000000000000000000000000000000000000000000000000000>;
L_0x59e2d380d9f0 .functor BUFZ 1, L_0x59e2d3816570, C4<0>, C4<0>, C4<0>;
L_0x59e2d380daf0 .functor BUFZ 4, L_0x59e2d3816940, C4<0000>, C4<0000>, C4<0000>;
L_0x59e2d380dbf0 .functor BUFZ 32, L_0x59e2d3816060, C4<00000000000000000000000000000000>, C4<00000000000000000000000000000000>, C4<00000000000000000000000000000000>;
L_0x59e2d380dcf0 .functor BUFZ 32, v0x59e2d3763310_0, C4<00000000000000000000000000000000>, C4<00000000000000000000000000000000>, C4<00000000000000000000000000000000>;
L_0x59e2d380de60 .functor BUFZ 1, v0x59e2d37636f0_0, C4<0>, C4<0>, C4<0>;
L_0x59e2d380df60 .functor BUFZ 1, v0x59e2d3764450_0, C4<0>, C4<0>, C4<0>;
L_0x59e2d380ddf0 .functor BUFZ 1, v0x59e2d3742fb0_0, C4<0>, C4<0>, C4<0>;
L_0x59e2d380e0f0 .functor BUFZ 11, L_0x78152e1c5118, C4<00000000000>, C4<00000000000>, C4<00000000000>;
L_0x59e2d380e280 .functor BUFZ 1, v0x59e2d3763570_0, C4<0>, C4<0>, C4<0>;
L_0x59e2d380e380 .functor BUFZ 1, v0x59e2d3786420_0, C4<0>, C4<0>, C4<0>;
L_0x59e2d380e520 .functor BUFZ 11, v0x59e2d3786ce0_0, C4<00000000000>, C4<00000000000>, C4<00000000000>;
L_0x59e2d380e590 .functor BUFZ 1, L_0x78152e1c7998, C4<0>, C4<0>, C4<0>;
L_0x59e2d380e740 .functor BUFZ 32, L_0x59e2d3848ee0, C4<00000000000000000000000000000000>, C4<00000000000000000000000000000000>, C4<00000000000000000000000000000000>;
L_0x59e2d380e840 .functor BUFZ 1, L_0x78152e1c79e0, C4<0>, C4<0>, C4<0>;
S_0x59e2d376a950 .scope module, "u_mul" "biriscv_multiplier" 4 567, 21 26 0, S_0x59e2d34cce00;
 .timescale 0 0;
    .port_info 0 /INPUT 1 "clk_i";
    .port_info 1 /INPUT 1 "rst_i";
    .port_info 2 /INPUT 1 "opcode_valid_i";
    .port_info 3 /INPUT 32 "opcode_opcode_i";
    .port_info 4 /INPUT 32 "opcode_pc_i";
    .port_info 5 /INPUT 1 "opcode_invalid_i";
    .port_info 6 /INPUT 5 "opcode_rd_idx_i";
    .port_info 7 /INPUT 5 "opcode_ra_idx_i";
    .port_info 8 /INPUT 5 "opcode_rb_idx_i";
    .port_info 9 /INPUT 32 "opcode_ra_operand_i";
    .port_info 10 /INPUT 32 "opcode_rb_operand_i";
    .port_info 11 /INPUT 1 "hold_i";
    .port_info 12 /OUTPUT 32 "writeback_value_o";
P_0x59e2d376ab30 .param/l "MULT_STAGES" 1 21 53, +C4<00000000000000000000000000000010>;
L_0x78152e1c5f28 .functor BUFT 1, C4<11111110000000000111000001111111>, C4<0>, C4<0>, C4<0>;
L_0x59e2d3820f10 .functor AND 32, L_0x59e2d3842030, L_0x78152e1c5f28, C4<11111111111111111111111111111111>, C4<11111111111111111111111111111111>;
L_0x78152e1c5fb8 .functor BUFT 1, C4<11111110000000000111000001111111>, C4<0>, C4<0>, C4<0>;
L_0x59e2d38214f0 .functor AND 32, L_0x59e2d3842030, L_0x78152e1c5fb8, C4<11111111111111111111111111111111>, C4<11111111111111111111111111111111>;
L_0x59e2d3821730 .functor OR 1, L_0x59e2d3821450, L_0x59e2d38215f0, C4<0>, C4<0>;
L_0x78152e1c6048 .functor BUFT 1, C4<11111110000000000111000001111111>, C4<0>, C4<0>, C4<0>;
L_0x59e2d3821840 .functor AND 32, L_0x59e2d3842030, L_0x78152e1c6048, C4<11111111111111111111111111111111>, C4<11111111111111111111111111111111>;
L_0x59e2d3821a40 .functor OR 1, L_0x59e2d3821730, L_0x59e2d3821900, C4<0>, C4<0>;
L_0x78152e1c60d8 .functor BUFT 1, C4<11111110000000000111000001111111>, C4<0>, C4<0>, C4<0>;
L_0x59e2d3821b50 .functor AND 32, L_0x59e2d3842030, L_0x78152e1c60d8, C4<11111111111111111111111111111111>, C4<11111111111111111111111111111111>;
L_0x59e2d3821d50 .functor OR 1, L_0x59e2d3821a40, L_0x59e2d3821c10, C4<0>, C4<0>;
L_0x59e2d3822530 .functor BUFZ 32, v0x59e2d376d2e0_0, C4<00000000000000000000000000000000>, C4<00000000000000000000000000000000>, C4<00000000000000000000000000000000>;
v0x59e2d376ae00_0 .net/2u *"_ivl_0", 31 0, L_0x78152e1c5f28;  1 drivers
v0x59e2d376af00_0 .net *"_ivl_10", 31 0, L_0x59e2d38214f0;  1 drivers
L_0x78152e1c6000 .functor BUFT 1, C4<00000010000000000001000000110011>, C4<0>, C4<0>, C4<0>;
v0x59e2d376afe0_0 .net/2u *"_ivl_12", 31 0, L_0x78152e1c6000;  1 drivers
v0x59e2d376b0d0_0 .net *"_ivl_14", 0 0, L_0x59e2d38215f0;  1 drivers
v0x59e2d376b190_0 .net *"_ivl_17", 0 0, L_0x59e2d3821730;  1 drivers
v0x59e2d376b2a0_0 .net/2u *"_ivl_18", 31 0, L_0x78152e1c6048;  1 drivers
v0x59e2d376b380_0 .net *"_ivl_2", 31 0, L_0x59e2d3820f10;  1 drivers
v0x59e2d376b460_0 .net *"_ivl_20", 31 0, L_0x59e2d3821840;  1 drivers
L_0x78152e1c6090 .functor BUFT 1, C4<00000010000000000010000000110011>, C4<0>, C4<0>, C4<0>;
v0x59e2d376b540_0 .net/2u *"_ivl_22", 31 0, L_0x78152e1c6090;  1 drivers
v0x59e2d376b620_0 .net *"_ivl_24", 0 0, L_0x59e2d3821900;  1 drivers
v0x59e2d376b6e0_0 .net *"_ivl_27", 0 0, L_0x59e2d3821a40;  1 drivers
v0x59e2d376b7a0_0 .net/2u *"_ivl_28", 31 0, L_0x78152e1c60d8;  1 drivers
v0x59e2d376b880_0 .net *"_ivl_30", 31 0, L_0x59e2d3821b50;  1 drivers
L_0x78152e1c6120 .functor BUFT 1, C4<00000010000000000011000000110011>, C4<0>, C4<0>, C4<0>;
v0x59e2d376b960_0 .net/2u *"_ivl_32", 31 0, L_0x78152e1c6120;  1 drivers
v0x59e2d376ba40_0 .net *"_ivl_34", 0 0, L_0x59e2d3821c10;  1 drivers
v0x59e2d376bb00_0 .net *"_ivl_39", 0 0, L_0x59e2d3821e60;  1 drivers
L_0x78152e1c5f70 .functor BUFT 1, C4<00000010000000000000000000110011>, C4<0>, C4<0>, C4<0>;
v0x59e2d376bbe0_0 .net/2u *"_ivl_4", 31 0, L_0x78152e1c5f70;  1 drivers
v0x59e2d376bcc0_0 .net *"_ivl_40", 31 0, L_0x59e2d3821f00;  1 drivers
v0x59e2d376bda0_0 .net *"_ivl_42", 64 0, L_0x59e2d3822080;  1 drivers
v0x59e2d376be80_0 .net *"_ivl_45", 0 0, L_0x59e2d3822170;  1 drivers
v0x59e2d376bf60_0 .net *"_ivl_46", 31 0, L_0x59e2d3822260;  1 drivers
v0x59e2d376c040_0 .net *"_ivl_48", 64 0, L_0x59e2d3822350;  1 drivers
v0x59e2d376c120_0 .net *"_ivl_6", 0 0, L_0x59e2d3821450;  1 drivers
v0x59e2d376c1e0_0 .net/2u *"_ivl_8", 31 0, L_0x78152e1c5fb8;  1 drivers
v0x59e2d376c2c0_0 .net "clk_i", 0 0, v0x59e2d3787d50_0;  alias, 1 drivers
v0x59e2d376c360_0 .net "hold_i", 0 0, L_0x59e2d38311a0;  alias, 1 drivers
v0x59e2d376c400_0 .var "mulhi_sel_e1_q", 0 0;
v0x59e2d376c4a0_0 .net "mult_inst_w", 0 0, L_0x59e2d3821d50;  1 drivers
v0x59e2d376c560_0 .net "mult_result_w", 64 0, L_0x59e2d3822440;  1 drivers
v0x59e2d376c640_0 .net "opcode_invalid_i", 0 0, L_0x78152e1c75a8;  alias, 1 drivers
v0x59e2d376c710_0 .net "opcode_opcode_i", 31 0, L_0x59e2d3842030;  alias, 1 drivers
v0x59e2d376c7e0_0 .net "opcode_pc_i", 31 0, L_0x59e2d38423e0;  alias, 1 drivers
v0x59e2d376c8b0_0 .net "opcode_ra_idx_i", 4 0, L_0x59e2d3842240;  alias, 1 drivers
v0x59e2d376cb90_0 .net "opcode_ra_operand_i", 31 0, L_0x59e2d38426e0;  alias, 1 drivers
v0x59e2d376cc60_0 .net "opcode_rb_idx_i", 4 0, L_0x59e2d38422e0;  alias, 1 drivers
v0x59e2d376cd30_0 .net "opcode_rb_operand_i", 31 0, L_0x59e2d3842780;  alias, 1 drivers
v0x59e2d376ce00_0 .net "opcode_rd_idx_i", 4 0, L_0x59e2d3842480;  alias, 1 drivers
v0x59e2d376ced0_0 .net "opcode_valid_i", 0 0, L_0x59e2d3837650;  alias, 1 drivers
v0x59e2d376cfa0_0 .var "operand_a_e1_q", 32 0;
v0x59e2d376d040_0 .var "operand_a_r", 32 0;
v0x59e2d376d120_0 .var "operand_b_e1_q", 32 0;
v0x59e2d376d200_0 .var "operand_b_r", 32 0;
v0x59e2d376d2e0_0 .var "result_e2_q", 31 0;
v0x59e2d376d3c0_0 .var "result_e3_q", 31 0;
v0x59e2d376d4a0_0 .var "result_r", 31 0;
v0x59e2d376d580_0 .net "rst_i", 0 0, v0x59e2d3789c80_0;  alias, 1 drivers
v0x59e2d376d620_0 .net "writeback_value_o", 31 0, L_0x59e2d3822530;  alias, 1 drivers
E_0x59e2d2ef41b0 .event anyedge, v0x59e2d376c400_0, v0x59e2d376c560_0;
E_0x59e2d2ec43b0 .event anyedge, v0x59e2d372f3b0_0, v0x59e2d372f6d0_0;
E_0x59e2d376ada0 .event anyedge, v0x59e2d372f3b0_0, v0x59e2d372f590_0;
L_0x59e2d3821450 .cmp/eq 32, L_0x59e2d3820f10, L_0x78152e1c5f70;
L_0x59e2d38215f0 .cmp/eq 32, L_0x59e2d38214f0, L_0x78152e1c6000;
L_0x59e2d3821900 .cmp/eq 32, L_0x59e2d3821840, L_0x78152e1c6090;
L_0x59e2d3821c10 .cmp/eq 32, L_0x59e2d3821b50, L_0x78152e1c6120;
L_0x59e2d3821e60 .part v0x59e2d376cfa0_0, 32, 1;
LS_0x59e2d3821f00_0_0 .concat [ 1 1 1 1], L_0x59e2d3821e60, L_0x59e2d3821e60, L_0x59e2d3821e60, L_0x59e2d3821e60;
LS_0x59e2d3821f00_0_4 .concat [ 1 1 1 1], L_0x59e2d3821e60, L_0x59e2d3821e60, L_0x59e2d3821e60, L_0x59e2d3821e60;
LS_0x59e2d3821f00_0_8 .concat [ 1 1 1 1], L_0x59e2d3821e60, L_0x59e2d3821e60, L_0x59e2d3821e60, L_0x59e2d3821e60;
LS_0x59e2d3821f00_0_12 .concat [ 1 1 1 1], L_0x59e2d3821e60, L_0x59e2d3821e60, L_0x59e2d3821e60, L_0x59e2d3821e60;
LS_0x59e2d3821f00_0_16 .concat [ 1 1 1 1], L_0x59e2d3821e60, L_0x59e2d3821e60, L_0x59e2d3821e60, L_0x59e2d3821e60;
LS_0x59e2d3821f00_0_20 .concat [ 1 1 1 1], L_0x59e2d3821e60, L_0x59e2d3821e60, L_0x59e2d3821e60, L_0x59e2d3821e60;
LS_0x59e2d3821f00_0_24 .concat [ 1 1 1 1], L_0x59e2d3821e60, L_0x59e2d3821e60, L_0x59e2d3821e60, L_0x59e2d3821e60;
LS_0x59e2d3821f00_0_28 .concat [ 1 1 1 1], L_0x59e2d3821e60, L_0x59e2d3821e60, L_0x59e2d3821e60, L_0x59e2d3821e60;
LS_0x59e2d3821f00_1_0 .concat [ 4 4 4 4], LS_0x59e2d3821f00_0_0, LS_0x59e2d3821f00_0_4, LS_0x59e2d3821f00_0_8, LS_0x59e2d3821f00_0_12;
LS_0x59e2d3821f00_1_4 .concat [ 4 4 4 4], LS_0x59e2d3821f00_0_16, LS_0x59e2d3821f00_0_20, LS_0x59e2d3821f00_0_24, LS_0x59e2d3821f00_0_28;
L_0x59e2d3821f00 .concat [ 16 16 0 0], LS_0x59e2d3821f00_1_0, LS_0x59e2d3821f00_1_4;
L_0x59e2d3822080 .concat [ 33 32 0 0], v0x59e2d376cfa0_0, L_0x59e2d3821f00;
L_0x59e2d3822170 .part v0x59e2d376d120_0, 32, 1;
LS_0x59e2d3822260_0_0 .concat [ 1 1 1 1], L_0x59e2d3822170, L_0x59e2d3822170, L_0x59e2d3822170, L_0x59e2d3822170;
LS_0x59e2d3822260_0_4 .concat [ 1 1 1 1], L_0x59e2d3822170, L_0x59e2d3822170, L_0x59e2d3822170, L_0x59e2d3822170;
LS_0x59e2d3822260_0_8 .concat [ 1 1 1 1], L_0x59e2d3822170, L_0x59e2d3822170, L_0x59e2d3822170, L_0x59e2d3822170;
LS_0x59e2d3822260_0_12 .concat [ 1 1 1 1], L_0x59e2d3822170, L_0x59e2d3822170, L_0x59e2d3822170, L_0x59e2d3822170;
LS_0x59e2d3822260_0_16 .concat [ 1 1 1 1], L_0x59e2d3822170, L_0x59e2d3822170, L_0x59e2d3822170, L_0x59e2d3822170;
LS_0x59e2d3822260_0_20 .concat [ 1 1 1 1], L_0x59e2d3822170, L_0x59e2d3822170, L_0x59e2d3822170, L_0x59e2d3822170;
LS_0x59e2d3822260_0_24 .concat [ 1 1 1 1], L_0x59e2d3822170, L_0x59e2d3822170, L_0x59e2d3822170, L_0x59e2d3822170;
LS_0x59e2d3822260_0_28 .concat [ 1 1 1 1], L_0x59e2d3822170, L_0x59e2d3822170, L_0x59e2d3822170, L_0x59e2d3822170;
LS_0x59e2d3822260_1_0 .concat [ 4 4 4 4], LS_0x59e2d3822260_0_0, LS_0x59e2d3822260_0_4, LS_0x59e2d3822260_0_8, LS_0x59e2d3822260_0_12;
LS_0x59e2d3822260_1_4 .concat [ 4 4 4 4], LS_0x59e2d3822260_0_16, LS_0x59e2d3822260_0_20, LS_0x59e2d3822260_0_24, LS_0x59e2d3822260_0_28;
L_0x59e2d3822260 .concat [ 16 16 0 0], LS_0x59e2d3822260_1_0, LS_0x59e2d3822260_1_4;
L_0x59e2d3822350 .concat [ 33 32 0 0], v0x59e2d376d120_0, L_0x59e2d3822260;
L_0x59e2d3822440 .arith/mult 65, L_0x59e2d3822080, L_0x59e2d3822350;
S_0x59e2d376d880 .scope module, "u_mule" "biriscv_multiplier_efficient" 4 588, 22 1 0, S_0x59e2d34cce00;
 .timescale 0 0;
    .port_info 0 /INPUT 1 "clk_i";
    .port_info 1 /INPUT 1 "rst_i";
    .port_info 2 /INPUT 1 "opcode_valid_i";
    .port_info 3 /INPUT 32 "opcode_opcode_i";
    .port_info 4 /INPUT 32 "opcode_pc_i";
    .port_info 5 /INPUT 1 "opcode_invalid_i";
    .port_info 6 /INPUT 5 "opcode_rd_idx_i";
    .port_info 7 /INPUT 5 "opcode_ra_idx_i";
    .port_info 8 /INPUT 5 "opcode_rb_idx_i";
    .port_info 9 /INPUT 32 "opcode_ra_operand_i";
    .port_info 10 /INPUT 32 "opcode_rb_operand_i";
    .port_info 11 /OUTPUT 1 "writeback_valid_o";
    .port_info 12 /OUTPUT 32 "writeback_value_o";
    .port_info 13 /OUTPUT 5 "writeback_rd_idx_o";
P_0x59e2d376da10 .param/l "MULE_STATE_CALC0" 1 22 31, C4<001>;
P_0x59e2d376da50 .param/l "MULE_STATE_CALC1" 1 22 32, C4<010>;
P_0x59e2d376da90 .param/l "MULE_STATE_CALC2" 1 22 33, C4<011>;
P_0x59e2d376dad0 .param/l "MULE_STATE_DONE" 1 22 34, C4<100>;
P_0x59e2d376db10 .param/l "MULE_STATE_IDLE" 1 22 30, C4<000>;
P_0x59e2d376db50 .param/l "MULE_STATE_ZERO_DONE" 1 22 35, C4<101>;
L_0x59e2d3822c30 .functor OR 1, L_0x59e2d3822910, L_0x59e2d3822a00, C4<0>, C4<0>;
L_0x59e2d3822d40 .functor OR 1, L_0x59e2d3822c30, L_0x59e2d3822b40, C4<0>, C4<0>;
L_0x59e2d3824040 .functor BUFZ 32, L_0x59e2d3823bd0, C4<00000000000000000000000000000000>, C4<00000000000000000000000000000000>, C4<00000000000000000000000000000000>;
v0x59e2d376dfc0_0 .net *"_ivl_0", 31 0, L_0x59e2d38225f0;  1 drivers
L_0x78152e1c61f8 .functor BUFT 1, C4<001>, C4<0>, C4<0>, C4<0>;
v0x59e2d376e0a0_0 .net/2u *"_ivl_10", 2 0, L_0x78152e1c61f8;  1 drivers
L_0x78152e1c6240 .functor BUFT 1, C4<010>, C4<0>, C4<0>, C4<0>;
v0x59e2d376e180_0 .net/2u *"_ivl_14", 2 0, L_0x78152e1c6240;  1 drivers
L_0x78152e1c6288 .functor BUFT 1, C4<011>, C4<0>, C4<0>, C4<0>;
v0x59e2d376e270_0 .net/2u *"_ivl_18", 2 0, L_0x78152e1c6288;  1 drivers
v0x59e2d376e350_0 .net *"_ivl_23", 0 0, L_0x59e2d3822c30;  1 drivers
v0x59e2d376e460_0 .net *"_ivl_27", 15 0, L_0x59e2d3822e50;  1 drivers
v0x59e2d376e540_0 .net *"_ivl_29", 15 0, L_0x59e2d3822ef0;  1 drivers
L_0x78152e1c6168 .functor BUFT 1, C4<0000000000000000>, C4<0>, C4<0>, C4<0>;
v0x59e2d376e620_0 .net *"_ivl_3", 15 0, L_0x78152e1c6168;  1 drivers
L_0x78152e1c62d0 .functor BUFT 1, C4<0000000000000000>, C4<0>, C4<0>, C4<0>;
v0x59e2d376e700_0 .net/2u *"_ivl_30", 15 0, L_0x78152e1c62d0;  1 drivers
v0x59e2d376e7e0_0 .net *"_ivl_32", 15 0, L_0x59e2d3823030;  1 drivers
v0x59e2d376e8c0_0 .net *"_ivl_37", 15 0, L_0x59e2d3823300;  1 drivers
v0x59e2d376e9a0_0 .net *"_ivl_39", 15 0, L_0x59e2d38233a0;  1 drivers
v0x59e2d376ea80_0 .net *"_ivl_4", 31 0, L_0x59e2d38226e0;  1 drivers
L_0x78152e1c6318 .functor BUFT 1, C4<0000000000000000>, C4<0>, C4<0>, C4<0>;
v0x59e2d376eb60_0 .net/2u *"_ivl_40", 15 0, L_0x78152e1c6318;  1 drivers
v0x59e2d376ec40_0 .net *"_ivl_42", 15 0, L_0x59e2d3823500;  1 drivers
v0x59e2d376ed20_0 .net *"_ivl_46", 31 0, L_0x59e2d3823870;  1 drivers
v0x59e2d376ee00_0 .net *"_ivl_48", 15 0, L_0x59e2d38237d0;  1 drivers
L_0x78152e1c6360 .functor BUFT 1, C4<0000000000000000>, C4<0>, C4<0>, C4<0>;
v0x59e2d376eee0_0 .net *"_ivl_50", 15 0, L_0x78152e1c6360;  1 drivers
v0x59e2d376efc0_0 .net *"_ivl_52", 31 0, L_0x59e2d3823a40;  1 drivers
v0x59e2d376f0a0_0 .net *"_ivl_54", 31 0, L_0x59e2d3823c70;  1 drivers
v0x59e2d376f180_0 .net *"_ivl_56", 15 0, L_0x59e2d3823b30;  1 drivers
L_0x78152e1c63a8 .functor BUFT 1, C4<0000000000000000>, C4<0>, C4<0>, C4<0>;
v0x59e2d376f260_0 .net *"_ivl_58", 15 0, L_0x78152e1c63a8;  1 drivers
v0x59e2d376f340_0 .net *"_ivl_60", 31 0, L_0x59e2d3823db0;  1 drivers
L_0x78152e1c63f0 .functor BUFT 1, C4<00000000000000000000000000000000>, C4<0>, C4<0>, C4<0>;
v0x59e2d376f420_0 .net/2u *"_ivl_62", 31 0, L_0x78152e1c63f0;  1 drivers
L_0x78152e1c61b0 .functor BUFT 1, C4<0000000000000000>, C4<0>, C4<0>, C4<0>;
v0x59e2d376f500_0 .net *"_ivl_7", 15 0, L_0x78152e1c61b0;  1 drivers
v0x59e2d376f5e0_0 .var "a_q", 31 0;
v0x59e2d376f6c0_0 .var "b_q", 31 0;
v0x59e2d376f7a0_0 .net "clk_i", 0 0, v0x59e2d3787d50_0;  alias, 1 drivers
v0x59e2d376f840_0 .net "mult_a_in_w", 15 0, L_0x59e2d38231c0;  1 drivers
v0x59e2d376f920_0 .net "mult_active_w", 0 0, L_0x59e2d3822d40;  1 drivers
v0x59e2d376f9e0_0 .net "mult_b_in_w", 15 0, L_0x59e2d3823640;  1 drivers
v0x59e2d376fac0_0 .net "mult_out_w", 31 0, L_0x59e2d38227d0;  1 drivers
v0x59e2d376fba0_0 .net "opcode_invalid_i", 0 0, L_0x59e2d3843a70;  alias, 1 drivers
v0x59e2d376fe50_0 .net "opcode_opcode_i", 31 0, L_0x59e2d3842630;  alias, 1 drivers
v0x59e2d376ff20_0 .net "opcode_pc_i", 31 0, L_0x59e2d38429f0;  alias, 1 drivers
v0x59e2d376fff0_0 .net "opcode_ra_idx_i", 4 0, L_0x59e2d3842f60;  alias, 1 drivers
v0x59e2d37700c0_0 .net "opcode_ra_operand_i", 31 0, L_0x59e2d38433d0;  alias, 1 drivers
v0x59e2d3770190_0 .net "opcode_rb_idx_i", 4 0, L_0x59e2d3843360;  alias, 1 drivers
v0x59e2d3770260_0 .net "opcode_rb_operand_i", 31 0, L_0x59e2d38438f0;  alias, 1 drivers
v0x59e2d3770330_0 .net "opcode_rd_idx_i", 4 0, L_0x59e2d3842ef0;  alias, 1 drivers
v0x59e2d3770400_0 .net "opcode_valid_i", 0 0, L_0x59e2d3839450;  alias, 1 drivers
v0x59e2d37704d0_0 .var "p0_q", 31 0;
v0x59e2d3770570_0 .var "p1_q", 31 0;
v0x59e2d3770650_0 .var "p2_q", 31 0;
v0x59e2d3770730_0 .var "partials_valid_q", 0 0;
v0x59e2d37707f0_0 .var "rd_idx_q", 4 0;
v0x59e2d37708d0_0 .net "result_w", 31 0, L_0x59e2d3823bd0;  1 drivers
v0x59e2d37709b0_0 .net "rst_i", 0 0, v0x59e2d3789c80_0;  alias, 1 drivers
v0x59e2d3770a50_0 .net "state_calc0_w", 0 0, L_0x59e2d3822910;  1 drivers
v0x59e2d3770b10_0 .net "state_calc1_w", 0 0, L_0x59e2d3822a00;  1 drivers
v0x59e2d3770bd0_0 .net "state_calc2_w", 0 0, L_0x59e2d3822b40;  1 drivers
v0x59e2d3770c90_0 .var "state_q", 2 0;
v0x59e2d3770d70_0 .var "valid_r", 0 0;
v0x59e2d3770e30_0 .net "writeback_rd_idx_o", 4 0, v0x59e2d37707f0_0;  alias, 1 drivers
v0x59e2d3770f20_0 .net "writeback_valid_o", 0 0, v0x59e2d3770d70_0;  alias, 1 drivers
v0x59e2d3770fc0_0 .net "writeback_value_o", 31 0, L_0x59e2d3824040;  alias, 1 drivers
L_0x59e2d38225f0 .concat [ 16 16 0 0], L_0x59e2d38231c0, L_0x78152e1c6168;
L_0x59e2d38226e0 .concat [ 16 16 0 0], L_0x59e2d3823640, L_0x78152e1c61b0;
L_0x59e2d38227d0 .arith/mult 32, L_0x59e2d38225f0, L_0x59e2d38226e0;
L_0x59e2d3822910 .cmp/eq 3, v0x59e2d3770c90_0, L_0x78152e1c61f8;
L_0x59e2d3822a00 .cmp/eq 3, v0x59e2d3770c90_0, L_0x78152e1c6240;
L_0x59e2d3822b40 .cmp/eq 3, v0x59e2d3770c90_0, L_0x78152e1c6288;
L_0x59e2d3822e50 .part v0x59e2d376f5e0_0, 16, 16;
L_0x59e2d3822ef0 .part v0x59e2d376f5e0_0, 0, 16;
L_0x59e2d3823030 .functor MUXZ 16, L_0x78152e1c62d0, L_0x59e2d3822ef0, L_0x59e2d3822d40, C4<>;
L_0x59e2d38231c0 .functor MUXZ 16, L_0x59e2d3823030, L_0x59e2d3822e50, L_0x59e2d3822b40, C4<>;
L_0x59e2d3823300 .part v0x59e2d376f6c0_0, 16, 16;
L_0x59e2d38233a0 .part v0x59e2d376f6c0_0, 0, 16;
L_0x59e2d3823500 .functor MUXZ 16, L_0x78152e1c6318, L_0x59e2d38233a0, L_0x59e2d3822d40, C4<>;
L_0x59e2d3823640 .functor MUXZ 16, L_0x59e2d3823500, L_0x59e2d3823300, L_0x59e2d3822a00, C4<>;
L_0x59e2d38237d0 .part v0x59e2d3770570_0, 0, 16;
L_0x59e2d3823870 .concat [ 16 16 0 0], L_0x78152e1c6360, L_0x59e2d38237d0;
L_0x59e2d3823a40 .arith/sum 32, v0x59e2d37704d0_0, L_0x59e2d3823870;
L_0x59e2d3823b30 .part v0x59e2d3770650_0, 0, 16;
L_0x59e2d3823c70 .concat [ 16 16 0 0], L_0x78152e1c63a8, L_0x59e2d3823b30;
L_0x59e2d3823db0 .arith/sum 32, L_0x59e2d3823a40, L_0x59e2d3823c70;
L_0x59e2d3823bd0 .functor MUXZ 32, L_0x78152e1c63f0, L_0x59e2d3823db0, v0x59e2d3770730_0, C4<>;
S_0x59e2d3771220 .scope module, "u_mulp" "biriscv_multiplier_pipelined" 4 652, 23 36 0, S_0x59e2d34cce00;
 .timescale 0 0;
    .port_info 0 /INPUT 1 "clk_i";
    .port_info 1 /INPUT 1 "rst_i";
    .port_info 2 /INPUT 1 "opcode_valid_i";
    .port_info 3 /INPUT 32 "opcode_opcode_i";
    .port_info 4 /INPUT 32 "opcode_pc_i";
    .port_info 5 /INPUT 1 "opcode_invalid_i";
    .port_info 6 /INPUT 5 "opcode_rd_idx_i";
    .port_info 7 /INPUT 5 "opcode_ra_idx_i";
    .port_info 8 /INPUT 5 "opcode_rb_idx_i";
    .port_info 9 /INPUT 32 "opcode_ra_operand_i";
    .port_info 10 /INPUT 32 "opcode_rb_operand_i";
    .port_info 11 /OUTPUT 1 "writeback_valid_o";
    .port_info 12 /OUTPUT 32 "writeback_value_o";
    .port_info 13 /OUTPUT 5 "writeback_rd_idx_o";
P_0x59e2d3653ef0 .param/l "MULT_STAGES" 0 23 38, +C4<00000000000000000000000000000110>;
P_0x59e2d3653f30 .param/l "PIPE_DEPTH" 1 23 138, +C4<000000000000000000000000000000101>;
L_0x78152e1c6798 .functor BUFT 1, C4<11111110000000000111000001111111>, C4<0>, C4<0>, C4<0>;
L_0x59e2d3826b80 .functor AND 32, L_0x59e2d3845fc0, L_0x78152e1c6798, C4<11111111111111111111111111111111>, C4<11111111111111111111111111111111>;
v0x59e2d37716a0_0 .net/2u *"_ivl_0", 31 0, L_0x78152e1c6798;  1 drivers
L_0x78152e1c6870 .functor BUFT 1, C4<0>, C4<0>, C4<0>, C4<0>;
v0x59e2d37717a0_0 .net/2u *"_ivl_12", 0 0, L_0x78152e1c6870;  1 drivers
v0x59e2d3771880_0 .net *"_ivl_17", 0 0, L_0x59e2d3826f60;  1 drivers
v0x59e2d3771970_0 .net *"_ivl_18", 32 0, L_0x59e2d3827000;  1 drivers
v0x59e2d3771a50_0 .net *"_ivl_2", 31 0, L_0x59e2d3826b80;  1 drivers
v0x59e2d3771b80_0 .net *"_ivl_20", 65 0, L_0x59e2d3827590;  1 drivers
v0x59e2d3771c60_0 .net *"_ivl_23", 0 0, L_0x59e2d3827630;  1 drivers
v0x59e2d3771d40_0 .net *"_ivl_24", 32 0, L_0x59e2d38276d0;  1 drivers
v0x59e2d3771e20_0 .net *"_ivl_26", 65 0, L_0x59e2d3827b80;  1 drivers
L_0x78152e1c67e0 .functor BUFT 1, C4<00000010000000000001000000001011>, C4<0>, C4<0>, C4<0>;
v0x59e2d3771f00_0 .net/2u *"_ivl_4", 31 0, L_0x78152e1c67e0;  1 drivers
L_0x78152e1c6828 .functor BUFT 1, C4<0>, C4<0>, C4<0>, C4<0>;
v0x59e2d3771fe0_0 .net/2u *"_ivl_8", 0 0, L_0x78152e1c6828;  1 drivers
v0x59e2d37720c0_0 .net "clk_i", 0 0, v0x59e2d3787d50_0;  alias, 1 drivers
v0x59e2d3772160_0 .net "mult_full_w", 65 0, L_0x59e2d3827c20;  1 drivers
v0x59e2d3772240_0 .net "mult_inst_w", 0 0, L_0x59e2d3826c40;  1 drivers
v0x59e2d3772300_0 .net "mult_result_w", 31 0, L_0x59e2d3827d60;  1 drivers
v0x59e2d37723e0_0 .net "opcode_invalid_i", 0 0, L_0x59e2d38468e0;  alias, 1 drivers
v0x59e2d3772480_0 .net "opcode_opcode_i", 31 0, L_0x59e2d3845fc0;  alias, 1 drivers
v0x59e2d3772550_0 .net "opcode_pc_i", 31 0, L_0x59e2d3846030;  alias, 1 drivers
v0x59e2d3772620_0 .net "opcode_ra_idx_i", 4 0, L_0x59e2d3846110;  alias, 1 drivers
v0x59e2d37726f0_0 .net "opcode_ra_operand_i", 31 0, L_0x59e2d38461f0;  alias, 1 drivers
v0x59e2d37727c0_0 .net "opcode_rb_idx_i", 4 0, L_0x59e2d3846180;  alias, 1 drivers
v0x59e2d3772890_0 .net "opcode_rb_operand_i", 31 0, L_0x59e2d3846260;  alias, 1 drivers
v0x59e2d3772960_0 .net "opcode_rd_idx_i", 4 0, L_0x59e2d38460a0;  alias, 1 drivers
v0x59e2d3772a30_0 .net "opcode_valid_i", 0 0, L_0x59e2d3839a90;  alias, 1 drivers
v0x59e2d3772b00_0 .net "operand_a_w", 32 0, L_0x59e2d3826d80;  1 drivers
v0x59e2d3772ba0_0 .net "operand_b_w", 32 0, L_0x59e2d3826e70;  1 drivers
v0x59e2d3772c80_0 .var "pipe0_a_q", 32 0;
v0x59e2d3772d60_0 .var "pipe0_b_q", 32 0;
v0x59e2d3772e40_0 .var "pipe0_rd_idx_q", 4 0;
v0x59e2d3772f20_0 .var "pipe0_valid_q", 0 0;
v0x59e2d3772fe0_0 .var "rd_idx_sr", 24 0;
v0x59e2d37730c0_0 .var "result_sr", 159 0;
v0x59e2d37731a0_0 .net "rst_i", 0 0, v0x59e2d3789c80_0;  alias, 1 drivers
v0x59e2d3773450_0 .var "valid_sr", 4 0;
v0x59e2d3773530_0 .net "writeback_rd_idx_o", 4 0, L_0x59e2d3828000;  alias, 1 drivers
v0x59e2d3773620_0 .net "writeback_valid_o", 0 0, L_0x59e2d3827e50;  alias, 1 drivers
v0x59e2d37736c0_0 .net "writeback_value_o", 31 0, L_0x59e2d3827f60;  alias, 1 drivers
L_0x59e2d3826c40 .cmp/eq 32, L_0x59e2d3826b80, L_0x78152e1c67e0;
L_0x59e2d3826d80 .concat [ 32 1 0 0], L_0x59e2d38461f0, L_0x78152e1c6828;
L_0x59e2d3826e70 .concat [ 32 1 0 0], L_0x59e2d3846260, L_0x78152e1c6870;
L_0x59e2d3826f60 .part v0x59e2d3772c80_0, 32, 1;
LS_0x59e2d3827000_0_0 .concat [ 1 1 1 1], L_0x59e2d3826f60, L_0x59e2d3826f60, L_0x59e2d3826f60, L_0x59e2d3826f60;
LS_0x59e2d3827000_0_4 .concat [ 1 1 1 1], L_0x59e2d3826f60, L_0x59e2d3826f60, L_0x59e2d3826f60, L_0x59e2d3826f60;
LS_0x59e2d3827000_0_8 .concat [ 1 1 1 1], L_0x59e2d3826f60, L_0x59e2d3826f60, L_0x59e2d3826f60, L_0x59e2d3826f60;
LS_0x59e2d3827000_0_12 .concat [ 1 1 1 1], L_0x59e2d3826f60, L_0x59e2d3826f60, L_0x59e2d3826f60, L_0x59e2d3826f60;
LS_0x59e2d3827000_0_16 .concat [ 1 1 1 1], L_0x59e2d3826f60, L_0x59e2d3826f60, L_0x59e2d3826f60, L_0x59e2d3826f60;
LS_0x59e2d3827000_0_20 .concat [ 1 1 1 1], L_0x59e2d3826f60, L_0x59e2d3826f60, L_0x59e2d3826f60, L_0x59e2d3826f60;
LS_0x59e2d3827000_0_24 .concat [ 1 1 1 1], L_0x59e2d3826f60, L_0x59e2d3826f60, L_0x59e2d3826f60, L_0x59e2d3826f60;
LS_0x59e2d3827000_0_28 .concat [ 1 1 1 1], L_0x59e2d3826f60, L_0x59e2d3826f60, L_0x59e2d3826f60, L_0x59e2d3826f60;
LS_0x59e2d3827000_0_32 .concat [ 1 0 0 0], L_0x59e2d3826f60;
LS_0x59e2d3827000_1_0 .concat [ 4 4 4 4], LS_0x59e2d3827000_0_0, LS_0x59e2d3827000_0_4, LS_0x59e2d3827000_0_8, LS_0x59e2d3827000_0_12;
LS_0x59e2d3827000_1_4 .concat [ 4 4 4 4], LS_0x59e2d3827000_0_16, LS_0x59e2d3827000_0_20, LS_0x59e2d3827000_0_24, LS_0x59e2d3827000_0_28;
LS_0x59e2d3827000_1_8 .concat [ 1 0 0 0], LS_0x59e2d3827000_0_32;
L_0x59e2d3827000 .concat [ 16 16 1 0], LS_0x59e2d3827000_1_0, LS_0x59e2d3827000_1_4, LS_0x59e2d3827000_1_8;
L_0x59e2d3827590 .concat [ 33 33 0 0], v0x59e2d3772c80_0, L_0x59e2d3827000;
L_0x59e2d3827630 .part v0x59e2d3772d60_0, 32, 1;
LS_0x59e2d38276d0_0_0 .concat [ 1 1 1 1], L_0x59e2d3827630, L_0x59e2d3827630, L_0x59e2d3827630, L_0x59e2d3827630;
LS_0x59e2d38276d0_0_4 .concat [ 1 1 1 1], L_0x59e2d3827630, L_0x59e2d3827630, L_0x59e2d3827630, L_0x59e2d3827630;
LS_0x59e2d38276d0_0_8 .concat [ 1 1 1 1], L_0x59e2d3827630, L_0x59e2d3827630, L_0x59e2d3827630, L_0x59e2d3827630;
LS_0x59e2d38276d0_0_12 .concat [ 1 1 1 1], L_0x59e2d3827630, L_0x59e2d3827630, L_0x59e2d3827630, L_0x59e2d3827630;
LS_0x59e2d38276d0_0_16 .concat [ 1 1 1 1], L_0x59e2d3827630, L_0x59e2d3827630, L_0x59e2d3827630, L_0x59e2d3827630;
LS_0x59e2d38276d0_0_20 .concat [ 1 1 1 1], L_0x59e2d3827630, L_0x59e2d3827630, L_0x59e2d3827630, L_0x59e2d3827630;
LS_0x59e2d38276d0_0_24 .concat [ 1 1 1 1], L_0x59e2d3827630, L_0x59e2d3827630, L_0x59e2d3827630, L_0x59e2d3827630;
LS_0x59e2d38276d0_0_28 .concat [ 1 1 1 1], L_0x59e2d3827630, L_0x59e2d3827630, L_0x59e2d3827630, L_0x59e2d3827630;
LS_0x59e2d38276d0_0_32 .concat [ 1 0 0 0], L_0x59e2d3827630;
LS_0x59e2d38276d0_1_0 .concat [ 4 4 4 4], LS_0x59e2d38276d0_0_0, LS_0x59e2d38276d0_0_4, LS_0x59e2d38276d0_0_8, LS_0x59e2d38276d0_0_12;
LS_0x59e2d38276d0_1_4 .concat [ 4 4 4 4], LS_0x59e2d38276d0_0_16, LS_0x59e2d38276d0_0_20, LS_0x59e2d38276d0_0_24, LS_0x59e2d38276d0_0_28;
LS_0x59e2d38276d0_1_8 .concat [ 1 0 0 0], LS_0x59e2d38276d0_0_32;
L_0x59e2d38276d0 .concat [ 16 16 1 0], LS_0x59e2d38276d0_1_0, LS_0x59e2d38276d0_1_4, LS_0x59e2d38276d0_1_8;
L_0x59e2d3827b80 .concat [ 33 33 0 0], v0x59e2d3772d60_0, L_0x59e2d38276d0;
L_0x59e2d3827c20 .arith/mult 66, L_0x59e2d3827590, L_0x59e2d3827b80;
L_0x59e2d3827d60 .part L_0x59e2d3827c20, 0, 32;
L_0x59e2d3827e50 .part v0x59e2d3773450_0, 0, 1;
L_0x59e2d3827f60 .part v0x59e2d37730c0_0, 0, 32;
L_0x59e2d3828000 .part v0x59e2d3772fe0_0, 0, 5;
S_0x59e2d3773920 .scope module, "u_muls" "biriscv_multiplier_s" 4 611, 24 26 0, S_0x59e2d34cce00;
 .timescale 0 0;
    .port_info 0 /INPUT 1 "clk_i";
    .port_info 1 /INPUT 1 "rst_i";
    .port_info 2 /INPUT 1 "opcode_valid_i";
    .port_info 3 /INPUT 32 "opcode_opcode_i";
    .port_info 4 /INPUT 32 "opcode_pc_i";
    .port_info 5 /INPUT 1 "opcode_invalid_i";
    .port_info 6 /INPUT 5 "opcode_rd_idx_i";
    .port_info 7 /INPUT 5 "opcode_ra_idx_i";
    .port_info 8 /INPUT 5 "opcode_rb_idx_i";
    .port_info 9 /INPUT 32 "opcode_ra_operand_i";
    .port_info 10 /INPUT 32 "opcode_rb_operand_i";
    .port_info 11 /OUTPUT 1 "writeback_valid_o";
    .port_info 12 /OUTPUT 32 "writeback_value_o";
    .port_info 13 /OUTPUT 5 "writeback_rd_idx_o";
L_0x78152e1c6438 .functor BUFT 1, C4<11111110000000000111000001111111>, C4<0>, C4<0>, C4<0>;
L_0x59e2d3824170 .functor AND 32, L_0x59e2d3843e90, L_0x78152e1c6438, C4<11111111111111111111111111111111>, C4<11111111111111111111111111111111>;
v0x59e2d3773c10_0 .net/2u *"_ivl_0", 31 0, L_0x78152e1c6438;  1 drivers
v0x59e2d3773d10_0 .net *"_ivl_10", 31 0, L_0x59e2d3824410;  1 drivers
v0x59e2d3773df0_0 .net *"_ivl_12", 64 0, L_0x59e2d3824500;  1 drivers
v0x59e2d3773ee0_0 .net *"_ivl_15", 0 0, L_0x59e2d38245f0;  1 drivers
v0x59e2d3773fc0_0 .net *"_ivl_16", 31 0, L_0x59e2d3824690;  1 drivers
v0x59e2d37740f0_0 .net *"_ivl_18", 64 0, L_0x59e2d3824780;  1 drivers
v0x59e2d37741d0_0 .net *"_ivl_2", 31 0, L_0x59e2d3824170;  1 drivers
L_0x78152e1c6480 .functor BUFT 1, C4<00000100000000000000000000001011>, C4<0>, C4<0>, C4<0>;
v0x59e2d37742b0_0 .net/2u *"_ivl_4", 31 0, L_0x78152e1c6480;  1 drivers
v0x59e2d3774390_0 .net *"_ivl_9", 0 0, L_0x59e2d3824370;  1 drivers
v0x59e2d3774470_0 .net "clk_i", 0 0, v0x59e2d3787d50_0;  alias, 1 drivers
v0x59e2d3774510_0 .net "mult_inst_w", 0 0, L_0x59e2d3824230;  1 drivers
v0x59e2d37745d0_0 .net "mult_result_w", 64 0, L_0x59e2d3824870;  1 drivers
v0x59e2d37746b0_0 .net "opcode_invalid_i", 0 0, L_0x59e2d3845040;  alias, 1 drivers
v0x59e2d3774750_0 .net "opcode_opcode_i", 31 0, L_0x59e2d3843e90;  alias, 1 drivers
v0x59e2d3774820_0 .net "opcode_pc_i", 31 0, L_0x59e2d3843f00;  alias, 1 drivers
v0x59e2d37748f0_0 .net "opcode_ra_idx_i", 4 0, L_0x59e2d38444b0;  alias, 1 drivers
v0x59e2d37749c0_0 .net "opcode_ra_operand_i", 31 0, L_0x59e2d3844b80;  alias, 1 drivers
v0x59e2d3774a90_0 .net "opcode_rb_idx_i", 4 0, L_0x59e2d3844a00;  alias, 1 drivers
v0x59e2d3774b60_0 .net "opcode_rb_operand_i", 31 0, L_0x59e2d3844fd0;  alias, 1 drivers
v0x59e2d3774c30_0 .net "opcode_rd_idx_i", 4 0, L_0x59e2d3844330;  alias, 1 drivers
v0x59e2d3774d00_0 .net "opcode_valid_i", 0 0, L_0x59e2d38397b0;  alias, 1 drivers
v0x59e2d3774dd0_0 .var "operand_a_e1_q", 32 0;
v0x59e2d3774e70_0 .var "operand_b_e1_q", 32 0;
v0x59e2d3774f50_0 .var "rd_idx_e1_q", 4 0;
v0x59e2d3775030_0 .var "rd_idx_e2_q", 4 0;
v0x59e2d3775110_0 .var "result_e2_q", 31 0;
v0x59e2d37751f0_0 .net "result_w", 31 0, L_0x59e2d3824a00;  1 drivers
v0x59e2d37752d0_0 .net "rst_i", 0 0, v0x59e2d3789c80_0;  alias, 1 drivers
v0x59e2d3775370_0 .var "valid_e1_q", 0 0;
v0x59e2d3775430_0 .var "valid_e2_q", 0 0;
v0x59e2d37754f0_0 .net "writeback_rd_idx_o", 4 0, v0x59e2d3775030_0;  alias, 1 drivers
v0x59e2d37755e0_0 .net "writeback_valid_o", 0 0, v0x59e2d3775430_0;  alias, 1 drivers
v0x59e2d3775680_0 .net "writeback_value_o", 31 0, v0x59e2d3775110_0;  alias, 1 drivers
L_0x59e2d3824230 .cmp/eq 32, L_0x59e2d3824170, L_0x78152e1c6480;
L_0x59e2d3824370 .part v0x59e2d3774dd0_0, 32, 1;
LS_0x59e2d3824410_0_0 .concat [ 1 1 1 1], L_0x59e2d3824370, L_0x59e2d3824370, L_0x59e2d3824370, L_0x59e2d3824370;
LS_0x59e2d3824410_0_4 .concat [ 1 1 1 1], L_0x59e2d3824370, L_0x59e2d3824370, L_0x59e2d3824370, L_0x59e2d3824370;
LS_0x59e2d3824410_0_8 .concat [ 1 1 1 1], L_0x59e2d3824370, L_0x59e2d3824370, L_0x59e2d3824370, L_0x59e2d3824370;
LS_0x59e2d3824410_0_12 .concat [ 1 1 1 1], L_0x59e2d3824370, L_0x59e2d3824370, L_0x59e2d3824370, L_0x59e2d3824370;
LS_0x59e2d3824410_0_16 .concat [ 1 1 1 1], L_0x59e2d3824370, L_0x59e2d3824370, L_0x59e2d3824370, L_0x59e2d3824370;
LS_0x59e2d3824410_0_20 .concat [ 1 1 1 1], L_0x59e2d3824370, L_0x59e2d3824370, L_0x59e2d3824370, L_0x59e2d3824370;
LS_0x59e2d3824410_0_24 .concat [ 1 1 1 1], L_0x59e2d3824370, L_0x59e2d3824370, L_0x59e2d3824370, L_0x59e2d3824370;
LS_0x59e2d3824410_0_28 .concat [ 1 1 1 1], L_0x59e2d3824370, L_0x59e2d3824370, L_0x59e2d3824370, L_0x59e2d3824370;
LS_0x59e2d3824410_1_0 .concat [ 4 4 4 4], LS_0x59e2d3824410_0_0, LS_0x59e2d3824410_0_4, LS_0x59e2d3824410_0_8, LS_0x59e2d3824410_0_12;
LS_0x59e2d3824410_1_4 .concat [ 4 4 4 4], LS_0x59e2d3824410_0_16, LS_0x59e2d3824410_0_20, LS_0x59e2d3824410_0_24, LS_0x59e2d3824410_0_28;
L_0x59e2d3824410 .concat [ 16 16 0 0], LS_0x59e2d3824410_1_0, LS_0x59e2d3824410_1_4;
L_0x59e2d3824500 .concat [ 33 32 0 0], v0x59e2d3774dd0_0, L_0x59e2d3824410;
L_0x59e2d38245f0 .part v0x59e2d3774e70_0, 32, 1;
LS_0x59e2d3824690_0_0 .concat [ 1 1 1 1], L_0x59e2d38245f0, L_0x59e2d38245f0, L_0x59e2d38245f0, L_0x59e2d38245f0;
LS_0x59e2d3824690_0_4 .concat [ 1 1 1 1], L_0x59e2d38245f0, L_0x59e2d38245f0, L_0x59e2d38245f0, L_0x59e2d38245f0;
LS_0x59e2d3824690_0_8 .concat [ 1 1 1 1], L_0x59e2d38245f0, L_0x59e2d38245f0, L_0x59e2d38245f0, L_0x59e2d38245f0;
LS_0x59e2d3824690_0_12 .concat [ 1 1 1 1], L_0x59e2d38245f0, L_0x59e2d38245f0, L_0x59e2d38245f0, L_0x59e2d38245f0;
LS_0x59e2d3824690_0_16 .concat [ 1 1 1 1], L_0x59e2d38245f0, L_0x59e2d38245f0, L_0x59e2d38245f0, L_0x59e2d38245f0;
LS_0x59e2d3824690_0_20 .concat [ 1 1 1 1], L_0x59e2d38245f0, L_0x59e2d38245f0, L_0x59e2d38245f0, L_0x59e2d38245f0;
LS_0x59e2d3824690_0_24 .concat [ 1 1 1 1], L_0x59e2d38245f0, L_0x59e2d38245f0, L_0x59e2d38245f0, L_0x59e2d38245f0;
LS_0x59e2d3824690_0_28 .concat [ 1 1 1 1], L_0x59e2d38245f0, L_0x59e2d38245f0, L_0x59e2d38245f0, L_0x59e2d38245f0;
LS_0x59e2d3824690_1_0 .concat [ 4 4 4 4], LS_0x59e2d3824690_0_0, LS_0x59e2d3824690_0_4, LS_0x59e2d3824690_0_8, LS_0x59e2d3824690_0_12;
LS_0x59e2d3824690_1_4 .concat [ 4 4 4 4], LS_0x59e2d3824690_0_16, LS_0x59e2d3824690_0_20, LS_0x59e2d3824690_0_24, LS_0x59e2d3824690_0_28;
L_0x59e2d3824690 .concat [ 16 16 0 0], LS_0x59e2d3824690_1_0, LS_0x59e2d3824690_1_4;
L_0x59e2d3824780 .concat [ 33 32 0 0], v0x59e2d3774e70_0, L_0x59e2d3824690;
L_0x59e2d3824870 .arith/mult 65, L_0x59e2d3824500, L_0x59e2d3824780;
L_0x59e2d3824a00 .part L_0x59e2d3824870, 0, 32;
S_0x59e2d3784230 .scope module, "u_mem" "tcm_mem" 3 218, 25 2 0, S_0x59e2d32d7000;
 .timescale 0 0;
    .port_info 0 /INPUT 1 "clk_i";
    .port_info 1 /INPUT 1 "rst_i";
    .port_info 2 /INPUT 1 "mem_i_rd_i";
    .port_info 3 /INPUT 1 "mem_i_flush_i";
    .port_info 4 /INPUT 1 "mem_i_invalidate_i";
    .port_info 5 /INPUT 32 "mem_i_pc_i";
    .port_info 6 /INPUT 32 "mem_d_addr_i";
    .port_info 7 /INPUT 32 "mem_d_data_wr_i";
    .port_info 8 /INPUT 1 "mem_d_rd_i";
    .port_info 9 /INPUT 4 "mem_d_wr_i";
    .port_info 10 /INPUT 1 "mem_d_cacheable_i";
    .port_info 11 /INPUT 11 "mem_d_req_tag_i";
    .port_info 12 /INPUT 1 "mem_d_invalidate_i";
    .port_info 13 /INPUT 1 "mem_d_writeback_i";
    .port_info 14 /INPUT 1 "mem_d_flush_i";
    .port_info 15 /OUTPUT 1 "mem_i_accept_o";
    .port_info 16 /OUTPUT 1 "mem_i_valid_o";
    .port_info 17 /OUTPUT 1 "mem_i_error_o";
    .port_info 18 /OUTPUT 64 "mem_i_inst_o";
    .port_info 19 /OUTPUT 32 "mem_d_data_rd_o";
    .port_info 20 /OUTPUT 1 "mem_d_accept_o";
    .port_info 21 /OUTPUT 1 "mem_d_ack_o";
    .port_info 22 /OUTPUT 1 "mem_d_error_o";
    .port_info 23 /OUTPUT 11 "mem_d_resp_tag_o";
L_0x78152e1c77e8 .functor BUFT 1, C4<00000000000000000000000000000000>, C4<0>, C4<0>, C4<0>;
v0x59e2d37858d0_0 .net/2u *"_ivl_10", 31 0, L_0x78152e1c77e8;  1 drivers
v0x59e2d37859d0_0 .net *"_ivl_12", 63 0, L_0x59e2d3848800;  1 drivers
L_0x78152e1c7830 .functor BUFT 1, C4<00000000000000000000000000000000>, C4<0>, C4<0>, C4<0>;
v0x59e2d3785ab0_0 .net/2u *"_ivl_14", 31 0, L_0x78152e1c7830;  1 drivers
v0x59e2d3785b70_0 .net *"_ivl_16", 63 0, L_0x59e2d38488a0;  1 drivers
L_0x78152e1c7878 .functor BUFT 1, C4<0000>, C4<0>, C4<0>, C4<0>;
v0x59e2d3785c50_0 .net/2u *"_ivl_20", 3 0, L_0x78152e1c7878;  1 drivers
v0x59e2d3785d30_0 .net *"_ivl_22", 7 0, L_0x59e2d38489e0;  1 drivers
L_0x78152e1c78c0 .functor BUFT 1, C4<0000>, C4<0>, C4<0>, C4<0>;
v0x59e2d3785e10_0 .net/2u *"_ivl_24", 3 0, L_0x78152e1c78c0;  1 drivers
v0x59e2d3785ef0_0 .net *"_ivl_26", 7 0, L_0x59e2d3848a80;  1 drivers
v0x59e2d3785fd0_0 .net *"_ivl_41", 31 0, L_0x59e2d3848d10;  1 drivers
v0x59e2d3786100_0 .net *"_ivl_43", 31 0, L_0x59e2d3848db0;  1 drivers
v0x59e2d37861a0_0 .net "clk_i", 0 0, v0x59e2d3787d50_0;  alias, 1 drivers
v0x59e2d3786240_0 .net "data_r_w", 63 0, v0x59e2d3785000_0;  1 drivers
v0x59e2d37862e0_0 .net "mem_d_accept_o", 0 0, L_0x78152e1c79e0;  alias, 1 drivers
v0x59e2d3786380_0 .net "mem_d_ack_o", 0 0, v0x59e2d3786420_0;  alias, 1 drivers
v0x59e2d3786420_0 .var "mem_d_ack_q", 0 0;
v0x59e2d37864c0_0 .net "mem_d_addr_i", 31 0, L_0x59e2d380dbf0;  alias, 1 drivers
v0x59e2d3786560_0 .net "mem_d_cacheable_i", 0 0, L_0x59e2d380ddf0;  alias, 1 drivers
v0x59e2d3786600_0 .net "mem_d_data_rd_o", 31 0, L_0x59e2d3848ee0;  alias, 1 drivers
v0x59e2d37866a0_0 .net "mem_d_data_wr_i", 31 0, L_0x59e2d380dcf0;  alias, 1 drivers
v0x59e2d3786740_0 .net "mem_d_error_o", 0 0, L_0x78152e1c7998;  alias, 1 drivers
v0x59e2d3786830_0 .net "mem_d_flush_i", 0 0, L_0x59e2d380e280;  alias, 1 drivers
v0x59e2d3786920_0 .net "mem_d_invalidate_i", 0 0, L_0x59e2d380de60;  alias, 1 drivers
v0x59e2d3786a10_0 .net "mem_d_rd_i", 0 0, L_0x59e2d380d9f0;  alias, 1 drivers
v0x59e2d3786b00_0 .net "mem_d_req_tag_i", 10 0, L_0x59e2d380e0f0;  alias, 1 drivers
v0x59e2d3786bf0_0 .net "mem_d_resp_tag_o", 10 0, v0x59e2d3786ce0_0;  alias, 1 drivers
v0x59e2d3786ce0_0 .var "mem_d_tag_q", 10 0;
v0x59e2d3786d80_0 .net "mem_d_wr_i", 3 0, L_0x59e2d380daf0;  alias, 1 drivers
v0x59e2d3786e70_0 .net "mem_d_writeback_i", 0 0, L_0x59e2d380df60;  alias, 1 drivers
v0x59e2d3786f60_0 .net "mem_i_accept_o", 0 0, L_0x78152e1c7908;  alias, 1 drivers
v0x59e2d3787050_0 .net "mem_i_error_o", 0 0, L_0x78152e1c7950;  alias, 1 drivers
v0x59e2d3787140_0 .net "mem_i_flush_i", 0 0, L_0x59e2d380d480;  alias, 1 drivers
v0x59e2d3787230_0 .net "mem_i_inst_o", 63 0, v0x59e2d3784f20_0;  alias, 1 drivers
v0x59e2d37872d0_0 .net "mem_i_invalidate_i", 0 0, L_0x59e2d380d580;  alias, 1 drivers
v0x59e2d37873c0_0 .net "mem_i_pc_i", 31 0, L_0x59e2d380d380;  alias, 1 drivers
v0x59e2d37874b0_0 .net "mem_i_rd_i", 0 0, L_0x59e2d380d280;  alias, 1 drivers
v0x59e2d37875a0_0 .net "mem_i_valid_o", 0 0, v0x59e2d3787690_0;  alias, 1 drivers
v0x59e2d3787690_0 .var "mem_i_valid_q", 0 0;
v0x59e2d3787730_0 .var "muxed_hi_q", 0 0;
v0x59e2d37877d0_0 .net "muxed_hi_w", 0 0, L_0x59e2d3848540;  1 drivers
v0x59e2d3787870_0 .net "rst_i", 0 0, v0x59e2d3789c80_0;  alias, 1 drivers
L_0x59e2d3848540 .part L_0x59e2d380dbf0, 2, 1;
L_0x59e2d38486c0 .part L_0x59e2d380d380, 3, 14;
L_0x59e2d3848760 .part L_0x59e2d380dbf0, 3, 14;
L_0x59e2d3848800 .concat [ 32 32 0 0], L_0x78152e1c77e8, L_0x59e2d380dcf0;
L_0x59e2d38488a0 .concat [ 32 32 0 0], L_0x59e2d380dcf0, L_0x78152e1c7830;
L_0x59e2d3848940 .functor MUXZ 64, L_0x59e2d38488a0, L_0x59e2d3848800, L_0x59e2d3848540, C4<>;
L_0x59e2d38489e0 .concat [ 4 4 0 0], L_0x78152e1c7878, L_0x59e2d380daf0;
L_0x59e2d3848a80 .concat [ 4 4 0 0], L_0x59e2d380daf0, L_0x78152e1c78c0;
L_0x59e2d3848b20 .functor MUXZ 8, L_0x59e2d3848a80, L_0x59e2d38489e0, L_0x59e2d3848540, C4<>;
L_0x59e2d3848d10 .part v0x59e2d3785000_0, 32, 32;
L_0x59e2d3848db0 .part v0x59e2d3785000_0, 0, 32;
L_0x59e2d3848ee0 .functor MUXZ 32, L_0x59e2d3848db0, L_0x59e2d3848d10, v0x59e2d3787730_0, C4<>;
S_0x59e2d37844b0 .scope module, "u_ram" "tcm_mem_ram" 25 40, 26 2 0, S_0x59e2d3784230;
 .timescale 0 0;
    .port_info 0 /INPUT 1 "clk0_i";
    .port_info 1 /INPUT 1 "rst0_i";
    .port_info 2 /INPUT 14 "addr0_i";
    .port_info 3 /INPUT 64 "data0_i";
    .port_info 4 /INPUT 8 "wr0_i";
    .port_info 5 /INPUT 1 "clk1_i";
    .port_info 6 /INPUT 1 "rst1_i";
    .port_info 7 /INPUT 14 "addr1_i";
    .port_info 8 /INPUT 64 "data1_i";
    .port_info 9 /INPUT 8 "wr1_i";
    .port_info 10 /OUTPUT 64 "data0_o";
    .port_info 11 /OUTPUT 64 "data1_o";
v0x59e2d3784770_0 .net "addr0_i", 13 0, L_0x59e2d38486c0;  1 drivers
v0x59e2d3784870_0 .net "addr1_i", 13 0, L_0x59e2d3848760;  1 drivers
v0x59e2d3784950_0 .net "clk0_i", 0 0, v0x59e2d3787d50_0;  alias, 1 drivers
v0x59e2d37849f0_0 .net "clk1_i", 0 0, v0x59e2d3787d50_0;  alias, 1 drivers
L_0x78152e1c7758 .functor BUFT 1, C4<0000000000000000000000000000000000000000000000000000000000000000>, C4<0>, C4<0>, C4<0>;
v0x59e2d3784a90_0 .net "data0_i", 63 0, L_0x78152e1c7758;  1 drivers
v0x59e2d3784b50_0 .net "data0_o", 63 0, v0x59e2d3784f20_0;  alias, 1 drivers
v0x59e2d3784c10_0 .net "data1_i", 63 0, L_0x59e2d3848940;  1 drivers
v0x59e2d3784cf0_0 .net "data1_o", 63 0, v0x59e2d3785000_0;  alias, 1 drivers
v0x59e2d3784dd0 .array "ram", 0 16383, 63 0;
v0x59e2d3784f20_0 .var "ram_read0_q", 63 0;
v0x59e2d3785000_0 .var "ram_read1_q", 63 0;
v0x59e2d37850e0_0 .net "rst0_i", 0 0, v0x59e2d3789c80_0;  alias, 1 drivers
v0x59e2d3785180_0 .net "rst1_i", 0 0, v0x59e2d3789c80_0;  alias, 1 drivers
L_0x78152e1c77a0 .functor BUFT 1, C4<00000000>, C4<0>, C4<0>, C4<0>;
v0x59e2d3785220_0 .net "wr0_i", 7 0, L_0x78152e1c77a0;  1 drivers
v0x59e2d3785300_0 .net "wr1_i", 7 0, L_0x59e2d3848b20;  1 drivers
S_0x59e2d3785560 .scope task, "write" "write" 25 115, 25 115 0, S_0x59e2d3784230;
 .timescale 0 0;
v0x59e2d3785710_0 .var "addr", 31 0;
v0x59e2d37857f0_0 .var "data", 7 0;
TD_tb_muls.u_mem.write ;
    %load/vec4 v0x59e2d3785710_0;
    %parti/s 3, 0, 2;
    %dup/vec4;
    %pushi/vec4 0, 0, 3;
    %cmp/u;
    %jmp/1 T_6.14, 6;
    %dup/vec4;
    %pushi/vec4 1, 0, 3;
    %cmp/u;
    %jmp/1 T_6.15, 6;
    %dup/vec4;
    %pushi/vec4 2, 0, 3;
    %cmp/u;
    %jmp/1 T_6.16, 6;
    %dup/vec4;
    %pushi/vec4 3, 0, 3;
    %cmp/u;
    %jmp/1 T_6.17, 6;
    %dup/vec4;
    %pushi/vec4 4, 0, 3;
    %cmp/u;
    %jmp/1 T_6.18, 6;
    %dup/vec4;
    %pushi/vec4 5, 0, 3;
    %cmp/u;
    %jmp/1 T_6.19, 6;
    %dup/vec4;
    %pushi/vec4 6, 0, 3;
    %cmp/u;
    %jmp/1 T_6.20, 6;
    %dup/vec4;
    %pushi/vec4 7, 0, 3;
    %cmp/u;
    %jmp/1 T_6.21, 6;
    %jmp T_6.22;
T_6.14 ;
    %load/vec4 v0x59e2d37857f0_0;
    %load/vec4 v0x59e2d3785710_0;
    %pushi/vec4 8, 0, 32;
    %div;
    %ix/vec4 4;
    %flag_mov 8, 4;
    %ix/load 5, 0, 0;
    %flag_set/imm 4, 0;
    %flag_or 4, 8;
    %store/vec4a v0x59e2d3784dd0, 4, 5;
    %jmp T_6.22;
T_6.15 ;
    %load/vec4 v0x59e2d37857f0_0;
    %load/vec4 v0x59e2d3785710_0;
    %pushi/vec4 8, 0, 32;
    %div;
    %ix/vec4 4;
    %flag_mov 8, 4;
    %ix/load 5, 8, 0;
    %flag_set/imm 4, 0;
    %flag_or 4, 8;
    %store/vec4a v0x59e2d3784dd0, 4, 5;
    %jmp T_6.22;
T_6.16 ;
    %load/vec4 v0x59e2d37857f0_0;
    %load/vec4 v0x59e2d3785710_0;
    %pushi/vec4 8, 0, 32;
    %div;
    %ix/vec4 4;
    %flag_mov 8, 4;
    %ix/load 5, 16, 0;
    %flag_set/imm 4, 0;
    %flag_or 4, 8;
    %store/vec4a v0x59e2d3784dd0, 4, 5;
    %jmp T_6.22;
T_6.17 ;
    %load/vec4 v0x59e2d37857f0_0;
    %load/vec4 v0x59e2d3785710_0;
    %pushi/vec4 8, 0, 32;
    %div;
    %ix/vec4 4;
    %flag_mov 8, 4;
    %ix/load 5, 24, 0;
    %flag_set/imm 4, 0;
    %flag_or 4, 8;
    %store/vec4a v0x59e2d3784dd0, 4, 5;
    %jmp T_6.22;
T_6.18 ;
    %load/vec4 v0x59e2d37857f0_0;
    %load/vec4 v0x59e2d3785710_0;
    %pushi/vec4 8, 0, 32;
    %div;
    %ix/vec4 4;
    %flag_mov 8, 4;
    %ix/load 5, 32, 0;
    %flag_set/imm 4, 0;
    %flag_or 4, 8;
    %store/vec4a v0x59e2d3784dd0, 4, 5;
    %jmp T_6.22;
T_6.19 ;
    %load/vec4 v0x59e2d37857f0_0;
    %load/vec4 v0x59e2d3785710_0;
    %pushi/vec4 8, 0, 32;
    %div;
    %ix/vec4 4;
    %flag_mov 8, 4;
    %ix/load 5, 40, 0;
    %flag_set/imm 4, 0;
    %flag_or 4, 8;
    %store/vec4a v0x59e2d3784dd0, 4, 5;
    %jmp T_6.22;
T_6.20 ;
    %load/vec4 v0x59e2d37857f0_0;
    %load/vec4 v0x59e2d3785710_0;
    %pushi/vec4 8, 0, 32;
    %div;
    %ix/vec4 4;
    %flag_mov 8, 4;
    %ix/load 5, 48, 0;
    %flag_set/imm 4, 0;
    %flag_or 4, 8;
    %store/vec4a v0x59e2d3784dd0, 4, 5;
    %jmp T_6.22;
T_6.21 ;
    %load/vec4 v0x59e2d37857f0_0;
    %load/vec4 v0x59e2d3785710_0;
    %pushi/vec4 8, 0, 32;
    %div;
    %ix/vec4 4;
    %flag_mov 8, 4;
    %ix/load 5, 56, 0;
    %flag_set/imm 4, 0;
    %flag_or 4, 8;
    %store/vec4a v0x59e2d3784dd0, 4, 5;
    %jmp T_6.22;
T_6.22 ;
    %pop/vec4 1;
    %end;
    .scope S_0x59e2d3707c40;
T_7 ;
    %wait E_0x59e2d2ddd780;
    %load/vec4 v0x59e2d3708340_0;
    %flag_set/vec4 8;
    %jmp/0xz  T_7.0, 8;
    %pushi/vec4 1, 0, 16;
    %assign/vec4 v0x59e2d37082a0_0, 0;
    %jmp T_7.1;
T_7.0 ;
    %load/vec4 v0x59e2d3708020_0;
    %flag_set/vec4 8;
    %jmp/0xz  T_7.2, 8;
    %load/vec4 v0x59e2d37082a0_0;
    %parti/s 1, 0, 2;
    %flag_set/vec4 8;
    %jmp/0xz  T_7.4, 8;
    %pushi/vec4 0, 0, 1;
    %load/vec4 v0x59e2d37082a0_0;
    %parti/s 15, 1, 2;
    %concat/vec4; draw_concat_vec4
    %pushi/vec4 46080, 0, 16;
    %xor;
    %assign/vec4 v0x59e2d37082a0_0, 0;
    %jmp T_7.5;
T_7.4 ;
    %pushi/vec4 0, 0, 1;
    %load/vec4 v0x59e2d37082a0_0;
    %parti/s 15, 1, 2;
    %concat/vec4; draw_concat_vec4
    %assign/vec4 v0x59e2d37082a0_0, 0;
T_7.5 ;
T_7.2 ;
T_7.1 ;
    %jmp T_7;
    .thread T_7;
    .scope S_0x59e2d3707470;
T_8 ;
    %wait E_0x59e2d2f4dbe0;
    %load/vec4 v0x59e2d370c970_0;
    %store/vec4 v0x59e2d370ca10_0, 0, 3;
    %load/vec4 v0x59e2d370d190_0;
    %load/vec4 v0x59e2d370cdd0_0;
    %and;
    %flag_set/vec4 8;
    %jmp/0xz  T_8.0, 8;
    %load/vec4 v0x59e2d370c970_0;
    %addi 1, 0, 3;
    %store/vec4 v0x59e2d370ca10_0, 0, 3;
    %jmp T_8.1;
T_8.0 ;
    %load/vec4 v0x59e2d370d190_0;
    %load/vec4 v0x59e2d370cfb0_0;
    %and;
    %flag_set/vec4 8;
    %jmp/0xz  T_8.2, 8;
    %load/vec4 v0x59e2d370c970_0;
    %subi 1, 0, 3;
    %store/vec4 v0x59e2d370ca10_0, 0, 3;
T_8.2 ;
T_8.1 ;
    %jmp T_8;
    .thread T_8, $push;
    .scope S_0x59e2d3707470;
T_9 ;
    %wait E_0x59e2d2ddd780;
    %load/vec4 v0x59e2d370d690_0;
    %flag_set/vec4 8;
    %jmp/0xz  T_9.0, 8;
    %pushi/vec4 0, 0, 3;
    %assign/vec4 v0x59e2d370c970_0, 0;
    %jmp T_9.1;
T_9.0 ;
    %load/vec4 v0x59e2d370ca10_0;
    %assign/vec4 v0x59e2d370c970_0, 0;
T_9.1 ;
    %jmp T_9;
    .thread T_9;
    .scope S_0x59e2d3707470;
T_10 ;
    %wait E_0x59e2d2ddd780;
    %load/vec4 v0x59e2d370d690_0;
    %flag_set/vec4 8;
    %jmp/0xz  T_10.0, 8;
    %pushi/vec4 1, 0, 1;
    %assign/vec4 v0x59e2d370c5b0_0, 0;
    %jmp T_10.1;
T_10.0 ;
    %load/vec4 v0x59e2d370d550_0;
    %assign/vec4 v0x59e2d370c5b0_0, 0;
T_10.1 ;
    %jmp T_10;
    .thread T_10;
    .scope S_0x59e2d3707470;
T_11 ;
    %wait E_0x59e2d2f4dba0;
    %load/vec4 v0x59e2d370c830_0;
    %store/vec4 v0x59e2d370c8d0_0, 0, 3;
    %load/vec4 v0x59e2d370d190_0;
    %load/vec4 v0x59e2d370cdd0_0;
    %and;
    %flag_set/vec4 8;
    %jmp/0xz  T_11.0, 8;
    %load/vec4 v0x59e2d370c970_0;
    %addi 1, 0, 3;
    %store/vec4 v0x59e2d370c8d0_0, 0, 3;
    %jmp T_11.1;
T_11.0 ;
    %load/vec4 v0x59e2d370d190_0;
    %load/vec4 v0x59e2d370cfb0_0;
    %and;
    %flag_set/vec4 8;
    %jmp/0xz  T_11.2, 8;
    %load/vec4 v0x59e2d370c970_0;
    %subi 1, 0, 3;
    %store/vec4 v0x59e2d370c8d0_0, 0, 3;
    %jmp T_11.3;
T_11.2 ;
    %load/vec4 v0x59e2d370c790_0;
    %load/vec4 v0x59e2d370d550_0;
    %and;
    %flag_set/vec4 8;
    %jmp/0xz  T_11.4, 8;
    %load/vec4 v0x59e2d370c830_0;
    %addi 1, 0, 3;
    %store/vec4 v0x59e2d370c8d0_0, 0, 3;
    %jmp T_11.5;
T_11.4 ;
    %load/vec4 v0x59e2d370cb50_0;
    %load/vec4 v0x59e2d370d550_0;
    %and;
    %flag_set/vec4 8;
    %jmp/0xz  T_11.6, 8;
    %load/vec4 v0x59e2d370c830_0;
    %subi 1, 0, 3;
    %store/vec4 v0x59e2d370c8d0_0, 0, 3;
T_11.6 ;
T_11.5 ;
T_11.3 ;
T_11.1 ;
    %jmp T_11;
    .thread T_11, $push;
    .scope S_0x59e2d3707470;
T_12 ;
    %wait E_0x59e2d2ddd780;
    %load/vec4 v0x59e2d370d690_0;
    %flag_set/vec4 8;
    %jmp/0xz  T_12.0, 8;
    %pushi/vec4 0, 0, 32;
    %store/vec4 v0x59e2d370c470_0, 0, 32;
T_12.2 ;
    %load/vec4 v0x59e2d370c470_0;
    %cmpi/s 8, 0, 32;
    %jmp/0xz T_12.3, 5;
    %pushi/vec4 1, 0, 32;
    %ix/getv/s 3, v0x59e2d370c470_0;
    %ix/load 4, 0, 0; Constant delay
    %assign/vec4/a/d v0x59e2d370cbf0, 0, 4;
    %load/vec4 v0x59e2d370c470_0;
    %addi 1, 0, 32;
    %store/vec4 v0x59e2d370c470_0, 0, 32;
    %jmp T_12.2;
T_12.3 ;
    %pushi/vec4 0, 0, 3;
    %assign/vec4 v0x59e2d370c830_0, 0;
    %jmp T_12.1;
T_12.0 ;
    %load/vec4 v0x59e2d370d190_0;
    %load/vec4 v0x59e2d370cdd0_0;
    %and;
    %flag_set/vec4 8;
    %jmp/0xz  T_12.4, 8;
    %load/vec4 v0x59e2d370d230_0;
    %addi 4, 0, 32;
    %load/vec4 v0x59e2d370c8d0_0;
    %pad/u 5;
    %ix/vec4 3;
    %ix/load 4, 0, 0; Constant delay
    %assign/vec4/a/d v0x59e2d370cbf0, 0, 4;
    %load/vec4 v0x59e2d370c8d0_0;
    %assign/vec4 v0x59e2d370c830_0, 0;
    %jmp T_12.5;
T_12.4 ;
    %load/vec4 v0x59e2d370c790_0;
    %load/vec4 v0x59e2d370d550_0;
    %and;
    %flag_set/vec4 8;
    %jmp/0xz  T_12.6, 8;
    %load/vec4 v0x59e2d370bcf0_0;
    %flag_set/vec4 8;
    %jmp/0 T_12.8, 8;
    %load/vec4 v0x59e2d370d5f0_0;
    %pushi/vec4 4, 0, 32;
    %or;
    %jmp/1 T_12.9, 8;
T_12.8 ; End of true expr.
    %load/vec4 v0x59e2d370d5f0_0;
    %jmp/0 T_12.9, 8;
 ; End of false expr.
    %blend;
T_12.9;
    %addi 4, 0, 32;
    %load/vec4 v0x59e2d370c8d0_0;
    %pad/u 5;
    %ix/vec4 3;
    %ix/load 4, 0, 0; Constant delay
    %assign/vec4/a/d v0x59e2d370cbf0, 0, 4;
    %load/vec4 v0x59e2d370c8d0_0;
    %assign/vec4 v0x59e2d370c830_0, 0;
    %jmp T_12.7;
T_12.6 ;
    %load/vec4 v0x59e2d370cb50_0;
    %load/vec4 v0x59e2d370d550_0;
    %and;
    %flag_set/vec4 8;
    %jmp/1 T_12.12, 8;
    %load/vec4 v0x59e2d370d190_0;
    %load/vec4 v0x59e2d370cfb0_0;
    %and;
    %flag_set/vec4 9;
    %flag_or 8, 9;
T_12.12;
    %jmp/0xz  T_12.10, 8;
    %load/vec4 v0x59e2d370c8d0_0;
    %assign/vec4 v0x59e2d370c830_0, 0;
T_12.10 ;
T_12.7 ;
T_12.5 ;
T_12.1 ;
    %jmp T_12;
    .thread T_12;
    .scope S_0x59e2d3707470;
T_13 ;
    %wait E_0x59e2d2ddd780;
    %load/vec4 v0x59e2d370d690_0;
    %flag_set/vec4 8;
    %jmp/0xz  T_13.0, 8;
    %pushi/vec4 0, 0, 9;
    %assign/vec4 v0x59e2d370c0b0_0, 0;
    %jmp T_13.1;
T_13.0 ;
    %load/vec4 v0x59e2d370d050_0;
    %flag_set/vec4 8;
    %jmp/1 T_13.4, 8;
    %load/vec4 v0x59e2d370cf10_0;
    %flag_set/vec4 9;
    %flag_or 8, 9;
T_13.4;
    %jmp/0xz  T_13.2, 8;
    %load/vec4 v0x59e2d370c0b0_0;
    %parti/s 8, 0, 2;
    %load/vec4 v0x59e2d370d050_0;
    %concat/vec4; draw_concat_vec4
    %assign/vec4 v0x59e2d370c0b0_0, 0;
T_13.2 ;
T_13.1 ;
    %jmp T_13;
    .thread T_13;
    .scope S_0x59e2d3707470;
T_14 ;
    %wait E_0x59e2d2ddd780;
    %load/vec4 v0x59e2d370d690_0;
    %flag_set/vec4 8;
    %jmp/0xz  T_14.0, 8;
    %pushi/vec4 0, 0, 9;
    %assign/vec4 v0x59e2d370c010_0, 0;
    %jmp T_14.1;
T_14.0 ;
    %load/vec4 v0x59e2d370d190_0;
    %flag_set/vec4 8;
    %jmp/0xz  T_14.2, 8;
    %load/vec4 v0x59e2d370c0b0_0;
    %parti/s 8, 0, 2;
    %load/vec4 v0x59e2d370d050_0;
    %concat/vec4; draw_concat_vec4
    %assign/vec4 v0x59e2d370c010_0, 0;
    %jmp T_14.3;
T_14.2 ;
    %load/vec4 v0x59e2d370c6f0_0;
    %flag_set/vec4 8;
    %jmp/1 T_14.6, 8;
    %load/vec4 v0x59e2d370c650_0;
    %flag_set/vec4 9;
    %flag_or 8, 9;
T_14.6;
    %jmp/0xz  T_14.4, 8;
    %load/vec4 v0x59e2d370c010_0;
    %parti/s 8, 0, 2;
    %load/vec4 v0x59e2d370c6f0_0;
    %concat/vec4; draw_concat_vec4
    %assign/vec4 v0x59e2d370c010_0, 0;
T_14.4 ;
T_14.3 ;
T_14.1 ;
    %jmp T_14;
    .thread T_14;
    .scope S_0x59e2d3707470;
T_15 ;
    %wait E_0x59e2d2ddd780;
    %load/vec4 v0x59e2d370d690_0;
    %flag_set/vec4 8;
    %jmp/0xz  T_15.0, 8;
    %pushi/vec4 0, 0, 32;
    %store/vec4 v0x59e2d370c510_0, 0, 32;
T_15.2 ;
    %load/vec4 v0x59e2d370c510_0;
    %cmpi/s 512, 0, 32;
    %jmp/0xz T_15.3, 5;
    %pushi/vec4 3, 0, 2;
    %ix/getv/s 3, v0x59e2d370c510_0;
    %ix/load 4, 0, 0; Constant delay
    %assign/vec4/a/d v0x59e2d370aa00, 0, 4;
    %load/vec4 v0x59e2d370c510_0;
    %addi 1, 0, 32;
    %store/vec4 v0x59e2d370c510_0, 0, 32;
    %jmp T_15.2;
T_15.3 ;
    %jmp T_15.1;
T_15.0 ;
    %load/vec4 v0x59e2d370d050_0;
    %flag_set/vec4 9;
    %flag_get/vec4 9;
    %jmp/0 T_15.6, 9;
    %load/vec4 v0x59e2d370aaa0_0;
    %pad/u 11;
    %ix/vec4 4;
    %load/vec4a v0x59e2d370aa00, 4;
    %cmpi/u 3, 0, 2;
    %flag_get/vec4 5;
    %and;
T_15.6;
    %flag_set/vec4 8;
    %jmp/0xz  T_15.4, 8;
    %load/vec4 v0x59e2d370aaa0_0;
    %pad/u 11;
    %ix/vec4 4;
    %load/vec4a v0x59e2d370aa00, 4;
    %addi 1, 0, 2;
    %load/vec4 v0x59e2d370aaa0_0;
    %pad/u 11;
    %ix/vec4 3;
    %ix/load 4, 0, 0; Constant delay
    %assign/vec4/a/d v0x59e2d370aa00, 0, 4;
    %jmp T_15.5;
T_15.4 ;
    %load/vec4 v0x59e2d370cf10_0;
    %flag_set/vec4 9;
    %flag_get/vec4 9;
    %jmp/0 T_15.9, 9;
    %pushi/vec4 0, 0, 2;
    %load/vec4 v0x59e2d370aaa0_0;
    %pad/u 11;
    %ix/vec4 4;
    %load/vec4a v0x59e2d370aa00, 4;
    %cmp/u;
    %flag_get/vec4 5;
    %and;
T_15.9;
    %flag_set/vec4 8;
    %jmp/0xz  T_15.7, 8;
    %load/vec4 v0x59e2d370aaa0_0;
    %pad/u 11;
    %ix/vec4 4;
    %load/vec4a v0x59e2d370aa00, 4;
    %subi 1, 0, 2;
    %load/vec4 v0x59e2d370aaa0_0;
    %pad/u 11;
    %ix/vec4 3;
    %ix/load 4, 0, 0; Constant delay
    %assign/vec4/a/d v0x59e2d370aa00, 0, 4;
T_15.7 ;
T_15.5 ;
T_15.1 ;
    %jmp T_15;
    .thread T_15;
    .scope S_0x59e2d3707470;
T_16 ;
    %wait E_0x59e2d2f50b60;
    %pushi/vec4 0, 0, 1;
    %store/vec4 v0x59e2d370bd90_0, 0, 1;
    %pushi/vec4 0, 0, 1;
    %store/vec4 v0x59e2d370bc50_0, 0, 1;
    %pushi/vec4 0, 0, 1;
    %store/vec4 v0x59e2d370ad20_0, 0, 1;
    %pushi/vec4 0, 0, 1;
    %store/vec4 v0x59e2d370b670_0, 0, 1;
    %pushi/vec4 0, 0, 1;
    %store/vec4 v0x59e2d370b010_0, 0, 1;
    %load/vec4 v0x59e2d370d5f0_0;
    %parti/s 29, 3, 3;
    %concati/vec4 0, 0, 3;
    %addi 8, 0, 32;
    %store/vec4 v0x59e2d370b850_0, 0, 32;
    %pushi/vec4 0, 0, 5;
    %store/vec4 v0x59e2d370ab40_0, 0, 5;
    %pushi/vec4 0, 0, 32;
    %store/vec4 v0x59e2d370c290_0, 0, 32;
T_16.0 ;
    %load/vec4 v0x59e2d370c290_0;
    %cmpi/s 32, 0, 32;
    %jmp/0xz T_16.1, 5;
    %ix/getv/s 4, v0x59e2d370c290_0;
    %load/vec4a v0x59e2d370b8f0, 4;
    %load/vec4 v0x59e2d370d5f0_0;
    %cmp/e;
    %jmp/0xz  T_16.2, 4;
    %pushi/vec4 1, 0, 1;
    %store/vec4 v0x59e2d370bd90_0, 0, 1;
    %load/vec4 v0x59e2d370d5f0_0;
    %parti/s 1, 2, 3;
    %store/vec4 v0x59e2d370bc50_0, 0, 1;
    %ix/getv/s 4, v0x59e2d370c290_0;
    %load/vec4a v0x59e2d370ac80, 4;
    %store/vec4 v0x59e2d370ad20_0, 0, 1;
    %ix/getv/s 4, v0x59e2d370c290_0;
    %load/vec4a v0x59e2d370b4c0, 4;
    %store/vec4 v0x59e2d370b670_0, 0, 1;
    %ix/getv/s 4, v0x59e2d370c290_0;
    %load/vec4a v0x59e2d370ae60, 4;
    %store/vec4 v0x59e2d370b010_0, 0, 1;
    %ix/getv/s 4, v0x59e2d370c290_0;
    %load/vec4a v0x59e2d370baa0, 4;
    %store/vec4 v0x59e2d370b850_0, 0, 32;
    %load/vec4 v0x59e2d370c290_0;
    %pad/s 5;
    %store/vec4 v0x59e2d370ab40_0, 0, 5;
T_16.2 ;
    %load/vec4 v0x59e2d370c290_0;
    %addi 1, 0, 32;
    %store/vec4 v0x59e2d370c290_0, 0, 32;
    %jmp T_16.0;
T_16.1 ;
    %load/vec4 v0x59e2d370bd90_0;
    %inv;
    %flag_set/vec4 9;
    %flag_get/vec4 9;
    %jmp/0 T_16.6, 9;
    %load/vec4 v0x59e2d370d5f0_0;
    %parti/s 1, 2, 3;
    %inv;
    %and;
T_16.6;
    %flag_set/vec4 8;
    %jmp/0xz  T_16.4, 8;
    %pushi/vec4 0, 0, 32;
    %store/vec4 v0x59e2d370c290_0, 0, 32;
T_16.7 ;
    %load/vec4 v0x59e2d370c290_0;
    %cmpi/s 32, 0, 32;
    %jmp/0xz T_16.8, 5;
    %ix/getv/s 4, v0x59e2d370c290_0;
    %load/vec4a v0x59e2d370b8f0, 4;
    %load/vec4 v0x59e2d370d5f0_0;
    %pushi/vec4 4, 0, 32;
    %or;
    %cmp/e;
    %jmp/0xz  T_16.9, 4;
    %pushi/vec4 1, 0, 1;
    %store/vec4 v0x59e2d370bd90_0, 0, 1;
    %pushi/vec4 1, 0, 1;
    %store/vec4 v0x59e2d370bc50_0, 0, 1;
    %ix/getv/s 4, v0x59e2d370c290_0;
    %load/vec4a v0x59e2d370ac80, 4;
    %store/vec4 v0x59e2d370ad20_0, 0, 1;
    %ix/getv/s 4, v0x59e2d370c290_0;
    %load/vec4a v0x59e2d370b4c0, 4;
    %store/vec4 v0x59e2d370b670_0, 0, 1;
    %ix/getv/s 4, v0x59e2d370c290_0;
    %load/vec4a v0x59e2d370ae60, 4;
    %store/vec4 v0x59e2d370b010_0, 0, 1;
    %ix/getv/s 4, v0x59e2d370c290_0;
    %load/vec4a v0x59e2d370baa0, 4;
    %store/vec4 v0x59e2d370b850_0, 0, 32;
    %load/vec4 v0x59e2d370c290_0;
    %pad/s 5;
    %store/vec4 v0x59e2d370ab40_0, 0, 5;
T_16.9 ;
    %load/vec4 v0x59e2d370c290_0;
    %addi 1, 0, 32;
    %store/vec4 v0x59e2d370c290_0, 0, 32;
    %jmp T_16.7;
T_16.8 ;
T_16.4 ;
    %jmp T_16;
    .thread T_16, $push;
    .scope S_0x59e2d3707470;
T_17 ;
    %wait E_0x59e2d2f50b20;
    %pushi/vec4 0, 0, 5;
    %store/vec4 v0x59e2d370bf70_0, 0, 5;
    %pushi/vec4 0, 0, 1;
    %store/vec4 v0x59e2d370abe0_0, 0, 1;
    %pushi/vec4 0, 0, 1;
    %store/vec4 v0x59e2d370b7b0_0, 0, 1;
    %load/vec4 v0x59e2d370d190_0;
    %flag_set/vec4 8;
    %jmp/0xz  T_17.0, 8;
    %pushi/vec4 0, 0, 32;
    %store/vec4 v0x59e2d370c330_0, 0, 32;
T_17.2 ;
    %load/vec4 v0x59e2d370c330_0;
    %cmpi/s 32, 0, 32;
    %jmp/0xz T_17.3, 5;
    %ix/getv/s 4, v0x59e2d370c330_0;
    %load/vec4a v0x59e2d370b8f0, 4;
    %load/vec4 v0x59e2d370d230_0;
    %cmp/e;
    %jmp/0xz  T_17.4, 4;
    %pushi/vec4 1, 0, 1;
    %store/vec4 v0x59e2d370abe0_0, 0, 1;
    %load/vec4 v0x59e2d370c330_0;
    %pad/s 5;
    %store/vec4 v0x59e2d370bf70_0, 0, 5;
T_17.4 ;
    %load/vec4 v0x59e2d370c330_0;
    %addi 1, 0, 32;
    %store/vec4 v0x59e2d370c330_0, 0, 32;
    %jmp T_17.2;
T_17.3 ;
    %load/vec4 v0x59e2d370abe0_0;
    %inv;
    %store/vec4 v0x59e2d370b7b0_0, 0, 1;
T_17.0 ;
    %jmp T_17;
    .thread T_17, $push;
    .scope S_0x59e2d3707470;
T_18 ;
    %wait E_0x59e2d2ddd780;
    %load/vec4 v0x59e2d370d690_0;
    %flag_set/vec4 8;
    %jmp/0xz  T_18.0, 8;
    %pushi/vec4 0, 0, 32;
    %store/vec4 v0x59e2d370c3d0_0, 0, 32;
T_18.2 ;
    %load/vec4 v0x59e2d370c3d0_0;
    %cmpi/s 32, 0, 32;
    %jmp/0xz T_18.3, 5;
    %pushi/vec4 0, 0, 32;
    %ix/getv/s 3, v0x59e2d370c3d0_0;
    %ix/load 4, 0, 0; Constant delay
    %assign/vec4/a/d v0x59e2d370b8f0, 0, 4;
    %pushi/vec4 0, 0, 32;
    %ix/getv/s 3, v0x59e2d370c3d0_0;
    %ix/load 4, 0, 0; Constant delay
    %assign/vec4/a/d v0x59e2d370baa0, 0, 4;
    %pushi/vec4 0, 0, 1;
    %ix/getv/s 3, v0x59e2d370c3d0_0;
    %ix/load 4, 0, 0; Constant delay
    %assign/vec4/a/d v0x59e2d370ac80, 0, 4;
    %pushi/vec4 0, 0, 1;
    %ix/getv/s 3, v0x59e2d370c3d0_0;
    %ix/load 4, 0, 0; Constant delay
    %assign/vec4/a/d v0x59e2d370b4c0, 0, 4;
    %pushi/vec4 0, 0, 1;
    %ix/getv/s 3, v0x59e2d370c3d0_0;
    %ix/load 4, 0, 0; Constant delay
    %assign/vec4/a/d v0x59e2d370ae60, 0, 4;
    %load/vec4 v0x59e2d370c3d0_0;
    %addi 1, 0, 32;
    %store/vec4 v0x59e2d370c3d0_0, 0, 32;
    %jmp T_18.2;
T_18.3 ;
    %jmp T_18.1;
T_18.0 ;
    %load/vec4 v0x59e2d370abe0_0;
    %flag_set/vec4 8;
    %jmp/0xz  T_18.4, 8;
    %load/vec4 v0x59e2d370d230_0;
    %load/vec4 v0x59e2d370bf70_0;
    %pad/u 7;
    %ix/vec4 3;
    %ix/load 4, 0, 0; Constant delay
    %assign/vec4/a/d v0x59e2d370b8f0, 0, 4;
    %load/vec4 v0x59e2d370d050_0;
    %flag_set/vec4 8;
    %jmp/0xz  T_18.6, 8;
    %load/vec4 v0x59e2d370d0f0_0;
    %load/vec4 v0x59e2d370bf70_0;
    %pad/u 7;
    %ix/vec4 3;
    %ix/load 4, 0, 0; Constant delay
    %assign/vec4/a/d v0x59e2d370baa0, 0, 4;
T_18.6 ;
    %load/vec4 v0x59e2d370cdd0_0;
    %load/vec4 v0x59e2d370bf70_0;
    %pad/u 7;
    %ix/vec4 3;
    %ix/load 4, 0, 0; Constant delay
    %assign/vec4/a/d v0x59e2d370ac80, 0, 4;
    %load/vec4 v0x59e2d370cfb0_0;
    %load/vec4 v0x59e2d370bf70_0;
    %pad/u 7;
    %ix/vec4 3;
    %ix/load 4, 0, 0; Constant delay
    %assign/vec4/a/d v0x59e2d370b4c0, 0, 4;
    %load/vec4 v0x59e2d370ce70_0;
    %load/vec4 v0x59e2d370bf70_0;
    %pad/u 7;
    %ix/vec4 3;
    %ix/load 4, 0, 0; Constant delay
    %assign/vec4/a/d v0x59e2d370ae60, 0, 4;
    %jmp T_18.5;
T_18.4 ;
    %load/vec4 v0x59e2d370b7b0_0;
    %flag_set/vec4 8;
    %jmp/0xz  T_18.8, 8;
    %load/vec4 v0x59e2d370d230_0;
    %load/vec4 v0x59e2d370bed0_0;
    %pad/u 7;
    %ix/vec4 3;
    %ix/load 4, 0, 0; Constant delay
    %assign/vec4/a/d v0x59e2d370b8f0, 0, 4;
    %load/vec4 v0x59e2d370d0f0_0;
    %load/vec4 v0x59e2d370bed0_0;
    %pad/u 7;
    %ix/vec4 3;
    %ix/load 4, 0, 0; Constant delay
    %assign/vec4/a/d v0x59e2d370baa0, 0, 4;
    %load/vec4 v0x59e2d370cdd0_0;
    %load/vec4 v0x59e2d370bed0_0;
    %pad/u 7;
    %ix/vec4 3;
    %ix/load 4, 0, 0; Constant delay
    %assign/vec4/a/d v0x59e2d370ac80, 0, 4;
    %load/vec4 v0x59e2d370cfb0_0;
    %load/vec4 v0x59e2d370bed0_0;
    %pad/u 7;
    %ix/vec4 3;
    %ix/load 4, 0, 0; Constant delay
    %assign/vec4/a/d v0x59e2d370b4c0, 0, 4;
    %load/vec4 v0x59e2d370ce70_0;
    %load/vec4 v0x59e2d370bed0_0;
    %pad/u 7;
    %ix/vec4 3;
    %ix/load 4, 0, 0; Constant delay
    %assign/vec4/a/d v0x59e2d370ae60, 0, 4;
T_18.8 ;
T_18.5 ;
T_18.1 ;
    %jmp T_18;
    .thread T_18;
    .scope S_0x59e2d36fe300;
T_19 ;
    %wait E_0x59e2d2ddd780;
    %load/vec4 v0x59e2d3701570_0;
    %flag_set/vec4 8;
    %jmp/0xz  T_19.0, 8;
    %pushi/vec4 0, 0, 2;
    %assign/vec4 v0x59e2d3700530_0, 0;
    %pushi/vec4 0, 0, 1;
    %assign/vec4 v0x59e2d37014d0_0, 0;
    %pushi/vec4 0, 0, 1;
    %assign/vec4 v0x59e2d3701890_0, 0;
    %pushi/vec4 0, 0, 32;
    %store/vec4 v0x59e2d3700850_0, 0, 32;
T_19.2 ;
    %load/vec4 v0x59e2d3700850_0;
    %cmpi/s 2, 0, 32;
    %jmp/0xz T_19.3, 5;
    %pushi/vec4 0, 0, 64;
    %ix/getv/s 3, v0x59e2d3700850_0;
    %ix/load 4, 0, 0; Constant delay
    %assign/vec4/a/d v0x59e2d3701430, 0, 4;
    %pushi/vec4 0, 0, 32;
    %ix/getv/s 3, v0x59e2d3700850_0;
    %ix/load 4, 0, 0; Constant delay
    %assign/vec4/a/d v0x59e2d3700e90, 0, 4;
    %pushi/vec4 0, 0, 2;
    %ix/getv/s 3, v0x59e2d3700850_0;
    %ix/load 4, 0, 0; Constant delay
    %assign/vec4/a/d v0x59e2d3700a30, 0, 4;
    %pushi/vec4 0, 0, 2;
    %ix/getv/s 3, v0x59e2d3700850_0;
    %ix/load 4, 0, 0; Constant delay
    %assign/vec4/a/d v0x59e2d3700c10, 0, 4;
    %pushi/vec4 0, 0, 1;
    %ix/getv/s 3, v0x59e2d3700850_0;
    %ix/load 4, 0, 0; Constant delay
    %assign/vec4/a/d v0x59e2d37016b0, 0, 4;
    %pushi/vec4 0, 0, 1;
    %ix/getv/s 3, v0x59e2d3700850_0;
    %ix/load 4, 0, 0; Constant delay
    %assign/vec4/a/d v0x59e2d37017f0, 0, 4;
    %load/vec4 v0x59e2d3700850_0;
    %addi 1, 0, 32;
    %store/vec4 v0x59e2d3700850_0, 0, 32;
    %jmp T_19.2;
T_19.3 ;
    %jmp T_19.1;
T_19.0 ;
    %load/vec4 v0x59e2d37007b0_0;
    %flag_set/vec4 8;
    %jmp/0xz  T_19.4, 8;
    %pushi/vec4 0, 0, 2;
    %assign/vec4 v0x59e2d3700530_0, 0;
    %pushi/vec4 0, 0, 1;
    %assign/vec4 v0x59e2d37014d0_0, 0;
    %pushi/vec4 0, 0, 1;
    %assign/vec4 v0x59e2d3701890_0, 0;
    %pushi/vec4 0, 0, 32;
    %store/vec4 v0x59e2d3700850_0, 0, 32;
T_19.6 ;
    %load/vec4 v0x59e2d3700850_0;
    %cmpi/s 2, 0, 32;
    %jmp/0xz T_19.7, 5;
    %pushi/vec4 0, 0, 2;
    %ix/getv/s 3, v0x59e2d3700850_0;
    %ix/load 4, 0, 0; Constant delay
    %assign/vec4/a/d v0x59e2d3700a30, 0, 4;
    %pushi/vec4 0, 0, 2;
    %ix/getv/s 3, v0x59e2d3700850_0;
    %ix/load 4, 0, 0; Constant delay
    %assign/vec4/a/d v0x59e2d3700c10, 0, 4;
    %load/vec4 v0x59e2d3700850_0;
    %addi 1, 0, 32;
    %store/vec4 v0x59e2d3700850_0, 0, 32;
    %jmp T_19.6;
T_19.7 ;
    %jmp T_19.5;
T_19.4 ;
    %load/vec4 v0x59e2d3701390_0;
    %flag_set/vec4 8;
    %jmp/0xz  T_19.8, 8;
    %load/vec4 v0x59e2d3700710_0;
    %load/vec4 v0x59e2d3701890_0;
    %pad/u 3;
    %ix/vec4 3;
    %ix/load 4, 0, 0; Constant delay
    %assign/vec4/a/d v0x59e2d3701430, 0, 4;
    %load/vec4 v0x59e2d3700df0_0;
    %load/vec4 v0x59e2d3701890_0;
    %pad/u 3;
    %ix/vec4 3;
    %ix/load 4, 0, 0; Constant delay
    %assign/vec4/a/d v0x59e2d3700e90, 0, 4;
    %load/vec4 v0x59e2d37008f0_0;
    %load/vec4 v0x59e2d3701890_0;
    %pad/u 3;
    %ix/vec4 3;
    %ix/load 4, 0, 0; Constant delay
    %assign/vec4/a/d v0x59e2d3700a30, 0, 4;
    %load/vec4 v0x59e2d3700ad0_0;
    %load/vec4 v0x59e2d3701890_0;
    %pad/u 3;
    %ix/vec4 3;
    %ix/load 4, 0, 0; Constant delay
    %assign/vec4/a/d v0x59e2d3700c10, 0, 4;
    %pushi/vec4 1, 0, 1;
    %load/vec4 v0x59e2d3701890_0;
    %pad/u 3;
    %ix/vec4 3;
    %ix/load 4, 0, 0; Constant delay
    %assign/vec4/a/d v0x59e2d37016b0, 0, 4;
    %load/vec4 v0x59e2d3701250_0;
    %parti/s 1, 0, 2;
    %inv;
    %load/vec4 v0x59e2d3701890_0;
    %pad/u 3;
    %ix/vec4 3;
    %ix/load 4, 0, 0; Constant delay
    %assign/vec4/a/d v0x59e2d37017f0, 0, 4;
    %load/vec4 v0x59e2d3701890_0;
    %pad/u 2;
    %addi 1, 0, 2;
    %pad/u 1;
    %assign/vec4 v0x59e2d3701890_0, 0;
T_19.8 ;
    %load/vec4 v0x59e2d3701070_0;
    %flag_set/vec4 8;
    %jmp/0xz  T_19.10, 8;
    %pushi/vec4 0, 0, 1;
    %load/vec4 v0x59e2d37014d0_0;
    %pad/u 3;
    %ix/vec4 3;
    %ix/load 4, 0, 0; Constant delay
    %assign/vec4/a/d v0x59e2d37016b0, 0, 4;
T_19.10 ;
    %load/vec4 v0x59e2d3701110_0;
    %flag_set/vec4 8;
    %jmp/0xz  T_19.12, 8;
    %pushi/vec4 0, 0, 1;
    %load/vec4 v0x59e2d37014d0_0;
    %pad/u 3;
    %ix/vec4 3;
    %ix/load 4, 0, 0; Constant delay
    %assign/vec4/a/d v0x59e2d37017f0, 0, 4;
T_19.12 ;
    %load/vec4 v0x59e2d37011b0_0;
    %flag_set/vec4 8;
    %jmp/0xz  T_19.14, 8;
    %load/vec4 v0x59e2d37014d0_0;
    %pad/u 2;
    %addi 1, 0, 2;
    %pad/u 1;
    %assign/vec4 v0x59e2d37014d0_0, 0;
T_19.14 ;
    %load/vec4 v0x59e2d3701390_0;
    %load/vec4 v0x59e2d37011b0_0;
    %inv;
    %and;
    %flag_set/vec4 8;
    %jmp/0xz  T_19.16, 8;
    %load/vec4 v0x59e2d3700530_0;
    %addi 1, 0, 2;
    %assign/vec4 v0x59e2d3700530_0, 0;
    %jmp T_19.17;
T_19.16 ;
    %load/vec4 v0x59e2d3701390_0;
    %inv;
    %load/vec4 v0x59e2d37011b0_0;
    %and;
    %flag_set/vec4 8;
    %jmp/0xz  T_19.18, 8;
    %load/vec4 v0x59e2d3700530_0;
    %subi 1, 0, 2;
    %assign/vec4 v0x59e2d3700530_0, 0;
T_19.18 ;
T_19.17 ;
T_19.5 ;
T_19.1 ;
    %jmp T_19;
    .thread T_19;
    .scope S_0x59e2d3703de0;
T_20 ;
    %wait E_0x59e2d2ddd780;
    %load/vec4 v0x59e2d3706b80_0;
    %flag_set/vec4 8;
    %jmp/0xz  T_20.0, 8;
    %pushi/vec4 0, 0, 1;
    %assign/vec4 v0x59e2d3705280_0, 0;
    %pushi/vec4 0, 0, 32;
    %assign/vec4 v0x59e2d3705000_0, 0;
    %jmp T_20.1;
T_20.0 ;
    %load/vec4 v0x59e2d3705320_0;
    %flag_set/vec4 9;
    %flag_get/vec4 9;
    %jmp/0 T_20.4, 9;
    %load/vec4 v0x59e2d3705e60_0;
    %flag_set/vec4 9;
    %flag_get/vec4 9;
    %jmp/1 T_20.5, 9;
    %load/vec4 v0x59e2d3704ec0_0;
    %nor/r;
    %or;
T_20.5;
    %and;
T_20.4;
    %flag_set/vec4 8;
    %jmp/0xz  T_20.2, 8;
    %load/vec4 v0x59e2d37053c0_0;
    %assign/vec4 v0x59e2d3705280_0, 0;
    %load/vec4 v0x59e2d37050a0_0;
    %assign/vec4 v0x59e2d3705000_0, 0;
    %jmp T_20.3;
T_20.2 ;
    %load/vec4 v0x59e2d3705e60_0;
    %inv;
    %flag_set/vec4 8;
    %jmp/0xz  T_20.6, 8;
    %pushi/vec4 0, 0, 1;
    %assign/vec4 v0x59e2d3705280_0, 0;
    %pushi/vec4 0, 0, 32;
    %assign/vec4 v0x59e2d3705000_0, 0;
T_20.6 ;
T_20.3 ;
T_20.1 ;
    %jmp T_20;
    .thread T_20;
    .scope S_0x59e2d3650e80;
T_21 ;
    %wait E_0x59e2d2ddd780;
    %load/vec4 v0x59e2d3706b80_0;
    %flag_set/vec4 8;
    %jmp/0xz  T_21.0, 8;
    %pushi/vec4 0, 0, 1;
    %assign/vec4 v0x59e2d3704ec0_0, 0;
    %jmp T_21.1;
T_21.0 ;
    %pushi/vec4 1, 0, 1;
    %flag_set/vec4 9;
    %flag_get/vec4 9;
    %jmp/0 T_21.4, 9;
    %load/vec4 v0x59e2d37053c0_0;
    %and;
T_21.4;
    %flag_set/vec4 8;
    %jmp/0xz  T_21.2, 8;
    %pushi/vec4 1, 0, 1;
    %assign/vec4 v0x59e2d3704ec0_0, 0;
T_21.2 ;
T_21.1 ;
    %jmp T_21;
    .thread T_21;
    .scope S_0x59e2d3650e80;
T_22 ;
    %wait E_0x59e2d2ddd780;
    %load/vec4 v0x59e2d3706b80_0;
    %flag_set/vec4 8;
    %jmp/0xz  T_22.0, 8;
    %pushi/vec4 0, 0, 1;
    %assign/vec4 v0x59e2d3706d60_0, 0;
    %jmp T_22.1;
T_22.0 ;
    %load/vec4 v0x59e2d3706e00_0;
    %assign/vec4 v0x59e2d3706d60_0, 0;
T_22.1 ;
    %jmp T_22;
    .thread T_22;
    .scope S_0x59e2d3650e80;
T_23 ;
    %wait E_0x59e2d2ddd780;
    %load/vec4 v0x59e2d3706b80_0;
    %flag_set/vec4 8;
    %jmp/0xz  T_23.0, 8;
    %pushi/vec4 0, 0, 1;
    %assign/vec4 v0x59e2d3705fa0_0, 0;
    %jmp T_23.1;
T_23.0 ;
    %load/vec4 v0x59e2d37065e0_0;
    %flag_set/vec4 9;
    %flag_get/vec4 9;
    %jmp/0 T_23.4, 9;
    %load/vec4 v0x59e2d3705dc0_0;
    %and;
T_23.4;
    %flag_set/vec4 8;
    %jmp/0xz  T_23.2, 8;
    %pushi/vec4 1, 0, 1;
    %assign/vec4 v0x59e2d3705fa0_0, 0;
    %jmp T_23.3;
T_23.2 ;
    %load/vec4 v0x59e2d3706680_0;
    %flag_set/vec4 8;
    %jmp/0xz  T_23.5, 8;
    %pushi/vec4 0, 0, 1;
    %assign/vec4 v0x59e2d3705fa0_0, 0;
T_23.5 ;
T_23.3 ;
T_23.1 ;
    %jmp T_23;
    .thread T_23;
    .scope S_0x59e2d3650e80;
T_24 ;
    %wait E_0x59e2d2ddd780;
    %load/vec4 v0x59e2d3706b80_0;
    %flag_set/vec4 8;
    %jmp/0xz  T_24.0, 8;
    %pushi/vec4 0, 0, 1;
    %assign/vec4 v0x59e2d3706220_0, 0;
    %jmp T_24.1;
T_24.0 ;
    %load/vec4 v0x59e2d3706180_0;
    %flag_set/vec4 9;
    %flag_get/vec4 9;
    %jmp/0 T_24.4, 9;
    %load/vec4 v0x59e2d3705dc0_0;
    %nor/r;
    %and;
T_24.4;
    %flag_set/vec4 8;
    %jmp/0xz  T_24.2, 8;
    %pushi/vec4 1, 0, 1;
    %assign/vec4 v0x59e2d3706220_0, 0;
    %jmp T_24.3;
T_24.2 ;
    %pushi/vec4 0, 0, 1;
    %assign/vec4 v0x59e2d3706220_0, 0;
T_24.3 ;
T_24.1 ;
    %jmp T_24;
    .thread T_24;
    .scope S_0x59e2d3650e80;
T_25 ;
    %wait E_0x59e2d2ddd780;
    %load/vec4 v0x59e2d3706b80_0;
    %flag_set/vec4 8;
    %jmp/0xz  T_25.0, 8;
    %pushi/vec4 0, 0, 32;
    %assign/vec4 v0x59e2d3706a40_0, 0;
    %jmp T_25.1;
T_25.0 ;
    %pushi/vec4 1, 0, 1;
    %flag_set/vec4 10;
    %flag_get/vec4 10;
    %jmp/0 T_25.5, 10;
    %load/vec4 v0x59e2d3706e00_0;
    %flag_set/vec4 10;
    %jmp/1 T_25.7, 10;
    %load/vec4 v0x59e2d3704ec0_0;
    %nor/r;
    %flag_set/vec4 11;
    %flag_or 10, 11;
T_25.7;
    %flag_get/vec4 10;
    %jmp/1 T_25.6, 10;
    %load/vec4 v0x59e2d3706d60_0;
    %or;
T_25.6;
    %and;
T_25.5;
    %flag_set/vec4 9;
    %flag_get/vec4 9;
    %jmp/0 T_25.4, 9;
    %load/vec4 v0x59e2d37053c0_0;
    %and;
T_25.4;
    %flag_set/vec4 8;
    %jmp/0xz  T_25.2, 8;
    %load/vec4 v0x59e2d37050a0_0;
    %assign/vec4 v0x59e2d3706a40_0, 0;
    %jmp T_25.3;
T_25.2 ;
    %load/vec4 v0x59e2d3706e00_0;
    %nor/r;
    %flag_set/vec4 8;
    %jmp/0xz  T_25.8, 8;
    %load/vec4 v0x59e2d3706720_0;
    %assign/vec4 v0x59e2d3706a40_0, 0;
T_25.8 ;
T_25.3 ;
T_25.1 ;
    %jmp T_25;
    .thread T_25;
    .scope S_0x59e2d3650e80;
T_26 ;
    %wait E_0x59e2d2ddd780;
    %load/vec4 v0x59e2d3706b80_0;
    %flag_set/vec4 8;
    %jmp/0xz  T_26.0, 8;
    %pushi/vec4 0, 0, 32;
    %assign/vec4 v0x59e2d3706900_0, 0;
    %jmp T_26.1;
T_26.0 ;
    %load/vec4 v0x59e2d37065e0_0;
    %flag_set/vec4 9;
    %flag_get/vec4 9;
    %jmp/0 T_26.4, 9;
    %load/vec4 v0x59e2d3705dc0_0;
    %and;
T_26.4;
    %flag_set/vec4 8;
    %jmp/0xz  T_26.2, 8;
    %load/vec4 v0x59e2d3706400_0;
    %assign/vec4 v0x59e2d3706900_0, 0;
T_26.2 ;
T_26.1 ;
    %jmp T_26;
    .thread T_26;
    .scope S_0x59e2d3650e80;
T_27 ;
    %wait E_0x59e2d2ddd780;
    %load/vec4 v0x59e2d3706b80_0;
    %flag_set/vec4 8;
    %jmp/0xz  T_27.0, 8;
    %pushi/vec4 0, 0, 2;
    %assign/vec4 v0x59e2d3706ae0_0, 0;
    %jmp T_27.1;
T_27.0 ;
    %load/vec4 v0x59e2d37065e0_0;
    %flag_set/vec4 9;
    %flag_get/vec4 9;
    %jmp/0 T_27.4, 9;
    %load/vec4 v0x59e2d3705dc0_0;
    %and;
T_27.4;
    %flag_set/vec4 8;
    %jmp/0xz  T_27.2, 8;
    %load/vec4 v0x59e2d37067c0_0;
    %assign/vec4 v0x59e2d3706ae0_0, 0;
    %jmp T_27.3;
T_27.2 ;
    %load/vec4 v0x59e2d3706680_0;
    %flag_set/vec4 8;
    %jmp/0xz  T_27.5, 8;
    %pushi/vec4 0, 0, 2;
    %assign/vec4 v0x59e2d3706ae0_0, 0;
T_27.5 ;
T_27.3 ;
T_27.1 ;
    %jmp T_27;
    .thread T_27;
    .scope S_0x59e2d3650e80;
T_28 ;
    %wait E_0x59e2d2ddd780;
    %load/vec4 v0x59e2d3706b80_0;
    %flag_set/vec4 8;
    %jmp/0xz  T_28.0, 8;
    %pushi/vec4 0, 0, 100;
    %assign/vec4 v0x59e2d3706c20_0, 0;
    %pushi/vec4 0, 0, 1;
    %assign/vec4 v0x59e2d3706cc0_0, 0;
    %jmp T_28.1;
T_28.0 ;
    %load/vec4 v0x59e2d3705d20_0;
    %flag_set/vec4 9;
    %flag_get/vec4 9;
    %jmp/0 T_28.4, 9;
    %load/vec4 v0x59e2d3705610_0;
    %nor/r;
    %and;
T_28.4;
    %flag_set/vec4 8;
    %jmp/0xz  T_28.2, 8;
    %pushi/vec4 1, 0, 1;
    %assign/vec4 v0x59e2d3706cc0_0, 0;
    %load/vec4 v0x59e2d3705750_0;
    %load/vec4 v0x59e2d37056b0_0;
    %concat/vec4; draw_concat_vec4
    %load/vec4 v0x59e2d3705be0_0;
    %concat/vec4; draw_concat_vec4
    %load/vec4 v0x59e2d3705b40_0;
    %concat/vec4; draw_concat_vec4
    %load/vec4 v0x59e2d37057f0_0;
    %concat/vec4; draw_concat_vec4
    %assign/vec4 v0x59e2d3706c20_0, 0;
    %jmp T_28.3;
T_28.2 ;
    %pushi/vec4 0, 0, 1;
    %assign/vec4 v0x59e2d3706cc0_0, 0;
    %pushi/vec4 0, 0, 100;
    %assign/vec4 v0x59e2d3706c20_0, 0;
T_28.3 ;
T_28.1 ;
    %jmp T_28;
    .thread T_28;
    .scope S_0x59e2d37111f0;
T_29 ;
    %wait E_0x59e2d2ddd780;
    %load/vec4 v0x59e2d37378e0_0;
    %flag_set/vec4 8;
    %jmp/0xz  T_29.0, 8;
    %pushi/vec4 0, 0, 2;
    %assign/vec4 v0x59e2d3737240_0, 0;
    %pushi/vec4 0, 0, 1;
    %assign/vec4 v0x59e2d3737800_0, 0;
    %pushi/vec4 0, 0, 1;
    %assign/vec4 v0x59e2d3737c50_0, 0;
    %pushi/vec4 0, 0, 32;
    %store/vec4 v0x59e2d37374e0_0, 0, 32;
T_29.2 ;
    %load/vec4 v0x59e2d37374e0_0;
    %cmpi/s 2, 0, 32;
    %jmp/0xz T_29.3, 5;
    %pushi/vec4 0, 0, 36;
    %ix/getv/s 3, v0x59e2d37374e0_0;
    %ix/load 4, 0, 0; Constant delay
    %assign/vec4/a/d v0x59e2d3737740, 0, 4;
    %load/vec4 v0x59e2d37374e0_0;
    %addi 1, 0, 32;
    %store/vec4 v0x59e2d37374e0_0, 0, 32;
    %jmp T_29.2;
T_29.3 ;
    %jmp T_29.1;
T_29.0 ;
    %load/vec4 v0x59e2d3737680_0;
    %load/vec4 v0x59e2d37370e0_0;
    %and;
    %flag_set/vec4 8;
    %jmp/0xz  T_29.4, 8;
    %load/vec4 v0x59e2d3737320_0;
    %load/vec4 v0x59e2d3737c50_0;
    %pad/u 3;
    %ix/vec4 3;
    %ix/load 4, 0, 0; Constant delay
    %assign/vec4/a/d v0x59e2d3737740, 0, 4;
    %load/vec4 v0x59e2d3737c50_0;
    %pad/u 2;
    %addi 1, 0, 2;
    %pad/u 1;
    %assign/vec4 v0x59e2d3737c50_0, 0;
T_29.4 ;
    %load/vec4 v0x59e2d37375c0_0;
    %load/vec4 v0x59e2d3737b90_0;
    %and;
    %flag_set/vec4 8;
    %jmp/0xz  T_29.6, 8;
    %load/vec4 v0x59e2d3737800_0;
    %pad/u 2;
    %addi 1, 0, 2;
    %pad/u 1;
    %assign/vec4 v0x59e2d3737800_0, 0;
T_29.6 ;
    %load/vec4 v0x59e2d3737680_0;
    %load/vec4 v0x59e2d37370e0_0;
    %and;
    %load/vec4 v0x59e2d37375c0_0;
    %load/vec4 v0x59e2d3737b90_0;
    %and;
    %inv;
    %and;
    %flag_set/vec4 8;
    %jmp/0xz  T_29.8, 8;
    %load/vec4 v0x59e2d3737240_0;
    %addi 1, 0, 2;
    %assign/vec4 v0x59e2d3737240_0, 0;
    %jmp T_29.9;
T_29.8 ;
    %load/vec4 v0x59e2d3737680_0;
    %load/vec4 v0x59e2d37370e0_0;
    %and;
    %inv;
    %load/vec4 v0x59e2d37375c0_0;
    %load/vec4 v0x59e2d3737b90_0;
    %and;
    %and;
    %flag_set/vec4 8;
    %jmp/0xz  T_29.10, 8;
    %load/vec4 v0x59e2d3737240_0;
    %subi 1, 0, 2;
    %assign/vec4 v0x59e2d3737240_0, 0;
T_29.10 ;
T_29.9 ;
T_29.1 ;
    %jmp T_29;
    .thread T_29;
    .scope S_0x59e2d3710d80;
T_30 ;
    %wait E_0x59e2d2ddd780;
    %load/vec4 v0x59e2d3765800_0;
    %flag_set/vec4 8;
    %jmp/0xz  T_30.0, 8;
    %pushi/vec4 0, 0, 1;
    %assign/vec4 v0x59e2d3764da0_0, 0;
    %jmp T_30.1;
T_30.0 ;
    %load/vec4 v0x59e2d3742650_0;
    %flag_set/vec4 8;
    %jmp/0xz  T_30.2, 8;
    %pushi/vec4 1, 0, 1;
    %assign/vec4 v0x59e2d3764da0_0, 0;
    %jmp T_30.3;
T_30.2 ;
    %load/vec4 v0x59e2d3741e10_0;
    %flag_set/vec4 8;
    %jmp/1 T_30.6, 8;
    %load/vec4 v0x59e2d3741d50_0;
    %flag_set/vec4 9;
    %flag_or 8, 9;
T_30.6;
    %jmp/0xz  T_30.4, 8;
    %pushi/vec4 0, 0, 1;
    %assign/vec4 v0x59e2d3764da0_0, 0;
T_30.4 ;
T_30.3 ;
T_30.1 ;
    %jmp T_30;
    .thread T_30;
    .scope S_0x59e2d3710d80;
T_31 ;
    %wait E_0x59e2d2ddd780;
    %load/vec4 v0x59e2d3765800_0;
    %flag_set/vec4 8;
    %jmp/0xz  T_31.0, 8;
    %pushi/vec4 0, 0, 1;
    %assign/vec4 v0x59e2d3763f70_0, 0;
    %jmp T_31.1;
T_31.0 ;
    %load/vec4 v0x59e2d3763eb0_0;
    %load/vec4 v0x59e2d3742110_0;
    %inv;
    %and;
    %assign/vec4 v0x59e2d3763f70_0, 0;
T_31.1 ;
    %jmp T_31;
    .thread T_31;
    .scope S_0x59e2d3710d80;
T_32 ;
    %wait E_0x59e2d3565c70;
    %pushi/vec4 0, 0, 32;
    %store/vec4 v0x59e2d3742e10_0, 0, 32;
    %pushi/vec4 0, 0, 32;
    %store/vec4 v0x59e2d3743070_0, 0, 32;
    %pushi/vec4 0, 0, 1;
    %store/vec4 v0x59e2d3764030_0, 0, 1;
    %pushi/vec4 0, 0, 4;
    %store/vec4 v0x59e2d37642b0_0, 0, 4;
    %pushi/vec4 0, 0, 1;
    %store/vec4 v0x59e2d3763b70_0, 0, 1;
    %load/vec4 v0x59e2d3764cd0_0;
    %flag_set/vec4 9;
    %flag_get/vec4 9;
    %jmp/0 T_32.2, 9;
    %load/vec4 v0x59e2d3764730_0;
    %pushi/vec4 28799, 0, 32;
    %and;
    %pushi/vec4 4211, 0, 32;
    %cmp/e;
    %flag_get/vec4 4;
    %and;
T_32.2;
    %flag_set/vec4 8;
    %jmp/0xz  T_32.0, 8;
    %load/vec4 v0x59e2d37649a0_0;
    %store/vec4 v0x59e2d3742e10_0, 0, 32;
    %jmp T_32.1;
T_32.0 ;
    %load/vec4 v0x59e2d3764cd0_0;
    %flag_set/vec4 9;
    %flag_get/vec4 9;
    %jmp/0 T_32.5, 9;
    %load/vec4 v0x59e2d3742890_0;
    %and;
T_32.5;
    %flag_set/vec4 8;
    %jmp/0xz  T_32.3, 8;
    %load/vec4 v0x59e2d37649a0_0;
    %load/vec4 v0x59e2d3764730_0;
    %parti/s 1, 31, 6;
    %replicate 20;
    %load/vec4 v0x59e2d3764730_0;
    %parti/s 12, 20, 6;
    %concat/vec4; draw_concat_vec4
    %add;
    %store/vec4 v0x59e2d3742e10_0, 0, 32;
    %jmp T_32.4;
T_32.3 ;
    %load/vec4 v0x59e2d37649a0_0;
    %load/vec4 v0x59e2d3764730_0;
    %parti/s 1, 31, 6;
    %replicate 20;
    %load/vec4 v0x59e2d3764730_0;
    %parti/s 7, 25, 6;
    %concat/vec4; draw_concat_vec4
    %load/vec4 v0x59e2d3764730_0;
    %parti/s 5, 7, 4;
    %concat/vec4; draw_concat_vec4
    %add;
    %store/vec4 v0x59e2d3742e10_0, 0, 32;
T_32.4 ;
T_32.1 ;
    %load/vec4 v0x59e2d3764cd0_0;
    %flag_set/vec4 9;
    %flag_get/vec4 9;
    %jmp/0 T_32.8, 9;
    %load/vec4 v0x59e2d37652a0_0;
    %and;
T_32.8;
    %flag_set/vec4 8;
    %jmp/0xz  T_32.6, 8;
    %load/vec4 v0x59e2d3742e10_0;
    %parti/s 2, 0, 2;
    %pushi/vec4 0, 0, 2;
    %cmp/ne;
    %flag_get/vec4 4;
    %store/vec4 v0x59e2d3764030_0, 0, 1;
    %jmp T_32.7;
T_32.6 ;
    %load/vec4 v0x59e2d3764cd0_0;
    %flag_set/vec4 9;
    %flag_get/vec4 9;
    %jmp/0 T_32.11, 9;
    %load/vec4 v0x59e2d3765120_0;
    %and;
T_32.11;
    %flag_set/vec4 8;
    %jmp/0xz  T_32.9, 8;
    %load/vec4 v0x59e2d3742e10_0;
    %parti/s 1, 0, 2;
    %store/vec4 v0x59e2d3764030_0, 0, 1;
T_32.9 ;
T_32.7 ;
    %load/vec4 v0x59e2d3764cd0_0;
    %flag_set/vec4 9;
    %flag_get/vec4 9;
    %jmp/0 T_32.13, 9;
    %load/vec4 v0x59e2d3742890_0;
    %and;
T_32.13;
    %flag_set/vec4 8;
    %flag_get/vec4 8;
    %jmp/0 T_32.12, 8;
    %load/vec4 v0x59e2d3764030_0;
    %nor/r;
    %and;
T_32.12;
    %store/vec4 v0x59e2d3763b70_0, 0, 1;
    %load/vec4 v0x59e2d3764cd0_0;
    %flag_set/vec4 10;
    %flag_get/vec4 10;
    %jmp/0 T_32.17, 10;
    %load/vec4 v0x59e2d3764730_0;
    %pushi/vec4 28799, 0, 32;
    %and;
    %pushi/vec4 8227, 0, 32;
    %cmp/e;
    %flag_get/vec4 4;
    %and;
T_32.17;
    %flag_set/vec4 9;
    %flag_get/vec4 9;
    %jmp/0 T_32.16, 9;
    %load/vec4 v0x59e2d3764030_0;
    %nor/r;
    %and;
T_32.16;
    %flag_set/vec4 8;
    %jmp/0xz  T_32.14, 8;
    %load/vec4 v0x59e2d3764b30_0;
    %store/vec4 v0x59e2d3743070_0, 0, 32;
    %pushi/vec4 15, 0, 4;
    %store/vec4 v0x59e2d37642b0_0, 0, 4;
    %jmp T_32.15;
T_32.14 ;
    %load/vec4 v0x59e2d3764cd0_0;
    %flag_set/vec4 10;
    %flag_get/vec4 10;
    %jmp/0 T_32.21, 10;
    %load/vec4 v0x59e2d3764730_0;
    %pushi/vec4 28799, 0, 32;
    %and;
    %pushi/vec4 4131, 0, 32;
    %cmp/e;
    %flag_get/vec4 4;
    %and;
T_32.21;
    %flag_set/vec4 9;
    %flag_get/vec4 9;
    %jmp/0 T_32.20, 9;
    %load/vec4 v0x59e2d3764030_0;
    %nor/r;
    %and;
T_32.20;
    %flag_set/vec4 8;
    %jmp/0xz  T_32.18, 8;
    %load/vec4 v0x59e2d3742e10_0;
    %parti/s 2, 0, 2;
    %dup/vec4;
    %pushi/vec4 2, 0, 2;
    %cmp/u;
    %jmp/1 T_32.22, 6;
    %pushi/vec4 0, 0, 16;
    %load/vec4 v0x59e2d3764b30_0;
    %parti/s 16, 0, 2;
    %concat/vec4; draw_concat_vec4
    %store/vec4 v0x59e2d3743070_0, 0, 32;
    %pushi/vec4 3, 0, 4;
    %store/vec4 v0x59e2d37642b0_0, 0, 4;
    %jmp T_32.24;
T_32.22 ;
    %load/vec4 v0x59e2d3764b30_0;
    %parti/s 16, 0, 2;
    %concati/vec4 0, 0, 16;
    %store/vec4 v0x59e2d3743070_0, 0, 32;
    %pushi/vec4 12, 0, 4;
    %store/vec4 v0x59e2d37642b0_0, 0, 4;
    %jmp T_32.24;
T_32.24 ;
    %pop/vec4 1;
    %jmp T_32.19;
T_32.18 ;
    %load/vec4 v0x59e2d3764cd0_0;
    %flag_set/vec4 9;
    %flag_get/vec4 9;
    %jmp/0 T_32.27, 9;
    %load/vec4 v0x59e2d3764730_0;
    %pushi/vec4 28799, 0, 32;
    %and;
    %pushi/vec4 35, 0, 32;
    %cmp/e;
    %flag_get/vec4 4;
    %and;
T_32.27;
    %flag_set/vec4 8;
    %jmp/0xz  T_32.25, 8;
    %load/vec4 v0x59e2d3742e10_0;
    %parti/s 2, 0, 2;
    %dup/vec4;
    %pushi/vec4 3, 0, 2;
    %cmp/u;
    %jmp/1 T_32.28, 6;
    %dup/vec4;
    %pushi/vec4 2, 0, 2;
    %cmp/u;
    %jmp/1 T_32.29, 6;
    %dup/vec4;
    %pushi/vec4 1, 0, 2;
    %cmp/u;
    %jmp/1 T_32.30, 6;
    %dup/vec4;
    %pushi/vec4 0, 0, 2;
    %cmp/u;
    %jmp/1 T_32.31, 6;
    %jmp T_32.33;
T_32.28 ;
    %load/vec4 v0x59e2d3764b30_0;
    %parti/s 8, 0, 2;
    %concati/vec4 0, 0, 24;
    %store/vec4 v0x59e2d3743070_0, 0, 32;
    %pushi/vec4 8, 0, 4;
    %store/vec4 v0x59e2d37642b0_0, 0, 4;
    %jmp T_32.33;
T_32.29 ;
    %pushi/vec4 0, 0, 8;
    %load/vec4 v0x59e2d3764b30_0;
    %parti/s 8, 0, 2;
    %concat/vec4; draw_concat_vec4
    %concati/vec4 0, 0, 16;
    %store/vec4 v0x59e2d3743070_0, 0, 32;
    %pushi/vec4 4, 0, 4;
    %store/vec4 v0x59e2d37642b0_0, 0, 4;
    %jmp T_32.33;
T_32.30 ;
    %pushi/vec4 0, 0, 16;
    %load/vec4 v0x59e2d3764b30_0;
    %parti/s 8, 0, 2;
    %concat/vec4; draw_concat_vec4
    %concati/vec4 0, 0, 8;
    %store/vec4 v0x59e2d3743070_0, 0, 32;
    %pushi/vec4 2, 0, 4;
    %store/vec4 v0x59e2d37642b0_0, 0, 4;
    %jmp T_32.33;
T_32.31 ;
    %pushi/vec4 0, 0, 24;
    %load/vec4 v0x59e2d3764b30_0;
    %parti/s 8, 0, 2;
    %concat/vec4; draw_concat_vec4
    %store/vec4 v0x59e2d3743070_0, 0, 32;
    %pushi/vec4 1, 0, 4;
    %store/vec4 v0x59e2d37642b0_0, 0, 4;
    %jmp T_32.33;
T_32.33 ;
    %pop/vec4 1;
    %jmp T_32.26;
T_32.25 ;
    %pushi/vec4 0, 0, 4;
    %store/vec4 v0x59e2d37642b0_0, 0, 4;
T_32.26 ;
T_32.19 ;
T_32.15 ;
    %jmp T_32;
    .thread T_32, $push;
    .scope S_0x59e2d3710d80;
T_33 ;
    %wait E_0x59e2d2ddd780;
    %load/vec4 v0x59e2d3765800_0;
    %flag_set/vec4 8;
    %jmp/0xz  T_33.0, 8;
    %pushi/vec4 0, 0, 32;
    %assign/vec4 v0x59e2d3742d30_0, 0;
    %pushi/vec4 0, 0, 32;
    %assign/vec4 v0x59e2d3763310_0, 0;
    %pushi/vec4 0, 0, 1;
    %assign/vec4 v0x59e2d3763ab0_0, 0;
    %pushi/vec4 0, 0, 4;
    %assign/vec4 v0x59e2d37641d0_0, 0;
    %pushi/vec4 0, 0, 1;
    %assign/vec4 v0x59e2d3742fb0_0, 0;
    %pushi/vec4 0, 0, 1;
    %assign/vec4 v0x59e2d37636f0_0, 0;
    %pushi/vec4 0, 0, 1;
    %assign/vec4 v0x59e2d3764450_0, 0;
    %pushi/vec4 0, 0, 1;
    %assign/vec4 v0x59e2d3763570_0, 0;
    %pushi/vec4 0, 0, 1;
    %assign/vec4 v0x59e2d3763eb0_0, 0;
    %pushi/vec4 0, 0, 1;
    %assign/vec4 v0x59e2d3763870_0, 0;
    %pushi/vec4 0, 0, 1;
    %assign/vec4 v0x59e2d3764510_0, 0;
    %pushi/vec4 0, 0, 1;
    %assign/vec4 v0x59e2d37645d0_0, 0;
    %pushi/vec4 0, 0, 1;
    %assign/vec4 v0x59e2d3763930_0, 0;
    %jmp T_33.1;
T_33.0 ;
    %load/vec4 v0x59e2d3741d50_0;
    %flag_set/vec4 8;
    %jmp/1 T_33.4, 8;
    %load/vec4 v0x59e2d3763f70_0;
    %flag_set/vec4 9;
    %flag_or 8, 9;
T_33.4;
    %jmp/0xz  T_33.2, 8;
    %pushi/vec4 0, 0, 32;
    %assign/vec4 v0x59e2d3742d30_0, 0;
    %pushi/vec4 0, 0, 32;
    %assign/vec4 v0x59e2d3763310_0, 0;
    %pushi/vec4 0, 0, 1;
    %assign/vec4 v0x59e2d3763ab0_0, 0;
    %pushi/vec4 0, 0, 4;
    %assign/vec4 v0x59e2d37641d0_0, 0;
    %pushi/vec4 0, 0, 1;
    %assign/vec4 v0x59e2d3742fb0_0, 0;
    %pushi/vec4 0, 0, 1;
    %assign/vec4 v0x59e2d37636f0_0, 0;
    %pushi/vec4 0, 0, 1;
    %assign/vec4 v0x59e2d3764450_0, 0;
    %pushi/vec4 0, 0, 1;
    %assign/vec4 v0x59e2d3763570_0, 0;
    %pushi/vec4 0, 0, 1;
    %assign/vec4 v0x59e2d3763eb0_0, 0;
    %pushi/vec4 0, 0, 1;
    %assign/vec4 v0x59e2d3763870_0, 0;
    %pushi/vec4 0, 0, 1;
    %assign/vec4 v0x59e2d3764510_0, 0;
    %pushi/vec4 0, 0, 1;
    %assign/vec4 v0x59e2d37645d0_0, 0;
    %pushi/vec4 0, 0, 1;
    %assign/vec4 v0x59e2d3763930_0, 0;
    %jmp T_33.3;
T_33.2 ;
    %load/vec4 v0x59e2d3763ab0_0;
    %flag_set/vec4 9;
    %jmp/1 T_33.9, 9;
    %load/vec4 v0x59e2d37641d0_0;
    %or/r;
    %flag_set/vec4 10;
    %flag_or 9, 10;
T_33.9;
    %jmp/1 T_33.8, 9;
    %load/vec4 v0x59e2d3763eb0_0;
    %flag_set/vec4 10;
    %flag_or 9, 10;
T_33.8;
    %flag_get/vec4 9;
    %jmp/0 T_33.7, 9;
    %load/vec4 v0x59e2d3742110_0;
    %and;
T_33.7;
    %flag_set/vec4 8;
    %jmp/0xz  T_33.5, 8;
    %jmp T_33.6;
T_33.5 ;
    %load/vec4 v0x59e2d3764390_0;
    %flag_set/vec4 9;
    %jmp/1 T_33.16, 9;
    %load/vec4 v0x59e2d3763630_0;
    %flag_set/vec4 10;
    %flag_or 9, 10;
T_33.16;
    %jmp/1 T_33.15, 9;
    %load/vec4 v0x59e2d37634b0_0;
    %flag_set/vec4 10;
    %flag_or 9, 10;
T_33.15;
    %jmp/1 T_33.14, 9;
    %load/vec4 v0x59e2d37639f0_0;
    %flag_set/vec4 10;
    %flag_or 9, 10;
T_33.14;
    %jmp/1 T_33.13, 9;
    %load/vec4 v0x59e2d37640f0_0;
    %cmpi/ne 0, 0, 4;
    %flag_or 9, 4;
T_33.13;
    %flag_get/vec4 9;
    %jmp/0 T_33.12, 9;
    %load/vec4 v0x59e2d3742ad0_0;
    %nor/r;
    %and;
T_33.12;
    %nor/r;
    %flag_set/vec4 8;
    %jmp/0xz  T_33.10, 8;
    %pushi/vec4 0, 0, 32;
    %assign/vec4 v0x59e2d3742d30_0, 0;
    %load/vec4 v0x59e2d3743070_0;
    %assign/vec4 v0x59e2d3763310_0, 0;
    %load/vec4 v0x59e2d3763b70_0;
    %assign/vec4 v0x59e2d3763ab0_0, 0;
    %load/vec4 v0x59e2d37642b0_0;
    %assign/vec4 v0x59e2d37641d0_0, 0;
    %pushi/vec4 0, 0, 1;
    %assign/vec4 v0x59e2d3742fb0_0, 0;
    %pushi/vec4 0, 0, 1;
    %assign/vec4 v0x59e2d37636f0_0, 0;
    %pushi/vec4 0, 0, 1;
    %assign/vec4 v0x59e2d3764450_0, 0;
    %pushi/vec4 0, 0, 1;
    %assign/vec4 v0x59e2d3763570_0, 0;
    %load/vec4 v0x59e2d3764030_0;
    %assign/vec4 v0x59e2d3763eb0_0, 0;
    %load/vec4 v0x59e2d3764cd0_0;
    %flag_set/vec4 8;
    %flag_get/vec4 8;
    %jmp/0 T_33.17, 8;
    %load/vec4 v0x59e2d3742890_0;
    %and;
T_33.17;
    %assign/vec4 v0x59e2d3763870_0, 0;
    %load/vec4 v0x59e2d3764e40_0;
    %load/vec4 v0x59e2d3765060_0;
    %or;
    %assign/vec4 v0x59e2d3764510_0, 0;
    %load/vec4 v0x59e2d3764ee0_0;
    %load/vec4 v0x59e2d37651e0_0;
    %or;
    %assign/vec4 v0x59e2d37645d0_0, 0;
    %load/vec4 v0x59e2d3742950_0;
    %assign/vec4 v0x59e2d3763930_0, 0;
    %load/vec4 v0x59e2d3742e10_0;
    %cmpi/u 2147483648, 0, 32;
    %flag_inv 5; GE is !LT
    %flag_get/vec4 5;
    %jmp/0 T_33.19, 5;
    %load/vec4 v0x59e2d3742e10_0;
    %cmpi/u 2415919103, 0, 32;
    %flag_get/vec4 4;
    %flag_get/vec4 5;
    %or;
    %and;
T_33.19;
    %flag_set/vec4 8;
    %flag_get/vec4 8;
    %jmp/1 T_33.18, 8;
    %load/vec4 v0x59e2d3764cd0_0;
    %flag_set/vec4 8;
    %flag_get/vec4 8;
    %jmp/0 T_33.20, 8;
    %load/vec4 v0x59e2d3741f90_0;
    %flag_set/vec4 8;
    %jmp/1 T_33.22, 8;
    %load/vec4 v0x59e2d3742050_0;
    %flag_set/vec4 9;
    %flag_or 8, 9;
T_33.22;
    %flag_get/vec4 8;
    %jmp/1 T_33.21, 8;
    %load/vec4 v0x59e2d3741ed0_0;
    %or;
T_33.21;
    %and;
T_33.20;
    %or;
T_33.18;
    %assign/vec4 v0x59e2d3742fb0_0, 0;
    %load/vec4 v0x59e2d3764cd0_0;
    %load/vec4 v0x59e2d3741f90_0;
    %and;
    %assign/vec4 v0x59e2d37636f0_0, 0;
    %load/vec4 v0x59e2d3764cd0_0;
    %load/vec4 v0x59e2d3742050_0;
    %and;
    %assign/vec4 v0x59e2d3764450_0, 0;
    %load/vec4 v0x59e2d3764cd0_0;
    %load/vec4 v0x59e2d3741ed0_0;
    %and;
    %assign/vec4 v0x59e2d3763570_0, 0;
    %load/vec4 v0x59e2d3742e10_0;
    %assign/vec4 v0x59e2d3742d30_0, 0;
T_33.10 ;
T_33.6 ;
T_33.3 ;
T_33.1 ;
    %jmp T_33;
    .thread T_33;
    .scope S_0x59e2d3710d80;
T_34 ;
    %wait E_0x59e2d2e10370;
    %pushi/vec4 0, 0, 32;
    %store/vec4 v0x59e2d373ec30_0, 0, 32;
    %load/vec4 v0x59e2d3765420_0;
    %parti/s 2, 0, 2;
    %store/vec4 v0x59e2d3741bd0_0, 0, 2;
    %load/vec4 v0x59e2d3765500_0;
    %store/vec4 v0x59e2d3742710_0, 0, 1;
    %load/vec4 v0x59e2d37655c0_0;
    %store/vec4 v0x59e2d37427d0_0, 0, 1;
    %load/vec4 v0x59e2d3765740_0;
    %store/vec4 v0x59e2d3742a10_0, 0, 1;
    %load/vec4 v0x59e2d3742b90_0;
    %flag_set/vec4 9;
    %flag_get/vec4 9;
    %jmp/0 T_34.3, 9;
    %load/vec4 v0x59e2d37633f0_0;
    %and;
T_34.3;
    %flag_set/vec4 8;
    %jmp/1 T_34.2, 8;
    %load/vec4 v0x59e2d3763f70_0;
    %flag_set/vec4 9;
    %flag_or 8, 9;
T_34.2;
    %jmp/0xz  T_34.0, 8;
    %load/vec4 v0x59e2d3765420_0;
    %store/vec4 v0x59e2d373ec30_0, 0, 32;
    %jmp T_34.1;
T_34.0 ;
    %load/vec4 v0x59e2d3742b90_0;
    %flag_set/vec4 9;
    %flag_get/vec4 9;
    %jmp/0 T_34.6, 9;
    %load/vec4 v0x59e2d3765680_0;
    %and;
T_34.6;
    %flag_set/vec4 8;
    %jmp/0xz  T_34.4, 8;
    %load/vec4 v0x59e2d3742710_0;
    %flag_set/vec4 8;
    %jmp/0xz  T_34.7, 8;
    %load/vec4 v0x59e2d3741bd0_0;
    %dup/vec4;
    %pushi/vec4 3, 0, 2;
    %cmp/u;
    %jmp/1 T_34.9, 6;
    %dup/vec4;
    %pushi/vec4 2, 0, 2;
    %cmp/u;
    %jmp/1 T_34.10, 6;
    %dup/vec4;
    %pushi/vec4 1, 0, 2;
    %cmp/u;
    %jmp/1 T_34.11, 6;
    %dup/vec4;
    %pushi/vec4 0, 0, 2;
    %cmp/u;
    %jmp/1 T_34.12, 6;
    %jmp T_34.13;
T_34.9 ;
    %pushi/vec4 0, 0, 24;
    %load/vec4 v0x59e2d3743150_0;
    %parti/s 8, 24, 6;
    %concat/vec4; draw_concat_vec4
    %store/vec4 v0x59e2d373ec30_0, 0, 32;
    %jmp T_34.13;
T_34.10 ;
    %pushi/vec4 0, 0, 24;
    %load/vec4 v0x59e2d3743150_0;
    %parti/s 8, 16, 6;
    %concat/vec4; draw_concat_vec4
    %store/vec4 v0x59e2d373ec30_0, 0, 32;
    %jmp T_34.13;
T_34.11 ;
    %pushi/vec4 0, 0, 24;
    %load/vec4 v0x59e2d3743150_0;
    %parti/s 8, 8, 5;
    %concat/vec4; draw_concat_vec4
    %store/vec4 v0x59e2d373ec30_0, 0, 32;
    %jmp T_34.13;
T_34.12 ;
    %pushi/vec4 0, 0, 24;
    %load/vec4 v0x59e2d3743150_0;
    %parti/s 8, 0, 2;
    %concat/vec4; draw_concat_vec4
    %store/vec4 v0x59e2d373ec30_0, 0, 32;
    %jmp T_34.13;
T_34.13 ;
    %pop/vec4 1;
    %load/vec4 v0x59e2d3742a10_0;
    %flag_set/vec4 9;
    %flag_get/vec4 9;
    %jmp/0 T_34.16, 9;
    %load/vec4 v0x59e2d373ec30_0;
    %parti/s 1, 7, 4;
    %and;
T_34.16;
    %flag_set/vec4 8;
    %jmp/0xz  T_34.14, 8;
    %pushi/vec4 16777215, 0, 24;
    %load/vec4 v0x59e2d373ec30_0;
    %parti/s 8, 0, 2;
    %concat/vec4; draw_concat_vec4
    %store/vec4 v0x59e2d373ec30_0, 0, 32;
T_34.14 ;
    %jmp T_34.8;
T_34.7 ;
    %load/vec4 v0x59e2d37427d0_0;
    %flag_set/vec4 8;
    %jmp/0xz  T_34.17, 8;
    %load/vec4 v0x59e2d3741bd0_0;
    %parti/s 1, 1, 2;
    %flag_set/vec4 8;
    %jmp/0xz  T_34.19, 8;
    %pushi/vec4 0, 0, 16;
    %load/vec4 v0x59e2d3743150_0;
    %parti/s 16, 16, 6;
    %concat/vec4; draw_concat_vec4
    %store/vec4 v0x59e2d373ec30_0, 0, 32;
    %jmp T_34.20;
T_34.19 ;
    %pushi/vec4 0, 0, 16;
    %load/vec4 v0x59e2d3743150_0;
    %parti/s 16, 0, 2;
    %concat/vec4; draw_concat_vec4
    %store/vec4 v0x59e2d373ec30_0, 0, 32;
T_34.20 ;
    %load/vec4 v0x59e2d3742a10_0;
    %flag_set/vec4 9;
    %flag_get/vec4 9;
    %jmp/0 T_34.23, 9;
    %load/vec4 v0x59e2d373ec30_0;
    %parti/s 1, 15, 5;
    %and;
T_34.23;
    %flag_set/vec4 8;
    %jmp/0xz  T_34.21, 8;
    %pushi/vec4 65535, 0, 16;
    %load/vec4 v0x59e2d373ec30_0;
    %parti/s 16, 0, 2;
    %concat/vec4; draw_concat_vec4
    %store/vec4 v0x59e2d373ec30_0, 0, 32;
T_34.21 ;
    %jmp T_34.18;
T_34.17 ;
    %load/vec4 v0x59e2d3743150_0;
    %store/vec4 v0x59e2d373ec30_0, 0, 32;
T_34.18 ;
T_34.8 ;
T_34.4 ;
T_34.1 ;
    %jmp T_34;
    .thread T_34, $push;
    .scope S_0x59e2d3577340;
T_35 ;
    %wait E_0x59e2d30b04a0;
    %load/vec4 v0x59e2d3672c00_0;
    %load/vec4 v0x59e2d32ac5b0_0;
    %and;
    %store/vec4 v0x59e2d32d6ae0_0, 0, 32;
    %load/vec4 v0x59e2d34c8bb0_0;
    %parti/s 1, 3, 3;
    %flag_set/vec4 8;
    %jmp/0 T_35.0, 8;
    %load/vec4 v0x59e2d32d6ae0_0;
    %jmp/1 T_35.1, 8;
T_35.0 ; End of true expr.
    %pushi/vec4 0, 0, 32;
    %jmp/0 T_35.1, 8;
 ; End of false expr.
    %blend;
T_35.1;
    %store/vec4 v0x59e2d32bbc20_0, 0, 32;
    %pushi/vec4 3, 0, 2;
    %store/vec4 v0x59e2d32c7b40_0, 0, 2;
    %jmp T_35;
    .thread T_35, $push;
    .scope S_0x59e2d3577340;
T_36 ;
    %wait E_0x59e2d2ddd780;
    %load/vec4 v0x59e2d35de110_0;
    %flag_set/vec4 8;
    %jmp/0xz  T_36.0, 8;
    %pushi/vec4 3, 0, 2;
    %assign/vec4 v0x59e2d32c8ec0_0, 0;
    %jmp T_36.1;
T_36.0 ;
    %load/vec4 v0x59e2d32bbc20_0;
    %or/r;
    %flag_set/vec4 8;
    %jmp/0xz  T_36.2, 8;
    %load/vec4 v0x59e2d32c7b40_0;
    %assign/vec4 v0x59e2d32c8ec0_0, 0;
T_36.2 ;
T_36.1 ;
    %jmp T_36;
    .thread T_36;
    .scope S_0x59e2d3577340;
T_37 ;
    %wait E_0x59e2d2ddd780;
    %load/vec4 v0x59e2d35de110_0;
    %flag_set/vec4 8;
    %jmp/0xz  T_37.0, 8;
    %pushi/vec4 0, 0, 1;
    %assign/vec4 v0x59e2d367d1d0_0, 0;
    %jmp T_37.1;
T_37.0 ;
    %load/vec4 v0x59e2d35aa220_0;
    %flag_set/vec4 9;
    %flag_get/vec4 9;
    %jmp/0 T_37.5, 9;
    %load/vec4 v0x59e2d32b9180_0;
    %pushi/vec4 836, 0, 12;
    %cmp/e;
    %flag_get/vec4 4;
    %and;
T_37.5;
    %flag_set/vec4 8;
    %jmp/1 T_37.4, 8;
    %load/vec4 v0x59e2d35aa220_0;
    %flag_set/vec4 10;
    %flag_get/vec4 10;
    %jmp/0 T_37.6, 10;
    %load/vec4 v0x59e2d32b9180_0;
    %pushi/vec4 324, 0, 12;
    %cmp/e;
    %flag_get/vec4 4;
    %and;
T_37.6;
    %flag_set/vec4 9;
    %flag_or 8, 9;
T_37.4;
    %jmp/0xz  T_37.2, 8;
    %pushi/vec4 1, 0, 1;
    %assign/vec4 v0x59e2d367d1d0_0, 0;
    %jmp T_37.3;
T_37.2 ;
    %load/vec4 v0x59e2d35a9120_0;
    %cmpi/e 836, 0, 12;
    %jmp/1 T_37.10, 4;
    %flag_mov 8, 4;
    %load/vec4 v0x59e2d35a9120_0;
    %cmpi/e 324, 0, 12;
    %flag_or 4, 8;
T_37.10;
    %jmp/1 T_37.9, 4;
    %flag_mov 8, 4;
    %load/vec4 v0x59e2d3691c20_0;
    %or/r;
    %flag_set/vec4 9;
    %flag_or 9, 8;
    %flag_mov 4, 9;
T_37.9;
    %jmp/0xz  T_37.7, 4;
    %pushi/vec4 0, 0, 1;
    %assign/vec4 v0x59e2d367d1d0_0, 0;
T_37.7 ;
T_37.3 ;
T_37.1 ;
    %jmp T_37;
    .thread T_37;
    .scope S_0x59e2d3577340;
T_38 ;
    %wait E_0x59e2d2dc86d0;
    %pushi/vec4 0, 0, 32;
    %store/vec4 v0x59e2d32c2de0_0, 0, 32;
    %load/vec4 v0x59e2d32b9180_0;
    %dup/vec4;
    %pushi/vec4 832, 0, 12;
    %cmp/u;
    %jmp/1 T_38.0, 6;
    %dup/vec4;
    %pushi/vec4 833, 0, 12;
    %cmp/u;
    %jmp/1 T_38.1, 6;
    %dup/vec4;
    %pushi/vec4 773, 0, 12;
    %cmp/u;
    %jmp/1 T_38.2, 6;
    %dup/vec4;
    %pushi/vec4 834, 0, 12;
    %cmp/u;
    %jmp/1 T_38.3, 6;
    %dup/vec4;
    %pushi/vec4 835, 0, 12;
    %cmp/u;
    %jmp/1 T_38.4, 6;
    %dup/vec4;
    %pushi/vec4 768, 0, 12;
    %cmp/u;
    %jmp/1 T_38.5, 6;
    %dup/vec4;
    %pushi/vec4 836, 0, 12;
    %cmp/u;
    %jmp/1 T_38.6, 6;
    %dup/vec4;
    %pushi/vec4 772, 0, 12;
    %cmp/u;
    %jmp/1 T_38.7, 6;
    %dup/vec4;
    %pushi/vec4 3072, 0, 12;
    %cmp/u;
    %jmp/1 T_38.8, 6;
    %dup/vec4;
    %pushi/vec4 3073, 0, 12;
    %cmp/u;
    %jmp/1 T_38.9, 6;
    %dup/vec4;
    %pushi/vec4 3201, 0, 12;
    %cmp/u;
    %jmp/1 T_38.10, 6;
    %dup/vec4;
    %pushi/vec4 3860, 0, 12;
    %cmp/u;
    %jmp/1 T_38.11, 6;
    %dup/vec4;
    %pushi/vec4 769, 0, 12;
    %cmp/u;
    %jmp/1 T_38.12, 6;
    %dup/vec4;
    %pushi/vec4 770, 0, 12;
    %cmp/u;
    %jmp/1 T_38.13, 6;
    %dup/vec4;
    %pushi/vec4 771, 0, 12;
    %cmp/u;
    %jmp/1 T_38.14, 6;
    %dup/vec4;
    %pushi/vec4 1984, 0, 12;
    %cmp/u;
    %jmp/1 T_38.15, 6;
    %dup/vec4;
    %pushi/vec4 256, 0, 12;
    %cmp/u;
    %jmp/1 T_38.16, 6;
    %dup/vec4;
    %pushi/vec4 324, 0, 12;
    %cmp/u;
    %jmp/1 T_38.17, 6;
    %dup/vec4;
    %pushi/vec4 260, 0, 12;
    %cmp/u;
    %jmp/1 T_38.18, 6;
    %dup/vec4;
    %pushi/vec4 321, 0, 12;
    %cmp/u;
    %jmp/1 T_38.19, 6;
    %dup/vec4;
    %pushi/vec4 261, 0, 12;
    %cmp/u;
    %jmp/1 T_38.20, 6;
    %dup/vec4;
    %pushi/vec4 322, 0, 12;
    %cmp/u;
    %jmp/1 T_38.21, 6;
    %dup/vec4;
    %pushi/vec4 323, 0, 12;
    %cmp/u;
    %jmp/1 T_38.22, 6;
    %dup/vec4;
    %pushi/vec4 384, 0, 12;
    %cmp/u;
    %jmp/1 T_38.23, 6;
    %dup/vec4;
    %pushi/vec4 320, 0, 12;
    %cmp/u;
    %jmp/1 T_38.24, 6;
    %pushi/vec4 0, 0, 32;
    %store/vec4 v0x59e2d32c2de0_0, 0, 32;
    %jmp T_38.26;
T_38.0 ;
    %load/vec4 v0x59e2d367e4b0_0;
    %pushi/vec4 4294967295, 0, 32;
    %and;
    %store/vec4 v0x59e2d32c2de0_0, 0, 32;
    %jmp T_38.26;
T_38.1 ;
    %load/vec4 v0x59e2d34b8f70_0;
    %pushi/vec4 4294967295, 0, 32;
    %and;
    %store/vec4 v0x59e2d32c2de0_0, 0, 32;
    %jmp T_38.26;
T_38.2 ;
    %load/vec4 v0x59e2d34b6570_0;
    %pushi/vec4 4294967295, 0, 32;
    %and;
    %store/vec4 v0x59e2d32c2de0_0, 0, 32;
    %jmp T_38.26;
T_38.3 ;
    %load/vec4 v0x59e2d36c1db0_0;
    %pushi/vec4 2147483663, 0, 32;
    %and;
    %store/vec4 v0x59e2d32c2de0_0, 0, 32;
    %jmp T_38.26;
T_38.4 ;
    %load/vec4 v0x59e2d32d7590_0;
    %pushi/vec4 4294967295, 0, 32;
    %and;
    %store/vec4 v0x59e2d32c2de0_0, 0, 32;
    %jmp T_38.26;
T_38.5 ;
    %load/vec4 v0x59e2d34c8bb0_0;
    %pushi/vec4 4294967295, 0, 32;
    %and;
    %store/vec4 v0x59e2d32c2de0_0, 0, 32;
    %jmp T_38.26;
T_38.6 ;
    %load/vec4 v0x59e2d3672c00_0;
    %pushi/vec4 2730, 0, 32;
    %and;
    %store/vec4 v0x59e2d32c2de0_0, 0, 32;
    %jmp T_38.26;
T_38.7 ;
    %load/vec4 v0x59e2d32ac5b0_0;
    %pushi/vec4 2730, 0, 32;
    %and;
    %store/vec4 v0x59e2d32c2de0_0, 0, 32;
    %jmp T_38.26;
T_38.8 ;
    %load/vec4 v0x59e2d3591e10_0;
    %store/vec4 v0x59e2d32c2de0_0, 0, 32;
    %jmp T_38.26;
T_38.9 ;
    %load/vec4 v0x59e2d3591e10_0;
    %store/vec4 v0x59e2d32c2de0_0, 0, 32;
    %jmp T_38.26;
T_38.10 ;
    %load/vec4 v0x59e2d3579160_0;
    %store/vec4 v0x59e2d32c2de0_0, 0, 32;
    %jmp T_38.26;
T_38.11 ;
    %load/vec4 v0x59e2d2f0f470_0;
    %store/vec4 v0x59e2d32c2de0_0, 0, 32;
    %jmp T_38.26;
T_38.12 ;
    %load/vec4 v0x59e2d32c6350_0;
    %store/vec4 v0x59e2d32c2de0_0, 0, 32;
    %jmp T_38.26;
T_38.13 ;
    %pushi/vec4 0, 0, 32;
    %store/vec4 v0x59e2d32c2de0_0, 0, 32;
    %jmp T_38.26;
T_38.14 ;
    %pushi/vec4 0, 0, 32;
    %store/vec4 v0x59e2d32c2de0_0, 0, 32;
    %jmp T_38.26;
T_38.15 ;
    %load/vec4 v0x59e2d369e1a0_0;
    %store/vec4 v0x59e2d32c2de0_0, 0, 32;
    %jmp T_38.26;
T_38.16 ;
    %pushi/vec4 0, 0, 32;
    %store/vec4 v0x59e2d32c2de0_0, 0, 32;
    %jmp T_38.26;
T_38.17 ;
    %pushi/vec4 0, 0, 32;
    %store/vec4 v0x59e2d32c2de0_0, 0, 32;
    %jmp T_38.26;
T_38.18 ;
    %pushi/vec4 0, 0, 32;
    %store/vec4 v0x59e2d32c2de0_0, 0, 32;
    %jmp T_38.26;
T_38.19 ;
    %pushi/vec4 0, 0, 32;
    %store/vec4 v0x59e2d32c2de0_0, 0, 32;
    %jmp T_38.26;
T_38.20 ;
    %pushi/vec4 0, 0, 32;
    %store/vec4 v0x59e2d32c2de0_0, 0, 32;
    %jmp T_38.26;
T_38.21 ;
    %pushi/vec4 0, 0, 32;
    %store/vec4 v0x59e2d32c2de0_0, 0, 32;
    %jmp T_38.26;
T_38.22 ;
    %pushi/vec4 0, 0, 32;
    %store/vec4 v0x59e2d32c2de0_0, 0, 32;
    %jmp T_38.26;
T_38.23 ;
    %pushi/vec4 0, 0, 32;
    %store/vec4 v0x59e2d32c2de0_0, 0, 32;
    %jmp T_38.26;
T_38.24 ;
    %pushi/vec4 0, 0, 32;
    %store/vec4 v0x59e2d32c2de0_0, 0, 32;
    %jmp T_38.26;
T_38.26 ;
    %pop/vec4 1;
    %jmp T_38;
    .thread T_38, $push;
    .scope S_0x59e2d3577340;
T_39 ;
    %wait E_0x59e2d2ddf110;
    %load/vec4 v0x59e2d352b5c0_0;
    %store/vec4 v0x59e2d354df20_0, 0, 32;
    %load/vec4 v0x59e2d34b8f70_0;
    %store/vec4 v0x59e2d35813d0_0, 0, 32;
    %load/vec4 v0x59e2d34c8bb0_0;
    %store/vec4 v0x59e2d3577070_0, 0, 32;
    %load/vec4 v0x59e2d36c1db0_0;
    %store/vec4 v0x59e2d3579060_0, 0, 32;
    %load/vec4 v0x59e2d32d7590_0;
    %store/vec4 v0x59e2d32d78e0_0, 0, 32;
    %load/vec4 v0x59e2d34b6570_0;
    %store/vec4 v0x59e2d32b8b80_0, 0, 32;
    %load/vec4 v0x59e2d3672c00_0;
    %store/vec4 v0x59e2d3673040_0, 0, 32;
    %load/vec4 v0x59e2d32ac5b0_0;
    %store/vec4 v0x59e2d3581db0_0, 0, 32;
    %load/vec4 v0x59e2d357a000_0;
    %store/vec4 v0x59e2d3573390_0, 0, 2;
    %load/vec4 v0x59e2d367e4b0_0;
    %store/vec4 v0x59e2d367ed90_0, 0, 32;
    %load/vec4 v0x59e2d3591e10_0;
    %addi 1, 0, 32;
    %store/vec4 v0x59e2d3572eb0_0, 0, 32;
    %load/vec4 v0x59e2d369e1a0_0;
    %store/vec4 v0x59e2d32d7240_0, 0, 32;
    %load/vec4 v0x59e2d367eef0_0;
    %store/vec4 v0x59e2d369df00_0, 0, 1;
    %load/vec4 v0x59e2d3572fb0_0;
    %store/vec4 v0x59e2d34b8e70_0, 0, 32;
    %load/vec4 v0x59e2d36c0bd0_0;
    %store/vec4 v0x59e2d3591f10_0, 0, 32;
    %load/vec4 v0x59e2d34cc6a0_0;
    %store/vec4 v0x59e2d34cd8f0_0, 0, 32;
    %load/vec4 v0x59e2d3557d30_0;
    %store/vec4 v0x59e2d35576c0_0, 0, 32;
    %load/vec4 v0x59e2d35048b0_0;
    %store/vec4 v0x59e2d34c83e0_0, 0, 32;
    %load/vec4 v0x59e2d365d3b0_0;
    %store/vec4 v0x59e2d3558320_0, 0, 32;
    %load/vec4 v0x59e2d360ce80_0;
    %store/vec4 v0x59e2d360d080_0, 0, 32;
    %load/vec4 v0x59e2d36be310_0;
    %store/vec4 v0x59e2d36b3490_0, 0, 32;
    %load/vec4 v0x59e2d3691c20_0;
    %pushi/vec4 48, 0, 6;
    %and;
    %cmpi/e 32, 0, 6;
    %jmp/0xz  T_39.0, 4;
    %load/vec4 v0x59e2d32c8ec0_0;
    %cmpi/e 3, 0, 2;
    %jmp/0xz  T_39.2, 4;
    %load/vec4 v0x59e2d3577070_0;
    %parti/s 1, 3, 3;
    %ix/load 4, 7, 0;
    %flag_set/imm 4, 0;
    %store/vec4 v0x59e2d3577070_0, 4, 1;
    %load/vec4 v0x59e2d357a000_0;
    %ix/load 4, 11, 0;
    %flag_set/imm 4, 0;
    %store/vec4 v0x59e2d3577070_0, 4, 2;
    %pushi/vec4 0, 0, 1;
    %ix/load 4, 3, 0;
    %flag_set/imm 4, 0;
    %store/vec4 v0x59e2d3577070_0, 4, 1;
    %pushi/vec4 3, 0, 2;
    %store/vec4 v0x59e2d3573390_0, 0, 2;
    %load/vec4 v0x59e2d368bac0_0;
    %store/vec4 v0x59e2d35813d0_0, 0, 32;
    %pushi/vec4 0, 0, 32;
    %store/vec4 v0x59e2d32d78e0_0, 0, 32;
    %load/vec4 v0x59e2d32e7b30_0;
    %parti/s 1, 3, 3;
    %flag_set/vec4 8;
    %jmp/0xz  T_39.4, 8;
    %pushi/vec4 2147483651, 0, 32;
    %store/vec4 v0x59e2d3579060_0, 0, 32;
    %jmp T_39.5;
T_39.4 ;
    %load/vec4 v0x59e2d32e7b30_0;
    %parti/s 1, 7, 4;
    %flag_set/vec4 8;
    %jmp/0xz  T_39.6, 8;
    %pushi/vec4 2147483655, 0, 32;
    %store/vec4 v0x59e2d3579060_0, 0, 32;
    %jmp T_39.7;
T_39.6 ;
    %load/vec4 v0x59e2d32e7b30_0;
    %parti/s 1, 11, 5;
    %flag_set/vec4 8;
    %jmp/0xz  T_39.8, 8;
    %pushi/vec4 2147483659, 0, 32;
    %store/vec4 v0x59e2d3579060_0, 0, 32;
T_39.8 ;
T_39.7 ;
T_39.5 ;
    %jmp T_39.3;
T_39.2 ;
    %load/vec4 v0x59e2d3577070_0;
    %parti/s 1, 1, 2;
    %ix/load 4, 5, 0;
    %flag_set/imm 4, 0;
    %store/vec4 v0x59e2d3577070_0, 4, 1;
    %load/vec4 v0x59e2d357a000_0;
    %pushi/vec4 1, 0, 2;
    %cmp/e;
    %flag_get/vec4 4;
    %ix/load 4, 8, 0;
    %flag_set/imm 4, 0;
    %store/vec4 v0x59e2d3577070_0, 4, 1;
    %pushi/vec4 0, 0, 1;
    %ix/load 4, 1, 0;
    %flag_set/imm 4, 0;
    %store/vec4 v0x59e2d3577070_0, 4, 1;
    %pushi/vec4 1, 0, 2;
    %store/vec4 v0x59e2d3573390_0, 0, 2;
    %load/vec4 v0x59e2d368bac0_0;
    %store/vec4 v0x59e2d34cd8f0_0, 0, 32;
    %pushi/vec4 0, 0, 32;
    %store/vec4 v0x59e2d3558320_0, 0, 32;
    %load/vec4 v0x59e2d32e7b30_0;
    %parti/s 1, 1, 2;
    %flag_set/vec4 8;
    %jmp/0xz  T_39.10, 8;
    %pushi/vec4 2147483649, 0, 32;
    %store/vec4 v0x59e2d34c83e0_0, 0, 32;
    %jmp T_39.11;
T_39.10 ;
    %load/vec4 v0x59e2d32e7b30_0;
    %parti/s 1, 5, 4;
    %flag_set/vec4 8;
    %jmp/0xz  T_39.12, 8;
    %pushi/vec4 2147483653, 0, 32;
    %store/vec4 v0x59e2d34c83e0_0, 0, 32;
    %jmp T_39.13;
T_39.12 ;
    %load/vec4 v0x59e2d32e7b30_0;
    %parti/s 1, 9, 5;
    %flag_set/vec4 8;
    %jmp/0xz  T_39.14, 8;
    %pushi/vec4 2147483657, 0, 32;
    %store/vec4 v0x59e2d34c83e0_0, 0, 32;
T_39.14 ;
T_39.13 ;
T_39.11 ;
T_39.3 ;
    %jmp T_39.1;
T_39.0 ;
    %load/vec4 v0x59e2d3691c20_0;
    %cmpi/u 48, 0, 6;
    %flag_inv 5; GE is !LT
    %flag_get/vec4 5;
    %jmp/0 T_39.18, 5;
    %load/vec4 v0x59e2d3691c20_0;
    %cmpi/u 51, 0, 6;
    %flag_get/vec4 4;
    %flag_get/vec4 5;
    %or;
    %and;
T_39.18;
    %flag_set/vec4 8;
    %jmp/0xz  T_39.16, 8;
    %load/vec4 v0x59e2d3691c20_0;
    %parti/s 2, 0, 2;
    %cmpi/e 3, 0, 2;
    %jmp/0xz  T_39.19, 4;
    %load/vec4 v0x59e2d3577070_0;
    %parti/s 2, 11, 5;
    %store/vec4 v0x59e2d3573390_0, 0, 2;
    %load/vec4 v0x59e2d3577070_0;
    %parti/s 1, 7, 4;
    %ix/load 4, 3, 0;
    %flag_set/imm 4, 0;
    %store/vec4 v0x59e2d3577070_0, 4, 1;
    %pushi/vec4 1, 0, 1;
    %ix/load 4, 7, 0;
    %flag_set/imm 4, 0;
    %store/vec4 v0x59e2d3577070_0, 4, 1;
    %pushi/vec4 0, 0, 2;
    %ix/load 4, 11, 0;
    %flag_set/imm 4, 0;
    %store/vec4 v0x59e2d3577070_0, 4, 2;
    %jmp T_39.20;
T_39.19 ;
    %load/vec4 v0x59e2d3577070_0;
    %parti/s 1, 8, 5;
    %flag_set/vec4 8;
    %jmp/0 T_39.21, 8;
    %pushi/vec4 1, 0, 2;
    %jmp/1 T_39.22, 8;
T_39.21 ; End of true expr.
    %pushi/vec4 0, 0, 2;
    %jmp/0 T_39.22, 8;
 ; End of false expr.
    %blend;
T_39.22;
    %store/vec4 v0x59e2d3573390_0, 0, 2;
    %load/vec4 v0x59e2d3577070_0;
    %parti/s 1, 5, 4;
    %ix/load 4, 1, 0;
    %flag_set/imm 4, 0;
    %store/vec4 v0x59e2d3577070_0, 4, 1;
    %pushi/vec4 1, 0, 1;
    %ix/load 4, 5, 0;
    %flag_set/imm 4, 0;
    %store/vec4 v0x59e2d3577070_0, 4, 1;
    %pushi/vec4 0, 0, 1;
    %ix/load 4, 8, 0;
    %flag_set/imm 4, 0;
    %store/vec4 v0x59e2d3577070_0, 4, 1;
T_39.20 ;
    %jmp T_39.17;
T_39.16 ;
    %load/vec4 v0x59e2d32c6ff0_0;
    %flag_set/vec4 9;
    %flag_get/vec4 9;
    %jmp/0 T_39.25, 9;
    %load/vec4 v0x59e2d36b3020_0;
    %and;
T_39.25;
    %flag_set/vec4 8;
    %jmp/0xz  T_39.23, 8;
    %load/vec4 v0x59e2d3577070_0;
    %parti/s 1, 1, 2;
    %ix/load 4, 5, 0;
    %flag_set/imm 4, 0;
    %store/vec4 v0x59e2d3577070_0, 4, 1;
    %load/vec4 v0x59e2d357a000_0;
    %pushi/vec4 1, 0, 2;
    %cmp/e;
    %flag_get/vec4 4;
    %ix/load 4, 8, 0;
    %flag_set/imm 4, 0;
    %store/vec4 v0x59e2d3577070_0, 4, 1;
    %pushi/vec4 0, 0, 1;
    %ix/load 4, 1, 0;
    %flag_set/imm 4, 0;
    %store/vec4 v0x59e2d3577070_0, 4, 1;
    %pushi/vec4 1, 0, 2;
    %store/vec4 v0x59e2d3573390_0, 0, 2;
    %load/vec4 v0x59e2d368bac0_0;
    %store/vec4 v0x59e2d34cd8f0_0, 0, 32;
    %load/vec4 v0x59e2d3691c20_0;
    %dup/vec4;
    %pushi/vec4 16, 0, 6;
    %cmp/u;
    %jmp/1 T_39.26, 6;
    %dup/vec4;
    %pushi/vec4 17, 0, 6;
    %cmp/u;
    %jmp/1 T_39.27, 6;
    %dup/vec4;
    %pushi/vec4 28, 0, 6;
    %cmp/u;
    %jmp/1 T_39.28, 6;
    %dup/vec4;
    %pushi/vec4 18, 0, 6;
    %cmp/u;
    %jmp/1 T_39.29, 6;
    %dup/vec4;
    %pushi/vec4 20, 0, 6;
    %cmp/u;
    %jmp/1 T_39.30, 6;
    %dup/vec4;
    %pushi/vec4 21, 0, 6;
    %cmp/u;
    %jmp/1 T_39.31, 6;
    %dup/vec4;
    %pushi/vec4 22, 0, 6;
    %cmp/u;
    %jmp/1 T_39.32, 6;
    %dup/vec4;
    %pushi/vec4 23, 0, 6;
    %cmp/u;
    %jmp/1 T_39.33, 6;
    %dup/vec4;
    %pushi/vec4 29, 0, 6;
    %cmp/u;
    %jmp/1 T_39.34, 6;
    %dup/vec4;
    %pushi/vec4 31, 0, 6;
    %cmp/u;
    %jmp/1 T_39.35, 6;
    %pushi/vec4 0, 0, 32;
    %store/vec4 v0x59e2d3558320_0, 0, 32;
    %jmp T_39.37;
T_39.26 ;
    %load/vec4 v0x59e2d368bac0_0;
    %store/vec4 v0x59e2d3558320_0, 0, 32;
    %jmp T_39.37;
T_39.27 ;
    %load/vec4 v0x59e2d368bac0_0;
    %store/vec4 v0x59e2d3558320_0, 0, 32;
    %jmp T_39.37;
T_39.28 ;
    %load/vec4 v0x59e2d368bac0_0;
    %store/vec4 v0x59e2d3558320_0, 0, 32;
    %jmp T_39.37;
T_39.29 ;
    %load/vec4 v0x59e2d35a7f50_0;
    %store/vec4 v0x59e2d3558320_0, 0, 32;
    %jmp T_39.37;
T_39.30 ;
    %load/vec4 v0x59e2d35a7f50_0;
    %store/vec4 v0x59e2d3558320_0, 0, 32;
    %jmp T_39.37;
T_39.31 ;
    %load/vec4 v0x59e2d35a7f50_0;
    %store/vec4 v0x59e2d3558320_0, 0, 32;
    %jmp T_39.37;
T_39.32 ;
    %load/vec4 v0x59e2d35a7f50_0;
    %store/vec4 v0x59e2d3558320_0, 0, 32;
    %jmp T_39.37;
T_39.33 ;
    %load/vec4 v0x59e2d35a7f50_0;
    %store/vec4 v0x59e2d3558320_0, 0, 32;
    %jmp T_39.37;
T_39.34 ;
    %load/vec4 v0x59e2d35a7f50_0;
    %store/vec4 v0x59e2d3558320_0, 0, 32;
    %jmp T_39.37;
T_39.35 ;
    %load/vec4 v0x59e2d35a7f50_0;
    %store/vec4 v0x59e2d3558320_0, 0, 32;
    %jmp T_39.37;
T_39.37 ;
    %pop/vec4 1;
    %pushi/vec4 0, 0, 28;
    %load/vec4 v0x59e2d3691c20_0;
    %parti/s 4, 0, 2;
    %concat/vec4; draw_concat_vec4
    %store/vec4 v0x59e2d34c83e0_0, 0, 32;
    %jmp T_39.24;
T_39.23 ;
    %load/vec4 v0x59e2d32c6ff0_0;
    %flag_set/vec4 8;
    %jmp/0xz  T_39.38, 8;
    %load/vec4 v0x59e2d3577070_0;
    %parti/s 1, 3, 3;
    %ix/load 4, 7, 0;
    %flag_set/imm 4, 0;
    %store/vec4 v0x59e2d3577070_0, 4, 1;
    %load/vec4 v0x59e2d357a000_0;
    %ix/load 4, 11, 0;
    %flag_set/imm 4, 0;
    %store/vec4 v0x59e2d3577070_0, 4, 2;
    %pushi/vec4 0, 0, 1;
    %ix/load 4, 3, 0;
    %flag_set/imm 4, 0;
    %store/vec4 v0x59e2d3577070_0, 4, 1;
    %pushi/vec4 3, 0, 2;
    %store/vec4 v0x59e2d3573390_0, 0, 2;
    %load/vec4 v0x59e2d368bac0_0;
    %store/vec4 v0x59e2d35813d0_0, 0, 32;
    %load/vec4 v0x59e2d3691c20_0;
    %dup/vec4;
    %pushi/vec4 16, 0, 6;
    %cmp/u;
    %jmp/1 T_39.40, 6;
    %dup/vec4;
    %pushi/vec4 17, 0, 6;
    %cmp/u;
    %jmp/1 T_39.41, 6;
    %dup/vec4;
    %pushi/vec4 28, 0, 6;
    %cmp/u;
    %jmp/1 T_39.42, 6;
    %dup/vec4;
    %pushi/vec4 18, 0, 6;
    %cmp/u;
    %jmp/1 T_39.43, 6;
    %dup/vec4;
    %pushi/vec4 20, 0, 6;
    %cmp/u;
    %jmp/1 T_39.44, 6;
    %dup/vec4;
    %pushi/vec4 21, 0, 6;
    %cmp/u;
    %jmp/1 T_39.45, 6;
    %dup/vec4;
    %pushi/vec4 22, 0, 6;
    %cmp/u;
    %jmp/1 T_39.46, 6;
    %dup/vec4;
    %pushi/vec4 23, 0, 6;
    %cmp/u;
    %jmp/1 T_39.47, 6;
    %dup/vec4;
    %pushi/vec4 29, 0, 6;
    %cmp/u;
    %jmp/1 T_39.48, 6;
    %dup/vec4;
    %pushi/vec4 31, 0, 6;
    %cmp/u;
    %jmp/1 T_39.49, 6;
    %pushi/vec4 0, 0, 32;
    %store/vec4 v0x59e2d32d78e0_0, 0, 32;
    %jmp T_39.51;
T_39.40 ;
    %load/vec4 v0x59e2d368bac0_0;
    %store/vec4 v0x59e2d32d78e0_0, 0, 32;
    %jmp T_39.51;
T_39.41 ;
    %load/vec4 v0x59e2d368bac0_0;
    %store/vec4 v0x59e2d32d78e0_0, 0, 32;
    %jmp T_39.51;
T_39.42 ;
    %load/vec4 v0x59e2d368bac0_0;
    %store/vec4 v0x59e2d32d78e0_0, 0, 32;
    %jmp T_39.51;
T_39.43 ;
    %load/vec4 v0x59e2d35a7f50_0;
    %store/vec4 v0x59e2d32d78e0_0, 0, 32;
    %jmp T_39.51;
T_39.44 ;
    %load/vec4 v0x59e2d35a7f50_0;
    %store/vec4 v0x59e2d32d78e0_0, 0, 32;
    %jmp T_39.51;
T_39.45 ;
    %load/vec4 v0x59e2d35a7f50_0;
    %store/vec4 v0x59e2d32d78e0_0, 0, 32;
    %jmp T_39.51;
T_39.46 ;
    %load/vec4 v0x59e2d35a7f50_0;
    %store/vec4 v0x59e2d32d78e0_0, 0, 32;
    %jmp T_39.51;
T_39.47 ;
    %load/vec4 v0x59e2d35a7f50_0;
    %store/vec4 v0x59e2d32d78e0_0, 0, 32;
    %jmp T_39.51;
T_39.48 ;
    %load/vec4 v0x59e2d35a7f50_0;
    %store/vec4 v0x59e2d32d78e0_0, 0, 32;
    %jmp T_39.51;
T_39.49 ;
    %load/vec4 v0x59e2d35a7f50_0;
    %store/vec4 v0x59e2d32d78e0_0, 0, 32;
    %jmp T_39.51;
T_39.51 ;
    %pop/vec4 1;
    %pushi/vec4 0, 0, 28;
    %load/vec4 v0x59e2d3691c20_0;
    %parti/s 4, 0, 2;
    %concat/vec4; draw_concat_vec4
    %store/vec4 v0x59e2d3579060_0, 0, 32;
    %jmp T_39.39;
T_39.38 ;
    %load/vec4 v0x59e2d35a9120_0;
    %dup/vec4;
    %pushi/vec4 832, 0, 12;
    %cmp/u;
    %jmp/1 T_39.52, 6;
    %dup/vec4;
    %pushi/vec4 833, 0, 12;
    %cmp/u;
    %jmp/1 T_39.53, 6;
    %dup/vec4;
    %pushi/vec4 773, 0, 12;
    %cmp/u;
    %jmp/1 T_39.54, 6;
    %dup/vec4;
    %pushi/vec4 834, 0, 12;
    %cmp/u;
    %jmp/1 T_39.55, 6;
    %dup/vec4;
    %pushi/vec4 835, 0, 12;
    %cmp/u;
    %jmp/1 T_39.56, 6;
    %dup/vec4;
    %pushi/vec4 768, 0, 12;
    %cmp/u;
    %jmp/1 T_39.57, 6;
    %dup/vec4;
    %pushi/vec4 836, 0, 12;
    %cmp/u;
    %jmp/1 T_39.58, 6;
    %dup/vec4;
    %pushi/vec4 772, 0, 12;
    %cmp/u;
    %jmp/1 T_39.59, 6;
    %dup/vec4;
    %pushi/vec4 770, 0, 12;
    %cmp/u;
    %jmp/1 T_39.60, 6;
    %dup/vec4;
    %pushi/vec4 771, 0, 12;
    %cmp/u;
    %jmp/1 T_39.61, 6;
    %dup/vec4;
    %pushi/vec4 1984, 0, 12;
    %cmp/u;
    %jmp/1 T_39.62, 6;
    %dup/vec4;
    %pushi/vec4 321, 0, 12;
    %cmp/u;
    %jmp/1 T_39.63, 6;
    %dup/vec4;
    %pushi/vec4 261, 0, 12;
    %cmp/u;
    %jmp/1 T_39.64, 6;
    %dup/vec4;
    %pushi/vec4 322, 0, 12;
    %cmp/u;
    %jmp/1 T_39.65, 6;
    %dup/vec4;
    %pushi/vec4 323, 0, 12;
    %cmp/u;
    %jmp/1 T_39.66, 6;
    %dup/vec4;
    %pushi/vec4 384, 0, 12;
    %cmp/u;
    %jmp/1 T_39.67, 6;
    %dup/vec4;
    %pushi/vec4 320, 0, 12;
    %cmp/u;
    %jmp/1 T_39.68, 6;
    %dup/vec4;
    %pushi/vec4 256, 0, 12;
    %cmp/u;
    %jmp/1 T_39.69, 6;
    %dup/vec4;
    %pushi/vec4 324, 0, 12;
    %cmp/u;
    %jmp/1 T_39.70, 6;
    %dup/vec4;
    %pushi/vec4 260, 0, 12;
    %cmp/u;
    %jmp/1 T_39.71, 6;
    %jmp T_39.73;
T_39.52 ;
    %load/vec4 v0x59e2d35a91c0_0;
    %pushi/vec4 4294967295, 0, 32;
    %and;
    %store/vec4 v0x59e2d367ed90_0, 0, 32;
    %jmp T_39.73;
T_39.53 ;
    %load/vec4 v0x59e2d35a91c0_0;
    %pushi/vec4 4294967295, 0, 32;
    %and;
    %store/vec4 v0x59e2d35813d0_0, 0, 32;
    %jmp T_39.73;
T_39.54 ;
    %load/vec4 v0x59e2d35a91c0_0;
    %pushi/vec4 4294967295, 0, 32;
    %and;
    %store/vec4 v0x59e2d32b8b80_0, 0, 32;
    %jmp T_39.73;
T_39.55 ;
    %load/vec4 v0x59e2d35a91c0_0;
    %pushi/vec4 2147483663, 0, 32;
    %and;
    %store/vec4 v0x59e2d3579060_0, 0, 32;
    %jmp T_39.73;
T_39.56 ;
    %load/vec4 v0x59e2d35a91c0_0;
    %pushi/vec4 4294967295, 0, 32;
    %and;
    %store/vec4 v0x59e2d32d78e0_0, 0, 32;
    %jmp T_39.73;
T_39.57 ;
    %load/vec4 v0x59e2d35a91c0_0;
    %pushi/vec4 4294967295, 0, 32;
    %and;
    %store/vec4 v0x59e2d3577070_0, 0, 32;
    %jmp T_39.73;
T_39.58 ;
    %load/vec4 v0x59e2d35a91c0_0;
    %pushi/vec4 2730, 0, 32;
    %and;
    %store/vec4 v0x59e2d3673040_0, 0, 32;
    %jmp T_39.73;
T_39.59 ;
    %load/vec4 v0x59e2d35a91c0_0;
    %pushi/vec4 2730, 0, 32;
    %and;
    %store/vec4 v0x59e2d3581db0_0, 0, 32;
    %jmp T_39.73;
T_39.60 ;
    %load/vec4 v0x59e2d35a91c0_0;
    %pushi/vec4 65535, 0, 32;
    %and;
    %store/vec4 v0x59e2d34b8e70_0, 0, 32;
    %jmp T_39.73;
T_39.61 ;
    %load/vec4 v0x59e2d35a91c0_0;
    %pushi/vec4 65535, 0, 32;
    %and;
    %store/vec4 v0x59e2d3591f10_0, 0, 32;
    %jmp T_39.73;
T_39.62 ;
    %load/vec4 v0x59e2d35a91c0_0;
    %pushi/vec4 4294967295, 0, 32;
    %and;
    %store/vec4 v0x59e2d32d7240_0, 0, 32;
    %pushi/vec4 1, 0, 1;
    %store/vec4 v0x59e2d369df00_0, 0, 1;
    %jmp T_39.73;
T_39.63 ;
    %load/vec4 v0x59e2d35a91c0_0;
    %pushi/vec4 4294967295, 0, 32;
    %and;
    %store/vec4 v0x59e2d34cd8f0_0, 0, 32;
    %jmp T_39.73;
T_39.64 ;
    %load/vec4 v0x59e2d35a91c0_0;
    %pushi/vec4 4294967295, 0, 32;
    %and;
    %store/vec4 v0x59e2d35576c0_0, 0, 32;
    %jmp T_39.73;
T_39.65 ;
    %load/vec4 v0x59e2d35a91c0_0;
    %pushi/vec4 2147483663, 0, 32;
    %and;
    %store/vec4 v0x59e2d34c83e0_0, 0, 32;
    %jmp T_39.73;
T_39.66 ;
    %load/vec4 v0x59e2d35a91c0_0;
    %pushi/vec4 4294967295, 0, 32;
    %and;
    %store/vec4 v0x59e2d3558320_0, 0, 32;
    %jmp T_39.73;
T_39.67 ;
    %load/vec4 v0x59e2d35a91c0_0;
    %pushi/vec4 4294967295, 0, 32;
    %and;
    %store/vec4 v0x59e2d360d080_0, 0, 32;
    %jmp T_39.73;
T_39.68 ;
    %load/vec4 v0x59e2d35a91c0_0;
    %pushi/vec4 4294967295, 0, 32;
    %and;
    %store/vec4 v0x59e2d36b3490_0, 0, 32;
    %jmp T_39.73;
T_39.69 ;
    %load/vec4 v0x59e2d3577070_0;
    %pushi/vec4 4294704844, 0, 32;
    %and;
    %load/vec4 v0x59e2d35a91c0_0;
    %pushi/vec4 262451, 0, 32;
    %and;
    %or;
    %store/vec4 v0x59e2d3577070_0, 0, 32;
    %jmp T_39.73;
T_39.70 ;
    %load/vec4 v0x59e2d3673040_0;
    %pushi/vec4 4294966749, 0, 32;
    %and;
    %load/vec4 v0x59e2d35a91c0_0;
    %pushi/vec4 546, 0, 32;
    %and;
    %or;
    %store/vec4 v0x59e2d3673040_0, 0, 32;
    %jmp T_39.73;
T_39.71 ;
    %load/vec4 v0x59e2d3581db0_0;
    %pushi/vec4 4294966749, 0, 32;
    %and;
    %load/vec4 v0x59e2d35a91c0_0;
    %pushi/vec4 546, 0, 32;
    %and;
    %or;
    %store/vec4 v0x59e2d3581db0_0, 0, 32;
    %jmp T_39.73;
T_39.73 ;
    %pop/vec4 1;
T_39.39 ;
T_39.24 ;
T_39.17 ;
T_39.1 ;
    %load/vec4 v0x59e2d36acec0_0;
    %flag_set/vec4 9;
    %flag_get/vec4 9;
    %jmp/0 T_39.76, 9;
    %load/vec4 v0x59e2d36c0bd0_0;
    %parti/s 1, 11, 5;
    %and;
T_39.76;
    %flag_set/vec4 8;
    %jmp/0xz  T_39.74, 8;
    %pushi/vec4 1, 0, 1;
    %ix/load 4, 9, 0;
    %flag_set/imm 4, 0;
    %store/vec4 v0x59e2d354df20_0, 4, 1;
T_39.74 ;
    %load/vec4 v0x59e2d36acec0_0;
    %flag_set/vec4 9;
    %flag_get/vec4 9;
    %jmp/0 T_39.79, 9;
    %load/vec4 v0x59e2d36c0bd0_0;
    %parti/s 1, 11, 5;
    %inv;
    %and;
T_39.79;
    %flag_set/vec4 8;
    %jmp/0xz  T_39.77, 8;
    %pushi/vec4 1, 0, 1;
    %ix/load 4, 11, 0;
    %flag_set/imm 4, 0;
    %store/vec4 v0x59e2d354df20_0, 4, 1;
T_39.77 ;
    %load/vec4 v0x59e2d35cf6b0_0;
    %flag_set/vec4 9;
    %flag_get/vec4 9;
    %jmp/0 T_39.82, 9;
    %load/vec4 v0x59e2d36c0bd0_0;
    %parti/s 1, 7, 4;
    %and;
T_39.82;
    %flag_set/vec4 8;
    %jmp/0xz  T_39.80, 8;
    %pushi/vec4 1, 0, 1;
    %ix/load 4, 5, 0;
    %flag_set/imm 4, 0;
    %store/vec4 v0x59e2d354df20_0, 4, 1;
T_39.80 ;
    %load/vec4 v0x59e2d35cf6b0_0;
    %flag_set/vec4 9;
    %flag_get/vec4 9;
    %jmp/0 T_39.85, 9;
    %load/vec4 v0x59e2d36c0bd0_0;
    %parti/s 1, 7, 4;
    %inv;
    %and;
T_39.85;
    %flag_set/vec4 8;
    %jmp/0xz  T_39.83, 8;
    %pushi/vec4 1, 0, 1;
    %ix/load 4, 7, 0;
    %flag_set/imm 4, 0;
    %store/vec4 v0x59e2d354df20_0, 4, 1;
T_39.83 ;
    %pushi/vec4 1, 0, 1;
    %flag_set/vec4 9;
    %flag_get/vec4 9;
    %jmp/0 T_39.88, 9;
    %load/vec4 v0x59e2d3591e10_0;
    %load/vec4 v0x59e2d369e1a0_0;
    %cmp/e;
    %flag_get/vec4 4;
    %and;
T_39.88;
    %flag_set/vec4 8;
    %jmp/0xz  T_39.86, 8;
    %load/vec4 v0x59e2d36c0bd0_0;
    %parti/s 1, 7, 4;
    %flag_set/vec4 8;
    %jmp/0xz  T_39.89, 8;
    %load/vec4 v0x59e2d367eef0_0;
    %ix/load 4, 5, 0;
    %flag_set/imm 4, 0;
    %store/vec4 v0x59e2d354df20_0, 4, 1;
    %jmp T_39.90;
T_39.89 ;
    %load/vec4 v0x59e2d367eef0_0;
    %ix/load 4, 7, 0;
    %flag_set/imm 4, 0;
    %store/vec4 v0x59e2d354df20_0, 4, 1;
T_39.90 ;
    %pushi/vec4 0, 0, 1;
    %store/vec4 v0x59e2d369df00_0, 0, 1;
T_39.86 ;
    %load/vec4 v0x59e2d3673040_0;
    %load/vec4 v0x59e2d354df20_0;
    %or;
    %store/vec4 v0x59e2d3673040_0, 0, 32;
    %jmp T_39;
    .thread T_39, $push;
    .scope S_0x59e2d3577340;
T_40 ;
    %wait E_0x59e2d2ddd780;
    %load/vec4 v0x59e2d35de110_0;
    %flag_set/vec4 8;
    %jmp/0xz  T_40.0, 8;
    %pushi/vec4 0, 0, 32;
    %assign/vec4 v0x59e2d34b8f70_0, 0;
    %pushi/vec4 0, 0, 32;
    %assign/vec4 v0x59e2d34c8bb0_0, 0;
    %pushi/vec4 0, 0, 32;
    %assign/vec4 v0x59e2d36c1db0_0, 0;
    %pushi/vec4 0, 0, 32;
    %assign/vec4 v0x59e2d32d7590_0, 0;
    %pushi/vec4 0, 0, 32;
    %assign/vec4 v0x59e2d34b6570_0, 0;
    %pushi/vec4 0, 0, 32;
    %assign/vec4 v0x59e2d3672c00_0, 0;
    %pushi/vec4 0, 0, 32;
    %assign/vec4 v0x59e2d32ac5b0_0, 0;
    %pushi/vec4 3, 0, 2;
    %assign/vec4 v0x59e2d357a000_0, 0;
    %pushi/vec4 0, 0, 32;
    %assign/vec4 v0x59e2d3591e10_0, 0;
    %pushi/vec4 0, 0, 32;
    %assign/vec4 v0x59e2d3579160_0, 0;
    %pushi/vec4 0, 0, 32;
    %assign/vec4 v0x59e2d367e4b0_0, 0;
    %pushi/vec4 0, 0, 32;
    %assign/vec4 v0x59e2d369e1a0_0, 0;
    %pushi/vec4 0, 0, 1;
    %assign/vec4 v0x59e2d367eef0_0, 0;
    %pushi/vec4 0, 0, 32;
    %assign/vec4 v0x59e2d3572fb0_0, 0;
    %pushi/vec4 0, 0, 32;
    %assign/vec4 v0x59e2d36c0bd0_0, 0;
    %pushi/vec4 0, 0, 32;
    %assign/vec4 v0x59e2d34cc6a0_0, 0;
    %pushi/vec4 0, 0, 32;
    %assign/vec4 v0x59e2d3557d30_0, 0;
    %pushi/vec4 0, 0, 32;
    %assign/vec4 v0x59e2d35048b0_0, 0;
    %pushi/vec4 0, 0, 32;
    %assign/vec4 v0x59e2d365d3b0_0, 0;
    %pushi/vec4 0, 0, 32;
    %assign/vec4 v0x59e2d360ce80_0, 0;
    %pushi/vec4 0, 0, 32;
    %assign/vec4 v0x59e2d36be310_0, 0;
    %pushi/vec4 0, 0, 32;
    %assign/vec4 v0x59e2d352b5c0_0, 0;
    %jmp T_40.1;
T_40.0 ;
    %load/vec4 v0x59e2d35813d0_0;
    %assign/vec4 v0x59e2d34b8f70_0, 0;
    %load/vec4 v0x59e2d3577070_0;
    %assign/vec4 v0x59e2d34c8bb0_0, 0;
    %load/vec4 v0x59e2d3579060_0;
    %assign/vec4 v0x59e2d36c1db0_0, 0;
    %load/vec4 v0x59e2d32d78e0_0;
    %assign/vec4 v0x59e2d32d7590_0, 0;
    %load/vec4 v0x59e2d32b8b80_0;
    %assign/vec4 v0x59e2d34b6570_0, 0;
    %load/vec4 v0x59e2d3673040_0;
    %assign/vec4 v0x59e2d3672c00_0, 0;
    %load/vec4 v0x59e2d3581db0_0;
    %assign/vec4 v0x59e2d32ac5b0_0, 0;
    %pushi/vec4 3, 0, 2;
    %assign/vec4 v0x59e2d357a000_0, 0;
    %load/vec4 v0x59e2d3572eb0_0;
    %assign/vec4 v0x59e2d3591e10_0, 0;
    %load/vec4 v0x59e2d367ed90_0;
    %assign/vec4 v0x59e2d367e4b0_0, 0;
    %load/vec4 v0x59e2d32d7240_0;
    %assign/vec4 v0x59e2d369e1a0_0, 0;
    %load/vec4 v0x59e2d369df00_0;
    %assign/vec4 v0x59e2d367eef0_0, 0;
    %pushi/vec4 0, 0, 32;
    %assign/vec4 v0x59e2d3572fb0_0, 0;
    %pushi/vec4 0, 0, 32;
    %assign/vec4 v0x59e2d36c0bd0_0, 0;
    %pushi/vec4 0, 0, 32;
    %assign/vec4 v0x59e2d34cc6a0_0, 0;
    %pushi/vec4 0, 0, 32;
    %assign/vec4 v0x59e2d3557d30_0, 0;
    %pushi/vec4 0, 0, 32;
    %assign/vec4 v0x59e2d35048b0_0, 0;
    %pushi/vec4 0, 0, 32;
    %assign/vec4 v0x59e2d365d3b0_0, 0;
    %pushi/vec4 0, 0, 32;
    %assign/vec4 v0x59e2d360ce80_0, 0;
    %pushi/vec4 0, 0, 32;
    %assign/vec4 v0x59e2d36be310_0, 0;
    %load/vec4 v0x59e2d3064b70_0;
    %flag_set/vec4 8;
    %jmp/0 T_40.2, 8;
    %load/vec4 v0x59e2d354df20_0;
    %jmp/1 T_40.3, 8;
T_40.2 ; End of true expr.
    %pushi/vec4 0, 0, 32;
    %jmp/0 T_40.3, 8;
 ; End of false expr.
    %blend;
T_40.3;
    %assign/vec4 v0x59e2d352b5c0_0, 0;
    %load/vec4 v0x59e2d3591e10_0;
    %cmpi/e 4294967295, 0, 32;
    %jmp/0xz  T_40.4, 4;
    %load/vec4 v0x59e2d3579160_0;
    %addi 1, 0, 32;
    %assign/vec4 v0x59e2d3579160_0, 0;
T_40.4 ;
    %load/vec4 v0x59e2d35a9120_0;
    %cmpi/e 1970, 0, 12;
    %jmp/1 T_40.9, 4;
    %flag_mov 9, 4;
    %load/vec4 v0x59e2d35a9120_0;
    %cmpi/e 2226, 0, 12;
    %flag_or 4, 9;
T_40.9;
    %flag_get/vec4 4;
    %jmp/0 T_40.8, 4;
    %load/vec4 v0x59e2d3691c20_0;
    %or/r;
    %inv;
    %and;
T_40.8;
    %flag_set/vec4 8;
    %jmp/0xz  T_40.6, 8;
    %load/vec4 v0x59e2d35a91c0_0;
    %pushi/vec4 4278190080, 0, 32;
    %and;
    %dup/vec4;
    %pushi/vec4 0, 0, 32;
    %cmp/u;
    %jmp/1 T_40.10, 6;
    %dup/vec4;
    %pushi/vec4 16777216, 0, 32;
    %cmp/u;
    %jmp/1 T_40.11, 6;
    %jmp T_40.12;
T_40.10 ;
    %vpi_call 7 551 "$finish" {0 0 0};
    %vpi_call 7 552 "$finish" {0 0 0};
    %jmp T_40.12;
T_40.11 ;
    %vpi_call 7 556 "$write", "%c", &PV<v0x59e2d35a91c0_0, 0, 8> {0 0 0};
    %jmp T_40.12;
T_40.12 ;
    %pop/vec4 1;
T_40.6 ;
T_40.1 ;
    %jmp T_40;
    .thread T_40;
    .scope S_0x59e2d3577340;
T_41 ;
    %wait E_0x59e2d2ddd0a0;
    %pushi/vec4 0, 0, 1;
    %store/vec4 v0x59e2d308f240_0, 0, 1;
    %pushi/vec4 0, 0, 32;
    %store/vec4 v0x59e2d3064e70_0, 0, 32;
    %load/vec4 v0x59e2d3691c20_0;
    %cmpi/e 32, 0, 6;
    %jmp/0xz  T_41.0, 4;
    %pushi/vec4 1, 0, 1;
    %store/vec4 v0x59e2d308f240_0, 0, 1;
    %load/vec4 v0x59e2d32c8ec0_0;
    %cmpi/e 3, 0, 2;
    %flag_mov 8, 4;
    %jmp/0 T_41.2, 8;
    %load/vec4 v0x59e2d34b6570_0;
    %jmp/1 T_41.3, 8;
T_41.2 ; End of true expr.
    %load/vec4 v0x59e2d3557d30_0;
    %jmp/0 T_41.3, 8;
 ; End of false expr.
    %blend;
T_41.3;
    %store/vec4 v0x59e2d3064e70_0, 0, 32;
    %jmp T_41.1;
T_41.0 ;
    %load/vec4 v0x59e2d3691c20_0;
    %cmpi/u 48, 0, 6;
    %flag_inv 5; GE is !LT
    %flag_get/vec4 5;
    %jmp/0 T_41.6, 5;
    %load/vec4 v0x59e2d3691c20_0;
    %cmpi/u 51, 0, 6;
    %flag_get/vec4 4;
    %flag_get/vec4 5;
    %or;
    %and;
T_41.6;
    %flag_set/vec4 8;
    %jmp/0xz  T_41.4, 8;
    %load/vec4 v0x59e2d3691c20_0;
    %parti/s 2, 0, 2;
    %cmpi/e 3, 0, 2;
    %jmp/0xz  T_41.7, 4;
    %pushi/vec4 1, 0, 1;
    %store/vec4 v0x59e2d308f240_0, 0, 1;
    %load/vec4 v0x59e2d34b8f70_0;
    %store/vec4 v0x59e2d3064e70_0, 0, 32;
    %jmp T_41.8;
T_41.7 ;
    %pushi/vec4 1, 0, 1;
    %store/vec4 v0x59e2d308f240_0, 0, 1;
    %load/vec4 v0x59e2d34cc6a0_0;
    %store/vec4 v0x59e2d3064e70_0, 0, 32;
T_41.8 ;
    %jmp T_41.5;
T_41.4 ;
    %load/vec4 v0x59e2d32c6ff0_0;
    %flag_set/vec4 9;
    %flag_get/vec4 9;
    %jmp/0 T_41.11, 9;
    %load/vec4 v0x59e2d36b3020_0;
    %and;
T_41.11;
    %flag_set/vec4 8;
    %jmp/0xz  T_41.9, 8;
    %pushi/vec4 1, 0, 1;
    %store/vec4 v0x59e2d308f240_0, 0, 1;
    %load/vec4 v0x59e2d3557d30_0;
    %store/vec4 v0x59e2d3064e70_0, 0, 32;
    %jmp T_41.10;
T_41.9 ;
    %load/vec4 v0x59e2d32c6ff0_0;
    %flag_set/vec4 8;
    %jmp/0xz  T_41.12, 8;
    %pushi/vec4 1, 0, 1;
    %store/vec4 v0x59e2d308f240_0, 0, 1;
    %load/vec4 v0x59e2d34b6570_0;
    %store/vec4 v0x59e2d3064e70_0, 0, 32;
    %jmp T_41.13;
T_41.12 ;
    %load/vec4 v0x59e2d3691c20_0;
    %cmpi/e 52, 0, 6;
    %jmp/0xz  T_41.14, 4;
    %pushi/vec4 1, 0, 1;
    %store/vec4 v0x59e2d308f240_0, 0, 1;
    %load/vec4 v0x59e2d368bac0_0;
    %addi 4, 0, 32;
    %store/vec4 v0x59e2d3064e70_0, 0, 32;
T_41.14 ;
T_41.13 ;
T_41.10 ;
T_41.5 ;
T_41.1 ;
    %jmp T_41;
    .thread T_41, $push;
    .scope S_0x59e2d34c8f60;
T_42 ;
    %wait E_0x59e2d2ddde60;
    %load/vec4 v0x59e2d3648d40_0;
    %load/vec4 v0x59e2d3648f00_0;
    %or;
    %load/vec4 v0x59e2d35aec80_0;
    %or;
    %load/vec4 v0x59e2d3648c80_0;
    %or;
    %store/vec4 v0x59e2d35ab660_0, 0, 1;
    %load/vec4 v0x59e2d3648d40_0;
    %load/vec4 v0x59e2d3649af0_0;
    %or;
    %load/vec4 v0x59e2d35aec80_0;
    %or;
    %load/vec4 v0x59e2d3648e60_0;
    %or;
    %store/vec4 v0x59e2d364cd70_0, 0, 1;
    %load/vec4 v0x59e2d35add20_0;
    %parti/s 2, 28, 6;
    %store/vec4 v0x59e2d364c3f0_0, 0, 2;
    %load/vec4 v0x59e2d35add20_0;
    %parti/s 2, 30, 6;
    %pushi/vec4 3, 0, 2;
    %cmp/e;
    %flag_get/vec4 4;
    %store/vec4 v0x59e2d364bf30_0, 0, 1;
    %load/vec4 v0x59e2d35ad370_0;
    %pushi/vec4 0, 0, 5;
    %cmp/ne;
    %flag_get/vec4 4;
    %load/vec4 v0x59e2d3648d40_0;
    %or;
    %load/vec4 v0x59e2d35aec80_0;
    %or;
    %store/vec4 v0x59e2d364adf0_0, 0, 1;
    %load/vec4 v0x59e2d35aec80_0;
    %load/vec4 v0x59e2d3648c80_0;
    %or;
    %load/vec4 v0x59e2d3648e60_0;
    %or;
    %flag_set/vec4 8;
    %jmp/0 T_42.0, 8;
    %pushi/vec4 0, 0, 27;
    %load/vec4 v0x59e2d35ad370_0;
    %concat/vec4; draw_concat_vec4
    %jmp/1 T_42.1, 8;
T_42.0 ; End of true expr.
    %load/vec4 v0x59e2d361a160_0;
    %jmp/0 T_42.1, 8;
 ; End of false expr.
    %blend;
T_42.1;
    %store/vec4 v0x59e2d36476f0_0, 0, 32;
    %pushi/vec4 0, 0, 1;
    %store/vec4 v0x59e2d364c950_0, 0, 1;
    %jmp T_42;
    .thread T_42, $push;
    .scope S_0x59e2d34c8f60;
T_43 ;
    %wait E_0x59e2d2ddd780;
    %load/vec4 v0x59e2d360d730_0;
    %flag_set/vec4 8;
    %jmp/0xz  T_43.0, 8;
    %pushi/vec4 0, 0, 1;
    %assign/vec4 v0x59e2d3612ac0_0, 0;
    %pushi/vec4 0, 0, 32;
    %assign/vec4 v0x59e2d3612a00_0, 0;
    %pushi/vec4 0, 0, 32;
    %assign/vec4 v0x59e2d364ad50_0, 0;
    %pushi/vec4 0, 0, 6;
    %assign/vec4 v0x59e2d3624b10_0, 0;
    %jmp T_43.1;
T_43.0 ;
    %load/vec4 v0x59e2d3613310_0;
    %flag_set/vec4 8;
    %jmp/0xz  T_43.2, 8;
    %load/vec4 v0x59e2d35ab660_0;
    %flag_set/vec4 8;
    %jmp/1 T_43.5, 8;
    %load/vec4 v0x59e2d364cd70_0;
    %flag_set/vec4 9;
    %flag_or 8, 9;
T_43.5;
    %flag_get/vec4 8;
    %jmp/0 T_43.4, 8;
    %load/vec4 v0x59e2d364c950_0;
    %inv;
    %and;
T_43.4;
    %assign/vec4 v0x59e2d3612ac0_0, 0;
    %load/vec4 v0x59e2d3620540_0;
    %flag_set/vec4 8;
    %jmp/1 T_43.9, 8;
    %load/vec4 v0x59e2d364c950_0;
    %flag_set/vec4 9;
    %flag_or 8, 9;
T_43.9;
    %jmp/1 T_43.8, 8;
    %load/vec4 v0x59e2d36475b0_0;
    %flag_set/vec4 9;
    %flag_or 8, 9;
T_43.8;
    %jmp/0xz  T_43.6, 8;
    %load/vec4 v0x59e2d35add20_0;
    %assign/vec4 v0x59e2d3612a00_0, 0;
    %jmp T_43.7;
T_43.6 ;
    %load/vec4 v0x59e2d364c490_0;
    %assign/vec4 v0x59e2d3612a00_0, 0;
T_43.7 ;
    %load/vec4 v0x59e2d35add20_0;
    %pushi/vec4 4294967295, 0, 32;
    %and;
    %cmpi/e 115, 0, 32;
    %jmp/0xz  T_43.10, 4;
    %pushi/vec4 24, 0, 6;
    %pushi/vec4 0, 0, 4;
    %load/vec4 v0x59e2d35aed20_0;
    %concat/vec4; draw_concat_vec4
    %add;
    %assign/vec4 v0x59e2d3624b10_0, 0;
    %jmp T_43.11;
T_43.10 ;
    %load/vec4 v0x59e2d36475b0_0;
    %flag_set/vec4 8;
    %jmp/0xz  T_43.12, 8;
    %pushi/vec4 18, 0, 6;
    %assign/vec4 v0x59e2d3624b10_0, 0;
    %jmp T_43.13;
T_43.12 ;
    %load/vec4 v0x59e2d35add20_0;
    %pushi/vec4 3489660927, 0, 32;
    %and;
    %cmpi/e 2097267, 0, 32;
    %jmp/0xz  T_43.14, 4;
    %pushi/vec4 48, 0, 6;
    %pushi/vec4 0, 0, 4;
    %load/vec4 v0x59e2d3624f40_0;
    %concat/vec4; draw_concat_vec4
    %add;
    %assign/vec4 v0x59e2d3624b10_0, 0;
    %jmp T_43.15;
T_43.14 ;
    %load/vec4 v0x59e2d35add20_0;
    %pushi/vec4 4294967295, 0, 32;
    %and;
    %cmpi/e 1048691, 0, 32;
    %jmp/0xz  T_43.16, 4;
    %pushi/vec4 19, 0, 6;
    %assign/vec4 v0x59e2d3624b10_0, 0;
    %jmp T_43.17;
T_43.16 ;
    %load/vec4 v0x59e2d3620540_0;
    %flag_set/vec4 8;
    %jmp/1 T_43.20, 8;
    %load/vec4 v0x59e2d364c950_0;
    %flag_set/vec4 9;
    %flag_or 8, 9;
T_43.20;
    %jmp/0xz  T_43.18, 8;
    %pushi/vec4 18, 0, 6;
    %assign/vec4 v0x59e2d3624b10_0, 0;
    %jmp T_43.19;
T_43.18 ;
    %load/vec4 v0x59e2d360bc80_0;
    %flag_set/vec4 8;
    %jmp/1 T_43.24, 8;
    %load/vec4 v0x59e2d3624650_0;
    %flag_set/vec4 9;
    %flag_or 8, 9;
T_43.24;
    %jmp/1 T_43.23, 8;
    %load/vec4 v0x59e2d35ab720_0;
    %flag_set/vec4 9;
    %flag_or 8, 9;
T_43.23;
    %jmp/0xz  T_43.21, 8;
    %pushi/vec4 52, 0, 6;
    %assign/vec4 v0x59e2d3624b10_0, 0;
    %jmp T_43.22;
T_43.21 ;
    %pushi/vec4 0, 0, 6;
    %assign/vec4 v0x59e2d3624b10_0, 0;
T_43.22 ;
T_43.19 ;
T_43.17 ;
T_43.15 ;
T_43.13 ;
T_43.11 ;
    %load/vec4 v0x59e2d35ab660_0;
    %flag_set/vec4 9;
    %flag_get/vec4 9;
    %jmp/0 T_43.27, 9;
    %load/vec4 v0x59e2d364cd70_0;
    %and;
T_43.27;
    %flag_set/vec4 8;
    %jmp/0xz  T_43.25, 8;
    %load/vec4 v0x59e2d36476f0_0;
    %assign/vec4 v0x59e2d364ad50_0, 0;
    %jmp T_43.26;
T_43.25 ;
    %load/vec4 v0x59e2d35ab660_0;
    %flag_set/vec4 8;
    %jmp/0xz  T_43.28, 8;
    %load/vec4 v0x59e2d364c490_0;
    %load/vec4 v0x59e2d36476f0_0;
    %or;
    %assign/vec4 v0x59e2d364ad50_0, 0;
    %jmp T_43.29;
T_43.28 ;
    %load/vec4 v0x59e2d364cd70_0;
    %flag_set/vec4 8;
    %jmp/0xz  T_43.30, 8;
    %load/vec4 v0x59e2d364c490_0;
    %load/vec4 v0x59e2d36476f0_0;
    %inv;
    %and;
    %assign/vec4 v0x59e2d364ad50_0, 0;
T_43.30 ;
T_43.29 ;
T_43.26 ;
    %jmp T_43.3;
T_43.2 ;
    %pushi/vec4 0, 0, 1;
    %assign/vec4 v0x59e2d3612ac0_0, 0;
    %pushi/vec4 0, 0, 32;
    %assign/vec4 v0x59e2d3612a00_0, 0;
    %pushi/vec4 0, 0, 32;
    %assign/vec4 v0x59e2d364ad50_0, 0;
    %pushi/vec4 0, 0, 6;
    %assign/vec4 v0x59e2d3624b10_0, 0;
T_43.3 ;
T_43.1 ;
    %jmp T_43;
    .thread T_43;
    .scope S_0x59e2d34c8f60;
T_44 ;
    %wait E_0x59e2d2ddd780;
    %load/vec4 v0x59e2d360d730_0;
    %flag_set/vec4 8;
    %jmp/0xz  T_44.0, 8;
    %pushi/vec4 0, 0, 1;
    %assign/vec4 v0x59e2d35e8ab0_0, 0;
    %jmp T_44.1;
T_44.0 ;
    %load/vec4 v0x59e2d3624140_0;
    %or/r;
    %load/vec4 v0x59e2d36240a0_0;
    %inv;
    %and;
    %assign/vec4 v0x59e2d35e8ab0_0, 0;
T_44.1 ;
    %jmp T_44;
    .thread T_44;
    .scope S_0x59e2d34c8f60;
T_45 ;
    %wait E_0x59e2d2ddd780;
    %load/vec4 v0x59e2d360d730_0;
    %flag_set/vec4 8;
    %jmp/0xz  T_45.0, 8;
    %pushi/vec4 0, 0, 1;
    %assign/vec4 v0x59e2d35e4820_0, 0;
    %jmp T_45.1;
T_45.0 ;
    %load/vec4 v0x59e2d360bc80_0;
    %flag_set/vec4 8;
    %flag_get/vec4 8;
    %jmp/1 T_45.2, 8;
    %load/vec4 v0x59e2d35ab720_0;
    %or;
T_45.2;
    %assign/vec4 v0x59e2d35e4820_0, 0;
T_45.1 ;
    %jmp T_45;
    .thread T_45;
    .scope S_0x59e2d34c8f60;
T_46 ;
    %wait E_0x59e2d2ddd780;
    %load/vec4 v0x59e2d360d730_0;
    %flag_set/vec4 8;
    %jmp/0xz  T_46.0, 8;
    %pushi/vec4 0, 0, 1;
    %assign/vec4 v0x59e2d3624590_0, 0;
    %jmp T_46.1;
T_46.0 ;
    %load/vec4 v0x59e2d3624650_0;
    %assign/vec4 v0x59e2d3624590_0, 0;
T_46.1 ;
    %jmp T_46;
    .thread T_46;
    .scope S_0x59e2d34c8f60;
T_47 ;
    %wait E_0x59e2d2ddd780;
    %load/vec4 v0x59e2d360d730_0;
    %flag_set/vec4 8;
    %jmp/0xz  T_47.0, 8;
    %pushi/vec4 0, 0, 32;
    %assign/vec4 v0x59e2d35af6c0_0, 0;
    %pushi/vec4 0, 0, 1;
    %assign/vec4 v0x59e2d364d2f0_0, 0;
    %pushi/vec4 1, 0, 1;
    %assign/vec4 v0x59e2d360df20_0, 0;
    %jmp T_47.1;
T_47.0 ;
    %load/vec4 v0x59e2d360df20_0;
    %flag_set/vec4 8;
    %jmp/0xz  T_47.2, 8;
    %load/vec4 v0x59e2d360dfc0_0;
    %assign/vec4 v0x59e2d35af6c0_0, 0;
    %pushi/vec4 1, 0, 1;
    %assign/vec4 v0x59e2d364d2f0_0, 0;
    %pushi/vec4 0, 0, 1;
    %assign/vec4 v0x59e2d360df20_0, 0;
    %jmp T_47.3;
T_47.2 ;
    %load/vec4 v0x59e2d364c8b0_0;
    %assign/vec4 v0x59e2d364d2f0_0, 0;
    %load/vec4 v0x59e2d364b2d0_0;
    %assign/vec4 v0x59e2d35af6c0_0, 0;
T_47.3 ;
T_47.1 ;
    %jmp T_47;
    .thread T_47;
    .scope S_0x59e2d376a950;
T_48 ;
    %wait E_0x59e2d376ada0;
    %load/vec4 v0x59e2d376c710_0;
    %pushi/vec4 4261441663, 0, 32;
    %and;
    %cmpi/e 33562675, 0, 32;
    %jmp/0xz  T_48.0, 4;
    %load/vec4 v0x59e2d376cb90_0;
    %parti/s 1, 31, 6;
    %load/vec4 v0x59e2d376cb90_0;
    %concat/vec4; draw_concat_vec4
    %store/vec4 v0x59e2d376d040_0, 0, 33;
    %jmp T_48.1;
T_48.0 ;
    %load/vec4 v0x59e2d376c710_0;
    %pushi/vec4 4261441663, 0, 32;
    %and;
    %cmpi/e 33558579, 0, 32;
    %jmp/0xz  T_48.2, 4;
    %load/vec4 v0x59e2d376cb90_0;
    %parti/s 1, 31, 6;
    %load/vec4 v0x59e2d376cb90_0;
    %concat/vec4; draw_concat_vec4
    %store/vec4 v0x59e2d376d040_0, 0, 33;
    %jmp T_48.3;
T_48.2 ;
    %pushi/vec4 0, 0, 1;
    %load/vec4 v0x59e2d376cb90_0;
    %concat/vec4; draw_concat_vec4
    %store/vec4 v0x59e2d376d040_0, 0, 33;
T_48.3 ;
T_48.1 ;
    %jmp T_48;
    .thread T_48, $push;
    .scope S_0x59e2d376a950;
T_49 ;
    %wait E_0x59e2d2ec43b0;
    %load/vec4 v0x59e2d376c710_0;
    %pushi/vec4 4261441663, 0, 32;
    %and;
    %cmpi/e 33562675, 0, 32;
    %jmp/0xz  T_49.0, 4;
    %pushi/vec4 0, 0, 1;
    %load/vec4 v0x59e2d376cd30_0;
    %concat/vec4; draw_concat_vec4
    %store/vec4 v0x59e2d376d200_0, 0, 33;
    %jmp T_49.1;
T_49.0 ;
    %load/vec4 v0x59e2d376c710_0;
    %pushi/vec4 4261441663, 0, 32;
    %and;
    %cmpi/e 33558579, 0, 32;
    %jmp/0xz  T_49.2, 4;
    %load/vec4 v0x59e2d376cd30_0;
    %parti/s 1, 31, 6;
    %load/vec4 v0x59e2d376cd30_0;
    %concat/vec4; draw_concat_vec4
    %store/vec4 v0x59e2d376d200_0, 0, 33;
    %jmp T_49.3;
T_49.2 ;
    %pushi/vec4 0, 0, 1;
    %load/vec4 v0x59e2d376cd30_0;
    %concat/vec4; draw_concat_vec4
    %store/vec4 v0x59e2d376d200_0, 0, 33;
T_49.3 ;
T_49.1 ;
    %jmp T_49;
    .thread T_49, $push;
    .scope S_0x59e2d376a950;
T_50 ;
    %wait E_0x59e2d2ddd780;
    %load/vec4 v0x59e2d376d580_0;
    %flag_set/vec4 8;
    %jmp/0xz  T_50.0, 8;
    %pushi/vec4 0, 0, 33;
    %assign/vec4 v0x59e2d376cfa0_0, 0;
    %pushi/vec4 0, 0, 33;
    %assign/vec4 v0x59e2d376d120_0, 0;
    %pushi/vec4 0, 0, 1;
    %assign/vec4 v0x59e2d376c400_0, 0;
    %jmp T_50.1;
T_50.0 ;
    %load/vec4 v0x59e2d376c360_0;
    %flag_set/vec4 8;
    %jmp/0xz  T_50.2, 8;
    %jmp T_50.3;
T_50.2 ;
    %load/vec4 v0x59e2d376ced0_0;
    %flag_set/vec4 9;
    %flag_get/vec4 9;
    %jmp/0 T_50.6, 9;
    %load/vec4 v0x59e2d376c4a0_0;
    %and;
T_50.6;
    %flag_set/vec4 8;
    %jmp/0xz  T_50.4, 8;
    %load/vec4 v0x59e2d376d040_0;
    %assign/vec4 v0x59e2d376cfa0_0, 0;
    %load/vec4 v0x59e2d376d200_0;
    %assign/vec4 v0x59e2d376d120_0, 0;
    %load/vec4 v0x59e2d376c710_0;
    %pushi/vec4 4261441663, 0, 32;
    %and;
    %pushi/vec4 33554483, 0, 32;
    %cmp/e;
    %flag_get/vec4 4;
    %inv;
    %assign/vec4 v0x59e2d376c400_0, 0;
    %jmp T_50.5;
T_50.4 ;
    %pushi/vec4 0, 0, 33;
    %assign/vec4 v0x59e2d376cfa0_0, 0;
    %pushi/vec4 0, 0, 33;
    %assign/vec4 v0x59e2d376d120_0, 0;
    %pushi/vec4 0, 0, 1;
    %assign/vec4 v0x59e2d376c400_0, 0;
T_50.5 ;
T_50.3 ;
T_50.1 ;
    %jmp T_50;
    .thread T_50;
    .scope S_0x59e2d376a950;
T_51 ;
    %wait E_0x59e2d2ef41b0;
    %load/vec4 v0x59e2d376c400_0;
    %flag_set/vec4 8;
    %jmp/0 T_51.0, 8;
    %load/vec4 v0x59e2d376c560_0;
    %parti/s 32, 32, 7;
    %jmp/1 T_51.1, 8;
T_51.0 ; End of true expr.
    %load/vec4 v0x59e2d376c560_0;
    %parti/s 32, 0, 2;
    %jmp/0 T_51.1, 8;
 ; End of false expr.
    %blend;
T_51.1;
    %store/vec4 v0x59e2d376d4a0_0, 0, 32;
    %jmp T_51;
    .thread T_51, $push;
    .scope S_0x59e2d376a950;
T_52 ;
    %wait E_0x59e2d2ddd780;
    %load/vec4 v0x59e2d376d580_0;
    %flag_set/vec4 8;
    %jmp/0xz  T_52.0, 8;
    %pushi/vec4 0, 0, 32;
    %assign/vec4 v0x59e2d376d2e0_0, 0;
    %jmp T_52.1;
T_52.0 ;
    %load/vec4 v0x59e2d376c360_0;
    %inv;
    %flag_set/vec4 8;
    %jmp/0xz  T_52.2, 8;
    %load/vec4 v0x59e2d376d4a0_0;
    %assign/vec4 v0x59e2d376d2e0_0, 0;
T_52.2 ;
T_52.1 ;
    %jmp T_52;
    .thread T_52;
    .scope S_0x59e2d376a950;
T_53 ;
    %wait E_0x59e2d2ddd780;
    %load/vec4 v0x59e2d376d580_0;
    %flag_set/vec4 8;
    %jmp/0xz  T_53.0, 8;
    %pushi/vec4 0, 0, 32;
    %assign/vec4 v0x59e2d376d3c0_0, 0;
    %jmp T_53.1;
T_53.0 ;
    %load/vec4 v0x59e2d376c360_0;
    %inv;
    %flag_set/vec4 8;
    %jmp/0xz  T_53.2, 8;
    %load/vec4 v0x59e2d376d2e0_0;
    %assign/vec4 v0x59e2d376d3c0_0, 0;
T_53.2 ;
T_53.1 ;
    %jmp T_53;
    .thread T_53;
    .scope S_0x59e2d376d880;
T_54 ;
    %wait E_0x59e2d2ddd780;
    %load/vec4 v0x59e2d37709b0_0;
    %flag_set/vec4 8;
    %jmp/0xz  T_54.0, 8;
    %pushi/vec4 0, 0, 3;
    %assign/vec4 v0x59e2d3770c90_0, 0;
    %pushi/vec4 0, 0, 1;
    %assign/vec4 v0x59e2d3770d70_0, 0;
    %pushi/vec4 0, 0, 1;
    %assign/vec4 v0x59e2d3770730_0, 0;
    %pushi/vec4 0, 0, 32;
    %assign/vec4 v0x59e2d376f5e0_0, 0;
    %pushi/vec4 0, 0, 32;
    %assign/vec4 v0x59e2d376f6c0_0, 0;
    %pushi/vec4 0, 0, 5;
    %assign/vec4 v0x59e2d37707f0_0, 0;
    %pushi/vec4 0, 0, 32;
    %assign/vec4 v0x59e2d37704d0_0, 0;
    %pushi/vec4 0, 0, 32;
    %assign/vec4 v0x59e2d3770570_0, 0;
    %pushi/vec4 0, 0, 32;
    %assign/vec4 v0x59e2d3770650_0, 0;
    %jmp T_54.1;
T_54.0 ;
    %pushi/vec4 0, 0, 1;
    %assign/vec4 v0x59e2d3770d70_0, 0;
    %load/vec4 v0x59e2d3770c90_0;
    %dup/vec4;
    %pushi/vec4 0, 0, 3;
    %cmp/u;
    %jmp/1 T_54.2, 6;
    %dup/vec4;
    %pushi/vec4 1, 0, 3;
    %cmp/u;
    %jmp/1 T_54.3, 6;
    %dup/vec4;
    %pushi/vec4 2, 0, 3;
    %cmp/u;
    %jmp/1 T_54.4, 6;
    %dup/vec4;
    %pushi/vec4 3, 0, 3;
    %cmp/u;
    %jmp/1 T_54.5, 6;
    %dup/vec4;
    %pushi/vec4 4, 0, 3;
    %cmp/u;
    %jmp/1 T_54.6, 6;
    %dup/vec4;
    %pushi/vec4 5, 0, 3;
    %cmp/u;
    %jmp/1 T_54.7, 6;
    %pushi/vec4 0, 0, 3;
    %assign/vec4 v0x59e2d3770c90_0, 0;
    %jmp T_54.9;
T_54.2 ;
    %load/vec4 v0x59e2d3770400_0;
    %flag_set/vec4 8;
    %jmp/0xz  T_54.10, 8;
    %load/vec4 v0x59e2d3770330_0;
    %assign/vec4 v0x59e2d37707f0_0, 0;
    %load/vec4 v0x59e2d37700c0_0;
    %cmpi/e 0, 0, 32;
    %jmp/1 T_54.14, 4;
    %flag_mov 8, 4;
    %load/vec4 v0x59e2d3770260_0;
    %cmpi/e 0, 0, 32;
    %flag_or 4, 8;
T_54.14;
    %jmp/0xz  T_54.12, 4;
    %pushi/vec4 0, 0, 32;
    %assign/vec4 v0x59e2d37704d0_0, 0;
    %pushi/vec4 0, 0, 32;
    %assign/vec4 v0x59e2d3770570_0, 0;
    %pushi/vec4 0, 0, 32;
    %assign/vec4 v0x59e2d3770650_0, 0;
    %pushi/vec4 1, 0, 1;
    %assign/vec4 v0x59e2d3770730_0, 0;
    %pushi/vec4 5, 0, 3;
    %assign/vec4 v0x59e2d3770c90_0, 0;
    %jmp T_54.13;
T_54.12 ;
    %pushi/vec4 0, 0, 32;
    %assign/vec4 v0x59e2d37704d0_0, 0;
    %pushi/vec4 0, 0, 32;
    %assign/vec4 v0x59e2d3770570_0, 0;
    %pushi/vec4 0, 0, 32;
    %assign/vec4 v0x59e2d3770650_0, 0;
    %pushi/vec4 0, 0, 1;
    %assign/vec4 v0x59e2d3770730_0, 0;
    %load/vec4 v0x59e2d37700c0_0;
    %assign/vec4 v0x59e2d376f5e0_0, 0;
    %load/vec4 v0x59e2d3770260_0;
    %assign/vec4 v0x59e2d376f6c0_0, 0;
    %pushi/vec4 1, 0, 3;
    %assign/vec4 v0x59e2d3770c90_0, 0;
T_54.13 ;
    %jmp T_54.11;
T_54.10 ;
    %load/vec4 v0x59e2d3770730_0;
    %flag_set/vec4 8;
    %jmp/0xz  T_54.15, 8;
    %pushi/vec4 0, 0, 32;
    %assign/vec4 v0x59e2d37704d0_0, 0;
    %pushi/vec4 0, 0, 32;
    %assign/vec4 v0x59e2d3770570_0, 0;
    %pushi/vec4 0, 0, 32;
    %assign/vec4 v0x59e2d3770650_0, 0;
    %pushi/vec4 0, 0, 1;
    %assign/vec4 v0x59e2d3770730_0, 0;
T_54.15 ;
T_54.11 ;
    %jmp T_54.9;
T_54.3 ;
    %load/vec4 v0x59e2d376fac0_0;
    %assign/vec4 v0x59e2d37704d0_0, 0;
    %pushi/vec4 2, 0, 3;
    %assign/vec4 v0x59e2d3770c90_0, 0;
    %jmp T_54.9;
T_54.4 ;
    %load/vec4 v0x59e2d376fac0_0;
    %assign/vec4 v0x59e2d3770570_0, 0;
    %pushi/vec4 3, 0, 3;
    %assign/vec4 v0x59e2d3770c90_0, 0;
    %jmp T_54.9;
T_54.5 ;
    %load/vec4 v0x59e2d376fac0_0;
    %assign/vec4 v0x59e2d3770650_0, 0;
    %pushi/vec4 1, 0, 1;
    %assign/vec4 v0x59e2d3770730_0, 0;
    %pushi/vec4 4, 0, 3;
    %assign/vec4 v0x59e2d3770c90_0, 0;
    %jmp T_54.9;
T_54.6 ;
    %pushi/vec4 1, 0, 1;
    %assign/vec4 v0x59e2d3770d70_0, 0;
    %pushi/vec4 0, 0, 3;
    %assign/vec4 v0x59e2d3770c90_0, 0;
    %jmp T_54.9;
T_54.7 ;
    %pushi/vec4 1, 0, 1;
    %assign/vec4 v0x59e2d3770d70_0, 0;
    %pushi/vec4 0, 0, 3;
    %assign/vec4 v0x59e2d3770c90_0, 0;
    %jmp T_54.9;
T_54.9 ;
    %pop/vec4 1;
T_54.1 ;
    %jmp T_54;
    .thread T_54;
    .scope S_0x59e2d3773920;
T_55 ;
    %wait E_0x59e2d2ddd780;
    %load/vec4 v0x59e2d37752d0_0;
    %flag_set/vec4 8;
    %jmp/0xz  T_55.0, 8;
    %pushi/vec4 0, 0, 33;
    %assign/vec4 v0x59e2d3774dd0_0, 0;
    %pushi/vec4 0, 0, 33;
    %assign/vec4 v0x59e2d3774e70_0, 0;
    %pushi/vec4 0, 0, 5;
    %assign/vec4 v0x59e2d3774f50_0, 0;
    %pushi/vec4 0, 0, 1;
    %assign/vec4 v0x59e2d3775370_0, 0;
    %jmp T_55.1;
T_55.0 ;
    %load/vec4 v0x59e2d3774d00_0;
    %flag_set/vec4 9;
    %flag_get/vec4 9;
    %jmp/0 T_55.4, 9;
    %load/vec4 v0x59e2d3774510_0;
    %and;
T_55.4;
    %flag_set/vec4 8;
    %jmp/0xz  T_55.2, 8;
    %pushi/vec4 0, 0, 1;
    %load/vec4 v0x59e2d37749c0_0;
    %concat/vec4; draw_concat_vec4
    %assign/vec4 v0x59e2d3774dd0_0, 0;
    %pushi/vec4 0, 0, 1;
    %load/vec4 v0x59e2d3774b60_0;
    %concat/vec4; draw_concat_vec4
    %assign/vec4 v0x59e2d3774e70_0, 0;
    %load/vec4 v0x59e2d3774c30_0;
    %assign/vec4 v0x59e2d3774f50_0, 0;
    %pushi/vec4 1, 0, 1;
    %assign/vec4 v0x59e2d3775370_0, 0;
    %jmp T_55.3;
T_55.2 ;
    %pushi/vec4 0, 0, 33;
    %assign/vec4 v0x59e2d3774dd0_0, 0;
    %pushi/vec4 0, 0, 33;
    %assign/vec4 v0x59e2d3774e70_0, 0;
    %pushi/vec4 0, 0, 5;
    %assign/vec4 v0x59e2d3774f50_0, 0;
    %pushi/vec4 0, 0, 1;
    %assign/vec4 v0x59e2d3775370_0, 0;
T_55.3 ;
T_55.1 ;
    %jmp T_55;
    .thread T_55;
    .scope S_0x59e2d3773920;
T_56 ;
    %wait E_0x59e2d2ddd780;
    %load/vec4 v0x59e2d37752d0_0;
    %flag_set/vec4 8;
    %jmp/0xz  T_56.0, 8;
    %pushi/vec4 0, 0, 32;
    %assign/vec4 v0x59e2d3775110_0, 0;
    %pushi/vec4 0, 0, 5;
    %assign/vec4 v0x59e2d3775030_0, 0;
    %pushi/vec4 0, 0, 1;
    %assign/vec4 v0x59e2d3775430_0, 0;
    %jmp T_56.1;
T_56.0 ;
    %load/vec4 v0x59e2d37751f0_0;
    %assign/vec4 v0x59e2d3775110_0, 0;
    %load/vec4 v0x59e2d3774f50_0;
    %assign/vec4 v0x59e2d3775030_0, 0;
    %load/vec4 v0x59e2d3775370_0;
    %assign/vec4 v0x59e2d3775430_0, 0;
T_56.1 ;
    %jmp T_56;
    .thread T_56;
    .scope S_0x59e2d35779e0;
T_57 ;
    %wait E_0x59e2d2dddaf0;
    %load/vec4 v0x59e2d2e2f630_0;
    %store/vec4 v0x59e2d2e1ddf0_0, 0, 2;
    %load/vec4 v0x59e2d3065170_0;
    %store/vec4 v0x59e2d3064a20_0, 0, 32;
    %load/vec4 v0x59e2d30d0e30_0;
    %store/vec4 v0x59e2d3092e40_0, 0, 32;
    %load/vec4 v0x59e2d31420c0_0;
    %store/vec4 v0x59e2d3141de0_0, 0, 32;
    %load/vec4 v0x59e2d2f55570_0;
    %store/vec4 v0x59e2d2f4e630_0, 0, 5;
    %load/vec4 v0x59e2d2f0f900_0;
    %store/vec4 v0x59e2d2f0fec0_0, 0, 1;
    %pushi/vec4 0, 0, 1;
    %store/vec4 v0x59e2d30652e0_0, 0, 1;
    %load/vec4 v0x59e2d2f22460_0;
    %store/vec4 v0x59e2d2f91f50_0, 0, 32;
    %load/vec4 v0x59e2d2ef79a0_0;
    %store/vec4 v0x59e2d2f0fbe0_0, 0, 5;
    %load/vec4 v0x59e2d2e2f630_0;
    %dup/vec4;
    %pushi/vec4 0, 0, 2;
    %cmp/u;
    %jmp/1 T_57.0, 6;
    %dup/vec4;
    %pushi/vec4 1, 0, 2;
    %cmp/u;
    %jmp/1 T_57.1, 6;
    %dup/vec4;
    %pushi/vec4 2, 0, 2;
    %cmp/u;
    %jmp/1 T_57.2, 6;
    %pushi/vec4 0, 0, 2;
    %store/vec4 v0x59e2d2e1ddf0_0, 0, 2;
    %jmp T_57.4;
T_57.0 ;
    %load/vec4 v0x59e2d2e20b60_0;
    %flag_set/vec4 8;
    %jmp/0xz  T_57.5, 8;
    %load/vec4 v0x59e2d30655c0_0;
    %store/vec4 v0x59e2d3064a20_0, 0, 32;
    %load/vec4 v0x59e2d30625b0_0;
    %store/vec4 v0x59e2d3092e40_0, 0, 32;
    %pushi/vec4 0, 0, 32;
    %store/vec4 v0x59e2d3141de0_0, 0, 32;
    %load/vec4 v0x59e2d2f83480_0;
    %store/vec4 v0x59e2d2f4e630_0, 0, 5;
    %load/vec4 v0x59e2d2eb6ff0_0;
    %store/vec4 v0x59e2d2f0fec0_0, 0, 1;
    %load/vec4 v0x59e2d30625b0_0;
    %cmpi/e 0, 0, 32;
    %jmp/1 T_57.9, 4;
    %flag_mov 8, 4;
    %load/vec4 v0x59e2d30655c0_0;
    %cmpi/e 0, 0, 32;
    %flag_or 4, 8;
T_57.9;
    %flag_mov 8, 4;
    %jmp/0 T_57.7, 8;
    %pushi/vec4 2, 0, 2;
    %jmp/1 T_57.8, 8;
T_57.7 ; End of true expr.
    %pushi/vec4 1, 0, 2;
    %jmp/0 T_57.8, 8;
 ; End of false expr.
    %blend;
T_57.8;
    %store/vec4 v0x59e2d2e1ddf0_0, 0, 2;
T_57.5 ;
    %jmp T_57.4;
T_57.1 ;
    %load/vec4 v0x59e2d2f0fd50_0;
    %flag_set/vec4 8;
    %jmp/0xz  T_57.10, 8;
    %load/vec4 v0x59e2d31420c0_0;
    %load/vec4 v0x59e2d2f0fa70_0;
    %add;
    %store/vec4 v0x59e2d3141de0_0, 0, 32;
    %load/vec4 v0x59e2d30bdb20_0;
    %store/vec4 v0x59e2d3092e40_0, 0, 32;
T_57.10 ;
    %load/vec4 v0x59e2d2e78770_0;
    %flag_set/vec4 8;
    %jmp/0xz  T_57.12, 8;
    %pushi/vec4 2, 0, 2;
    %store/vec4 v0x59e2d2e1ddf0_0, 0, 2;
T_57.12 ;
    %jmp T_57.4;
T_57.2 ;
    %pushi/vec4 1, 0, 1;
    %store/vec4 v0x59e2d30652e0_0, 0, 1;
    %load/vec4 v0x59e2d2f0f900_0;
    %flag_set/vec4 8;
    %jmp/0 T_57.14, 8;
    %load/vec4 v0x59e2d31420c0_0;
    %inv;
    %addi 1, 0, 32;
    %jmp/1 T_57.15, 8;
T_57.14 ; End of true expr.
    %load/vec4 v0x59e2d31420c0_0;
    %jmp/0 T_57.15, 8;
 ; End of false expr.
    %blend;
T_57.15;
    %store/vec4 v0x59e2d2f91f50_0, 0, 32;
    %load/vec4 v0x59e2d2f55570_0;
    %store/vec4 v0x59e2d2f0fbe0_0, 0, 5;
    %pushi/vec4 0, 0, 2;
    %store/vec4 v0x59e2d2e1ddf0_0, 0, 2;
    %jmp T_57.4;
T_57.4 ;
    %pop/vec4 1;
    %jmp T_57;
    .thread T_57, $push;
    .scope S_0x59e2d35779e0;
T_58 ;
    %wait E_0x59e2d2ddd780;
    %load/vec4 v0x59e2d2f0f030_0;
    %flag_set/vec4 8;
    %jmp/0xz  T_58.0, 8;
    %pushi/vec4 0, 0, 2;
    %assign/vec4 v0x59e2d2e2f630_0, 0;
    %pushi/vec4 0, 0, 32;
    %assign/vec4 v0x59e2d3065170_0, 0;
    %pushi/vec4 0, 0, 32;
    %assign/vec4 v0x59e2d30d0e30_0, 0;
    %pushi/vec4 0, 0, 32;
    %assign/vec4 v0x59e2d31420c0_0, 0;
    %pushi/vec4 0, 0, 5;
    %assign/vec4 v0x59e2d2f55570_0, 0;
    %pushi/vec4 0, 0, 1;
    %assign/vec4 v0x59e2d2f0f900_0, 0;
    %pushi/vec4 0, 0, 1;
    %assign/vec4 v0x59e2d30627d0_0, 0;
    %pushi/vec4 0, 0, 32;
    %assign/vec4 v0x59e2d2f22460_0, 0;
    %pushi/vec4 0, 0, 5;
    %assign/vec4 v0x59e2d2ef79a0_0, 0;
    %jmp T_58.1;
T_58.0 ;
    %load/vec4 v0x59e2d2e1ddf0_0;
    %assign/vec4 v0x59e2d2e2f630_0, 0;
    %load/vec4 v0x59e2d3064a20_0;
    %assign/vec4 v0x59e2d3065170_0, 0;
    %load/vec4 v0x59e2d3092e40_0;
    %assign/vec4 v0x59e2d30d0e30_0, 0;
    %load/vec4 v0x59e2d3141de0_0;
    %assign/vec4 v0x59e2d31420c0_0, 0;
    %load/vec4 v0x59e2d2f4e630_0;
    %assign/vec4 v0x59e2d2f55570_0, 0;
    %load/vec4 v0x59e2d2f0fec0_0;
    %assign/vec4 v0x59e2d2f0f900_0, 0;
    %load/vec4 v0x59e2d30652e0_0;
    %assign/vec4 v0x59e2d30627d0_0, 0;
    %load/vec4 v0x59e2d2f91f50_0;
    %assign/vec4 v0x59e2d2f22460_0, 0;
    %load/vec4 v0x59e2d2f0fbe0_0;
    %assign/vec4 v0x59e2d2ef79a0_0, 0;
T_58.1 ;
    %jmp T_58;
    .thread T_58;
    .scope S_0x59e2d3771220;
T_59 ;
    %wait E_0x59e2d2ddd780;
    %load/vec4 v0x59e2d37731a0_0;
    %flag_set/vec4 8;
    %jmp/0xz  T_59.0, 8;
    %pushi/vec4 0, 0, 33;
    %assign/vec4 v0x59e2d3772c80_0, 0;
    %pushi/vec4 0, 0, 33;
    %assign/vec4 v0x59e2d3772d60_0, 0;
    %pushi/vec4 0, 0, 1;
    %assign/vec4 v0x59e2d3772f20_0, 0;
    %pushi/vec4 0, 0, 5;
    %assign/vec4 v0x59e2d3772e40_0, 0;
    %jmp T_59.1;
T_59.0 ;
    %load/vec4 v0x59e2d3772a30_0;
    %flag_set/vec4 9;
    %flag_get/vec4 9;
    %jmp/0 T_59.4, 9;
    %load/vec4 v0x59e2d3772240_0;
    %and;
T_59.4;
    %flag_set/vec4 8;
    %jmp/0xz  T_59.2, 8;
    %load/vec4 v0x59e2d3772b00_0;
    %assign/vec4 v0x59e2d3772c80_0, 0;
    %load/vec4 v0x59e2d3772ba0_0;
    %assign/vec4 v0x59e2d3772d60_0, 0;
    %pushi/vec4 1, 0, 1;
    %assign/vec4 v0x59e2d3772f20_0, 0;
    %load/vec4 v0x59e2d3772960_0;
    %assign/vec4 v0x59e2d3772e40_0, 0;
    %jmp T_59.3;
T_59.2 ;
    %pushi/vec4 0, 0, 33;
    %assign/vec4 v0x59e2d3772c80_0, 0;
    %pushi/vec4 0, 0, 33;
    %assign/vec4 v0x59e2d3772d60_0, 0;
    %pushi/vec4 0, 0, 1;
    %assign/vec4 v0x59e2d3772f20_0, 0;
    %pushi/vec4 0, 0, 5;
    %assign/vec4 v0x59e2d3772e40_0, 0;
T_59.3 ;
T_59.1 ;
    %jmp T_59;
    .thread T_59;
    .scope S_0x59e2d3771220;
T_60 ;
    %wait E_0x59e2d2ddd780;
    %load/vec4 v0x59e2d37731a0_0;
    %flag_set/vec4 8;
    %jmp/0xz  T_60.0, 8;
    %pushi/vec4 0, 0, 5;
    %assign/vec4 v0x59e2d3773450_0, 0;
    %pushi/vec4 0, 0, 160;
    %assign/vec4 v0x59e2d37730c0_0, 0;
    %pushi/vec4 0, 0, 25;
    %assign/vec4 v0x59e2d3772fe0_0, 0;
    %jmp T_60.1;
T_60.0 ;
    %load/vec4 v0x59e2d3772f20_0;
    %load/vec4 v0x59e2d3773450_0;
    %parti/s 4, 1, 2;
    %concat/vec4; draw_concat_vec4
    %assign/vec4 v0x59e2d3773450_0, 0;
    %load/vec4 v0x59e2d3772300_0;
    %load/vec4 v0x59e2d37730c0_0;
    %parti/s 128, 32, 7;
    %concat/vec4; draw_concat_vec4
    %assign/vec4 v0x59e2d37730c0_0, 0;
    %load/vec4 v0x59e2d3772e40_0;
    %load/vec4 v0x59e2d3772fe0_0;
    %parti/s 20, 5, 4;
    %concat/vec4; draw_concat_vec4
    %assign/vec4 v0x59e2d3772fe0_0, 0;
T_60.1 ;
    %jmp T_60;
    .thread T_60;
    .scope S_0x59e2d35906c0;
T_61 ;
    %wait E_0x59e2d2ddd780;
    %load/vec4 v0x59e2d354ead0_0;
    %flag_set/vec4 8;
    %jmp/0xz  T_61.0, 8;
    %pushi/vec4 0, 0, 1;
    %assign/vec4 v0x59e2d351c1f0_0, 0;
    %pushi/vec4 0, 0, 32;
    %assign/vec4 v0x59e2d322e2a0_0, 0;
    %pushi/vec4 0, 0, 63;
    %assign/vec4 v0x59e2d322d630_0, 0;
    %pushi/vec4 0, 0, 1;
    %assign/vec4 v0x59e2d3582c60_0, 0;
    %pushi/vec4 0, 0, 32;
    %assign/vec4 v0x59e2d3519640_0, 0;
    %pushi/vec4 0, 0, 32;
    %assign/vec4 v0x59e2d367e2e0_0, 0;
    %pushi/vec4 0, 0, 1;
    %assign/vec4 v0x59e2d3552e20_0, 0;
    %pushi/vec4 0, 0, 32;
    %assign/vec4 v0x59e2d35827a0_0, 0;
    %pushi/vec4 0, 0, 32;
    %assign/vec4 v0x59e2d35822e0_0, 0;
    %pushi/vec4 0, 0, 1;
    %assign/vec4 v0x59e2d36b3a00_0, 0;
    %pushi/vec4 0, 0, 1;
    %assign/vec4 v0x59e2d36b3ac0_0, 0;
    %pushi/vec4 0, 0, 1;
    %assign/vec4 v0x59e2d36b3770_0, 0;
    %pushi/vec4 0, 0, 1;
    %assign/vec4 v0x59e2d36b3830_0, 0;
    %jmp T_61.1;
T_61.0 ;
    %load/vec4 v0x59e2d322e1e0_0;
    %flag_set/vec4 8;
    %jmp/0xz  T_61.2, 8;
    %load/vec4 v0x59e2d35827a0_0;
    %load/vec4 v0x59e2d3646d60_0;
    %cmp/e;
    %flag_get/vec4 4;
    %jmp/0 T_61.10, 4;
    %load/vec4 v0x59e2d35822e0_0;
    %load/vec4 v0x59e2d32da270_0;
    %cmp/e;
    %flag_get/vec4 4;
    %and;
T_61.10;
    %flag_set/vec4 12;
    %flag_get/vec4 12;
    %jmp/0 T_61.9, 12;
    %load/vec4 v0x59e2d36b3a00_0;
    %load/vec4 v0x59e2d322d6f0_0;
    %cmp/e;
    %flag_get/vec4 4;
    %and;
T_61.9;
    %flag_set/vec4 11;
    %flag_get/vec4 11;
    %jmp/0 T_61.8, 11;
    %load/vec4 v0x59e2d36b3ac0_0;
    %load/vec4 v0x59e2d35854d0_0;
    %cmp/e;
    %flag_get/vec4 4;
    %and;
T_61.8;
    %flag_set/vec4 10;
    %flag_get/vec4 10;
    %jmp/0 T_61.7, 10;
    %load/vec4 v0x59e2d36b3770_0;
    %load/vec4 v0x59e2d3585590_0;
    %cmp/e;
    %flag_get/vec4 4;
    %and;
T_61.7;
    %flag_set/vec4 9;
    %flag_get/vec4 9;
    %jmp/0 T_61.6, 9;
    %load/vec4 v0x59e2d36b3830_0;
    %load/vec4 v0x59e2d3582bc0_0;
    %cmp/e;
    %flag_get/vec4 4;
    %and;
T_61.6;
    %flag_set/vec4 8;
    %jmp/0xz  T_61.4, 8;
    %pushi/vec4 1, 0, 1;
    %assign/vec4 v0x59e2d351c1f0_0, 0;
    %jmp T_61.5;
T_61.4 ;
    %load/vec4 v0x59e2d3646d60_0;
    %assign/vec4 v0x59e2d35827a0_0, 0;
    %load/vec4 v0x59e2d32da270_0;
    %assign/vec4 v0x59e2d35822e0_0, 0;
    %load/vec4 v0x59e2d322d6f0_0;
    %assign/vec4 v0x59e2d36b3a00_0, 0;
    %load/vec4 v0x59e2d35854d0_0;
    %assign/vec4 v0x59e2d36b3ac0_0, 0;
    %load/vec4 v0x59e2d3585590_0;
    %assign/vec4 v0x59e2d36b3770_0, 0;
    %load/vec4 v0x59e2d3582bc0_0;
    %assign/vec4 v0x59e2d36b3830_0, 0;
    %pushi/vec4 1, 0, 1;
    %assign/vec4 v0x59e2d351c1f0_0, 0;
    %load/vec4 v0x59e2d3552850_0;
    %assign/vec4 v0x59e2d3552e20_0, 0;
    %load/vec4 v0x59e2d354eb70_0;
    %flag_set/vec4 9;
    %flag_get/vec4 9;
    %jmp/0 T_61.13, 9;
    %load/vec4 v0x59e2d3646d60_0;
    %parti/s 1, 31, 6;
    %and;
T_61.13;
    %flag_set/vec4 8;
    %jmp/0xz  T_61.11, 8;
    %load/vec4 v0x59e2d3646d60_0;
    %inv;
    %pushi/vec4 1, 0, 32;
    %add;
    %assign/vec4 v0x59e2d322e2a0_0, 0;
    %jmp T_61.12;
T_61.11 ;
    %load/vec4 v0x59e2d3646d60_0;
    %assign/vec4 v0x59e2d322e2a0_0, 0;
T_61.12 ;
    %load/vec4 v0x59e2d354eb70_0;
    %flag_set/vec4 9;
    %flag_get/vec4 9;
    %jmp/0 T_61.16, 9;
    %load/vec4 v0x59e2d32da270_0;
    %parti/s 1, 31, 6;
    %and;
T_61.16;
    %flag_set/vec4 8;
    %jmp/0xz  T_61.14, 8;
    %load/vec4 v0x59e2d32da270_0;
    %inv;
    %pushi/vec4 1, 0, 32;
    %add;
    %concati/vec4 0, 0, 31;
    %assign/vec4 v0x59e2d322d630_0, 0;
    %jmp T_61.15;
T_61.14 ;
    %load/vec4 v0x59e2d32da270_0;
    %concati/vec4 0, 0, 31;
    %assign/vec4 v0x59e2d322d630_0, 0;
T_61.15 ;
    %load/vec4 v0x59e2d34c8640_0;
    %pushi/vec4 4261441663, 0, 32;
    %and;
    %cmpi/e 33570867, 0, 32;
    %flag_get/vec4 4;
    %jmp/0 T_61.19, 4;
    %load/vec4 v0x59e2d3646d60_0;
    %parti/s 1, 31, 6;
    %load/vec4 v0x59e2d32da270_0;
    %parti/s 1, 31, 6;
    %cmp/ne;
    %flag_get/vec4 4;
    %and;
T_61.19;
    %flag_set/vec4 9;
    %flag_get/vec4 9;
    %jmp/0 T_61.18, 9;
    %load/vec4 v0x59e2d32da270_0;
    %or/r;
    %and;
T_61.18;
    %flag_set/vec4 8;
    %flag_get/vec4 8;
    %jmp/1 T_61.17, 8;
    %load/vec4 v0x59e2d34c8640_0;
    %pushi/vec4 4261441663, 0, 32;
    %and;
    %cmpi/e 33579059, 0, 32;
    %flag_get/vec4 4;
    %jmp/0 T_61.20, 4;
    %load/vec4 v0x59e2d3646d60_0;
    %parti/s 1, 31, 6;
    %and;
T_61.20;
    %or;
T_61.17;
    %assign/vec4 v0x59e2d3582c60_0, 0;
    %pushi/vec4 0, 0, 32;
    %assign/vec4 v0x59e2d3519640_0, 0;
    %pushi/vec4 2147483648, 0, 32;
    %assign/vec4 v0x59e2d367e2e0_0, 0;
T_61.5 ;
    %jmp T_61.3;
T_61.2 ;
    %load/vec4 v0x59e2d3552d60_0;
    %flag_set/vec4 8;
    %jmp/0xz  T_61.21, 8;
    %pushi/vec4 0, 0, 1;
    %assign/vec4 v0x59e2d351c1f0_0, 0;
    %jmp T_61.22;
T_61.21 ;
    %load/vec4 v0x59e2d351c1f0_0;
    %flag_set/vec4 8;
    %jmp/0xz  T_61.23, 8;
    %load/vec4 v0x59e2d322d630_0;
    %pushi/vec4 0, 0, 31;
    %load/vec4 v0x59e2d322e2a0_0;
    %concat/vec4; draw_concat_vec4
    %cmp/u;
    %flag_or 5, 4;
    %jmp/0xz  T_61.25, 5;
    %load/vec4 v0x59e2d322e2a0_0;
    %load/vec4 v0x59e2d322d630_0;
    %parti/s 32, 0, 2;
    %sub;
    %assign/vec4 v0x59e2d322e2a0_0, 0;
    %load/vec4 v0x59e2d3519640_0;
    %load/vec4 v0x59e2d367e2e0_0;
    %or;
    %assign/vec4 v0x59e2d3519640_0, 0;
T_61.25 ;
    %pushi/vec4 0, 0, 1;
    %load/vec4 v0x59e2d322d630_0;
    %parti/s 62, 1, 2;
    %concat/vec4; draw_concat_vec4
    %assign/vec4 v0x59e2d322d630_0, 0;
    %pushi/vec4 0, 0, 1;
    %load/vec4 v0x59e2d367e2e0_0;
    %parti/s 31, 1, 2;
    %concat/vec4; draw_concat_vec4
    %assign/vec4 v0x59e2d367e2e0_0, 0;
T_61.23 ;
T_61.22 ;
T_61.3 ;
T_61.1 ;
    %jmp T_61;
    .thread T_61;
    .scope S_0x59e2d35906c0;
T_62 ;
    %wait E_0x59e2d32c2ec0;
    %pushi/vec4 0, 0, 32;
    %store/vec4 v0x59e2d352ac40_0, 0, 32;
    %load/vec4 v0x59e2d3552e20_0;
    %flag_set/vec4 8;
    %jmp/0xz  T_62.0, 8;
    %load/vec4 v0x59e2d3582c60_0;
    %flag_set/vec4 8;
    %jmp/0 T_62.2, 8;
    %load/vec4 v0x59e2d3519640_0;
    %inv;
    %pushi/vec4 1, 0, 32;
    %add;
    %jmp/1 T_62.3, 8;
T_62.2 ; End of true expr.
    %load/vec4 v0x59e2d3519640_0;
    %jmp/0 T_62.3, 8;
 ; End of false expr.
    %blend;
T_62.3;
    %store/vec4 v0x59e2d352ac40_0, 0, 32;
    %jmp T_62.1;
T_62.0 ;
    %load/vec4 v0x59e2d3582c60_0;
    %flag_set/vec4 8;
    %jmp/0 T_62.4, 8;
    %load/vec4 v0x59e2d322e2a0_0;
    %inv;
    %pushi/vec4 1, 0, 32;
    %add;
    %jmp/1 T_62.5, 8;
T_62.4 ; End of true expr.
    %load/vec4 v0x59e2d322e2a0_0;
    %jmp/0 T_62.5, 8;
 ; End of false expr.
    %blend;
T_62.5;
    %store/vec4 v0x59e2d352ac40_0, 0, 32;
T_62.1 ;
    %jmp T_62;
    .thread T_62, $push;
    .scope S_0x59e2d35906c0;
T_63 ;
    %wait E_0x59e2d2ddd780;
    %load/vec4 v0x59e2d354ead0_0;
    %flag_set/vec4 8;
    %jmp/0xz  T_63.0, 8;
    %pushi/vec4 0, 0, 1;
    %assign/vec4 v0x59e2d354e850_0, 0;
    %jmp T_63.1;
T_63.0 ;
    %load/vec4 v0x59e2d3552d60_0;
    %assign/vec4 v0x59e2d354e850_0, 0;
T_63.1 ;
    %jmp T_63;
    .thread T_63;
    .scope S_0x59e2d35906c0;
T_64 ;
    %wait E_0x59e2d2ddd780;
    %load/vec4 v0x59e2d354ead0_0;
    %flag_set/vec4 8;
    %jmp/0xz  T_64.0, 8;
    %pushi/vec4 0, 0, 32;
    %assign/vec4 v0x59e2d354e910_0, 0;
    %jmp T_64.1;
T_64.0 ;
    %load/vec4 v0x59e2d3552d60_0;
    %flag_set/vec4 8;
    %jmp/0xz  T_64.2, 8;
    %load/vec4 v0x59e2d352ac40_0;
    %assign/vec4 v0x59e2d354e910_0, 0;
T_64.2 ;
T_64.1 ;
    %jmp T_64;
    .thread T_64;
    .scope S_0x59e2d37128a0;
T_65 ;
    %wait E_0x59e2d2ddd780;
    %load/vec4 v0x59e2d37197c0_0;
    %flag_set/vec4 8;
    %jmp/0xz  T_65.0, 8;
    %pushi/vec4 0, 0, 1;
    %assign/vec4 v0x59e2d3719d60_0, 0;
    %pushi/vec4 0, 0, 14;
    %assign/vec4 v0x59e2d3715ef0_0, 0;
    %pushi/vec4 0, 0, 32;
    %assign/vec4 v0x59e2d3719040_0, 0;
    %pushi/vec4 0, 0, 32;
    %assign/vec4 v0x59e2d3717c50_0, 0;
    %pushi/vec4 0, 0, 32;
    %assign/vec4 v0x59e2d3717ed0_0, 0;
    %pushi/vec4 0, 0, 32;
    %assign/vec4 v0x59e2d37181f0_0, 0;
    %pushi/vec4 0, 0, 32;
    %assign/vec4 v0x59e2d3718510_0, 0;
    %pushi/vec4 0, 0, 6;
    %assign/vec4 v0x59e2d37162b0_0, 0;
    %jmp T_65.1;
T_65.0 ;
    %load/vec4 v0x59e2d37171b0_0;
    %flag_set/vec4 8;
    %jmp/0xz  T_65.2, 8;
    %jmp T_65.3;
T_65.2 ;
    %load/vec4 v0x59e2d3717250_0;
    %flag_set/vec4 10;
    %flag_get/vec4 10;
    %jmp/0 T_65.7, 10;
    %load/vec4 v0x59e2d37165d0_0;
    %and;
T_65.7;
    %flag_set/vec4 9;
    %flag_get/vec4 9;
    %jmp/0 T_65.6, 9;
    %load/vec4 v0x59e2d3719900_0;
    %flag_set/vec4 9;
    %flag_get/vec4 9;
    %jmp/1 T_65.8, 9;
    %load/vec4 v0x59e2d3719860_0;
    %or;
T_65.8;
    %inv;
    %and;
T_65.6;
    %flag_set/vec4 8;
    %jmp/0xz  T_65.4, 8;
    %pushi/vec4 1, 0, 1;
    %assign/vec4 v0x59e2d3719d60_0, 0;
    %load/vec4 v0x59e2d3716ad0_0;
    %load/vec4 v0x59e2d37168f0_0;
    %or;
    %load/vec4 v0x59e2d3716990_0;
    %or;
    %load/vec4 v0x59e2d3716b70_0;
    %or;
    %load/vec4 v0x59e2d3716c10_0;
    %or;
    %load/vec4 v0x59e2d3716d50_0;
    %or;
    %load/vec4 v0x59e2d3716850_0;
    %or;
    %load/vec4 v0x59e2d3716cb0_0;
    %or;
    %inv;
    %ix/load 4, 0, 0;
    %ix/load 5, 0, 0;
    %flag_set/imm 4, 0;
    %assign/vec4/off/d v0x59e2d3715ef0_0, 4, 5;
    %load/vec4 v0x59e2d3716ad0_0;
    %load/vec4 v0x59e2d3717110_0;
    %and;
    %load/vec4 v0x59e2d3719cc0_0;
    %inv;
    %and;
    %ix/load 4, 1, 0;
    %ix/load 5, 0, 0;
    %flag_set/imm 4, 0;
    %assign/vec4/off/d v0x59e2d3715ef0_0, 4, 5;
    %load/vec4 v0x59e2d3716ad0_0;
    %load/vec4 v0x59e2d3717110_0;
    %inv;
    %and;
    %load/vec4 v0x59e2d3719cc0_0;
    %inv;
    %and;
    %ix/load 4, 2, 0;
    %ix/load 5, 0, 0;
    %flag_set/imm 4, 0;
    %assign/vec4/off/d v0x59e2d3715ef0_0, 4, 5;
    %load/vec4 v0x59e2d37168f0_0;
    %load/vec4 v0x59e2d3719cc0_0;
    %inv;
    %and;
    %ix/load 4, 3, 0;
    %ix/load 5, 0, 0;
    %flag_set/imm 4, 0;
    %assign/vec4/off/d v0x59e2d3715ef0_0, 4, 5;
    %load/vec4 v0x59e2d3716990_0;
    %load/vec4 v0x59e2d3719cc0_0;
    %inv;
    %and;
    %ix/load 4, 4, 0;
    %ix/load 5, 0, 0;
    %flag_set/imm 4, 0;
    %assign/vec4/off/d v0x59e2d3715ef0_0, 4, 5;
    %load/vec4 v0x59e2d3716b70_0;
    %load/vec4 v0x59e2d3719cc0_0;
    %inv;
    %and;
    %ix/load 4, 5, 0;
    %ix/load 5, 0, 0;
    %flag_set/imm 4, 0;
    %assign/vec4/off/d v0x59e2d3715ef0_0, 4, 5;
    %load/vec4 v0x59e2d3716c10_0;
    %load/vec4 v0x59e2d3719cc0_0;
    %inv;
    %and;
    %ix/load 4, 10, 0;
    %ix/load 5, 0, 0;
    %flag_set/imm 4, 0;
    %assign/vec4/off/d v0x59e2d3715ef0_0, 4, 5;
    %load/vec4 v0x59e2d3716d50_0;
    %load/vec4 v0x59e2d3719cc0_0;
    %inv;
    %and;
    %ix/load 4, 11, 0;
    %ix/load 5, 0, 0;
    %flag_set/imm 4, 0;
    %assign/vec4/off/d v0x59e2d3715ef0_0, 4, 5;
    %load/vec4 v0x59e2d3716850_0;
    %load/vec4 v0x59e2d3719cc0_0;
    %inv;
    %and;
    %ix/load 4, 12, 0;
    %ix/load 5, 0, 0;
    %flag_set/imm 4, 0;
    %assign/vec4/off/d v0x59e2d3715ef0_0, 4, 5;
    %load/vec4 v0x59e2d3716cb0_0;
    %load/vec4 v0x59e2d3719cc0_0;
    %inv;
    %and;
    %ix/load 4, 13, 0;
    %ix/load 5, 0, 0;
    %flag_set/imm 4, 0;
    %assign/vec4/off/d v0x59e2d3715ef0_0, 4, 5;
    %load/vec4 v0x59e2d3716670_0;
    %load/vec4 v0x59e2d3719cc0_0;
    %inv;
    %and;
    %ix/load 4, 6, 0;
    %ix/load 5, 0, 0;
    %flag_set/imm 4, 0;
    %assign/vec4/off/d v0x59e2d3715ef0_0, 4, 5;
    %load/vec4 v0x59e2d3717110_0;
    %load/vec4 v0x59e2d3719cc0_0;
    %inv;
    %and;
    %ix/load 4, 7, 0;
    %ix/load 5, 0, 0;
    %flag_set/imm 4, 0;
    %assign/vec4/off/d v0x59e2d3715ef0_0, 4, 5;
    %load/vec4 v0x59e2d3719cc0_0;
    %ix/load 4, 8, 0;
    %ix/load 5, 0, 0;
    %flag_set/imm 4, 0;
    %assign/vec4/off/d v0x59e2d3715ef0_0, 4, 5;
    %pushi/vec4 1, 0, 1;
    %ix/load 4, 9, 0;
    %ix/load 5, 0, 0;
    %flag_set/imm 4, 0;
    %assign/vec4/off/d v0x59e2d3715ef0_0, 4, 5;
    %load/vec4 v0x59e2d3716fd0_0;
    %assign/vec4 v0x59e2d3719040_0, 0;
    %load/vec4 v0x59e2d3716710_0;
    %flag_set/vec4 8;
    %jmp/0 T_65.9, 8;
    %load/vec4 v0x59e2d37167b0_0;
    %jmp/1 T_65.10, 8;
T_65.9 ; End of true expr.
    %load/vec4 v0x59e2d3716fd0_0;
    %addi 4, 0, 32;
    %jmp/0 T_65.10, 8;
 ; End of false expr.
    %blend;
T_65.10;
    %assign/vec4 v0x59e2d3717c50_0, 0;
    %load/vec4 v0x59e2d3716df0_0;
    %assign/vec4 v0x59e2d3717ed0_0, 0;
    %load/vec4 v0x59e2d3716e90_0;
    %assign/vec4 v0x59e2d37181f0_0, 0;
    %load/vec4 v0x59e2d3716f30_0;
    %assign/vec4 v0x59e2d3718510_0, 0;
    %load/vec4 v0x59e2d3716a30_0;
    %or/r;
    %flag_set/vec4 8;
    %jmp/0 T_65.11, 8;
    %load/vec4 v0x59e2d3716a30_0;
    %jmp/1 T_65.12, 8;
T_65.11 ; End of true expr.
    %load/vec4 v0x59e2d3714fa0_0;
    %flag_set/vec4 9;
    %jmp/0 T_65.13, 9;
    %pushi/vec4 16, 0, 6;
    %jmp/1 T_65.14, 9;
T_65.13 ; End of true expr.
    %pushi/vec4 0, 0, 6;
    %jmp/0 T_65.14, 9;
 ; End of false expr.
    %blend;
T_65.14;
    %jmp/0 T_65.12, 8;
 ; End of false expr.
    %blend;
T_65.12;
    %assign/vec4 v0x59e2d37162b0_0, 0;
    %jmp T_65.5;
T_65.4 ;
    %pushi/vec4 0, 0, 1;
    %assign/vec4 v0x59e2d3719d60_0, 0;
    %pushi/vec4 0, 0, 14;
    %assign/vec4 v0x59e2d3715ef0_0, 0;
    %pushi/vec4 0, 0, 32;
    %assign/vec4 v0x59e2d3719040_0, 0;
    %pushi/vec4 0, 0, 32;
    %assign/vec4 v0x59e2d3717c50_0, 0;
    %pushi/vec4 0, 0, 32;
    %assign/vec4 v0x59e2d3717ed0_0, 0;
    %pushi/vec4 0, 0, 32;
    %assign/vec4 v0x59e2d37181f0_0, 0;
    %pushi/vec4 0, 0, 32;
    %assign/vec4 v0x59e2d3718510_0, 0;
    %pushi/vec4 0, 0, 6;
    %assign/vec4 v0x59e2d37162b0_0, 0;
T_65.5 ;
T_65.3 ;
T_65.1 ;
    %jmp T_65;
    .thread T_65;
    .scope S_0x59e2d37128a0;
T_66 ;
    %wait E_0x59e2d2ddd780;
    %load/vec4 v0x59e2d37197c0_0;
    %flag_set/vec4 8;
    %jmp/0xz  T_66.0, 8;
    %pushi/vec4 0, 0, 1;
    %assign/vec4 v0x59e2d3719e00_0, 0;
    %pushi/vec4 0, 0, 14;
    %assign/vec4 v0x59e2d3715f90_0, 0;
    %pushi/vec4 0, 0, 1;
    %assign/vec4 v0x59e2d3715900_0, 0;
    %pushi/vec4 0, 0, 32;
    %assign/vec4 v0x59e2d3715720_0, 0;
    %pushi/vec4 0, 0, 32;
    %assign/vec4 v0x59e2d37190e0_0, 0;
    %pushi/vec4 0, 0, 32;
    %assign/vec4 v0x59e2d3717cf0_0, 0;
    %pushi/vec4 0, 0, 32;
    %assign/vec4 v0x59e2d3717f70_0, 0;
    %pushi/vec4 0, 0, 32;
    %assign/vec4 v0x59e2d3718290_0, 0;
    %pushi/vec4 0, 0, 32;
    %assign/vec4 v0x59e2d3718dc0_0, 0;
    %pushi/vec4 0, 0, 32;
    %assign/vec4 v0x59e2d3719540_0, 0;
    %pushi/vec4 0, 0, 6;
    %assign/vec4 v0x59e2d3716350_0, 0;
    %jmp T_66.1;
T_66.0 ;
    %load/vec4 v0x59e2d37171b0_0;
    %flag_set/vec4 8;
    %jmp/0xz  T_66.2, 8;
    %jmp T_66.3;
T_66.2 ;
    %load/vec4 v0x59e2d3719900_0;
    %flag_set/vec4 8;
    %jmp/1 T_66.6, 8;
    %load/vec4 v0x59e2d3719860_0;
    %flag_set/vec4 9;
    %flag_or 8, 9;
T_66.6;
    %jmp/0xz  T_66.4, 8;
    %pushi/vec4 0, 0, 1;
    %assign/vec4 v0x59e2d3719e00_0, 0;
    %pushi/vec4 0, 0, 14;
    %assign/vec4 v0x59e2d3715f90_0, 0;
    %pushi/vec4 0, 0, 1;
    %assign/vec4 v0x59e2d3715900_0, 0;
    %pushi/vec4 0, 0, 32;
    %assign/vec4 v0x59e2d3715720_0, 0;
    %pushi/vec4 0, 0, 32;
    %assign/vec4 v0x59e2d37190e0_0, 0;
    %pushi/vec4 0, 0, 32;
    %assign/vec4 v0x59e2d3717cf0_0, 0;
    %pushi/vec4 0, 0, 32;
    %assign/vec4 v0x59e2d3717f70_0, 0;
    %pushi/vec4 0, 0, 32;
    %assign/vec4 v0x59e2d3718290_0, 0;
    %pushi/vec4 0, 0, 32;
    %assign/vec4 v0x59e2d3718dc0_0, 0;
    %pushi/vec4 0, 0, 32;
    %assign/vec4 v0x59e2d3719540_0, 0;
    %pushi/vec4 0, 0, 6;
    %assign/vec4 v0x59e2d3716350_0, 0;
    %jmp T_66.5;
T_66.4 ;
    %load/vec4 v0x59e2d3719d60_0;
    %assign/vec4 v0x59e2d3719e00_0, 0;
    %load/vec4 v0x59e2d3715ef0_0;
    %assign/vec4 v0x59e2d3715f90_0, 0;
    %load/vec4 v0x59e2d3715540_0;
    %assign/vec4 v0x59e2d3715900_0, 0;
    %load/vec4 v0x59e2d37154a0_0;
    %assign/vec4 v0x59e2d3715720_0, 0;
    %load/vec4 v0x59e2d3719040_0;
    %assign/vec4 v0x59e2d37190e0_0, 0;
    %load/vec4 v0x59e2d3717c50_0;
    %assign/vec4 v0x59e2d3717cf0_0, 0;
    %load/vec4 v0x59e2d3717ed0_0;
    %assign/vec4 v0x59e2d3717f70_0, 0;
    %load/vec4 v0x59e2d37181f0_0;
    %assign/vec4 v0x59e2d3718290_0, 0;
    %load/vec4 v0x59e2d3718510_0;
    %assign/vec4 v0x59e2d3718dc0_0, 0;
    %load/vec4 v0x59e2d3715ef0_0;
    %parti/s 1, 8, 5;
    %flag_set/vec4 8;
    %jmp/0xz  T_66.7, 8;
    %pushi/vec4 32, 0, 6;
    %assign/vec4 v0x59e2d3716350_0, 0;
    %jmp T_66.8;
T_66.7 ;
    %load/vec4 v0x59e2d37162b0_0;
    %or/r;
    %flag_set/vec4 8;
    %jmp/0xz  T_66.9, 8;
    %pushi/vec4 0, 0, 1;
    %assign/vec4 v0x59e2d3719e00_0, 0;
    %load/vec4 v0x59e2d37162b0_0;
    %assign/vec4 v0x59e2d3716350_0, 0;
    %jmp T_66.10;
T_66.9 ;
    %load/vec4 v0x59e2d3715360_0;
    %assign/vec4 v0x59e2d3716350_0, 0;
T_66.10 ;
T_66.8 ;
    %load/vec4 v0x59e2d3715ef0_0;
    %parti/s 1, 4, 4;
    %flag_set/vec4 8;
    %jmp/0xz  T_66.11, 8;
    %load/vec4 v0x59e2d3716210_0;
    %assign/vec4 v0x59e2d3719540_0, 0;
    %jmp T_66.12;
T_66.11 ;
    %load/vec4 v0x59e2d3715ef0_0;
    %parti/s 1, 10, 5;
    %flag_set/vec4 8;
    %jmp/0xz  T_66.13, 8;
    %load/vec4 v0x59e2d3717930_0;
    %assign/vec4 v0x59e2d3719540_0, 0;
    %jmp T_66.14;
T_66.13 ;
    %load/vec4 v0x59e2d3715ef0_0;
    %parti/s 1, 11, 5;
    %flag_set/vec4 8;
    %jmp/0xz  T_66.15, 8;
    %load/vec4 v0x59e2d3717bb0_0;
    %assign/vec4 v0x59e2d3719540_0, 0;
    %jmp T_66.16;
T_66.15 ;
    %load/vec4 v0x59e2d3715ef0_0;
    %parti/s 1, 12, 5;
    %flag_set/vec4 8;
    %jmp/0xz  T_66.17, 8;
    %load/vec4 v0x59e2d37150e0_0;
    %assign/vec4 v0x59e2d3719540_0, 0;
    %jmp T_66.18;
T_66.17 ;
    %load/vec4 v0x59e2d3715ef0_0;
    %parti/s 1, 13, 5;
    %flag_set/vec4 8;
    %jmp/0xz  T_66.19, 8;
    %load/vec4 v0x59e2d3717a70_0;
    %assign/vec4 v0x59e2d3719540_0, 0;
    %jmp T_66.20;
T_66.19 ;
    %load/vec4 v0x59e2d3715ef0_0;
    %parti/s 1, 3, 3;
    %flag_set/vec4 8;
    %jmp/0xz  T_66.21, 8;
    %load/vec4 v0x59e2d3715400_0;
    %assign/vec4 v0x59e2d3719540_0, 0;
    %jmp T_66.22;
T_66.21 ;
    %load/vec4 v0x59e2d3714e60_0;
    %assign/vec4 v0x59e2d3719540_0, 0;
T_66.22 ;
T_66.20 ;
T_66.18 ;
T_66.16 ;
T_66.14 ;
T_66.12 ;
T_66.5 ;
T_66.3 ;
T_66.1 ;
    %jmp T_66;
    .thread T_66;
    .scope S_0x59e2d37128a0;
T_67 ;
    %wait E_0x59e2d2ec6df0;
    %load/vec4 v0x59e2d3719540_0;
    %store/vec4 v0x59e2d37195e0_0, 0, 32;
    %pushi/vec4 1, 0, 1;
    %flag_set/vec4 10;
    %flag_get/vec4 10;
    %jmp/0 T_67.3, 10;
    %load/vec4 v0x59e2d3719ea0_0;
    %and;
T_67.3;
    %flag_set/vec4 9;
    %flag_get/vec4 9;
    %jmp/0 T_67.2, 9;
    %load/vec4 v0x59e2d3715f90_0;
    %parti/s 1, 1, 2;
    %flag_set/vec4 9;
    %flag_get/vec4 9;
    %jmp/1 T_67.4, 9;
    %load/vec4 v0x59e2d3715f90_0;
    %parti/s 1, 2, 3;
    %or;
T_67.4;
    %and;
T_67.2;
    %flag_set/vec4 8;
    %jmp/0xz  T_67.0, 8;
    %load/vec4 v0x59e2d3717610_0;
    %store/vec4 v0x59e2d37195e0_0, 0, 32;
    %jmp T_67.1;
T_67.0 ;
    %pushi/vec4 1, 0, 1;
    %flag_set/vec4 10;
    %flag_get/vec4 10;
    %jmp/0 T_67.8, 10;
    %load/vec4 v0x59e2d3719ea0_0;
    %and;
T_67.8;
    %flag_set/vec4 9;
    %flag_get/vec4 9;
    %jmp/0 T_67.7, 9;
    %load/vec4 v0x59e2d3715f90_0;
    %parti/s 1, 5, 4;
    %and;
T_67.7;
    %flag_set/vec4 8;
    %jmp/0xz  T_67.5, 8;
    %load/vec4 v0x59e2d37177f0_0;
    %store/vec4 v0x59e2d37195e0_0, 0, 32;
T_67.5 ;
T_67.1 ;
    %jmp T_67;
    .thread T_67, $push;
    .scope S_0x59e2d37128a0;
T_68 ;
    %wait E_0x59e2d2ee3870;
    %load/vec4 v0x59e2d3719e00_0;
    %flag_set/vec4 10;
    %flag_get/vec4 10;
    %jmp/0 T_68.3, 10;
    %load/vec4 v0x59e2d3715f90_0;
    %parti/s 1, 1, 2;
    %flag_set/vec4 10;
    %flag_get/vec4 10;
    %jmp/1 T_68.4, 10;
    %load/vec4 v0x59e2d3715f90_0;
    %parti/s 1, 2, 3;
    %or;
T_68.4;
    %and;
T_68.3;
    %flag_set/vec4 9;
    %flag_get/vec4 9;
    %jmp/0 T_68.2, 9;
    %load/vec4 v0x59e2d37174d0_0;
    %and;
T_68.2;
    %flag_set/vec4 8;
    %jmp/0xz  T_68.0, 8;
    %load/vec4 v0x59e2d3717570_0;
    %store/vec4 v0x59e2d37163f0_0, 0, 6;
    %jmp T_68.1;
T_68.0 ;
    %load/vec4 v0x59e2d3716350_0;
    %store/vec4 v0x59e2d37163f0_0, 0, 6;
T_68.1 ;
    %jmp T_68;
    .thread T_68, $push;
    .scope S_0x59e2d37128a0;
T_69 ;
    %wait E_0x59e2d2ddd780;
    %load/vec4 v0x59e2d37197c0_0;
    %flag_set/vec4 8;
    %jmp/0xz  T_69.0, 8;
    %pushi/vec4 0, 0, 1;
    %assign/vec4 v0x59e2d37199a0_0, 0;
    %jmp T_69.1;
T_69.0 ;
    %load/vec4 v0x59e2d37171b0_0;
    %inv;
    %flag_set/vec4 8;
    %jmp/0xz  T_69.2, 8;
    %load/vec4 v0x59e2d3719a40_0;
    %assign/vec4 v0x59e2d37199a0_0, 0;
T_69.2 ;
T_69.1 ;
    %jmp T_69;
    .thread T_69;
    .scope S_0x59e2d37128a0;
T_70 ;
    %wait E_0x59e2d2ddd780;
    %load/vec4 v0x59e2d37197c0_0;
    %flag_set/vec4 8;
    %jmp/0xz  T_70.0, 8;
    %pushi/vec4 0, 0, 1;
    %assign/vec4 v0x59e2d3719fe0_0, 0;
    %pushi/vec4 0, 0, 14;
    %assign/vec4 v0x59e2d3716030_0, 0;
    %pushi/vec4 0, 0, 1;
    %assign/vec4 v0x59e2d3715db0_0, 0;
    %pushi/vec4 0, 0, 32;
    %assign/vec4 v0x59e2d3715860_0, 0;
    %pushi/vec4 0, 0, 32;
    %assign/vec4 v0x59e2d3719220_0, 0;
    %pushi/vec4 0, 0, 32;
    %assign/vec4 v0x59e2d3717d90_0, 0;
    %pushi/vec4 0, 0, 32;
    %assign/vec4 v0x59e2d37180b0_0, 0;
    %pushi/vec4 0, 0, 32;
    %assign/vec4 v0x59e2d37183d0_0, 0;
    %pushi/vec4 0, 0, 32;
    %assign/vec4 v0x59e2d3718f00_0, 0;
    %pushi/vec4 0, 0, 32;
    %assign/vec4 v0x59e2d3719720_0, 0;
    %pushi/vec4 0, 0, 6;
    %assign/vec4 v0x59e2d3716530_0, 0;
    %jmp T_70.1;
T_70.0 ;
    %load/vec4 v0x59e2d37171b0_0;
    %flag_set/vec4 8;
    %jmp/0xz  T_70.2, 8;
    %jmp T_70.3;
T_70.2 ;
    %load/vec4 v0x59e2d3719ae0_0;
    %flag_set/vec4 8;
    %jmp/0xz  T_70.4, 8;
    %pushi/vec4 0, 0, 1;
    %assign/vec4 v0x59e2d3719fe0_0, 0;
    %pushi/vec4 0, 0, 14;
    %assign/vec4 v0x59e2d3716030_0, 0;
    %pushi/vec4 0, 0, 1;
    %assign/vec4 v0x59e2d3715db0_0, 0;
    %pushi/vec4 0, 0, 32;
    %assign/vec4 v0x59e2d3715860_0, 0;
    %pushi/vec4 0, 0, 32;
    %assign/vec4 v0x59e2d3719220_0, 0;
    %pushi/vec4 0, 0, 32;
    %assign/vec4 v0x59e2d3717d90_0, 0;
    %pushi/vec4 0, 0, 32;
    %assign/vec4 v0x59e2d37180b0_0, 0;
    %pushi/vec4 0, 0, 32;
    %assign/vec4 v0x59e2d37183d0_0, 0;
    %pushi/vec4 0, 0, 32;
    %assign/vec4 v0x59e2d3718f00_0, 0;
    %pushi/vec4 0, 0, 32;
    %assign/vec4 v0x59e2d3719720_0, 0;
    %pushi/vec4 0, 0, 6;
    %assign/vec4 v0x59e2d3716530_0, 0;
    %jmp T_70.5;
T_70.4 ;
    %load/vec4 v0x59e2d3715ef0_0;
    %parti/s 1, 10, 5;
    %flag_set/vec4 10;
    %flag_get/vec4 10;
    %jmp/0 T_70.9, 10;
    %load/vec4 v0x59e2d3717890_0;
    %and;
T_70.9;
    %flag_set/vec4 9;
    %flag_get/vec4 9;
    %jmp/0 T_70.8, 9;
    %load/vec4 v0x59e2d3719d60_0;
    %and;
T_70.8;
    %flag_set/vec4 8;
    %jmp/0xz  T_70.6, 8;
    %pushi/vec4 1, 0, 1;
    %assign/vec4 v0x59e2d3719fe0_0, 0;
    %load/vec4 v0x59e2d3715ef0_0;
    %assign/vec4 v0x59e2d3716030_0, 0;
    %load/vec4 v0x59e2d3719040_0;
    %assign/vec4 v0x59e2d3719220_0, 0;
    %load/vec4 v0x59e2d3717c50_0;
    %assign/vec4 v0x59e2d3717d90_0, 0;
    %load/vec4 v0x59e2d3717ed0_0;
    %assign/vec4 v0x59e2d37180b0_0, 0;
    %load/vec4 v0x59e2d37181f0_0;
    %assign/vec4 v0x59e2d37183d0_0, 0;
    %load/vec4 v0x59e2d3718510_0;
    %assign/vec4 v0x59e2d3718f00_0, 0;
    %load/vec4 v0x59e2d3717930_0;
    %assign/vec4 v0x59e2d3719720_0, 0;
    %load/vec4 v0x59e2d37162b0_0;
    %assign/vec4 v0x59e2d3716530_0, 0;
    %pushi/vec4 0, 0, 1;
    %assign/vec4 v0x59e2d3715db0_0, 0;
    %pushi/vec4 0, 0, 32;
    %assign/vec4 v0x59e2d3715860_0, 0;
    %jmp T_70.7;
T_70.6 ;
    %load/vec4 v0x59e2d3715ef0_0;
    %parti/s 1, 11, 5;
    %flag_set/vec4 10;
    %flag_get/vec4 10;
    %jmp/0 T_70.13, 10;
    %load/vec4 v0x59e2d3717b10_0;
    %and;
T_70.13;
    %flag_set/vec4 9;
    %flag_get/vec4 9;
    %jmp/0 T_70.12, 9;
    %load/vec4 v0x59e2d3719d60_0;
    %and;
T_70.12;
    %flag_set/vec4 8;
    %jmp/0xz  T_70.10, 8;
    %pushi/vec4 1, 0, 1;
    %assign/vec4 v0x59e2d3719fe0_0, 0;
    %load/vec4 v0x59e2d3715ef0_0;
    %assign/vec4 v0x59e2d3716030_0, 0;
    %load/vec4 v0x59e2d3719040_0;
    %assign/vec4 v0x59e2d3719220_0, 0;
    %load/vec4 v0x59e2d3717c50_0;
    %assign/vec4 v0x59e2d3717d90_0, 0;
    %load/vec4 v0x59e2d3717ed0_0;
    %assign/vec4 v0x59e2d37180b0_0, 0;
    %load/vec4 v0x59e2d37181f0_0;
    %assign/vec4 v0x59e2d37183d0_0, 0;
    %load/vec4 v0x59e2d3718510_0;
    %assign/vec4 v0x59e2d3718f00_0, 0;
    %load/vec4 v0x59e2d3717bb0_0;
    %assign/vec4 v0x59e2d3719720_0, 0;
    %load/vec4 v0x59e2d37162b0_0;
    %assign/vec4 v0x59e2d3716530_0, 0;
    %pushi/vec4 0, 0, 1;
    %assign/vec4 v0x59e2d3715db0_0, 0;
    %pushi/vec4 0, 0, 32;
    %assign/vec4 v0x59e2d3715860_0, 0;
    %jmp T_70.11;
T_70.10 ;
    %load/vec4 v0x59e2d3715ef0_0;
    %parti/s 1, 12, 5;
    %flag_set/vec4 10;
    %flag_get/vec4 10;
    %jmp/0 T_70.17, 10;
    %load/vec4 v0x59e2d3715040_0;
    %and;
T_70.17;
    %flag_set/vec4 9;
    %flag_get/vec4 9;
    %jmp/0 T_70.16, 9;
    %load/vec4 v0x59e2d3719d60_0;
    %and;
T_70.16;
    %flag_set/vec4 8;
    %jmp/0xz  T_70.14, 8;
    %pushi/vec4 1, 0, 1;
    %assign/vec4 v0x59e2d3719fe0_0, 0;
    %load/vec4 v0x59e2d3715ef0_0;
    %assign/vec4 v0x59e2d3716030_0, 0;
    %load/vec4 v0x59e2d3719040_0;
    %assign/vec4 v0x59e2d3719220_0, 0;
    %load/vec4 v0x59e2d3717c50_0;
    %assign/vec4 v0x59e2d3717d90_0, 0;
    %load/vec4 v0x59e2d3717ed0_0;
    %assign/vec4 v0x59e2d37180b0_0, 0;
    %load/vec4 v0x59e2d37181f0_0;
    %assign/vec4 v0x59e2d37183d0_0, 0;
    %load/vec4 v0x59e2d3718510_0;
    %assign/vec4 v0x59e2d3718f00_0, 0;
    %load/vec4 v0x59e2d37150e0_0;
    %assign/vec4 v0x59e2d3719720_0, 0;
    %load/vec4 v0x59e2d37162b0_0;
    %assign/vec4 v0x59e2d3716530_0, 0;
    %pushi/vec4 0, 0, 1;
    %assign/vec4 v0x59e2d3715db0_0, 0;
    %pushi/vec4 0, 0, 32;
    %assign/vec4 v0x59e2d3715860_0, 0;
    %jmp T_70.15;
T_70.14 ;
    %load/vec4 v0x59e2d3715ef0_0;
    %parti/s 1, 13, 5;
    %flag_set/vec4 10;
    %flag_get/vec4 10;
    %jmp/0 T_70.21, 10;
    %load/vec4 v0x59e2d37179d0_0;
    %and;
T_70.21;
    %flag_set/vec4 9;
    %flag_get/vec4 9;
    %jmp/0 T_70.20, 9;
    %load/vec4 v0x59e2d3719d60_0;
    %and;
T_70.20;
    %flag_set/vec4 8;
    %jmp/0xz  T_70.18, 8;
    %pushi/vec4 1, 0, 1;
    %assign/vec4 v0x59e2d3719fe0_0, 0;
    %load/vec4 v0x59e2d3715ef0_0;
    %assign/vec4 v0x59e2d3716030_0, 0;
    %load/vec4 v0x59e2d3719040_0;
    %assign/vec4 v0x59e2d3719220_0, 0;
    %load/vec4 v0x59e2d3717c50_0;
    %assign/vec4 v0x59e2d3717d90_0, 0;
    %load/vec4 v0x59e2d3717ed0_0;
    %assign/vec4 v0x59e2d37180b0_0, 0;
    %load/vec4 v0x59e2d37181f0_0;
    %assign/vec4 v0x59e2d37183d0_0, 0;
    %load/vec4 v0x59e2d3718510_0;
    %assign/vec4 v0x59e2d3718f00_0, 0;
    %load/vec4 v0x59e2d3717a70_0;
    %assign/vec4 v0x59e2d3719720_0, 0;
    %load/vec4 v0x59e2d37162b0_0;
    %assign/vec4 v0x59e2d3716530_0, 0;
    %pushi/vec4 0, 0, 1;
    %assign/vec4 v0x59e2d3715db0_0, 0;
    %pushi/vec4 0, 0, 32;
    %assign/vec4 v0x59e2d3715860_0, 0;
    %jmp T_70.19;
T_70.18 ;
    %load/vec4 v0x59e2d37163f0_0;
    %dup/vec4;
    %pushi/vec4 20, 0, 6;
    %cmp/u;
    %jmp/1 T_70.22, 6;
    %dup/vec4;
    %pushi/vec4 21, 0, 6;
    %cmp/u;
    %jmp/1 T_70.23, 6;
    %dup/vec4;
    %pushi/vec4 22, 0, 6;
    %cmp/u;
    %jmp/1 T_70.24, 6;
    %dup/vec4;
    %pushi/vec4 23, 0, 6;
    %cmp/u;
    %jmp/1 T_70.25, 6;
    %dup/vec4;
    %pushi/vec4 29, 0, 6;
    %cmp/u;
    %jmp/1 T_70.26, 6;
    %dup/vec4;
    %pushi/vec4 31, 0, 6;
    %cmp/u;
    %jmp/1 T_70.27, 6;
    %load/vec4 v0x59e2d3719e00_0;
    %assign/vec4 v0x59e2d3719fe0_0, 0;
    %jmp T_70.29;
T_70.22 ;
    %pushi/vec4 0, 0, 1;
    %assign/vec4 v0x59e2d3719fe0_0, 0;
    %jmp T_70.29;
T_70.23 ;
    %pushi/vec4 0, 0, 1;
    %assign/vec4 v0x59e2d3719fe0_0, 0;
    %jmp T_70.29;
T_70.24 ;
    %pushi/vec4 0, 0, 1;
    %assign/vec4 v0x59e2d3719fe0_0, 0;
    %jmp T_70.29;
T_70.25 ;
    %pushi/vec4 0, 0, 1;
    %assign/vec4 v0x59e2d3719fe0_0, 0;
    %jmp T_70.29;
T_70.26 ;
    %pushi/vec4 0, 0, 1;
    %assign/vec4 v0x59e2d3719fe0_0, 0;
    %jmp T_70.29;
T_70.27 ;
    %pushi/vec4 0, 0, 1;
    %assign/vec4 v0x59e2d3719fe0_0, 0;
    %jmp T_70.29;
T_70.29 ;
    %pop/vec4 1;
    %load/vec4 v0x59e2d3715900_0;
    %assign/vec4 v0x59e2d3715db0_0, 0;
    %load/vec4 v0x59e2d3715720_0;
    %assign/vec4 v0x59e2d3715860_0, 0;
    %load/vec4 v0x59e2d37163f0_0;
    %or/r;
    %flag_set/vec4 8;
    %jmp/0xz  T_70.30, 8;
    %load/vec4 v0x59e2d3715f90_0;
    %pushi/vec4 16255, 0, 14;
    %and;
    %assign/vec4 v0x59e2d3716030_0, 0;
    %jmp T_70.31;
T_70.30 ;
    %load/vec4 v0x59e2d3715f90_0;
    %assign/vec4 v0x59e2d3716030_0, 0;
T_70.31 ;
    %load/vec4 v0x59e2d37190e0_0;
    %assign/vec4 v0x59e2d3719220_0, 0;
    %load/vec4 v0x59e2d3717cf0_0;
    %assign/vec4 v0x59e2d3717d90_0, 0;
    %load/vec4 v0x59e2d3717f70_0;
    %assign/vec4 v0x59e2d37180b0_0, 0;
    %load/vec4 v0x59e2d3718290_0;
    %assign/vec4 v0x59e2d37183d0_0, 0;
    %load/vec4 v0x59e2d3718dc0_0;
    %assign/vec4 v0x59e2d3718f00_0, 0;
    %load/vec4 v0x59e2d37163f0_0;
    %assign/vec4 v0x59e2d3716530_0, 0;
    %load/vec4 v0x59e2d3719ea0_0;
    %flag_set/vec4 9;
    %flag_get/vec4 9;
    %jmp/0 T_70.34, 9;
    %load/vec4 v0x59e2d3715f90_0;
    %parti/s 1, 1, 2;
    %flag_set/vec4 9;
    %flag_get/vec4 9;
    %jmp/1 T_70.35, 9;
    %load/vec4 v0x59e2d3715f90_0;
    %parti/s 1, 2, 3;
    %or;
T_70.35;
    %and;
T_70.34;
    %flag_set/vec4 8;
    %jmp/0xz  T_70.32, 8;
    %load/vec4 v0x59e2d3717610_0;
    %assign/vec4 v0x59e2d3719720_0, 0;
    %jmp T_70.33;
T_70.32 ;
    %load/vec4 v0x59e2d3719ea0_0;
    %flag_set/vec4 9;
    %flag_get/vec4 9;
    %jmp/0 T_70.38, 9;
    %load/vec4 v0x59e2d3715f90_0;
    %parti/s 1, 5, 4;
    %and;
T_70.38;
    %flag_set/vec4 8;
    %jmp/0xz  T_70.36, 8;
    %load/vec4 v0x59e2d37177f0_0;
    %assign/vec4 v0x59e2d3719720_0, 0;
    %jmp T_70.37;
T_70.36 ;
    %load/vec4 v0x59e2d3719540_0;
    %assign/vec4 v0x59e2d3719720_0, 0;
T_70.37 ;
T_70.33 ;
T_70.19 ;
T_70.15 ;
T_70.11 ;
T_70.7 ;
T_70.5 ;
T_70.3 ;
T_70.1 ;
    %jmp T_70;
    .thread T_70;
    .scope S_0x59e2d371a2d0;
T_71 ;
    %wait E_0x59e2d2ddd780;
    %load/vec4 v0x59e2d3720de0_0;
    %flag_set/vec4 8;
    %jmp/0xz  T_71.0, 8;
    %pushi/vec4 0, 0, 1;
    %assign/vec4 v0x59e2d3721380_0, 0;
    %pushi/vec4 0, 0, 14;
    %assign/vec4 v0x59e2d371d510_0, 0;
    %pushi/vec4 0, 0, 32;
    %assign/vec4 v0x59e2d3720660_0, 0;
    %pushi/vec4 0, 0, 32;
    %assign/vec4 v0x59e2d371f270_0, 0;
    %pushi/vec4 0, 0, 32;
    %assign/vec4 v0x59e2d371f4f0_0, 0;
    %pushi/vec4 0, 0, 32;
    %assign/vec4 v0x59e2d371f810_0, 0;
    %pushi/vec4 0, 0, 32;
    %assign/vec4 v0x59e2d371fb30_0, 0;
    %pushi/vec4 0, 0, 6;
    %assign/vec4 v0x59e2d371d8d0_0, 0;
    %jmp T_71.1;
T_71.0 ;
    %load/vec4 v0x59e2d371e7d0_0;
    %flag_set/vec4 8;
    %jmp/0xz  T_71.2, 8;
    %jmp T_71.3;
T_71.2 ;
    %load/vec4 v0x59e2d371e870_0;
    %flag_set/vec4 10;
    %flag_get/vec4 10;
    %jmp/0 T_71.7, 10;
    %load/vec4 v0x59e2d371dbf0_0;
    %and;
T_71.7;
    %flag_set/vec4 9;
    %flag_get/vec4 9;
    %jmp/0 T_71.6, 9;
    %load/vec4 v0x59e2d3720f20_0;
    %flag_set/vec4 9;
    %flag_get/vec4 9;
    %jmp/1 T_71.8, 9;
    %load/vec4 v0x59e2d3720e80_0;
    %or;
T_71.8;
    %inv;
    %and;
T_71.6;
    %flag_set/vec4 8;
    %jmp/0xz  T_71.4, 8;
    %pushi/vec4 1, 0, 1;
    %assign/vec4 v0x59e2d3721380_0, 0;
    %load/vec4 v0x59e2d371e0f0_0;
    %load/vec4 v0x59e2d371df10_0;
    %or;
    %load/vec4 v0x59e2d371dfb0_0;
    %or;
    %load/vec4 v0x59e2d371e190_0;
    %or;
    %load/vec4 v0x59e2d371e230_0;
    %or;
    %load/vec4 v0x59e2d371e370_0;
    %or;
    %load/vec4 v0x59e2d371de70_0;
    %or;
    %load/vec4 v0x59e2d371e2d0_0;
    %or;
    %inv;
    %ix/load 4, 0, 0;
    %ix/load 5, 0, 0;
    %flag_set/imm 4, 0;
    %assign/vec4/off/d v0x59e2d371d510_0, 4, 5;
    %load/vec4 v0x59e2d371e0f0_0;
    %load/vec4 v0x59e2d371e730_0;
    %and;
    %load/vec4 v0x59e2d37212e0_0;
    %inv;
    %and;
    %ix/load 4, 1, 0;
    %ix/load 5, 0, 0;
    %flag_set/imm 4, 0;
    %assign/vec4/off/d v0x59e2d371d510_0, 4, 5;
    %load/vec4 v0x59e2d371e0f0_0;
    %load/vec4 v0x59e2d371e730_0;
    %inv;
    %and;
    %load/vec4 v0x59e2d37212e0_0;
    %inv;
    %and;
    %ix/load 4, 2, 0;
    %ix/load 5, 0, 0;
    %flag_set/imm 4, 0;
    %assign/vec4/off/d v0x59e2d371d510_0, 4, 5;
    %load/vec4 v0x59e2d371df10_0;
    %load/vec4 v0x59e2d37212e0_0;
    %inv;
    %and;
    %ix/load 4, 3, 0;
    %ix/load 5, 0, 0;
    %flag_set/imm 4, 0;
    %assign/vec4/off/d v0x59e2d371d510_0, 4, 5;
    %load/vec4 v0x59e2d371dfb0_0;
    %load/vec4 v0x59e2d37212e0_0;
    %inv;
    %and;
    %ix/load 4, 4, 0;
    %ix/load 5, 0, 0;
    %flag_set/imm 4, 0;
    %assign/vec4/off/d v0x59e2d371d510_0, 4, 5;
    %load/vec4 v0x59e2d371e190_0;
    %load/vec4 v0x59e2d37212e0_0;
    %inv;
    %and;
    %ix/load 4, 5, 0;
    %ix/load 5, 0, 0;
    %flag_set/imm 4, 0;
    %assign/vec4/off/d v0x59e2d371d510_0, 4, 5;
    %load/vec4 v0x59e2d371e230_0;
    %load/vec4 v0x59e2d37212e0_0;
    %inv;
    %and;
    %ix/load 4, 10, 0;
    %ix/load 5, 0, 0;
    %flag_set/imm 4, 0;
    %assign/vec4/off/d v0x59e2d371d510_0, 4, 5;
    %load/vec4 v0x59e2d371e370_0;
    %load/vec4 v0x59e2d37212e0_0;
    %inv;
    %and;
    %ix/load 4, 11, 0;
    %ix/load 5, 0, 0;
    %flag_set/imm 4, 0;
    %assign/vec4/off/d v0x59e2d371d510_0, 4, 5;
    %load/vec4 v0x59e2d371de70_0;
    %load/vec4 v0x59e2d37212e0_0;
    %inv;
    %and;
    %ix/load 4, 12, 0;
    %ix/load 5, 0, 0;
    %flag_set/imm 4, 0;
    %assign/vec4/off/d v0x59e2d371d510_0, 4, 5;
    %load/vec4 v0x59e2d371e2d0_0;
    %load/vec4 v0x59e2d37212e0_0;
    %inv;
    %and;
    %ix/load 4, 13, 0;
    %ix/load 5, 0, 0;
    %flag_set/imm 4, 0;
    %assign/vec4/off/d v0x59e2d371d510_0, 4, 5;
    %load/vec4 v0x59e2d371dc90_0;
    %load/vec4 v0x59e2d37212e0_0;
    %inv;
    %and;
    %ix/load 4, 6, 0;
    %ix/load 5, 0, 0;
    %flag_set/imm 4, 0;
    %assign/vec4/off/d v0x59e2d371d510_0, 4, 5;
    %load/vec4 v0x59e2d371e730_0;
    %load/vec4 v0x59e2d37212e0_0;
    %inv;
    %and;
    %ix/load 4, 7, 0;
    %ix/load 5, 0, 0;
    %flag_set/imm 4, 0;
    %assign/vec4/off/d v0x59e2d371d510_0, 4, 5;
    %load/vec4 v0x59e2d37212e0_0;
    %ix/load 4, 8, 0;
    %ix/load 5, 0, 0;
    %flag_set/imm 4, 0;
    %assign/vec4/off/d v0x59e2d371d510_0, 4, 5;
    %pushi/vec4 1, 0, 1;
    %ix/load 4, 9, 0;
    %ix/load 5, 0, 0;
    %flag_set/imm 4, 0;
    %assign/vec4/off/d v0x59e2d371d510_0, 4, 5;
    %load/vec4 v0x59e2d371e5f0_0;
    %assign/vec4 v0x59e2d3720660_0, 0;
    %load/vec4 v0x59e2d371dd30_0;
    %flag_set/vec4 8;
    %jmp/0 T_71.9, 8;
    %load/vec4 v0x59e2d371ddd0_0;
    %jmp/1 T_71.10, 8;
T_71.9 ; End of true expr.
    %load/vec4 v0x59e2d371e5f0_0;
    %addi 4, 0, 32;
    %jmp/0 T_71.10, 8;
 ; End of false expr.
    %blend;
T_71.10;
    %assign/vec4 v0x59e2d371f270_0, 0;
    %load/vec4 v0x59e2d371e410_0;
    %assign/vec4 v0x59e2d371f4f0_0, 0;
    %load/vec4 v0x59e2d371e4b0_0;
    %assign/vec4 v0x59e2d371f810_0, 0;
    %load/vec4 v0x59e2d371e550_0;
    %assign/vec4 v0x59e2d371fb30_0, 0;
    %load/vec4 v0x59e2d371e050_0;
    %or/r;
    %flag_set/vec4 8;
    %jmp/0 T_71.11, 8;
    %load/vec4 v0x59e2d371e050_0;
    %jmp/1 T_71.12, 8;
T_71.11 ; End of true expr.
    %load/vec4 v0x59e2d371c9d0_0;
    %flag_set/vec4 9;
    %jmp/0 T_71.13, 9;
    %pushi/vec4 16, 0, 6;
    %jmp/1 T_71.14, 9;
T_71.13 ; End of true expr.
    %pushi/vec4 0, 0, 6;
    %jmp/0 T_71.14, 9;
 ; End of false expr.
    %blend;
T_71.14;
    %jmp/0 T_71.12, 8;
 ; End of false expr.
    %blend;
T_71.12;
    %assign/vec4 v0x59e2d371d8d0_0, 0;
    %jmp T_71.5;
T_71.4 ;
    %pushi/vec4 0, 0, 1;
    %assign/vec4 v0x59e2d3721380_0, 0;
    %pushi/vec4 0, 0, 14;
    %assign/vec4 v0x59e2d371d510_0, 0;
    %pushi/vec4 0, 0, 32;
    %assign/vec4 v0x59e2d3720660_0, 0;
    %pushi/vec4 0, 0, 32;
    %assign/vec4 v0x59e2d371f270_0, 0;
    %pushi/vec4 0, 0, 32;
    %assign/vec4 v0x59e2d371f4f0_0, 0;
    %pushi/vec4 0, 0, 32;
    %assign/vec4 v0x59e2d371f810_0, 0;
    %pushi/vec4 0, 0, 32;
    %assign/vec4 v0x59e2d371fb30_0, 0;
    %pushi/vec4 0, 0, 6;
    %assign/vec4 v0x59e2d371d8d0_0, 0;
T_71.5 ;
T_71.3 ;
T_71.1 ;
    %jmp T_71;
    .thread T_71;
    .scope S_0x59e2d371a2d0;
T_72 ;
    %wait E_0x59e2d2ddd780;
    %load/vec4 v0x59e2d3720de0_0;
    %flag_set/vec4 8;
    %jmp/0xz  T_72.0, 8;
    %pushi/vec4 0, 0, 1;
    %assign/vec4 v0x59e2d3721420_0, 0;
    %pushi/vec4 0, 0, 14;
    %assign/vec4 v0x59e2d371d5b0_0, 0;
    %pushi/vec4 0, 0, 1;
    %assign/vec4 v0x59e2d371d330_0, 0;
    %pushi/vec4 0, 0, 32;
    %assign/vec4 v0x59e2d371d150_0, 0;
    %pushi/vec4 0, 0, 32;
    %assign/vec4 v0x59e2d3720700_0, 0;
    %pushi/vec4 0, 0, 32;
    %assign/vec4 v0x59e2d371f310_0, 0;
    %pushi/vec4 0, 0, 32;
    %assign/vec4 v0x59e2d371f590_0, 0;
    %pushi/vec4 0, 0, 32;
    %assign/vec4 v0x59e2d371f8b0_0, 0;
    %pushi/vec4 0, 0, 32;
    %assign/vec4 v0x59e2d37203e0_0, 0;
    %pushi/vec4 0, 0, 32;
    %assign/vec4 v0x59e2d3720b60_0, 0;
    %pushi/vec4 0, 0, 6;
    %assign/vec4 v0x59e2d371d970_0, 0;
    %jmp T_72.1;
T_72.0 ;
    %load/vec4 v0x59e2d371e7d0_0;
    %flag_set/vec4 8;
    %jmp/0xz  T_72.2, 8;
    %jmp T_72.3;
T_72.2 ;
    %load/vec4 v0x59e2d3720f20_0;
    %flag_set/vec4 8;
    %jmp/1 T_72.6, 8;
    %load/vec4 v0x59e2d3720e80_0;
    %flag_set/vec4 9;
    %flag_or 8, 9;
T_72.6;
    %jmp/0xz  T_72.4, 8;
    %pushi/vec4 0, 0, 1;
    %assign/vec4 v0x59e2d3721420_0, 0;
    %pushi/vec4 0, 0, 14;
    %assign/vec4 v0x59e2d371d5b0_0, 0;
    %pushi/vec4 0, 0, 1;
    %assign/vec4 v0x59e2d371d330_0, 0;
    %pushi/vec4 0, 0, 32;
    %assign/vec4 v0x59e2d371d150_0, 0;
    %pushi/vec4 0, 0, 32;
    %assign/vec4 v0x59e2d3720700_0, 0;
    %pushi/vec4 0, 0, 32;
    %assign/vec4 v0x59e2d371f310_0, 0;
    %pushi/vec4 0, 0, 32;
    %assign/vec4 v0x59e2d371f590_0, 0;
    %pushi/vec4 0, 0, 32;
    %assign/vec4 v0x59e2d371f8b0_0, 0;
    %pushi/vec4 0, 0, 32;
    %assign/vec4 v0x59e2d37203e0_0, 0;
    %pushi/vec4 0, 0, 32;
    %assign/vec4 v0x59e2d3720b60_0, 0;
    %pushi/vec4 0, 0, 6;
    %assign/vec4 v0x59e2d371d970_0, 0;
    %jmp T_72.5;
T_72.4 ;
    %load/vec4 v0x59e2d3721380_0;
    %assign/vec4 v0x59e2d3721420_0, 0;
    %load/vec4 v0x59e2d371d510_0;
    %assign/vec4 v0x59e2d371d5b0_0, 0;
    %load/vec4 v0x59e2d371cf70_0;
    %assign/vec4 v0x59e2d371d330_0, 0;
    %load/vec4 v0x59e2d371ced0_0;
    %assign/vec4 v0x59e2d371d150_0, 0;
    %load/vec4 v0x59e2d3720660_0;
    %assign/vec4 v0x59e2d3720700_0, 0;
    %load/vec4 v0x59e2d371f270_0;
    %assign/vec4 v0x59e2d371f310_0, 0;
    %load/vec4 v0x59e2d371f4f0_0;
    %assign/vec4 v0x59e2d371f590_0, 0;
    %load/vec4 v0x59e2d371f810_0;
    %assign/vec4 v0x59e2d371f8b0_0, 0;
    %load/vec4 v0x59e2d371fb30_0;
    %assign/vec4 v0x59e2d37203e0_0, 0;
    %load/vec4 v0x59e2d371d510_0;
    %parti/s 1, 8, 5;
    %flag_set/vec4 8;
    %jmp/0xz  T_72.7, 8;
    %pushi/vec4 32, 0, 6;
    %assign/vec4 v0x59e2d371d970_0, 0;
    %jmp T_72.8;
T_72.7 ;
    %load/vec4 v0x59e2d371d8d0_0;
    %or/r;
    %flag_set/vec4 8;
    %jmp/0xz  T_72.9, 8;
    %pushi/vec4 0, 0, 1;
    %assign/vec4 v0x59e2d3721420_0, 0;
    %load/vec4 v0x59e2d371d8d0_0;
    %assign/vec4 v0x59e2d371d970_0, 0;
    %jmp T_72.10;
T_72.9 ;
    %load/vec4 v0x59e2d371cd90_0;
    %assign/vec4 v0x59e2d371d970_0, 0;
T_72.10 ;
T_72.8 ;
    %load/vec4 v0x59e2d371d510_0;
    %parti/s 1, 4, 4;
    %flag_set/vec4 8;
    %jmp/0xz  T_72.11, 8;
    %load/vec4 v0x59e2d371d830_0;
    %assign/vec4 v0x59e2d3720b60_0, 0;
    %jmp T_72.12;
T_72.11 ;
    %load/vec4 v0x59e2d371d510_0;
    %parti/s 1, 10, 5;
    %flag_set/vec4 8;
    %jmp/0xz  T_72.13, 8;
    %load/vec4 v0x59e2d371ef50_0;
    %assign/vec4 v0x59e2d3720b60_0, 0;
    %jmp T_72.14;
T_72.13 ;
    %load/vec4 v0x59e2d371d510_0;
    %parti/s 1, 11, 5;
    %flag_set/vec4 8;
    %jmp/0xz  T_72.15, 8;
    %load/vec4 v0x59e2d371f1d0_0;
    %assign/vec4 v0x59e2d3720b60_0, 0;
    %jmp T_72.16;
T_72.15 ;
    %load/vec4 v0x59e2d371d510_0;
    %parti/s 1, 12, 5;
    %flag_set/vec4 8;
    %jmp/0xz  T_72.17, 8;
    %load/vec4 v0x59e2d371cb10_0;
    %assign/vec4 v0x59e2d3720b60_0, 0;
    %jmp T_72.18;
T_72.17 ;
    %load/vec4 v0x59e2d371d510_0;
    %parti/s 1, 13, 5;
    %flag_set/vec4 8;
    %jmp/0xz  T_72.19, 8;
    %load/vec4 v0x59e2d371f090_0;
    %assign/vec4 v0x59e2d3720b60_0, 0;
    %jmp T_72.20;
T_72.19 ;
    %load/vec4 v0x59e2d371d510_0;
    %parti/s 1, 3, 3;
    %flag_set/vec4 8;
    %jmp/0xz  T_72.21, 8;
    %load/vec4 v0x59e2d371ce30_0;
    %assign/vec4 v0x59e2d3720b60_0, 0;
    %jmp T_72.22;
T_72.21 ;
    %load/vec4 v0x59e2d371c890_0;
    %assign/vec4 v0x59e2d3720b60_0, 0;
T_72.22 ;
T_72.20 ;
T_72.18 ;
T_72.16 ;
T_72.14 ;
T_72.12 ;
T_72.5 ;
T_72.3 ;
T_72.1 ;
    %jmp T_72;
    .thread T_72;
    .scope S_0x59e2d371a2d0;
T_73 ;
    %wait E_0x59e2d36b3570;
    %load/vec4 v0x59e2d3720b60_0;
    %store/vec4 v0x59e2d3720c00_0, 0, 32;
    %pushi/vec4 1, 0, 1;
    %flag_set/vec4 10;
    %flag_get/vec4 10;
    %jmp/0 T_73.3, 10;
    %load/vec4 v0x59e2d37214c0_0;
    %and;
T_73.3;
    %flag_set/vec4 9;
    %flag_get/vec4 9;
    %jmp/0 T_73.2, 9;
    %load/vec4 v0x59e2d371d5b0_0;
    %parti/s 1, 1, 2;
    %flag_set/vec4 9;
    %flag_get/vec4 9;
    %jmp/1 T_73.4, 9;
    %load/vec4 v0x59e2d371d5b0_0;
    %parti/s 1, 2, 3;
    %or;
T_73.4;
    %and;
T_73.2;
    %flag_set/vec4 8;
    %jmp/0xz  T_73.0, 8;
    %load/vec4 v0x59e2d371ec30_0;
    %store/vec4 v0x59e2d3720c00_0, 0, 32;
    %jmp T_73.1;
T_73.0 ;
    %pushi/vec4 1, 0, 1;
    %flag_set/vec4 10;
    %flag_get/vec4 10;
    %jmp/0 T_73.8, 10;
    %load/vec4 v0x59e2d37214c0_0;
    %and;
T_73.8;
    %flag_set/vec4 9;
    %flag_get/vec4 9;
    %jmp/0 T_73.7, 9;
    %load/vec4 v0x59e2d371d5b0_0;
    %parti/s 1, 5, 4;
    %and;
T_73.7;
    %flag_set/vec4 8;
    %jmp/0xz  T_73.5, 8;
    %load/vec4 v0x59e2d371ee10_0;
    %store/vec4 v0x59e2d3720c00_0, 0, 32;
T_73.5 ;
T_73.1 ;
    %jmp T_73;
    .thread T_73, $push;
    .scope S_0x59e2d371a2d0;
T_74 ;
    %wait E_0x59e2d3586ab0;
    %load/vec4 v0x59e2d3721420_0;
    %flag_set/vec4 10;
    %flag_get/vec4 10;
    %jmp/0 T_74.3, 10;
    %load/vec4 v0x59e2d371d5b0_0;
    %parti/s 1, 1, 2;
    %flag_set/vec4 10;
    %flag_get/vec4 10;
    %jmp/1 T_74.4, 10;
    %load/vec4 v0x59e2d371d5b0_0;
    %parti/s 1, 2, 3;
    %or;
T_74.4;
    %and;
T_74.3;
    %flag_set/vec4 9;
    %flag_get/vec4 9;
    %jmp/0 T_74.2, 9;
    %load/vec4 v0x59e2d371eaf0_0;
    %and;
T_74.2;
    %flag_set/vec4 8;
    %jmp/0xz  T_74.0, 8;
    %load/vec4 v0x59e2d371eb90_0;
    %store/vec4 v0x59e2d371da10_0, 0, 6;
    %jmp T_74.1;
T_74.0 ;
    %load/vec4 v0x59e2d371d970_0;
    %store/vec4 v0x59e2d371da10_0, 0, 6;
T_74.1 ;
    %jmp T_74;
    .thread T_74, $push;
    .scope S_0x59e2d371a2d0;
T_75 ;
    %wait E_0x59e2d2ddd780;
    %load/vec4 v0x59e2d3720de0_0;
    %flag_set/vec4 8;
    %jmp/0xz  T_75.0, 8;
    %pushi/vec4 0, 0, 1;
    %assign/vec4 v0x59e2d3720fc0_0, 0;
    %jmp T_75.1;
T_75.0 ;
    %load/vec4 v0x59e2d371e7d0_0;
    %inv;
    %flag_set/vec4 8;
    %jmp/0xz  T_75.2, 8;
    %load/vec4 v0x59e2d3721060_0;
    %assign/vec4 v0x59e2d3720fc0_0, 0;
T_75.2 ;
T_75.1 ;
    %jmp T_75;
    .thread T_75;
    .scope S_0x59e2d371a2d0;
T_76 ;
    %wait E_0x59e2d2ddd780;
    %load/vec4 v0x59e2d3720de0_0;
    %flag_set/vec4 8;
    %jmp/0xz  T_76.0, 8;
    %pushi/vec4 0, 0, 1;
    %assign/vec4 v0x59e2d3721600_0, 0;
    %pushi/vec4 0, 0, 14;
    %assign/vec4 v0x59e2d371d650_0, 0;
    %pushi/vec4 0, 0, 1;
    %assign/vec4 v0x59e2d371d3d0_0, 0;
    %pushi/vec4 0, 0, 32;
    %assign/vec4 v0x59e2d371d290_0, 0;
    %pushi/vec4 0, 0, 32;
    %assign/vec4 v0x59e2d3720840_0, 0;
    %pushi/vec4 0, 0, 32;
    %assign/vec4 v0x59e2d371f3b0_0, 0;
    %pushi/vec4 0, 0, 32;
    %assign/vec4 v0x59e2d371f6d0_0, 0;
    %pushi/vec4 0, 0, 32;
    %assign/vec4 v0x59e2d371f9f0_0, 0;
    %pushi/vec4 0, 0, 32;
    %assign/vec4 v0x59e2d3720520_0, 0;
    %pushi/vec4 0, 0, 32;
    %assign/vec4 v0x59e2d3720d40_0, 0;
    %pushi/vec4 0, 0, 6;
    %assign/vec4 v0x59e2d371db50_0, 0;
    %jmp T_76.1;
T_76.0 ;
    %load/vec4 v0x59e2d371e7d0_0;
    %flag_set/vec4 8;
    %jmp/0xz  T_76.2, 8;
    %jmp T_76.3;
T_76.2 ;
    %load/vec4 v0x59e2d3721100_0;
    %flag_set/vec4 8;
    %jmp/0xz  T_76.4, 8;
    %pushi/vec4 0, 0, 1;
    %assign/vec4 v0x59e2d3721600_0, 0;
    %pushi/vec4 0, 0, 14;
    %assign/vec4 v0x59e2d371d650_0, 0;
    %pushi/vec4 0, 0, 1;
    %assign/vec4 v0x59e2d371d3d0_0, 0;
    %pushi/vec4 0, 0, 32;
    %assign/vec4 v0x59e2d371d290_0, 0;
    %pushi/vec4 0, 0, 32;
    %assign/vec4 v0x59e2d3720840_0, 0;
    %pushi/vec4 0, 0, 32;
    %assign/vec4 v0x59e2d371f3b0_0, 0;
    %pushi/vec4 0, 0, 32;
    %assign/vec4 v0x59e2d371f6d0_0, 0;
    %pushi/vec4 0, 0, 32;
    %assign/vec4 v0x59e2d371f9f0_0, 0;
    %pushi/vec4 0, 0, 32;
    %assign/vec4 v0x59e2d3720520_0, 0;
    %pushi/vec4 0, 0, 32;
    %assign/vec4 v0x59e2d3720d40_0, 0;
    %pushi/vec4 0, 0, 6;
    %assign/vec4 v0x59e2d371db50_0, 0;
    %jmp T_76.5;
T_76.4 ;
    %load/vec4 v0x59e2d371d510_0;
    %parti/s 1, 10, 5;
    %flag_set/vec4 10;
    %flag_get/vec4 10;
    %jmp/0 T_76.9, 10;
    %load/vec4 v0x59e2d371eeb0_0;
    %and;
T_76.9;
    %flag_set/vec4 9;
    %flag_get/vec4 9;
    %jmp/0 T_76.8, 9;
    %load/vec4 v0x59e2d3721380_0;
    %and;
T_76.8;
    %flag_set/vec4 8;
    %jmp/0xz  T_76.6, 8;
    %pushi/vec4 1, 0, 1;
    %assign/vec4 v0x59e2d3721600_0, 0;
    %load/vec4 v0x59e2d371d510_0;
    %assign/vec4 v0x59e2d371d650_0, 0;
    %load/vec4 v0x59e2d3720660_0;
    %assign/vec4 v0x59e2d3720840_0, 0;
    %load/vec4 v0x59e2d371f270_0;
    %assign/vec4 v0x59e2d371f3b0_0, 0;
    %load/vec4 v0x59e2d371f4f0_0;
    %assign/vec4 v0x59e2d371f6d0_0, 0;
    %load/vec4 v0x59e2d371f810_0;
    %assign/vec4 v0x59e2d371f9f0_0, 0;
    %load/vec4 v0x59e2d371fb30_0;
    %assign/vec4 v0x59e2d3720520_0, 0;
    %load/vec4 v0x59e2d371ef50_0;
    %assign/vec4 v0x59e2d3720d40_0, 0;
    %load/vec4 v0x59e2d371d8d0_0;
    %assign/vec4 v0x59e2d371db50_0, 0;
    %pushi/vec4 0, 0, 1;
    %assign/vec4 v0x59e2d371d3d0_0, 0;
    %pushi/vec4 0, 0, 32;
    %assign/vec4 v0x59e2d371d290_0, 0;
    %jmp T_76.7;
T_76.6 ;
    %load/vec4 v0x59e2d371d510_0;
    %parti/s 1, 11, 5;
    %flag_set/vec4 10;
    %flag_get/vec4 10;
    %jmp/0 T_76.13, 10;
    %load/vec4 v0x59e2d371f130_0;
    %and;
T_76.13;
    %flag_set/vec4 9;
    %flag_get/vec4 9;
    %jmp/0 T_76.12, 9;
    %load/vec4 v0x59e2d3721380_0;
    %and;
T_76.12;
    %flag_set/vec4 8;
    %jmp/0xz  T_76.10, 8;
    %pushi/vec4 1, 0, 1;
    %assign/vec4 v0x59e2d3721600_0, 0;
    %load/vec4 v0x59e2d371d510_0;
    %assign/vec4 v0x59e2d371d650_0, 0;
    %load/vec4 v0x59e2d3720660_0;
    %assign/vec4 v0x59e2d3720840_0, 0;
    %load/vec4 v0x59e2d371f270_0;
    %assign/vec4 v0x59e2d371f3b0_0, 0;
    %load/vec4 v0x59e2d371f4f0_0;
    %assign/vec4 v0x59e2d371f6d0_0, 0;
    %load/vec4 v0x59e2d371f810_0;
    %assign/vec4 v0x59e2d371f9f0_0, 0;
    %load/vec4 v0x59e2d371fb30_0;
    %assign/vec4 v0x59e2d3720520_0, 0;
    %load/vec4 v0x59e2d371f1d0_0;
    %assign/vec4 v0x59e2d3720d40_0, 0;
    %load/vec4 v0x59e2d371d8d0_0;
    %assign/vec4 v0x59e2d371db50_0, 0;
    %pushi/vec4 0, 0, 1;
    %assign/vec4 v0x59e2d371d3d0_0, 0;
    %pushi/vec4 0, 0, 32;
    %assign/vec4 v0x59e2d371d290_0, 0;
    %jmp T_76.11;
T_76.10 ;
    %load/vec4 v0x59e2d371d510_0;
    %parti/s 1, 12, 5;
    %flag_set/vec4 10;
    %flag_get/vec4 10;
    %jmp/0 T_76.17, 10;
    %load/vec4 v0x59e2d371ca70_0;
    %and;
T_76.17;
    %flag_set/vec4 9;
    %flag_get/vec4 9;
    %jmp/0 T_76.16, 9;
    %load/vec4 v0x59e2d3721380_0;
    %and;
T_76.16;
    %flag_set/vec4 8;
    %jmp/0xz  T_76.14, 8;
    %pushi/vec4 1, 0, 1;
    %assign/vec4 v0x59e2d3721600_0, 0;
    %load/vec4 v0x59e2d371d510_0;
    %assign/vec4 v0x59e2d371d650_0, 0;
    %load/vec4 v0x59e2d3720660_0;
    %assign/vec4 v0x59e2d3720840_0, 0;
    %load/vec4 v0x59e2d371f270_0;
    %assign/vec4 v0x59e2d371f3b0_0, 0;
    %load/vec4 v0x59e2d371f4f0_0;
    %assign/vec4 v0x59e2d371f6d0_0, 0;
    %load/vec4 v0x59e2d371f810_0;
    %assign/vec4 v0x59e2d371f9f0_0, 0;
    %load/vec4 v0x59e2d371fb30_0;
    %assign/vec4 v0x59e2d3720520_0, 0;
    %load/vec4 v0x59e2d371cb10_0;
    %assign/vec4 v0x59e2d3720d40_0, 0;
    %load/vec4 v0x59e2d371d8d0_0;
    %assign/vec4 v0x59e2d371db50_0, 0;
    %pushi/vec4 0, 0, 1;
    %assign/vec4 v0x59e2d371d3d0_0, 0;
    %pushi/vec4 0, 0, 32;
    %assign/vec4 v0x59e2d371d290_0, 0;
    %jmp T_76.15;
T_76.14 ;
    %load/vec4 v0x59e2d371d510_0;
    %parti/s 1, 13, 5;
    %flag_set/vec4 10;
    %flag_get/vec4 10;
    %jmp/0 T_76.21, 10;
    %load/vec4 v0x59e2d371eff0_0;
    %and;
T_76.21;
    %flag_set/vec4 9;
    %flag_get/vec4 9;
    %jmp/0 T_76.20, 9;
    %load/vec4 v0x59e2d3721380_0;
    %and;
T_76.20;
    %flag_set/vec4 8;
    %jmp/0xz  T_76.18, 8;
    %pushi/vec4 1, 0, 1;
    %assign/vec4 v0x59e2d3721600_0, 0;
    %load/vec4 v0x59e2d371d510_0;
    %assign/vec4 v0x59e2d371d650_0, 0;
    %load/vec4 v0x59e2d3720660_0;
    %assign/vec4 v0x59e2d3720840_0, 0;
    %load/vec4 v0x59e2d371f270_0;
    %assign/vec4 v0x59e2d371f3b0_0, 0;
    %load/vec4 v0x59e2d371f4f0_0;
    %assign/vec4 v0x59e2d371f6d0_0, 0;
    %load/vec4 v0x59e2d371f810_0;
    %assign/vec4 v0x59e2d371f9f0_0, 0;
    %load/vec4 v0x59e2d371fb30_0;
    %assign/vec4 v0x59e2d3720520_0, 0;
    %load/vec4 v0x59e2d371f090_0;
    %assign/vec4 v0x59e2d3720d40_0, 0;
    %load/vec4 v0x59e2d371d8d0_0;
    %assign/vec4 v0x59e2d371db50_0, 0;
    %pushi/vec4 0, 0, 1;
    %assign/vec4 v0x59e2d371d3d0_0, 0;
    %pushi/vec4 0, 0, 32;
    %assign/vec4 v0x59e2d371d290_0, 0;
    %jmp T_76.19;
T_76.18 ;
    %load/vec4 v0x59e2d371da10_0;
    %dup/vec4;
    %pushi/vec4 20, 0, 6;
    %cmp/u;
    %jmp/1 T_76.22, 6;
    %dup/vec4;
    %pushi/vec4 21, 0, 6;
    %cmp/u;
    %jmp/1 T_76.23, 6;
    %dup/vec4;
    %pushi/vec4 22, 0, 6;
    %cmp/u;
    %jmp/1 T_76.24, 6;
    %dup/vec4;
    %pushi/vec4 23, 0, 6;
    %cmp/u;
    %jmp/1 T_76.25, 6;
    %dup/vec4;
    %pushi/vec4 29, 0, 6;
    %cmp/u;
    %jmp/1 T_76.26, 6;
    %dup/vec4;
    %pushi/vec4 31, 0, 6;
    %cmp/u;
    %jmp/1 T_76.27, 6;
    %load/vec4 v0x59e2d3721420_0;
    %assign/vec4 v0x59e2d3721600_0, 0;
    %jmp T_76.29;
T_76.22 ;
    %pushi/vec4 0, 0, 1;
    %assign/vec4 v0x59e2d3721600_0, 0;
    %jmp T_76.29;
T_76.23 ;
    %pushi/vec4 0, 0, 1;
    %assign/vec4 v0x59e2d3721600_0, 0;
    %jmp T_76.29;
T_76.24 ;
    %pushi/vec4 0, 0, 1;
    %assign/vec4 v0x59e2d3721600_0, 0;
    %jmp T_76.29;
T_76.25 ;
    %pushi/vec4 0, 0, 1;
    %assign/vec4 v0x59e2d3721600_0, 0;
    %jmp T_76.29;
T_76.26 ;
    %pushi/vec4 0, 0, 1;
    %assign/vec4 v0x59e2d3721600_0, 0;
    %jmp T_76.29;
T_76.27 ;
    %pushi/vec4 0, 0, 1;
    %assign/vec4 v0x59e2d3721600_0, 0;
    %jmp T_76.29;
T_76.29 ;
    %pop/vec4 1;
    %load/vec4 v0x59e2d371d330_0;
    %assign/vec4 v0x59e2d371d3d0_0, 0;
    %load/vec4 v0x59e2d371d150_0;
    %assign/vec4 v0x59e2d371d290_0, 0;
    %load/vec4 v0x59e2d371da10_0;
    %or/r;
    %flag_set/vec4 8;
    %jmp/0xz  T_76.30, 8;
    %load/vec4 v0x59e2d371d5b0_0;
    %pushi/vec4 16255, 0, 14;
    %and;
    %assign/vec4 v0x59e2d371d650_0, 0;
    %jmp T_76.31;
T_76.30 ;
    %load/vec4 v0x59e2d371d5b0_0;
    %assign/vec4 v0x59e2d371d650_0, 0;
T_76.31 ;
    %load/vec4 v0x59e2d3720700_0;
    %assign/vec4 v0x59e2d3720840_0, 0;
    %load/vec4 v0x59e2d371f310_0;
    %assign/vec4 v0x59e2d371f3b0_0, 0;
    %load/vec4 v0x59e2d371f590_0;
    %assign/vec4 v0x59e2d371f6d0_0, 0;
    %load/vec4 v0x59e2d371f8b0_0;
    %assign/vec4 v0x59e2d371f9f0_0, 0;
    %load/vec4 v0x59e2d37203e0_0;
    %assign/vec4 v0x59e2d3720520_0, 0;
    %load/vec4 v0x59e2d371da10_0;
    %assign/vec4 v0x59e2d371db50_0, 0;
    %load/vec4 v0x59e2d37214c0_0;
    %flag_set/vec4 9;
    %flag_get/vec4 9;
    %jmp/0 T_76.34, 9;
    %load/vec4 v0x59e2d371d5b0_0;
    %parti/s 1, 1, 2;
    %flag_set/vec4 9;
    %flag_get/vec4 9;
    %jmp/1 T_76.35, 9;
    %load/vec4 v0x59e2d371d5b0_0;
    %parti/s 1, 2, 3;
    %or;
T_76.35;
    %and;
T_76.34;
    %flag_set/vec4 8;
    %jmp/0xz  T_76.32, 8;
    %load/vec4 v0x59e2d371ec30_0;
    %assign/vec4 v0x59e2d3720d40_0, 0;
    %jmp T_76.33;
T_76.32 ;
    %load/vec4 v0x59e2d37214c0_0;
    %flag_set/vec4 9;
    %flag_get/vec4 9;
    %jmp/0 T_76.38, 9;
    %load/vec4 v0x59e2d371d5b0_0;
    %parti/s 1, 5, 4;
    %and;
T_76.38;
    %flag_set/vec4 8;
    %jmp/0xz  T_76.36, 8;
    %load/vec4 v0x59e2d371ee10_0;
    %assign/vec4 v0x59e2d3720d40_0, 0;
    %jmp T_76.37;
T_76.36 ;
    %load/vec4 v0x59e2d3720b60_0;
    %assign/vec4 v0x59e2d3720d40_0, 0;
T_76.37 ;
T_76.33 ;
T_76.19 ;
T_76.15 ;
T_76.11 ;
T_76.7 ;
T_76.5 ;
T_76.3 ;
T_76.1 ;
    %jmp T_76;
    .thread T_76;
    .scope S_0x59e2d3721be0;
T_77 ;
    %wait E_0x59e2d2e2d400;
    %load/vec4 v0x59e2d3725190_0;
    %flag_set/vec4 8;
    %jmp/0xz  T_77.0, 8;
    %pushi/vec4 0, 0, 32;
    %assign/vec4 v0x59e2d3722850_0, 0;
    %pushi/vec4 0, 0, 32;
    %assign/vec4 v0x59e2d3722f30_0, 0;
    %pushi/vec4 0, 0, 32;
    %assign/vec4 v0x59e2d3723110_0, 0;
    %pushi/vec4 0, 0, 32;
    %assign/vec4 v0x59e2d37231b0_0, 0;
    %pushi/vec4 0, 0, 32;
    %assign/vec4 v0x59e2d3723250_0, 0;
    %pushi/vec4 0, 0, 32;
    %assign/vec4 v0x59e2d37232f0_0, 0;
    %pushi/vec4 0, 0, 32;
    %assign/vec4 v0x59e2d3723390_0, 0;
    %pushi/vec4 0, 0, 32;
    %assign/vec4 v0x59e2d3723430_0, 0;
    %pushi/vec4 0, 0, 32;
    %assign/vec4 v0x59e2d37234d0_0, 0;
    %pushi/vec4 0, 0, 32;
    %assign/vec4 v0x59e2d3722210_0, 0;
    %pushi/vec4 0, 0, 32;
    %assign/vec4 v0x59e2d37222b0_0, 0;
    %pushi/vec4 0, 0, 32;
    %assign/vec4 v0x59e2d3722350_0, 0;
    %pushi/vec4 0, 0, 32;
    %assign/vec4 v0x59e2d37223f0_0, 0;
    %pushi/vec4 0, 0, 32;
    %assign/vec4 v0x59e2d3722490_0, 0;
    %pushi/vec4 0, 0, 32;
    %assign/vec4 v0x59e2d3722530_0, 0;
    %pushi/vec4 0, 0, 32;
    %assign/vec4 v0x59e2d37225d0_0, 0;
    %pushi/vec4 0, 0, 32;
    %assign/vec4 v0x59e2d3722670_0, 0;
    %pushi/vec4 0, 0, 32;
    %assign/vec4 v0x59e2d3722710_0, 0;
    %pushi/vec4 0, 0, 32;
    %assign/vec4 v0x59e2d37227b0_0, 0;
    %pushi/vec4 0, 0, 32;
    %assign/vec4 v0x59e2d37228f0_0, 0;
    %pushi/vec4 0, 0, 32;
    %assign/vec4 v0x59e2d3722990_0, 0;
    %pushi/vec4 0, 0, 32;
    %assign/vec4 v0x59e2d3722a30_0, 0;
    %pushi/vec4 0, 0, 32;
    %assign/vec4 v0x59e2d3722ad0_0, 0;
    %pushi/vec4 0, 0, 32;
    %assign/vec4 v0x59e2d3722b70_0, 0;
    %pushi/vec4 0, 0, 32;
    %assign/vec4 v0x59e2d3722c10_0, 0;
    %pushi/vec4 0, 0, 32;
    %assign/vec4 v0x59e2d3722cb0_0, 0;
    %pushi/vec4 0, 0, 32;
    %assign/vec4 v0x59e2d3722d50_0, 0;
    %pushi/vec4 0, 0, 32;
    %assign/vec4 v0x59e2d3722df0_0, 0;
    %pushi/vec4 0, 0, 32;
    %assign/vec4 v0x59e2d3722e90_0, 0;
    %pushi/vec4 0, 0, 32;
    %assign/vec4 v0x59e2d3722fd0_0, 0;
    %pushi/vec4 0, 0, 32;
    %assign/vec4 v0x59e2d3723070_0, 0;
    %jmp T_77.1;
T_77.0 ;
    %load/vec4 v0x59e2d3724f10_0;
    %cmpi/e 1, 0, 5;
    %jmp/0xz  T_77.2, 4;
    %load/vec4 v0x59e2d3724fb0_0;
    %assign/vec4 v0x59e2d3722850_0, 0;
    %jmp T_77.3;
T_77.2 ;
    %load/vec4 v0x59e2d3725050_0;
    %cmpi/e 1, 0, 5;
    %jmp/0xz  T_77.4, 4;
    %load/vec4 v0x59e2d37250f0_0;
    %assign/vec4 v0x59e2d3722850_0, 0;
T_77.4 ;
T_77.3 ;
    %load/vec4 v0x59e2d3724f10_0;
    %cmpi/e 2, 0, 5;
    %jmp/0xz  T_77.6, 4;
    %load/vec4 v0x59e2d3724fb0_0;
    %assign/vec4 v0x59e2d3722f30_0, 0;
    %jmp T_77.7;
T_77.6 ;
    %load/vec4 v0x59e2d3725050_0;
    %cmpi/e 2, 0, 5;
    %jmp/0xz  T_77.8, 4;
    %load/vec4 v0x59e2d37250f0_0;
    %assign/vec4 v0x59e2d3722f30_0, 0;
T_77.8 ;
T_77.7 ;
    %load/vec4 v0x59e2d3724f10_0;
    %cmpi/e 3, 0, 5;
    %jmp/0xz  T_77.10, 4;
    %load/vec4 v0x59e2d3724fb0_0;
    %assign/vec4 v0x59e2d3723110_0, 0;
    %jmp T_77.11;
T_77.10 ;
    %load/vec4 v0x59e2d3725050_0;
    %cmpi/e 3, 0, 5;
    %jmp/0xz  T_77.12, 4;
    %load/vec4 v0x59e2d37250f0_0;
    %assign/vec4 v0x59e2d3723110_0, 0;
T_77.12 ;
T_77.11 ;
    %load/vec4 v0x59e2d3724f10_0;
    %cmpi/e 4, 0, 5;
    %jmp/0xz  T_77.14, 4;
    %load/vec4 v0x59e2d3724fb0_0;
    %assign/vec4 v0x59e2d37231b0_0, 0;
    %jmp T_77.15;
T_77.14 ;
    %load/vec4 v0x59e2d3725050_0;
    %cmpi/e 4, 0, 5;
    %jmp/0xz  T_77.16, 4;
    %load/vec4 v0x59e2d37250f0_0;
    %assign/vec4 v0x59e2d37231b0_0, 0;
T_77.16 ;
T_77.15 ;
    %load/vec4 v0x59e2d3724f10_0;
    %cmpi/e 5, 0, 5;
    %jmp/0xz  T_77.18, 4;
    %load/vec4 v0x59e2d3724fb0_0;
    %assign/vec4 v0x59e2d3723250_0, 0;
    %jmp T_77.19;
T_77.18 ;
    %load/vec4 v0x59e2d3725050_0;
    %cmpi/e 5, 0, 5;
    %jmp/0xz  T_77.20, 4;
    %load/vec4 v0x59e2d37250f0_0;
    %assign/vec4 v0x59e2d3723250_0, 0;
T_77.20 ;
T_77.19 ;
    %load/vec4 v0x59e2d3724f10_0;
    %cmpi/e 6, 0, 5;
    %jmp/0xz  T_77.22, 4;
    %load/vec4 v0x59e2d3724fb0_0;
    %assign/vec4 v0x59e2d37232f0_0, 0;
    %jmp T_77.23;
T_77.22 ;
    %load/vec4 v0x59e2d3725050_0;
    %cmpi/e 6, 0, 5;
    %jmp/0xz  T_77.24, 4;
    %load/vec4 v0x59e2d37250f0_0;
    %assign/vec4 v0x59e2d37232f0_0, 0;
T_77.24 ;
T_77.23 ;
    %load/vec4 v0x59e2d3724f10_0;
    %cmpi/e 7, 0, 5;
    %jmp/0xz  T_77.26, 4;
    %load/vec4 v0x59e2d3724fb0_0;
    %assign/vec4 v0x59e2d3723390_0, 0;
    %jmp T_77.27;
T_77.26 ;
    %load/vec4 v0x59e2d3725050_0;
    %cmpi/e 7, 0, 5;
    %jmp/0xz  T_77.28, 4;
    %load/vec4 v0x59e2d37250f0_0;
    %assign/vec4 v0x59e2d3723390_0, 0;
T_77.28 ;
T_77.27 ;
    %load/vec4 v0x59e2d3724f10_0;
    %cmpi/e 8, 0, 5;
    %jmp/0xz  T_77.30, 4;
    %load/vec4 v0x59e2d3724fb0_0;
    %assign/vec4 v0x59e2d3723430_0, 0;
    %jmp T_77.31;
T_77.30 ;
    %load/vec4 v0x59e2d3725050_0;
    %cmpi/e 8, 0, 5;
    %jmp/0xz  T_77.32, 4;
    %load/vec4 v0x59e2d37250f0_0;
    %assign/vec4 v0x59e2d3723430_0, 0;
T_77.32 ;
T_77.31 ;
    %load/vec4 v0x59e2d3724f10_0;
    %cmpi/e 9, 0, 5;
    %jmp/0xz  T_77.34, 4;
    %load/vec4 v0x59e2d3724fb0_0;
    %assign/vec4 v0x59e2d37234d0_0, 0;
    %jmp T_77.35;
T_77.34 ;
    %load/vec4 v0x59e2d3725050_0;
    %cmpi/e 9, 0, 5;
    %jmp/0xz  T_77.36, 4;
    %load/vec4 v0x59e2d37250f0_0;
    %assign/vec4 v0x59e2d37234d0_0, 0;
T_77.36 ;
T_77.35 ;
    %load/vec4 v0x59e2d3724f10_0;
    %cmpi/e 10, 0, 5;
    %jmp/0xz  T_77.38, 4;
    %load/vec4 v0x59e2d3724fb0_0;
    %assign/vec4 v0x59e2d3722210_0, 0;
    %jmp T_77.39;
T_77.38 ;
    %load/vec4 v0x59e2d3725050_0;
    %cmpi/e 10, 0, 5;
    %jmp/0xz  T_77.40, 4;
    %load/vec4 v0x59e2d37250f0_0;
    %assign/vec4 v0x59e2d3722210_0, 0;
T_77.40 ;
T_77.39 ;
    %load/vec4 v0x59e2d3724f10_0;
    %cmpi/e 11, 0, 5;
    %jmp/0xz  T_77.42, 4;
    %load/vec4 v0x59e2d3724fb0_0;
    %assign/vec4 v0x59e2d37222b0_0, 0;
    %jmp T_77.43;
T_77.42 ;
    %load/vec4 v0x59e2d3725050_0;
    %cmpi/e 11, 0, 5;
    %jmp/0xz  T_77.44, 4;
    %load/vec4 v0x59e2d37250f0_0;
    %assign/vec4 v0x59e2d37222b0_0, 0;
T_77.44 ;
T_77.43 ;
    %load/vec4 v0x59e2d3724f10_0;
    %cmpi/e 12, 0, 5;
    %jmp/0xz  T_77.46, 4;
    %load/vec4 v0x59e2d3724fb0_0;
    %assign/vec4 v0x59e2d3722350_0, 0;
    %jmp T_77.47;
T_77.46 ;
    %load/vec4 v0x59e2d3725050_0;
    %cmpi/e 12, 0, 5;
    %jmp/0xz  T_77.48, 4;
    %load/vec4 v0x59e2d37250f0_0;
    %assign/vec4 v0x59e2d3722350_0, 0;
T_77.48 ;
T_77.47 ;
    %load/vec4 v0x59e2d3724f10_0;
    %cmpi/e 13, 0, 5;
    %jmp/0xz  T_77.50, 4;
    %load/vec4 v0x59e2d3724fb0_0;
    %assign/vec4 v0x59e2d37223f0_0, 0;
    %jmp T_77.51;
T_77.50 ;
    %load/vec4 v0x59e2d3725050_0;
    %cmpi/e 13, 0, 5;
    %jmp/0xz  T_77.52, 4;
    %load/vec4 v0x59e2d37250f0_0;
    %assign/vec4 v0x59e2d37223f0_0, 0;
T_77.52 ;
T_77.51 ;
    %load/vec4 v0x59e2d3724f10_0;
    %cmpi/e 14, 0, 5;
    %jmp/0xz  T_77.54, 4;
    %load/vec4 v0x59e2d3724fb0_0;
    %assign/vec4 v0x59e2d3722490_0, 0;
    %jmp T_77.55;
T_77.54 ;
    %load/vec4 v0x59e2d3725050_0;
    %cmpi/e 14, 0, 5;
    %jmp/0xz  T_77.56, 4;
    %load/vec4 v0x59e2d37250f0_0;
    %assign/vec4 v0x59e2d3722490_0, 0;
T_77.56 ;
T_77.55 ;
    %load/vec4 v0x59e2d3724f10_0;
    %cmpi/e 15, 0, 5;
    %jmp/0xz  T_77.58, 4;
    %load/vec4 v0x59e2d3724fb0_0;
    %assign/vec4 v0x59e2d3722530_0, 0;
    %jmp T_77.59;
T_77.58 ;
    %load/vec4 v0x59e2d3725050_0;
    %cmpi/e 15, 0, 5;
    %jmp/0xz  T_77.60, 4;
    %load/vec4 v0x59e2d37250f0_0;
    %assign/vec4 v0x59e2d3722530_0, 0;
T_77.60 ;
T_77.59 ;
    %load/vec4 v0x59e2d3724f10_0;
    %cmpi/e 16, 0, 5;
    %jmp/0xz  T_77.62, 4;
    %load/vec4 v0x59e2d3724fb0_0;
    %assign/vec4 v0x59e2d37225d0_0, 0;
    %jmp T_77.63;
T_77.62 ;
    %load/vec4 v0x59e2d3725050_0;
    %cmpi/e 16, 0, 5;
    %jmp/0xz  T_77.64, 4;
    %load/vec4 v0x59e2d37250f0_0;
    %assign/vec4 v0x59e2d37225d0_0, 0;
T_77.64 ;
T_77.63 ;
    %load/vec4 v0x59e2d3724f10_0;
    %cmpi/e 17, 0, 5;
    %jmp/0xz  T_77.66, 4;
    %load/vec4 v0x59e2d3724fb0_0;
    %assign/vec4 v0x59e2d3722670_0, 0;
    %jmp T_77.67;
T_77.66 ;
    %load/vec4 v0x59e2d3725050_0;
    %cmpi/e 17, 0, 5;
    %jmp/0xz  T_77.68, 4;
    %load/vec4 v0x59e2d37250f0_0;
    %assign/vec4 v0x59e2d3722670_0, 0;
T_77.68 ;
T_77.67 ;
    %load/vec4 v0x59e2d3724f10_0;
    %cmpi/e 18, 0, 5;
    %jmp/0xz  T_77.70, 4;
    %load/vec4 v0x59e2d3724fb0_0;
    %assign/vec4 v0x59e2d3722710_0, 0;
    %jmp T_77.71;
T_77.70 ;
    %load/vec4 v0x59e2d3725050_0;
    %cmpi/e 18, 0, 5;
    %jmp/0xz  T_77.72, 4;
    %load/vec4 v0x59e2d37250f0_0;
    %assign/vec4 v0x59e2d3722710_0, 0;
T_77.72 ;
T_77.71 ;
    %load/vec4 v0x59e2d3724f10_0;
    %cmpi/e 19, 0, 5;
    %jmp/0xz  T_77.74, 4;
    %load/vec4 v0x59e2d3724fb0_0;
    %assign/vec4 v0x59e2d37227b0_0, 0;
    %jmp T_77.75;
T_77.74 ;
    %load/vec4 v0x59e2d3725050_0;
    %cmpi/e 19, 0, 5;
    %jmp/0xz  T_77.76, 4;
    %load/vec4 v0x59e2d37250f0_0;
    %assign/vec4 v0x59e2d37227b0_0, 0;
T_77.76 ;
T_77.75 ;
    %load/vec4 v0x59e2d3724f10_0;
    %cmpi/e 20, 0, 5;
    %jmp/0xz  T_77.78, 4;
    %load/vec4 v0x59e2d3724fb0_0;
    %assign/vec4 v0x59e2d37228f0_0, 0;
    %jmp T_77.79;
T_77.78 ;
    %load/vec4 v0x59e2d3725050_0;
    %cmpi/e 20, 0, 5;
    %jmp/0xz  T_77.80, 4;
    %load/vec4 v0x59e2d37250f0_0;
    %assign/vec4 v0x59e2d37228f0_0, 0;
T_77.80 ;
T_77.79 ;
    %load/vec4 v0x59e2d3724f10_0;
    %cmpi/e 21, 0, 5;
    %jmp/0xz  T_77.82, 4;
    %load/vec4 v0x59e2d3724fb0_0;
    %assign/vec4 v0x59e2d3722990_0, 0;
    %jmp T_77.83;
T_77.82 ;
    %load/vec4 v0x59e2d3725050_0;
    %cmpi/e 21, 0, 5;
    %jmp/0xz  T_77.84, 4;
    %load/vec4 v0x59e2d37250f0_0;
    %assign/vec4 v0x59e2d3722990_0, 0;
T_77.84 ;
T_77.83 ;
    %load/vec4 v0x59e2d3724f10_0;
    %cmpi/e 22, 0, 5;
    %jmp/0xz  T_77.86, 4;
    %load/vec4 v0x59e2d3724fb0_0;
    %assign/vec4 v0x59e2d3722a30_0, 0;
    %jmp T_77.87;
T_77.86 ;
    %load/vec4 v0x59e2d3725050_0;
    %cmpi/e 22, 0, 5;
    %jmp/0xz  T_77.88, 4;
    %load/vec4 v0x59e2d37250f0_0;
    %assign/vec4 v0x59e2d3722a30_0, 0;
T_77.88 ;
T_77.87 ;
    %load/vec4 v0x59e2d3724f10_0;
    %cmpi/e 23, 0, 5;
    %jmp/0xz  T_77.90, 4;
    %load/vec4 v0x59e2d3724fb0_0;
    %assign/vec4 v0x59e2d3722ad0_0, 0;
    %jmp T_77.91;
T_77.90 ;
    %load/vec4 v0x59e2d3725050_0;
    %cmpi/e 23, 0, 5;
    %jmp/0xz  T_77.92, 4;
    %load/vec4 v0x59e2d37250f0_0;
    %assign/vec4 v0x59e2d3722ad0_0, 0;
T_77.92 ;
T_77.91 ;
    %load/vec4 v0x59e2d3724f10_0;
    %cmpi/e 24, 0, 5;
    %jmp/0xz  T_77.94, 4;
    %load/vec4 v0x59e2d3724fb0_0;
    %assign/vec4 v0x59e2d3722b70_0, 0;
    %jmp T_77.95;
T_77.94 ;
    %load/vec4 v0x59e2d3725050_0;
    %cmpi/e 24, 0, 5;
    %jmp/0xz  T_77.96, 4;
    %load/vec4 v0x59e2d37250f0_0;
    %assign/vec4 v0x59e2d3722b70_0, 0;
T_77.96 ;
T_77.95 ;
    %load/vec4 v0x59e2d3724f10_0;
    %cmpi/e 25, 0, 5;
    %jmp/0xz  T_77.98, 4;
    %load/vec4 v0x59e2d3724fb0_0;
    %assign/vec4 v0x59e2d3722c10_0, 0;
    %jmp T_77.99;
T_77.98 ;
    %load/vec4 v0x59e2d3725050_0;
    %cmpi/e 25, 0, 5;
    %jmp/0xz  T_77.100, 4;
    %load/vec4 v0x59e2d37250f0_0;
    %assign/vec4 v0x59e2d3722c10_0, 0;
T_77.100 ;
T_77.99 ;
    %load/vec4 v0x59e2d3724f10_0;
    %cmpi/e 26, 0, 5;
    %jmp/0xz  T_77.102, 4;
    %load/vec4 v0x59e2d3724fb0_0;
    %assign/vec4 v0x59e2d3722cb0_0, 0;
    %jmp T_77.103;
T_77.102 ;
    %load/vec4 v0x59e2d3725050_0;
    %cmpi/e 26, 0, 5;
    %jmp/0xz  T_77.104, 4;
    %load/vec4 v0x59e2d37250f0_0;
    %assign/vec4 v0x59e2d3722cb0_0, 0;
T_77.104 ;
T_77.103 ;
    %load/vec4 v0x59e2d3724f10_0;
    %cmpi/e 27, 0, 5;
    %jmp/0xz  T_77.106, 4;
    %load/vec4 v0x59e2d3724fb0_0;
    %assign/vec4 v0x59e2d3722d50_0, 0;
    %jmp T_77.107;
T_77.106 ;
    %load/vec4 v0x59e2d3725050_0;
    %cmpi/e 27, 0, 5;
    %jmp/0xz  T_77.108, 4;
    %load/vec4 v0x59e2d37250f0_0;
    %assign/vec4 v0x59e2d3722d50_0, 0;
T_77.108 ;
T_77.107 ;
    %load/vec4 v0x59e2d3724f10_0;
    %cmpi/e 28, 0, 5;
    %jmp/0xz  T_77.110, 4;
    %load/vec4 v0x59e2d3724fb0_0;
    %assign/vec4 v0x59e2d3722df0_0, 0;
    %jmp T_77.111;
T_77.110 ;
    %load/vec4 v0x59e2d3725050_0;
    %cmpi/e 28, 0, 5;
    %jmp/0xz  T_77.112, 4;
    %load/vec4 v0x59e2d37250f0_0;
    %assign/vec4 v0x59e2d3722df0_0, 0;
T_77.112 ;
T_77.111 ;
    %load/vec4 v0x59e2d3724f10_0;
    %cmpi/e 29, 0, 5;
    %jmp/0xz  T_77.114, 4;
    %load/vec4 v0x59e2d3724fb0_0;
    %assign/vec4 v0x59e2d3722e90_0, 0;
    %jmp T_77.115;
T_77.114 ;
    %load/vec4 v0x59e2d3725050_0;
    %cmpi/e 29, 0, 5;
    %jmp/0xz  T_77.116, 4;
    %load/vec4 v0x59e2d37250f0_0;
    %assign/vec4 v0x59e2d3722e90_0, 0;
T_77.116 ;
T_77.115 ;
    %load/vec4 v0x59e2d3724f10_0;
    %cmpi/e 30, 0, 5;
    %jmp/0xz  T_77.118, 4;
    %load/vec4 v0x59e2d3724fb0_0;
    %assign/vec4 v0x59e2d3722fd0_0, 0;
    %jmp T_77.119;
T_77.118 ;
    %load/vec4 v0x59e2d3725050_0;
    %cmpi/e 30, 0, 5;
    %jmp/0xz  T_77.120, 4;
    %load/vec4 v0x59e2d37250f0_0;
    %assign/vec4 v0x59e2d3722fd0_0, 0;
T_77.120 ;
T_77.119 ;
    %load/vec4 v0x59e2d3724f10_0;
    %cmpi/e 31, 0, 5;
    %jmp/0xz  T_77.122, 4;
    %load/vec4 v0x59e2d3724fb0_0;
    %assign/vec4 v0x59e2d3723070_0, 0;
    %jmp T_77.123;
T_77.122 ;
    %load/vec4 v0x59e2d3725050_0;
    %cmpi/e 31, 0, 5;
    %jmp/0xz  T_77.124, 4;
    %load/vec4 v0x59e2d37250f0_0;
    %assign/vec4 v0x59e2d3723070_0, 0;
T_77.124 ;
T_77.123 ;
T_77.1 ;
    %jmp T_77;
    .thread T_77;
    .scope S_0x59e2d3721be0;
T_78 ;
    %wait E_0x59e2d2e178b0;
    %load/vec4 v0x59e2d3724a10_0;
    %dup/vec4;
    %pushi/vec4 1, 0, 5;
    %cmp/u;
    %jmp/1 T_78.0, 6;
    %dup/vec4;
    %pushi/vec4 2, 0, 5;
    %cmp/u;
    %jmp/1 T_78.1, 6;
    %dup/vec4;
    %pushi/vec4 3, 0, 5;
    %cmp/u;
    %jmp/1 T_78.2, 6;
    %dup/vec4;
    %pushi/vec4 4, 0, 5;
    %cmp/u;
    %jmp/1 T_78.3, 6;
    %dup/vec4;
    %pushi/vec4 5, 0, 5;
    %cmp/u;
    %jmp/1 T_78.4, 6;
    %dup/vec4;
    %pushi/vec4 6, 0, 5;
    %cmp/u;
    %jmp/1 T_78.5, 6;
    %dup/vec4;
    %pushi/vec4 7, 0, 5;
    %cmp/u;
    %jmp/1 T_78.6, 6;
    %dup/vec4;
    %pushi/vec4 8, 0, 5;
    %cmp/u;
    %jmp/1 T_78.7, 6;
    %dup/vec4;
    %pushi/vec4 9, 0, 5;
    %cmp/u;
    %jmp/1 T_78.8, 6;
    %dup/vec4;
    %pushi/vec4 10, 0, 5;
    %cmp/u;
    %jmp/1 T_78.9, 6;
    %dup/vec4;
    %pushi/vec4 11, 0, 5;
    %cmp/u;
    %jmp/1 T_78.10, 6;
    %dup/vec4;
    %pushi/vec4 12, 0, 5;
    %cmp/u;
    %jmp/1 T_78.11, 6;
    %dup/vec4;
    %pushi/vec4 13, 0, 5;
    %cmp/u;
    %jmp/1 T_78.12, 6;
    %dup/vec4;
    %pushi/vec4 14, 0, 5;
    %cmp/u;
    %jmp/1 T_78.13, 6;
    %dup/vec4;
    %pushi/vec4 15, 0, 5;
    %cmp/u;
    %jmp/1 T_78.14, 6;
    %dup/vec4;
    %pushi/vec4 16, 0, 5;
    %cmp/u;
    %jmp/1 T_78.15, 6;
    %dup/vec4;
    %pushi/vec4 17, 0, 5;
    %cmp/u;
    %jmp/1 T_78.16, 6;
    %dup/vec4;
    %pushi/vec4 18, 0, 5;
    %cmp/u;
    %jmp/1 T_78.17, 6;
    %dup/vec4;
    %pushi/vec4 19, 0, 5;
    %cmp/u;
    %jmp/1 T_78.18, 6;
    %dup/vec4;
    %pushi/vec4 20, 0, 5;
    %cmp/u;
    %jmp/1 T_78.19, 6;
    %dup/vec4;
    %pushi/vec4 21, 0, 5;
    %cmp/u;
    %jmp/1 T_78.20, 6;
    %dup/vec4;
    %pushi/vec4 22, 0, 5;
    %cmp/u;
    %jmp/1 T_78.21, 6;
    %dup/vec4;
    %pushi/vec4 23, 0, 5;
    %cmp/u;
    %jmp/1 T_78.22, 6;
    %dup/vec4;
    %pushi/vec4 24, 0, 5;
    %cmp/u;
    %jmp/1 T_78.23, 6;
    %dup/vec4;
    %pushi/vec4 25, 0, 5;
    %cmp/u;
    %jmp/1 T_78.24, 6;
    %dup/vec4;
    %pushi/vec4 26, 0, 5;
    %cmp/u;
    %jmp/1 T_78.25, 6;
    %dup/vec4;
    %pushi/vec4 27, 0, 5;
    %cmp/u;
    %jmp/1 T_78.26, 6;
    %dup/vec4;
    %pushi/vec4 28, 0, 5;
    %cmp/u;
    %jmp/1 T_78.27, 6;
    %dup/vec4;
    %pushi/vec4 29, 0, 5;
    %cmp/u;
    %jmp/1 T_78.28, 6;
    %dup/vec4;
    %pushi/vec4 30, 0, 5;
    %cmp/u;
    %jmp/1 T_78.29, 6;
    %dup/vec4;
    %pushi/vec4 31, 0, 5;
    %cmp/u;
    %jmp/1 T_78.30, 6;
    %pushi/vec4 0, 0, 32;
    %store/vec4 v0x59e2d3721f90_0, 0, 32;
    %jmp T_78.32;
T_78.0 ;
    %load/vec4 v0x59e2d3722850_0;
    %store/vec4 v0x59e2d3721f90_0, 0, 32;
    %jmp T_78.32;
T_78.1 ;
    %load/vec4 v0x59e2d3722f30_0;
    %store/vec4 v0x59e2d3721f90_0, 0, 32;
    %jmp T_78.32;
T_78.2 ;
    %load/vec4 v0x59e2d3723110_0;
    %store/vec4 v0x59e2d3721f90_0, 0, 32;
    %jmp T_78.32;
T_78.3 ;
    %load/vec4 v0x59e2d37231b0_0;
    %store/vec4 v0x59e2d3721f90_0, 0, 32;
    %jmp T_78.32;
T_78.4 ;
    %load/vec4 v0x59e2d3723250_0;
    %store/vec4 v0x59e2d3721f90_0, 0, 32;
    %jmp T_78.32;
T_78.5 ;
    %load/vec4 v0x59e2d37232f0_0;
    %store/vec4 v0x59e2d3721f90_0, 0, 32;
    %jmp T_78.32;
T_78.6 ;
    %load/vec4 v0x59e2d3723390_0;
    %store/vec4 v0x59e2d3721f90_0, 0, 32;
    %jmp T_78.32;
T_78.7 ;
    %load/vec4 v0x59e2d3723430_0;
    %store/vec4 v0x59e2d3721f90_0, 0, 32;
    %jmp T_78.32;
T_78.8 ;
    %load/vec4 v0x59e2d37234d0_0;
    %store/vec4 v0x59e2d3721f90_0, 0, 32;
    %jmp T_78.32;
T_78.9 ;
    %load/vec4 v0x59e2d3722210_0;
    %store/vec4 v0x59e2d3721f90_0, 0, 32;
    %jmp T_78.32;
T_78.10 ;
    %load/vec4 v0x59e2d37222b0_0;
    %store/vec4 v0x59e2d3721f90_0, 0, 32;
    %jmp T_78.32;
T_78.11 ;
    %load/vec4 v0x59e2d3722350_0;
    %store/vec4 v0x59e2d3721f90_0, 0, 32;
    %jmp T_78.32;
T_78.12 ;
    %load/vec4 v0x59e2d37223f0_0;
    %store/vec4 v0x59e2d3721f90_0, 0, 32;
    %jmp T_78.32;
T_78.13 ;
    %load/vec4 v0x59e2d3722490_0;
    %store/vec4 v0x59e2d3721f90_0, 0, 32;
    %jmp T_78.32;
T_78.14 ;
    %load/vec4 v0x59e2d3722530_0;
    %store/vec4 v0x59e2d3721f90_0, 0, 32;
    %jmp T_78.32;
T_78.15 ;
    %load/vec4 v0x59e2d37225d0_0;
    %store/vec4 v0x59e2d3721f90_0, 0, 32;
    %jmp T_78.32;
T_78.16 ;
    %load/vec4 v0x59e2d3722670_0;
    %store/vec4 v0x59e2d3721f90_0, 0, 32;
    %jmp T_78.32;
T_78.17 ;
    %load/vec4 v0x59e2d3722710_0;
    %store/vec4 v0x59e2d3721f90_0, 0, 32;
    %jmp T_78.32;
T_78.18 ;
    %load/vec4 v0x59e2d37227b0_0;
    %store/vec4 v0x59e2d3721f90_0, 0, 32;
    %jmp T_78.32;
T_78.19 ;
    %load/vec4 v0x59e2d37228f0_0;
    %store/vec4 v0x59e2d3721f90_0, 0, 32;
    %jmp T_78.32;
T_78.20 ;
    %load/vec4 v0x59e2d3722990_0;
    %store/vec4 v0x59e2d3721f90_0, 0, 32;
    %jmp T_78.32;
T_78.21 ;
    %load/vec4 v0x59e2d3722a30_0;
    %store/vec4 v0x59e2d3721f90_0, 0, 32;
    %jmp T_78.32;
T_78.22 ;
    %load/vec4 v0x59e2d3722ad0_0;
    %store/vec4 v0x59e2d3721f90_0, 0, 32;
    %jmp T_78.32;
T_78.23 ;
    %load/vec4 v0x59e2d3722b70_0;
    %store/vec4 v0x59e2d3721f90_0, 0, 32;
    %jmp T_78.32;
T_78.24 ;
    %load/vec4 v0x59e2d3722c10_0;
    %store/vec4 v0x59e2d3721f90_0, 0, 32;
    %jmp T_78.32;
T_78.25 ;
    %load/vec4 v0x59e2d3722cb0_0;
    %store/vec4 v0x59e2d3721f90_0, 0, 32;
    %jmp T_78.32;
T_78.26 ;
    %load/vec4 v0x59e2d3722d50_0;
    %store/vec4 v0x59e2d3721f90_0, 0, 32;
    %jmp T_78.32;
T_78.27 ;
    %load/vec4 v0x59e2d3722df0_0;
    %store/vec4 v0x59e2d3721f90_0, 0, 32;
    %jmp T_78.32;
T_78.28 ;
    %load/vec4 v0x59e2d3722e90_0;
    %store/vec4 v0x59e2d3721f90_0, 0, 32;
    %jmp T_78.32;
T_78.29 ;
    %load/vec4 v0x59e2d3722fd0_0;
    %store/vec4 v0x59e2d3721f90_0, 0, 32;
    %jmp T_78.32;
T_78.30 ;
    %load/vec4 v0x59e2d3723070_0;
    %store/vec4 v0x59e2d3721f90_0, 0, 32;
    %jmp T_78.32;
T_78.32 ;
    %pop/vec4 1;
    %load/vec4 v0x59e2d3724c90_0;
    %dup/vec4;
    %pushi/vec4 1, 0, 5;
    %cmp/u;
    %jmp/1 T_78.33, 6;
    %dup/vec4;
    %pushi/vec4 2, 0, 5;
    %cmp/u;
    %jmp/1 T_78.34, 6;
    %dup/vec4;
    %pushi/vec4 3, 0, 5;
    %cmp/u;
    %jmp/1 T_78.35, 6;
    %dup/vec4;
    %pushi/vec4 4, 0, 5;
    %cmp/u;
    %jmp/1 T_78.36, 6;
    %dup/vec4;
    %pushi/vec4 5, 0, 5;
    %cmp/u;
    %jmp/1 T_78.37, 6;
    %dup/vec4;
    %pushi/vec4 6, 0, 5;
    %cmp/u;
    %jmp/1 T_78.38, 6;
    %dup/vec4;
    %pushi/vec4 7, 0, 5;
    %cmp/u;
    %jmp/1 T_78.39, 6;
    %dup/vec4;
    %pushi/vec4 8, 0, 5;
    %cmp/u;
    %jmp/1 T_78.40, 6;
    %dup/vec4;
    %pushi/vec4 9, 0, 5;
    %cmp/u;
    %jmp/1 T_78.41, 6;
    %dup/vec4;
    %pushi/vec4 10, 0, 5;
    %cmp/u;
    %jmp/1 T_78.42, 6;
    %dup/vec4;
    %pushi/vec4 11, 0, 5;
    %cmp/u;
    %jmp/1 T_78.43, 6;
    %dup/vec4;
    %pushi/vec4 12, 0, 5;
    %cmp/u;
    %jmp/1 T_78.44, 6;
    %dup/vec4;
    %pushi/vec4 13, 0, 5;
    %cmp/u;
    %jmp/1 T_78.45, 6;
    %dup/vec4;
    %pushi/vec4 14, 0, 5;
    %cmp/u;
    %jmp/1 T_78.46, 6;
    %dup/vec4;
    %pushi/vec4 15, 0, 5;
    %cmp/u;
    %jmp/1 T_78.47, 6;
    %dup/vec4;
    %pushi/vec4 16, 0, 5;
    %cmp/u;
    %jmp/1 T_78.48, 6;
    %dup/vec4;
    %pushi/vec4 17, 0, 5;
    %cmp/u;
    %jmp/1 T_78.49, 6;
    %dup/vec4;
    %pushi/vec4 18, 0, 5;
    %cmp/u;
    %jmp/1 T_78.50, 6;
    %dup/vec4;
    %pushi/vec4 19, 0, 5;
    %cmp/u;
    %jmp/1 T_78.51, 6;
    %dup/vec4;
    %pushi/vec4 20, 0, 5;
    %cmp/u;
    %jmp/1 T_78.52, 6;
    %dup/vec4;
    %pushi/vec4 21, 0, 5;
    %cmp/u;
    %jmp/1 T_78.53, 6;
    %dup/vec4;
    %pushi/vec4 22, 0, 5;
    %cmp/u;
    %jmp/1 T_78.54, 6;
    %dup/vec4;
    %pushi/vec4 23, 0, 5;
    %cmp/u;
    %jmp/1 T_78.55, 6;
    %dup/vec4;
    %pushi/vec4 24, 0, 5;
    %cmp/u;
    %jmp/1 T_78.56, 6;
    %dup/vec4;
    %pushi/vec4 25, 0, 5;
    %cmp/u;
    %jmp/1 T_78.57, 6;
    %dup/vec4;
    %pushi/vec4 26, 0, 5;
    %cmp/u;
    %jmp/1 T_78.58, 6;
    %dup/vec4;
    %pushi/vec4 27, 0, 5;
    %cmp/u;
    %jmp/1 T_78.59, 6;
    %dup/vec4;
    %pushi/vec4 28, 0, 5;
    %cmp/u;
    %jmp/1 T_78.60, 6;
    %dup/vec4;
    %pushi/vec4 29, 0, 5;
    %cmp/u;
    %jmp/1 T_78.61, 6;
    %dup/vec4;
    %pushi/vec4 30, 0, 5;
    %cmp/u;
    %jmp/1 T_78.62, 6;
    %dup/vec4;
    %pushi/vec4 31, 0, 5;
    %cmp/u;
    %jmp/1 T_78.63, 6;
    %pushi/vec4 0, 0, 32;
    %store/vec4 v0x59e2d37220d0_0, 0, 32;
    %jmp T_78.65;
T_78.33 ;
    %load/vec4 v0x59e2d3722850_0;
    %store/vec4 v0x59e2d37220d0_0, 0, 32;
    %jmp T_78.65;
T_78.34 ;
    %load/vec4 v0x59e2d3722f30_0;
    %store/vec4 v0x59e2d37220d0_0, 0, 32;
    %jmp T_78.65;
T_78.35 ;
    %load/vec4 v0x59e2d3723110_0;
    %store/vec4 v0x59e2d37220d0_0, 0, 32;
    %jmp T_78.65;
T_78.36 ;
    %load/vec4 v0x59e2d37231b0_0;
    %store/vec4 v0x59e2d37220d0_0, 0, 32;
    %jmp T_78.65;
T_78.37 ;
    %load/vec4 v0x59e2d3723250_0;
    %store/vec4 v0x59e2d37220d0_0, 0, 32;
    %jmp T_78.65;
T_78.38 ;
    %load/vec4 v0x59e2d37232f0_0;
    %store/vec4 v0x59e2d37220d0_0, 0, 32;
    %jmp T_78.65;
T_78.39 ;
    %load/vec4 v0x59e2d3723390_0;
    %store/vec4 v0x59e2d37220d0_0, 0, 32;
    %jmp T_78.65;
T_78.40 ;
    %load/vec4 v0x59e2d3723430_0;
    %store/vec4 v0x59e2d37220d0_0, 0, 32;
    %jmp T_78.65;
T_78.41 ;
    %load/vec4 v0x59e2d37234d0_0;
    %store/vec4 v0x59e2d37220d0_0, 0, 32;
    %jmp T_78.65;
T_78.42 ;
    %load/vec4 v0x59e2d3722210_0;
    %store/vec4 v0x59e2d37220d0_0, 0, 32;
    %jmp T_78.65;
T_78.43 ;
    %load/vec4 v0x59e2d37222b0_0;
    %store/vec4 v0x59e2d37220d0_0, 0, 32;
    %jmp T_78.65;
T_78.44 ;
    %load/vec4 v0x59e2d3722350_0;
    %store/vec4 v0x59e2d37220d0_0, 0, 32;
    %jmp T_78.65;
T_78.45 ;
    %load/vec4 v0x59e2d37223f0_0;
    %store/vec4 v0x59e2d37220d0_0, 0, 32;
    %jmp T_78.65;
T_78.46 ;
    %load/vec4 v0x59e2d3722490_0;
    %store/vec4 v0x59e2d37220d0_0, 0, 32;
    %jmp T_78.65;
T_78.47 ;
    %load/vec4 v0x59e2d3722530_0;
    %store/vec4 v0x59e2d37220d0_0, 0, 32;
    %jmp T_78.65;
T_78.48 ;
    %load/vec4 v0x59e2d37225d0_0;
    %store/vec4 v0x59e2d37220d0_0, 0, 32;
    %jmp T_78.65;
T_78.49 ;
    %load/vec4 v0x59e2d3722670_0;
    %store/vec4 v0x59e2d37220d0_0, 0, 32;
    %jmp T_78.65;
T_78.50 ;
    %load/vec4 v0x59e2d3722710_0;
    %store/vec4 v0x59e2d37220d0_0, 0, 32;
    %jmp T_78.65;
T_78.51 ;
    %load/vec4 v0x59e2d37227b0_0;
    %store/vec4 v0x59e2d37220d0_0, 0, 32;
    %jmp T_78.65;
T_78.52 ;
    %load/vec4 v0x59e2d37228f0_0;
    %store/vec4 v0x59e2d37220d0_0, 0, 32;
    %jmp T_78.65;
T_78.53 ;
    %load/vec4 v0x59e2d3722990_0;
    %store/vec4 v0x59e2d37220d0_0, 0, 32;
    %jmp T_78.65;
T_78.54 ;
    %load/vec4 v0x59e2d3722a30_0;
    %store/vec4 v0x59e2d37220d0_0, 0, 32;
    %jmp T_78.65;
T_78.55 ;
    %load/vec4 v0x59e2d3722ad0_0;
    %store/vec4 v0x59e2d37220d0_0, 0, 32;
    %jmp T_78.65;
T_78.56 ;
    %load/vec4 v0x59e2d3722b70_0;
    %store/vec4 v0x59e2d37220d0_0, 0, 32;
    %jmp T_78.65;
T_78.57 ;
    %load/vec4 v0x59e2d3722c10_0;
    %store/vec4 v0x59e2d37220d0_0, 0, 32;
    %jmp T_78.65;
T_78.58 ;
    %load/vec4 v0x59e2d3722cb0_0;
    %store/vec4 v0x59e2d37220d0_0, 0, 32;
    %jmp T_78.65;
T_78.59 ;
    %load/vec4 v0x59e2d3722d50_0;
    %store/vec4 v0x59e2d37220d0_0, 0, 32;
    %jmp T_78.65;
T_78.60 ;
    %load/vec4 v0x59e2d3722df0_0;
    %store/vec4 v0x59e2d37220d0_0, 0, 32;
    %jmp T_78.65;
T_78.61 ;
    %load/vec4 v0x59e2d3722e90_0;
    %store/vec4 v0x59e2d37220d0_0, 0, 32;
    %jmp T_78.65;
T_78.62 ;
    %load/vec4 v0x59e2d3722fd0_0;
    %store/vec4 v0x59e2d37220d0_0, 0, 32;
    %jmp T_78.65;
T_78.63 ;
    %load/vec4 v0x59e2d3723070_0;
    %store/vec4 v0x59e2d37220d0_0, 0, 32;
    %jmp T_78.65;
T_78.65 ;
    %pop/vec4 1;
    %jmp T_78;
    .thread T_78, $push;
    .scope S_0x59e2d3721be0;
T_79 ;
    %wait E_0x59e2d2e17870;
    %load/vec4 v0x59e2d3724b50_0;
    %dup/vec4;
    %pushi/vec4 1, 0, 5;
    %cmp/u;
    %jmp/1 T_79.0, 6;
    %dup/vec4;
    %pushi/vec4 2, 0, 5;
    %cmp/u;
    %jmp/1 T_79.1, 6;
    %dup/vec4;
    %pushi/vec4 3, 0, 5;
    %cmp/u;
    %jmp/1 T_79.2, 6;
    %dup/vec4;
    %pushi/vec4 4, 0, 5;
    %cmp/u;
    %jmp/1 T_79.3, 6;
    %dup/vec4;
    %pushi/vec4 5, 0, 5;
    %cmp/u;
    %jmp/1 T_79.4, 6;
    %dup/vec4;
    %pushi/vec4 6, 0, 5;
    %cmp/u;
    %jmp/1 T_79.5, 6;
    %dup/vec4;
    %pushi/vec4 7, 0, 5;
    %cmp/u;
    %jmp/1 T_79.6, 6;
    %dup/vec4;
    %pushi/vec4 8, 0, 5;
    %cmp/u;
    %jmp/1 T_79.7, 6;
    %dup/vec4;
    %pushi/vec4 9, 0, 5;
    %cmp/u;
    %jmp/1 T_79.8, 6;
    %dup/vec4;
    %pushi/vec4 10, 0, 5;
    %cmp/u;
    %jmp/1 T_79.9, 6;
    %dup/vec4;
    %pushi/vec4 11, 0, 5;
    %cmp/u;
    %jmp/1 T_79.10, 6;
    %dup/vec4;
    %pushi/vec4 12, 0, 5;
    %cmp/u;
    %jmp/1 T_79.11, 6;
    %dup/vec4;
    %pushi/vec4 13, 0, 5;
    %cmp/u;
    %jmp/1 T_79.12, 6;
    %dup/vec4;
    %pushi/vec4 14, 0, 5;
    %cmp/u;
    %jmp/1 T_79.13, 6;
    %dup/vec4;
    %pushi/vec4 15, 0, 5;
    %cmp/u;
    %jmp/1 T_79.14, 6;
    %dup/vec4;
    %pushi/vec4 16, 0, 5;
    %cmp/u;
    %jmp/1 T_79.15, 6;
    %dup/vec4;
    %pushi/vec4 17, 0, 5;
    %cmp/u;
    %jmp/1 T_79.16, 6;
    %dup/vec4;
    %pushi/vec4 18, 0, 5;
    %cmp/u;
    %jmp/1 T_79.17, 6;
    %dup/vec4;
    %pushi/vec4 19, 0, 5;
    %cmp/u;
    %jmp/1 T_79.18, 6;
    %dup/vec4;
    %pushi/vec4 20, 0, 5;
    %cmp/u;
    %jmp/1 T_79.19, 6;
    %dup/vec4;
    %pushi/vec4 21, 0, 5;
    %cmp/u;
    %jmp/1 T_79.20, 6;
    %dup/vec4;
    %pushi/vec4 22, 0, 5;
    %cmp/u;
    %jmp/1 T_79.21, 6;
    %dup/vec4;
    %pushi/vec4 23, 0, 5;
    %cmp/u;
    %jmp/1 T_79.22, 6;
    %dup/vec4;
    %pushi/vec4 24, 0, 5;
    %cmp/u;
    %jmp/1 T_79.23, 6;
    %dup/vec4;
    %pushi/vec4 25, 0, 5;
    %cmp/u;
    %jmp/1 T_79.24, 6;
    %dup/vec4;
    %pushi/vec4 26, 0, 5;
    %cmp/u;
    %jmp/1 T_79.25, 6;
    %dup/vec4;
    %pushi/vec4 27, 0, 5;
    %cmp/u;
    %jmp/1 T_79.26, 6;
    %dup/vec4;
    %pushi/vec4 28, 0, 5;
    %cmp/u;
    %jmp/1 T_79.27, 6;
    %dup/vec4;
    %pushi/vec4 29, 0, 5;
    %cmp/u;
    %jmp/1 T_79.28, 6;
    %dup/vec4;
    %pushi/vec4 30, 0, 5;
    %cmp/u;
    %jmp/1 T_79.29, 6;
    %dup/vec4;
    %pushi/vec4 31, 0, 5;
    %cmp/u;
    %jmp/1 T_79.30, 6;
    %pushi/vec4 0, 0, 32;
    %store/vec4 v0x59e2d3722030_0, 0, 32;
    %jmp T_79.32;
T_79.0 ;
    %load/vec4 v0x59e2d3722850_0;
    %store/vec4 v0x59e2d3722030_0, 0, 32;
    %jmp T_79.32;
T_79.1 ;
    %load/vec4 v0x59e2d3722f30_0;
    %store/vec4 v0x59e2d3722030_0, 0, 32;
    %jmp T_79.32;
T_79.2 ;
    %load/vec4 v0x59e2d3723110_0;
    %store/vec4 v0x59e2d3722030_0, 0, 32;
    %jmp T_79.32;
T_79.3 ;
    %load/vec4 v0x59e2d37231b0_0;
    %store/vec4 v0x59e2d3722030_0, 0, 32;
    %jmp T_79.32;
T_79.4 ;
    %load/vec4 v0x59e2d3723250_0;
    %store/vec4 v0x59e2d3722030_0, 0, 32;
    %jmp T_79.32;
T_79.5 ;
    %load/vec4 v0x59e2d37232f0_0;
    %store/vec4 v0x59e2d3722030_0, 0, 32;
    %jmp T_79.32;
T_79.6 ;
    %load/vec4 v0x59e2d3723390_0;
    %store/vec4 v0x59e2d3722030_0, 0, 32;
    %jmp T_79.32;
T_79.7 ;
    %load/vec4 v0x59e2d3723430_0;
    %store/vec4 v0x59e2d3722030_0, 0, 32;
    %jmp T_79.32;
T_79.8 ;
    %load/vec4 v0x59e2d37234d0_0;
    %store/vec4 v0x59e2d3722030_0, 0, 32;
    %jmp T_79.32;
T_79.9 ;
    %load/vec4 v0x59e2d3722210_0;
    %store/vec4 v0x59e2d3722030_0, 0, 32;
    %jmp T_79.32;
T_79.10 ;
    %load/vec4 v0x59e2d37222b0_0;
    %store/vec4 v0x59e2d3722030_0, 0, 32;
    %jmp T_79.32;
T_79.11 ;
    %load/vec4 v0x59e2d3722350_0;
    %store/vec4 v0x59e2d3722030_0, 0, 32;
    %jmp T_79.32;
T_79.12 ;
    %load/vec4 v0x59e2d37223f0_0;
    %store/vec4 v0x59e2d3722030_0, 0, 32;
    %jmp T_79.32;
T_79.13 ;
    %load/vec4 v0x59e2d3722490_0;
    %store/vec4 v0x59e2d3722030_0, 0, 32;
    %jmp T_79.32;
T_79.14 ;
    %load/vec4 v0x59e2d3722530_0;
    %store/vec4 v0x59e2d3722030_0, 0, 32;
    %jmp T_79.32;
T_79.15 ;
    %load/vec4 v0x59e2d37225d0_0;
    %store/vec4 v0x59e2d3722030_0, 0, 32;
    %jmp T_79.32;
T_79.16 ;
    %load/vec4 v0x59e2d3722670_0;
    %store/vec4 v0x59e2d3722030_0, 0, 32;
    %jmp T_79.32;
T_79.17 ;
    %load/vec4 v0x59e2d3722710_0;
    %store/vec4 v0x59e2d3722030_0, 0, 32;
    %jmp T_79.32;
T_79.18 ;
    %load/vec4 v0x59e2d37227b0_0;
    %store/vec4 v0x59e2d3722030_0, 0, 32;
    %jmp T_79.32;
T_79.19 ;
    %load/vec4 v0x59e2d37228f0_0;
    %store/vec4 v0x59e2d3722030_0, 0, 32;
    %jmp T_79.32;
T_79.20 ;
    %load/vec4 v0x59e2d3722990_0;
    %store/vec4 v0x59e2d3722030_0, 0, 32;
    %jmp T_79.32;
T_79.21 ;
    %load/vec4 v0x59e2d3722a30_0;
    %store/vec4 v0x59e2d3722030_0, 0, 32;
    %jmp T_79.32;
T_79.22 ;
    %load/vec4 v0x59e2d3722ad0_0;
    %store/vec4 v0x59e2d3722030_0, 0, 32;
    %jmp T_79.32;
T_79.23 ;
    %load/vec4 v0x59e2d3722b70_0;
    %store/vec4 v0x59e2d3722030_0, 0, 32;
    %jmp T_79.32;
T_79.24 ;
    %load/vec4 v0x59e2d3722c10_0;
    %store/vec4 v0x59e2d3722030_0, 0, 32;
    %jmp T_79.32;
T_79.25 ;
    %load/vec4 v0x59e2d3722cb0_0;
    %store/vec4 v0x59e2d3722030_0, 0, 32;
    %jmp T_79.32;
T_79.26 ;
    %load/vec4 v0x59e2d3722d50_0;
    %store/vec4 v0x59e2d3722030_0, 0, 32;
    %jmp T_79.32;
T_79.27 ;
    %load/vec4 v0x59e2d3722df0_0;
    %store/vec4 v0x59e2d3722030_0, 0, 32;
    %jmp T_79.32;
T_79.28 ;
    %load/vec4 v0x59e2d3722e90_0;
    %store/vec4 v0x59e2d3722030_0, 0, 32;
    %jmp T_79.32;
T_79.29 ;
    %load/vec4 v0x59e2d3722fd0_0;
    %store/vec4 v0x59e2d3722030_0, 0, 32;
    %jmp T_79.32;
T_79.30 ;
    %load/vec4 v0x59e2d3723070_0;
    %store/vec4 v0x59e2d3722030_0, 0, 32;
    %jmp T_79.32;
T_79.32 ;
    %pop/vec4 1;
    %load/vec4 v0x59e2d3724dd0_0;
    %dup/vec4;
    %pushi/vec4 1, 0, 5;
    %cmp/u;
    %jmp/1 T_79.33, 6;
    %dup/vec4;
    %pushi/vec4 2, 0, 5;
    %cmp/u;
    %jmp/1 T_79.34, 6;
    %dup/vec4;
    %pushi/vec4 3, 0, 5;
    %cmp/u;
    %jmp/1 T_79.35, 6;
    %dup/vec4;
    %pushi/vec4 4, 0, 5;
    %cmp/u;
    %jmp/1 T_79.36, 6;
    %dup/vec4;
    %pushi/vec4 5, 0, 5;
    %cmp/u;
    %jmp/1 T_79.37, 6;
    %dup/vec4;
    %pushi/vec4 6, 0, 5;
    %cmp/u;
    %jmp/1 T_79.38, 6;
    %dup/vec4;
    %pushi/vec4 7, 0, 5;
    %cmp/u;
    %jmp/1 T_79.39, 6;
    %dup/vec4;
    %pushi/vec4 8, 0, 5;
    %cmp/u;
    %jmp/1 T_79.40, 6;
    %dup/vec4;
    %pushi/vec4 9, 0, 5;
    %cmp/u;
    %jmp/1 T_79.41, 6;
    %dup/vec4;
    %pushi/vec4 10, 0, 5;
    %cmp/u;
    %jmp/1 T_79.42, 6;
    %dup/vec4;
    %pushi/vec4 11, 0, 5;
    %cmp/u;
    %jmp/1 T_79.43, 6;
    %dup/vec4;
    %pushi/vec4 12, 0, 5;
    %cmp/u;
    %jmp/1 T_79.44, 6;
    %dup/vec4;
    %pushi/vec4 13, 0, 5;
    %cmp/u;
    %jmp/1 T_79.45, 6;
    %dup/vec4;
    %pushi/vec4 14, 0, 5;
    %cmp/u;
    %jmp/1 T_79.46, 6;
    %dup/vec4;
    %pushi/vec4 15, 0, 5;
    %cmp/u;
    %jmp/1 T_79.47, 6;
    %dup/vec4;
    %pushi/vec4 16, 0, 5;
    %cmp/u;
    %jmp/1 T_79.48, 6;
    %dup/vec4;
    %pushi/vec4 17, 0, 5;
    %cmp/u;
    %jmp/1 T_79.49, 6;
    %dup/vec4;
    %pushi/vec4 18, 0, 5;
    %cmp/u;
    %jmp/1 T_79.50, 6;
    %dup/vec4;
    %pushi/vec4 19, 0, 5;
    %cmp/u;
    %jmp/1 T_79.51, 6;
    %dup/vec4;
    %pushi/vec4 20, 0, 5;
    %cmp/u;
    %jmp/1 T_79.52, 6;
    %dup/vec4;
    %pushi/vec4 21, 0, 5;
    %cmp/u;
    %jmp/1 T_79.53, 6;
    %dup/vec4;
    %pushi/vec4 22, 0, 5;
    %cmp/u;
    %jmp/1 T_79.54, 6;
    %dup/vec4;
    %pushi/vec4 23, 0, 5;
    %cmp/u;
    %jmp/1 T_79.55, 6;
    %dup/vec4;
    %pushi/vec4 24, 0, 5;
    %cmp/u;
    %jmp/1 T_79.56, 6;
    %dup/vec4;
    %pushi/vec4 25, 0, 5;
    %cmp/u;
    %jmp/1 T_79.57, 6;
    %dup/vec4;
    %pushi/vec4 26, 0, 5;
    %cmp/u;
    %jmp/1 T_79.58, 6;
    %dup/vec4;
    %pushi/vec4 27, 0, 5;
    %cmp/u;
    %jmp/1 T_79.59, 6;
    %dup/vec4;
    %pushi/vec4 28, 0, 5;
    %cmp/u;
    %jmp/1 T_79.60, 6;
    %dup/vec4;
    %pushi/vec4 29, 0, 5;
    %cmp/u;
    %jmp/1 T_79.61, 6;
    %dup/vec4;
    %pushi/vec4 30, 0, 5;
    %cmp/u;
    %jmp/1 T_79.62, 6;
    %dup/vec4;
    %pushi/vec4 31, 0, 5;
    %cmp/u;
    %jmp/1 T_79.63, 6;
    %pushi/vec4 0, 0, 32;
    %store/vec4 v0x59e2d3722170_0, 0, 32;
    %jmp T_79.65;
T_79.33 ;
    %load/vec4 v0x59e2d3722850_0;
    %store/vec4 v0x59e2d3722170_0, 0, 32;
    %jmp T_79.65;
T_79.34 ;
    %load/vec4 v0x59e2d3722f30_0;
    %store/vec4 v0x59e2d3722170_0, 0, 32;
    %jmp T_79.65;
T_79.35 ;
    %load/vec4 v0x59e2d3723110_0;
    %store/vec4 v0x59e2d3722170_0, 0, 32;
    %jmp T_79.65;
T_79.36 ;
    %load/vec4 v0x59e2d37231b0_0;
    %store/vec4 v0x59e2d3722170_0, 0, 32;
    %jmp T_79.65;
T_79.37 ;
    %load/vec4 v0x59e2d3723250_0;
    %store/vec4 v0x59e2d3722170_0, 0, 32;
    %jmp T_79.65;
T_79.38 ;
    %load/vec4 v0x59e2d37232f0_0;
    %store/vec4 v0x59e2d3722170_0, 0, 32;
    %jmp T_79.65;
T_79.39 ;
    %load/vec4 v0x59e2d3723390_0;
    %store/vec4 v0x59e2d3722170_0, 0, 32;
    %jmp T_79.65;
T_79.40 ;
    %load/vec4 v0x59e2d3723430_0;
    %store/vec4 v0x59e2d3722170_0, 0, 32;
    %jmp T_79.65;
T_79.41 ;
    %load/vec4 v0x59e2d37234d0_0;
    %store/vec4 v0x59e2d3722170_0, 0, 32;
    %jmp T_79.65;
T_79.42 ;
    %load/vec4 v0x59e2d3722210_0;
    %store/vec4 v0x59e2d3722170_0, 0, 32;
    %jmp T_79.65;
T_79.43 ;
    %load/vec4 v0x59e2d37222b0_0;
    %store/vec4 v0x59e2d3722170_0, 0, 32;
    %jmp T_79.65;
T_79.44 ;
    %load/vec4 v0x59e2d3722350_0;
    %store/vec4 v0x59e2d3722170_0, 0, 32;
    %jmp T_79.65;
T_79.45 ;
    %load/vec4 v0x59e2d37223f0_0;
    %store/vec4 v0x59e2d3722170_0, 0, 32;
    %jmp T_79.65;
T_79.46 ;
    %load/vec4 v0x59e2d3722490_0;
    %store/vec4 v0x59e2d3722170_0, 0, 32;
    %jmp T_79.65;
T_79.47 ;
    %load/vec4 v0x59e2d3722530_0;
    %store/vec4 v0x59e2d3722170_0, 0, 32;
    %jmp T_79.65;
T_79.48 ;
    %load/vec4 v0x59e2d37225d0_0;
    %store/vec4 v0x59e2d3722170_0, 0, 32;
    %jmp T_79.65;
T_79.49 ;
    %load/vec4 v0x59e2d3722670_0;
    %store/vec4 v0x59e2d3722170_0, 0, 32;
    %jmp T_79.65;
T_79.50 ;
    %load/vec4 v0x59e2d3722710_0;
    %store/vec4 v0x59e2d3722170_0, 0, 32;
    %jmp T_79.65;
T_79.51 ;
    %load/vec4 v0x59e2d37227b0_0;
    %store/vec4 v0x59e2d3722170_0, 0, 32;
    %jmp T_79.65;
T_79.52 ;
    %load/vec4 v0x59e2d37228f0_0;
    %store/vec4 v0x59e2d3722170_0, 0, 32;
    %jmp T_79.65;
T_79.53 ;
    %load/vec4 v0x59e2d3722990_0;
    %store/vec4 v0x59e2d3722170_0, 0, 32;
    %jmp T_79.65;
T_79.54 ;
    %load/vec4 v0x59e2d3722a30_0;
    %store/vec4 v0x59e2d3722170_0, 0, 32;
    %jmp T_79.65;
T_79.55 ;
    %load/vec4 v0x59e2d3722ad0_0;
    %store/vec4 v0x59e2d3722170_0, 0, 32;
    %jmp T_79.65;
T_79.56 ;
    %load/vec4 v0x59e2d3722b70_0;
    %store/vec4 v0x59e2d3722170_0, 0, 32;
    %jmp T_79.65;
T_79.57 ;
    %load/vec4 v0x59e2d3722c10_0;
    %store/vec4 v0x59e2d3722170_0, 0, 32;
    %jmp T_79.65;
T_79.58 ;
    %load/vec4 v0x59e2d3722cb0_0;
    %store/vec4 v0x59e2d3722170_0, 0, 32;
    %jmp T_79.65;
T_79.59 ;
    %load/vec4 v0x59e2d3722d50_0;
    %store/vec4 v0x59e2d3722170_0, 0, 32;
    %jmp T_79.65;
T_79.60 ;
    %load/vec4 v0x59e2d3722df0_0;
    %store/vec4 v0x59e2d3722170_0, 0, 32;
    %jmp T_79.65;
T_79.61 ;
    %load/vec4 v0x59e2d3722e90_0;
    %store/vec4 v0x59e2d3722170_0, 0, 32;
    %jmp T_79.65;
T_79.62 ;
    %load/vec4 v0x59e2d3722fd0_0;
    %store/vec4 v0x59e2d3722170_0, 0, 32;
    %jmp T_79.65;
T_79.63 ;
    %load/vec4 v0x59e2d3723070_0;
    %store/vec4 v0x59e2d3722170_0, 0, 32;
    %jmp T_79.65;
T_79.65 ;
    %pop/vec4 1;
    %jmp T_79;
    .thread T_79, $push;
    .scope S_0x59e2d3710aa0;
T_80 ;
    %wait E_0x59e2d2ddd780;
    %load/vec4 v0x59e2d3734ec0_0;
    %flag_set/vec4 8;
    %jmp/0xz  T_80.0, 8;
    %pushi/vec4 0, 0, 32;
    %assign/vec4 v0x59e2d3732a80_0, 0;
    %jmp T_80.1;
T_80.0 ;
    %load/vec4 v0x59e2d3728520_0;
    %flag_set/vec4 8;
    %jmp/0xz  T_80.2, 8;
    %load/vec4 v0x59e2d37283e0_0;
    %assign/vec4 v0x59e2d3732a80_0, 0;
    %jmp T_80.3;
T_80.2 ;
    %load/vec4 v0x59e2d37288e0_0;
    %flag_set/vec4 8;
    %jmp/0xz  T_80.4, 8;
    %load/vec4 v0x59e2d37287a0_0;
    %assign/vec4 v0x59e2d3732a80_0, 0;
    %jmp T_80.5;
T_80.4 ;
    %load/vec4 v0x59e2d3728700_0;
    %flag_set/vec4 8;
    %jmp/0xz  T_80.6, 8;
    %load/vec4 v0x59e2d37285c0_0;
    %assign/vec4 v0x59e2d3732a80_0, 0;
    %jmp T_80.7;
T_80.6 ;
    %load/vec4 v0x59e2d372b8f0_0;
    %flag_set/vec4 8;
    %jmp/0xz  T_80.8, 8;
    %load/vec4 v0x59e2d3732a80_0;
    %addi 8, 0, 32;
    %assign/vec4 v0x59e2d3732a80_0, 0;
    %jmp T_80.9;
T_80.8 ;
    %load/vec4 v0x59e2d3735000_0;
    %flag_set/vec4 8;
    %jmp/0xz  T_80.10, 8;
    %load/vec4 v0x59e2d3732a80_0;
    %addi 4, 0, 32;
    %assign/vec4 v0x59e2d3732a80_0, 0;
T_80.10 ;
T_80.9 ;
T_80.7 ;
T_80.5 ;
T_80.3 ;
T_80.1 ;
    %jmp T_80;
    .thread T_80;
    .scope S_0x59e2d3710aa0;
T_81 ;
    %wait E_0x59e2d2ddd780;
    %load/vec4 v0x59e2d3734ec0_0;
    %flag_set/vec4 8;
    %jmp/0xz  T_81.0, 8;
    %pushi/vec4 3, 0, 2;
    %assign/vec4 v0x59e2d3734e20_0, 0;
    %jmp T_81.1;
T_81.0 ;
    %load/vec4 v0x59e2d3728520_0;
    %flag_set/vec4 8;
    %jmp/0xz  T_81.2, 8;
    %load/vec4 v0x59e2d3728480_0;
    %assign/vec4 v0x59e2d3734e20_0, 0;
T_81.2 ;
T_81.1 ;
    %jmp T_81;
    .thread T_81;
    .scope S_0x59e2d3710aa0;
T_82 ;
    %wait E_0x59e2d2ec9210;
    %pushi/vec4 0, 0, 1;
    %store/vec4 v0x59e2d372f1d0_0, 0, 1;
    %pushi/vec4 0, 0, 1;
    %store/vec4 v0x59e2d37350a0_0, 0, 1;
    %pushi/vec4 0, 0, 1;
    %store/vec4 v0x59e2d3735140_0, 0, 1;
    %load/vec4 v0x59e2d3728520_0;
    %flag_set/vec4 8;
    %jmp/1 T_82.2, 8;
    %load/vec4 v0x59e2d37351e0_0;
    %flag_set/vec4 9;
    %flag_or 8, 9;
T_82.2;
    %jmp/0xz  T_82.0, 8;
    %pushi/vec4 0, 0, 1;
    %store/vec4 v0x59e2d37350a0_0, 0, 1;
    %pushi/vec4 0, 0, 1;
    %store/vec4 v0x59e2d3735140_0, 0, 1;
    %jmp T_82.1;
T_82.0 ;
    %load/vec4 v0x59e2d372c890_0;
    %flag_set/vec4 9;
    %flag_get/vec4 9;
    %jmp/0 T_82.5, 9;
    %load/vec4 v0x59e2d372c7f0_0;
    %parti/s 30, 2, 3;
    %concati/vec4 0, 0, 2;
    %load/vec4 v0x59e2d3732a80_0;
    %parti/s 30, 2, 3;
    %concati/vec4 0, 0, 2;
    %cmp/e;
    %flag_get/vec4 4;
    %and;
T_82.5;
    %flag_set/vec4 8;
    %jmp/0xz  T_82.3, 8;
    %pushi/vec4 1, 0, 1;
    %store/vec4 v0x59e2d37350a0_0, 0, 1;
    %jmp T_82.4;
T_82.3 ;
    %load/vec4 v0x59e2d372d3d0_0;
    %flag_set/vec4 9;
    %flag_get/vec4 9;
    %jmp/0 T_82.8, 9;
    %load/vec4 v0x59e2d372d330_0;
    %parti/s 30, 2, 3;
    %concati/vec4 0, 0, 2;
    %load/vec4 v0x59e2d3732a80_0;
    %parti/s 30, 2, 3;
    %concati/vec4 0, 0, 2;
    %cmp/e;
    %flag_get/vec4 4;
    %and;
T_82.8;
    %flag_set/vec4 8;
    %jmp/0xz  T_82.6, 8;
    %pushi/vec4 1, 0, 1;
    %store/vec4 v0x59e2d3735140_0, 0, 1;
    %jmp T_82.7;
T_82.6 ;
    %load/vec4 v0x59e2d372c890_0;
    %flag_set/vec4 8;
    %jmp/1 T_82.11, 8;
    %load/vec4 v0x59e2d372d3d0_0;
    %flag_set/vec4 9;
    %flag_or 8, 9;
T_82.11;
    %jmp/0xz  T_82.9, 8;
    %pushi/vec4 1, 0, 1;
    %store/vec4 v0x59e2d372f1d0_0, 0, 1;
T_82.9 ;
T_82.7 ;
T_82.4 ;
T_82.1 ;
    %jmp T_82;
    .thread T_82, $push;
    .scope S_0x59e2d3710aa0;
T_83 ;
    %wait E_0x59e2d2ec91d0;
    %pushi/vec4 0, 0, 32;
    %store/vec4 v0x59e2d3732580_0, 0, 32;
    %pushi/vec4 0, 0, 32;
    %store/vec4 v0x59e2d3732940_0, 0, 32;
    %pushi/vec4 0, 0, 1;
    %store/vec4 v0x59e2d3732620_0, 0, 1;
    %pushi/vec4 0, 0, 1;
    %store/vec4 v0x59e2d37329e0_0, 0, 1;
    %pushi/vec4 0, 0, 2;
    %store/vec4 v0x59e2d37323a0_0, 0, 2;
    %pushi/vec4 0, 0, 2;
    %store/vec4 v0x59e2d3732760_0, 0, 2;
    %pushi/vec4 0, 0, 32;
    %store/vec4 v0x59e2d37324e0_0, 0, 32;
    %pushi/vec4 0, 0, 32;
    %store/vec4 v0x59e2d37328a0_0, 0, 32;
    %load/vec4 v0x59e2d37350a0_0;
    %flag_set/vec4 8;
    %jmp/0xz  T_83.0, 8;
    %pushi/vec4 1, 0, 1;
    %store/vec4 v0x59e2d3732620_0, 0, 1;
    %load/vec4 v0x59e2d372d3d0_0;
    %store/vec4 v0x59e2d37329e0_0, 0, 1;
    %load/vec4 v0x59e2d372c2f0_0;
    %store/vec4 v0x59e2d3732580_0, 0, 32;
    %load/vec4 v0x59e2d372c7f0_0;
    %store/vec4 v0x59e2d37324e0_0, 0, 32;
    %load/vec4 v0x59e2d372bf30_0;
    %load/vec4 v0x59e2d372be90_0;
    %concat/vec4; draw_concat_vec4
    %store/vec4 v0x59e2d37323a0_0, 0, 2;
    %load/vec4 v0x59e2d372ce30_0;
    %store/vec4 v0x59e2d3732940_0, 0, 32;
    %load/vec4 v0x59e2d372d330_0;
    %store/vec4 v0x59e2d37328a0_0, 0, 32;
    %load/vec4 v0x59e2d372ca70_0;
    %load/vec4 v0x59e2d372c9d0_0;
    %concat/vec4; draw_concat_vec4
    %store/vec4 v0x59e2d3732760_0, 0, 2;
    %jmp T_83.1;
T_83.0 ;
    %load/vec4 v0x59e2d3735140_0;
    %flag_set/vec4 8;
    %jmp/0xz  T_83.2, 8;
    %pushi/vec4 1, 0, 1;
    %store/vec4 v0x59e2d3732620_0, 0, 1;
    %pushi/vec4 0, 0, 1;
    %store/vec4 v0x59e2d37329e0_0, 0, 1;
    %load/vec4 v0x59e2d372ce30_0;
    %store/vec4 v0x59e2d3732580_0, 0, 32;
    %load/vec4 v0x59e2d372d330_0;
    %store/vec4 v0x59e2d37324e0_0, 0, 32;
    %load/vec4 v0x59e2d372ca70_0;
    %load/vec4 v0x59e2d372c9d0_0;
    %concat/vec4; draw_concat_vec4
    %store/vec4 v0x59e2d37323a0_0, 0, 2;
    %pushi/vec4 0, 0, 32;
    %store/vec4 v0x59e2d3732940_0, 0, 32;
    %pushi/vec4 0, 0, 32;
    %store/vec4 v0x59e2d37328a0_0, 0, 32;
    %pushi/vec4 0, 0, 2;
    %store/vec4 v0x59e2d3732760_0, 0, 2;
T_83.2 ;
T_83.1 ;
    %jmp T_83;
    .thread T_83, $push;
    .scope S_0x59e2d3710aa0;
T_84 ;
    %wait E_0x59e2d2ddd780;
    %load/vec4 v0x59e2d3734ec0_0;
    %flag_set/vec4 8;
    %jmp/0xz  T_84.0, 8;
    %pushi/vec4 0, 0, 1;
    %assign/vec4 v0x59e2d372b7b0_0, 0;
    %jmp T_84.1;
T_84.0 ;
    %load/vec4 v0x59e2d3733b60_0;
    %flag_set/vec4 8;
    %jmp/1 T_84.4, 8;
    %load/vec4 v0x59e2d3734ba0_0;
    %flag_set/vec4 9;
    %flag_or 8, 9;
T_84.4;
    %jmp/0xz  T_84.2, 8;
    %pushi/vec4 0, 0, 1;
    %assign/vec4 v0x59e2d372b7b0_0, 0;
    %jmp T_84.3;
T_84.2 ;
    %load/vec4 v0x59e2d372b710_0;
    %flag_set/vec4 9;
    %flag_get/vec4 9;
    %jmp/0 T_84.7, 9;
    %load/vec4 v0x59e2d372d6f0_0;
    %and;
T_84.7;
    %flag_set/vec4 8;
    %jmp/0xz  T_84.5, 8;
    %pushi/vec4 1, 0, 1;
    %assign/vec4 v0x59e2d372b7b0_0, 0;
    %jmp T_84.6;
T_84.5 ;
    %load/vec4 v0x59e2d37355a0_0;
    %flag_set/vec4 8;
    %jmp/0xz  T_84.8, 8;
    %pushi/vec4 0, 0, 1;
    %assign/vec4 v0x59e2d372b7b0_0, 0;
T_84.8 ;
T_84.6 ;
T_84.3 ;
T_84.1 ;
    %jmp T_84;
    .thread T_84;
    .scope S_0x59e2d3710aa0;
T_85 ;
    %wait E_0x59e2d2ddd780;
    %load/vec4 v0x59e2d3734ec0_0;
    %flag_set/vec4 8;
    %jmp/0xz  T_85.0, 8;
    %pushi/vec4 0, 0, 1;
    %assign/vec4 v0x59e2d372b030_0, 0;
    %jmp T_85.1;
T_85.0 ;
    %load/vec4 v0x59e2d3733b60_0;
    %flag_set/vec4 8;
    %jmp/1 T_85.4, 8;
    %load/vec4 v0x59e2d3734ba0_0;
    %flag_set/vec4 9;
    %flag_or 8, 9;
T_85.4;
    %jmp/0xz  T_85.2, 8;
    %pushi/vec4 0, 0, 1;
    %assign/vec4 v0x59e2d372b030_0, 0;
    %jmp T_85.3;
T_85.2 ;
    %load/vec4 v0x59e2d372af90_0;
    %flag_set/vec4 9;
    %flag_get/vec4 9;
    %jmp/0 T_85.7, 9;
    %load/vec4 v0x59e2d372d650_0;
    %and;
T_85.7;
    %flag_set/vec4 8;
    %jmp/0xz  T_85.5, 8;
    %pushi/vec4 1, 0, 1;
    %assign/vec4 v0x59e2d372b030_0, 0;
    %jmp T_85.6;
T_85.5 ;
    %load/vec4 v0x59e2d3732bc0_0;
    %flag_set/vec4 8;
    %jmp/0xz  T_85.8, 8;
    %pushi/vec4 0, 0, 1;
    %assign/vec4 v0x59e2d372b030_0, 0;
T_85.8 ;
T_85.6 ;
T_85.3 ;
T_85.1 ;
    %jmp T_85;
    .thread T_85;
    .scope S_0x59e2d3710aa0;
T_86 ;
    %wait E_0x59e2d2ddd780;
    %load/vec4 v0x59e2d3734ec0_0;
    %flag_set/vec4 8;
    %jmp/0xz  T_86.0, 8;
    %pushi/vec4 0, 0, 1;
    %assign/vec4 v0x59e2d372fe50_0, 0;
    %jmp T_86.1;
T_86.0 ;
    %load/vec4 v0x59e2d3733b60_0;
    %flag_set/vec4 8;
    %jmp/1 T_86.4, 8;
    %load/vec4 v0x59e2d3734ba0_0;
    %flag_set/vec4 9;
    %flag_or 8, 9;
T_86.4;
    %jmp/0xz  T_86.2, 8;
    %pushi/vec4 0, 0, 1;
    %assign/vec4 v0x59e2d372fe50_0, 0;
    %jmp T_86.3;
T_86.2 ;
    %load/vec4 v0x59e2d372fdb0_0;
    %flag_set/vec4 9;
    %flag_get/vec4 9;
    %jmp/0 T_86.7, 9;
    %load/vec4 v0x59e2d372dab0_0;
    %and;
T_86.7;
    %flag_set/vec4 8;
    %jmp/0xz  T_86.5, 8;
    %pushi/vec4 1, 0, 1;
    %assign/vec4 v0x59e2d372fe50_0, 0;
    %jmp T_86.6;
T_86.5 ;
    %load/vec4 v0x59e2d3735b40_0;
    %flag_set/vec4 8;
    %jmp/0xz  T_86.8, 8;
    %pushi/vec4 0, 0, 1;
    %assign/vec4 v0x59e2d372fe50_0, 0;
T_86.8 ;
T_86.6 ;
T_86.3 ;
T_86.1 ;
    %jmp T_86;
    .thread T_86;
    .scope S_0x59e2d3710aa0;
T_87 ;
    %wait E_0x59e2d2ddd780;
    %load/vec4 v0x59e2d3734ec0_0;
    %flag_set/vec4 8;
    %jmp/0xz  T_87.0, 8;
    %pushi/vec4 0, 0, 1;
    %assign/vec4 v0x59e2d3731720_0, 0;
    %jmp T_87.1;
T_87.0 ;
    %load/vec4 v0x59e2d3733b60_0;
    %flag_set/vec4 8;
    %jmp/1 T_87.4, 8;
    %load/vec4 v0x59e2d3734ba0_0;
    %flag_set/vec4 9;
    %flag_or 8, 9;
T_87.4;
    %jmp/0xz  T_87.2, 8;
    %pushi/vec4 0, 0, 1;
    %assign/vec4 v0x59e2d3731720_0, 0;
    %jmp T_87.3;
T_87.2 ;
    %load/vec4 v0x59e2d3731680_0;
    %flag_set/vec4 9;
    %flag_get/vec4 9;
    %jmp/0 T_87.7, 9;
    %load/vec4 v0x59e2d372dbf0_0;
    %and;
T_87.7;
    %flag_set/vec4 8;
    %jmp/0xz  T_87.5, 8;
    %pushi/vec4 1, 0, 1;
    %assign/vec4 v0x59e2d3731720_0, 0;
    %jmp T_87.6;
T_87.5 ;
    %load/vec4 v0x59e2d3735f00_0;
    %flag_set/vec4 8;
    %jmp/0xz  T_87.8, 8;
    %pushi/vec4 0, 0, 1;
    %assign/vec4 v0x59e2d3731720_0, 0;
T_87.8 ;
T_87.6 ;
T_87.3 ;
T_87.1 ;
    %jmp T_87;
    .thread T_87;
    .scope S_0x59e2d3710aa0;
T_88 ;
    %wait E_0x59e2d2ddd780;
    %load/vec4 v0x59e2d3734ec0_0;
    %flag_set/vec4 8;
    %jmp/0xz  T_88.0, 8;
    %pushi/vec4 0, 0, 5;
    %assign/vec4 v0x59e2d372a6e0_0, 0;
    %jmp T_88.1;
T_88.0 ;
    %load/vec4 v0x59e2d3733b60_0;
    %flag_set/vec4 8;
    %jmp/1 T_88.4, 8;
    %load/vec4 v0x59e2d3734ba0_0;
    %flag_set/vec4 9;
    %flag_or 8, 9;
T_88.4;
    %jmp/0xz  T_88.2, 8;
    %pushi/vec4 0, 0, 5;
    %assign/vec4 v0x59e2d372a6e0_0, 0;
    %jmp T_88.3;
T_88.2 ;
    %load/vec4 v0x59e2d372fdb0_0;
    %flag_set/vec4 9;
    %flag_get/vec4 9;
    %jmp/0 T_88.7, 9;
    %load/vec4 v0x59e2d372dab0_0;
    %and;
T_88.7;
    %flag_set/vec4 8;
    %jmp/0xz  T_88.5, 8;
    %load/vec4 v0x59e2d372e050_0;
    %assign/vec4 v0x59e2d372a6e0_0, 0;
    %jmp T_88.6;
T_88.5 ;
    %load/vec4 v0x59e2d3735b40_0;
    %flag_set/vec4 8;
    %jmp/0xz  T_88.8, 8;
    %pushi/vec4 0, 0, 5;
    %assign/vec4 v0x59e2d372a6e0_0, 0;
T_88.8 ;
T_88.6 ;
T_88.3 ;
T_88.1 ;
    %jmp T_88;
    .thread T_88;
    .scope S_0x59e2d3710aa0;
T_89 ;
    %wait E_0x59e2d2ddd780;
    %load/vec4 v0x59e2d3734ec0_0;
    %flag_set/vec4 8;
    %jmp/0xz  T_89.0, 8;
    %pushi/vec4 0, 0, 5;
    %assign/vec4 v0x59e2d37317c0_0, 0;
    %jmp T_89.1;
T_89.0 ;
    %load/vec4 v0x59e2d3733b60_0;
    %flag_set/vec4 8;
    %jmp/1 T_89.4, 8;
    %load/vec4 v0x59e2d3734ba0_0;
    %flag_set/vec4 9;
    %flag_or 8, 9;
T_89.4;
    %jmp/0xz  T_89.2, 8;
    %pushi/vec4 0, 0, 5;
    %assign/vec4 v0x59e2d37317c0_0, 0;
    %jmp T_89.3;
T_89.2 ;
    %load/vec4 v0x59e2d3731680_0;
    %flag_set/vec4 9;
    %flag_get/vec4 9;
    %jmp/0 T_89.7, 9;
    %load/vec4 v0x59e2d372dbf0_0;
    %and;
T_89.7;
    %flag_set/vec4 8;
    %jmp/0xz  T_89.5, 8;
    %load/vec4 v0x59e2d372e050_0;
    %assign/vec4 v0x59e2d37317c0_0, 0;
    %jmp T_89.6;
T_89.5 ;
    %load/vec4 v0x59e2d3735f00_0;
    %flag_set/vec4 8;
    %jmp/0xz  T_89.8, 8;
    %pushi/vec4 0, 0, 5;
    %assign/vec4 v0x59e2d37317c0_0, 0;
T_89.8 ;
T_89.6 ;
T_89.3 ;
T_89.1 ;
    %jmp T_89;
    .thread T_89;
    .scope S_0x59e2d3710aa0;
T_90 ;
    %wait E_0x59e2d2ddd780;
    %load/vec4 v0x59e2d3734ec0_0;
    %flag_set/vec4 8;
    %jmp/0xz  T_90.0, 8;
    %pushi/vec4 0, 0, 1;
    %assign/vec4 v0x59e2d372a000_0, 0;
    %jmp T_90.1;
T_90.0 ;
    %load/vec4 v0x59e2d3733b60_0;
    %flag_set/vec4 8;
    %jmp/1 T_90.4, 8;
    %load/vec4 v0x59e2d3734ba0_0;
    %flag_set/vec4 9;
    %flag_or 8, 9;
T_90.4;
    %jmp/0xz  T_90.2, 8;
    %pushi/vec4 0, 0, 1;
    %assign/vec4 v0x59e2d372a000_0, 0;
    %jmp T_90.3;
T_90.2 ;
    %load/vec4 v0x59e2d3729f60_0;
    %flag_set/vec4 9;
    %flag_get/vec4 9;
    %jmp/0 T_90.7, 9;
    %load/vec4 v0x59e2d372d5b0_0;
    %and;
T_90.7;
    %flag_set/vec4 8;
    %jmp/0xz  T_90.5, 8;
    %pushi/vec4 1, 0, 1;
    %assign/vec4 v0x59e2d372a000_0, 0;
    %jmp T_90.6;
T_90.5 ;
    %load/vec4 v0x59e2d3735460_0;
    %flag_set/vec4 8;
    %jmp/0xz  T_90.8, 8;
    %pushi/vec4 0, 0, 1;
    %assign/vec4 v0x59e2d372a000_0, 0;
T_90.8 ;
T_90.6 ;
T_90.3 ;
T_90.1 ;
    %jmp T_90;
    .thread T_90;
    .scope S_0x59e2d3710aa0;
T_91 ;
    %wait E_0x59e2d2ddd780;
    %load/vec4 v0x59e2d3734ec0_0;
    %flag_set/vec4 8;
    %jmp/0xz  T_91.0, 8;
    %pushi/vec4 0, 0, 5;
    %assign/vec4 v0x59e2d372a0a0_0, 0;
    %jmp T_91.1;
T_91.0 ;
    %load/vec4 v0x59e2d3733b60_0;
    %flag_set/vec4 8;
    %jmp/1 T_91.4, 8;
    %load/vec4 v0x59e2d3734ba0_0;
    %flag_set/vec4 9;
    %flag_or 8, 9;
T_91.4;
    %jmp/0xz  T_91.2, 8;
    %pushi/vec4 0, 0, 5;
    %assign/vec4 v0x59e2d372a0a0_0, 0;
    %jmp T_91.3;
T_91.2 ;
    %load/vec4 v0x59e2d3729f60_0;
    %flag_set/vec4 9;
    %flag_get/vec4 9;
    %jmp/0 T_91.7, 9;
    %load/vec4 v0x59e2d372d5b0_0;
    %and;
T_91.7;
    %flag_set/vec4 8;
    %jmp/0xz  T_91.5, 8;
    %load/vec4 v0x59e2d372e050_0;
    %assign/vec4 v0x59e2d372a0a0_0, 0;
    %jmp T_91.6;
T_91.5 ;
    %load/vec4 v0x59e2d3735460_0;
    %flag_set/vec4 8;
    %jmp/0xz  T_91.8, 8;
    %pushi/vec4 0, 0, 5;
    %assign/vec4 v0x59e2d372a0a0_0, 0;
T_91.8 ;
T_91.6 ;
T_91.3 ;
T_91.1 ;
    %jmp T_91;
    .thread T_91;
    .scope S_0x59e2d3710aa0;
T_92 ;
    %wait E_0x59e2d2ddd780;
    %load/vec4 v0x59e2d3734ec0_0;
    %flag_set/vec4 8;
    %jmp/0xz  T_92.0, 8;
    %pushi/vec4 0, 0, 1;
    %assign/vec4 v0x59e2d3731040_0, 0;
    %jmp T_92.1;
T_92.0 ;
    %load/vec4 v0x59e2d3733b60_0;
    %flag_set/vec4 8;
    %jmp/1 T_92.4, 8;
    %load/vec4 v0x59e2d3734ba0_0;
    %flag_set/vec4 9;
    %flag_or 8, 9;
T_92.4;
    %jmp/0xz  T_92.2, 8;
    %pushi/vec4 0, 0, 1;
    %assign/vec4 v0x59e2d3731040_0, 0;
    %jmp T_92.3;
T_92.2 ;
    %load/vec4 v0x59e2d3730fa0_0;
    %flag_set/vec4 9;
    %flag_get/vec4 9;
    %jmp/0 T_92.7, 9;
    %load/vec4 v0x59e2d372db50_0;
    %and;
T_92.7;
    %flag_set/vec4 8;
    %jmp/0xz  T_92.5, 8;
    %pushi/vec4 1, 0, 1;
    %assign/vec4 v0x59e2d3731040_0, 0;
    %jmp T_92.6;
T_92.5 ;
    %load/vec4 v0x59e2d3735d20_0;
    %flag_set/vec4 8;
    %jmp/0xz  T_92.8, 8;
    %pushi/vec4 0, 0, 1;
    %assign/vec4 v0x59e2d3731040_0, 0;
T_92.8 ;
T_92.6 ;
T_92.3 ;
T_92.1 ;
    %jmp T_92;
    .thread T_92;
    .scope S_0x59e2d3710aa0;
T_93 ;
    %wait E_0x59e2d2ddd780;
    %load/vec4 v0x59e2d3734ec0_0;
    %flag_set/vec4 8;
    %jmp/0xz  T_93.0, 8;
    %pushi/vec4 0, 0, 5;
    %assign/vec4 v0x59e2d37310e0_0, 0;
    %jmp T_93.1;
T_93.0 ;
    %load/vec4 v0x59e2d3733b60_0;
    %flag_set/vec4 8;
    %jmp/1 T_93.4, 8;
    %load/vec4 v0x59e2d3734ba0_0;
    %flag_set/vec4 9;
    %flag_or 8, 9;
T_93.4;
    %jmp/0xz  T_93.2, 8;
    %pushi/vec4 0, 0, 5;
    %assign/vec4 v0x59e2d37310e0_0, 0;
    %jmp T_93.3;
T_93.2 ;
    %load/vec4 v0x59e2d3730fa0_0;
    %flag_set/vec4 9;
    %flag_get/vec4 9;
    %jmp/0 T_93.7, 9;
    %load/vec4 v0x59e2d372db50_0;
    %and;
T_93.7;
    %flag_set/vec4 8;
    %jmp/0xz  T_93.5, 8;
    %load/vec4 v0x59e2d372e050_0;
    %assign/vec4 v0x59e2d37310e0_0, 0;
    %jmp T_93.6;
T_93.5 ;
    %load/vec4 v0x59e2d3735d20_0;
    %flag_set/vec4 8;
    %jmp/0xz  T_93.8, 8;
    %pushi/vec4 0, 0, 5;
    %assign/vec4 v0x59e2d37310e0_0, 0;
T_93.8 ;
T_93.6 ;
T_93.3 ;
T_93.1 ;
    %jmp T_93;
    .thread T_93;
    .scope S_0x59e2d3710aa0;
T_94 ;
    %wait E_0x59e2d2eddfd0;
    %pushi/vec4 0, 0, 1;
    %store/vec4 v0x59e2d3732440_0, 0, 1;
    %pushi/vec4 0, 0, 1;
    %store/vec4 v0x59e2d3732800_0, 0, 1;
    %pushi/vec4 0, 0, 1;
    %store/vec4 v0x59e2d3732300_0, 0, 1;
    %pushi/vec4 0, 0, 1;
    %store/vec4 v0x59e2d37326c0_0, 0, 1;
    %pushi/vec4 0, 0, 32;
    %store/vec4 v0x59e2d3734f60_0, 0, 32;
    %pushi/vec4 0, 0, 1;
    %store/vec4 v0x59e2d37341a0_0, 0, 1;
    %pushi/vec4 0, 0, 1;
    %store/vec4 v0x59e2d3734240_0, 0, 1;
    %load/vec4 v0x59e2d372fe50_0;
    %flag_set/vec4 9;
    %flag_get/vec4 9;
    %jmp/0 T_94.2, 9;
    %load/vec4 v0x59e2d372a6e0_0;
    %pushi/vec4 0, 0, 5;
    %cmp/ne;
    %flag_get/vec4 4;
    %and;
T_94.2;
    %flag_set/vec4 8;
    %jmp/0xz  T_94.0, 8;
    %pushi/vec4 1, 0, 1;
    %ix/getv 4, v0x59e2d372a6e0_0;
    %store/vec4 v0x59e2d3734f60_0, 4, 1;
T_94.0 ;
    %load/vec4 v0x59e2d3731720_0;
    %flag_set/vec4 9;
    %flag_get/vec4 9;
    %jmp/0 T_94.5, 9;
    %load/vec4 v0x59e2d37317c0_0;
    %pushi/vec4 0, 0, 5;
    %cmp/ne;
    %flag_get/vec4 4;
    %and;
T_94.5;
    %flag_set/vec4 8;
    %jmp/0xz  T_94.3, 8;
    %pushi/vec4 1, 0, 1;
    %ix/getv 4, v0x59e2d37317c0_0;
    %store/vec4 v0x59e2d3734f60_0, 4, 1;
T_94.3 ;
    %load/vec4 v0x59e2d372a000_0;
    %flag_set/vec4 9;
    %flag_get/vec4 9;
    %jmp/0 T_94.8, 9;
    %load/vec4 v0x59e2d372a0a0_0;
    %pushi/vec4 0, 0, 5;
    %cmp/ne;
    %flag_get/vec4 4;
    %and;
T_94.8;
    %flag_set/vec4 8;
    %jmp/0xz  T_94.6, 8;
    %pushi/vec4 1, 0, 1;
    %ix/getv 4, v0x59e2d372a0a0_0;
    %store/vec4 v0x59e2d3734f60_0, 4, 1;
T_94.6 ;
    %load/vec4 v0x59e2d3731040_0;
    %flag_set/vec4 9;
    %flag_get/vec4 9;
    %jmp/0 T_94.11, 9;
    %load/vec4 v0x59e2d37310e0_0;
    %pushi/vec4 0, 0, 5;
    %cmp/ne;
    %flag_get/vec4 4;
    %and;
T_94.11;
    %flag_set/vec4 8;
    %jmp/0xz  T_94.9, 8;
    %pushi/vec4 1, 0, 1;
    %ix/getv 4, v0x59e2d37310e0_0;
    %store/vec4 v0x59e2d3734f60_0, 4, 1;
T_94.9 ;
    %load/vec4 v0x59e2d3732d00_0;
    %flag_set/vec4 8;
    %jmp/1 T_94.14, 8;
    %load/vec4 v0x59e2d3732e40_0;
    %flag_set/vec4 9;
    %flag_or 8, 9;
T_94.14;
    %jmp/0xz  T_94.12, 8;
    %pushi/vec4 1, 0, 1;
    %ix/getv 4, v0x59e2d3733480_0;
    %store/vec4 v0x59e2d3734f60_0, 4, 1;
T_94.12 ;
    %load/vec4 v0x59e2d3733f20_0;
    %flag_set/vec4 8;
    %jmp/1 T_94.17, 8;
    %load/vec4 v0x59e2d3734060_0;
    %flag_set/vec4 9;
    %flag_or 8, 9;
T_94.17;
    %jmp/0xz  T_94.15, 8;
    %pushi/vec4 1, 0, 1;
    %ix/getv 4, v0x59e2d3734880_0;
    %store/vec4 v0x59e2d3734f60_0, 4, 1;
T_94.15 ;
    %load/vec4 v0x59e2d3732d00_0;
    %flag_set/vec4 9;
    %jmp/1 T_94.23, 9;
    %load/vec4 v0x59e2d3733ca0_0;
    %flag_set/vec4 10;
    %flag_or 9, 10;
T_94.23;
    %jmp/1 T_94.22, 9;
    %load/vec4 v0x59e2d3733f20_0;
    %flag_set/vec4 10;
    %flag_or 9, 10;
T_94.22;
    %jmp/1 T_94.21, 9;
    %load/vec4 v0x59e2d3734ce0_0;
    %flag_set/vec4 10;
    %flag_or 9, 10;
T_94.21;
    %flag_get/vec4 9;
    %jmp/0 T_94.20, 9;
    %load/vec4 v0x59e2d372da10_0;
    %flag_set/vec4 9;
    %jmp/1 T_94.29, 9;
    %load/vec4 v0x59e2d372d6f0_0;
    %flag_set/vec4 10;
    %flag_or 9, 10;
T_94.29;
    %jmp/1 T_94.28, 9;
    %load/vec4 v0x59e2d372d650_0;
    %flag_set/vec4 10;
    %flag_or 9, 10;
T_94.28;
    %jmp/1 T_94.27, 9;
    %load/vec4 v0x59e2d372dab0_0;
    %flag_set/vec4 10;
    %flag_or 9, 10;
T_94.27;
    %jmp/1 T_94.26, 9;
    %load/vec4 v0x59e2d372dbf0_0;
    %flag_set/vec4 10;
    %flag_or 9, 10;
T_94.26;
    %jmp/1 T_94.25, 9;
    %load/vec4 v0x59e2d372d5b0_0;
    %flag_set/vec4 10;
    %flag_or 9, 10;
T_94.25;
    %flag_get/vec4 9;
    %jmp/1 T_94.24, 9;
    %load/vec4 v0x59e2d372db50_0;
    %or;
T_94.24;
    %and;
T_94.20;
    %flag_set/vec4 8;
    %jmp/0xz  T_94.18, 8;
    %pushi/vec4 4294967295, 0, 32;
    %store/vec4 v0x59e2d3734f60_0, 0, 32;
T_94.18 ;
    %load/vec4 v0x59e2d372f130_0;
    %flag_set/vec4 8;
    %jmp/1 T_94.34, 8;
    %load/vec4 v0x59e2d3735280_0;
    %flag_set/vec4 9;
    %flag_or 8, 9;
T_94.34;
    %jmp/1 T_94.33, 8;
    %load/vec4 v0x59e2d372b7b0_0;
    %flag_set/vec4 9;
    %flag_or 8, 9;
T_94.33;
    %jmp/1 T_94.32, 8;
    %load/vec4 v0x59e2d372b030_0;
    %flag_set/vec4 9;
    %flag_or 8, 9;
T_94.32;
    %jmp/0xz  T_94.30, 8;
    %jmp T_94.31;
T_94.30 ;
    %load/vec4 v0x59e2d3732620_0;
    %flag_set/vec4 12;
    %flag_get/vec4 12;
    %jmp/0 T_94.40, 12;
    %load/vec4 v0x59e2d3734f60_0;
    %load/vec4 v0x59e2d372dc90_0;
    %part/u 1;
    %flag_set/vec4 12;
    %jmp/1 T_94.42, 12;
    %load/vec4 v0x59e2d3734f60_0;
    %load/vec4 v0x59e2d372de70_0;
    %part/u 1;
    %flag_set/vec4 13;
    %flag_or 12, 13;
T_94.42;
    %flag_get/vec4 12;
    %jmp/1 T_94.41, 12;
    %load/vec4 v0x59e2d3734f60_0;
    %load/vec4 v0x59e2d372e050_0;
    %part/u 1;
    %or;
T_94.41;
    %nor/r;
    %and;
T_94.40;
    %flag_set/vec4 11;
    %flag_get/vec4 11;
    %jmp/0 T_94.39, 11;
    %load/vec4 v0x59e2d372dbf0_0;
    %flag_set/vec4 11;
    %flag_get/vec4 11;
    %jmp/0 T_94.43, 11;
    %load/vec4 v0x59e2d3731720_0;
    %and;
T_94.43;
    %inv;
    %and;
T_94.39;
    %flag_set/vec4 10;
    %flag_get/vec4 10;
    %jmp/0 T_94.38, 10;
    %load/vec4 v0x59e2d372d5b0_0;
    %flag_set/vec4 10;
    %flag_get/vec4 10;
    %jmp/0 T_94.44, 10;
    %load/vec4 v0x59e2d372a000_0;
    %and;
T_94.44;
    %inv;
    %and;
T_94.38;
    %flag_set/vec4 9;
    %flag_get/vec4 9;
    %jmp/0 T_94.37, 9;
    %load/vec4 v0x59e2d372db50_0;
    %flag_set/vec4 9;
    %flag_get/vec4 9;
    %jmp/0 T_94.45, 9;
    %load/vec4 v0x59e2d3731040_0;
    %and;
T_94.45;
    %inv;
    %and;
T_94.37;
    %flag_set/vec4 8;
    %jmp/0xz  T_94.35, 8;
    %pushi/vec4 1, 0, 1;
    %store/vec4 v0x59e2d3732440_0, 0, 1;
    %pushi/vec4 1, 0, 1;
    %store/vec4 v0x59e2d3732300_0, 0, 1;
    %load/vec4 v0x59e2d3732300_0;
    %flag_set/vec4 10;
    %flag_get/vec4 10;
    %jmp/0 T_94.49, 10;
    %load/vec4 v0x59e2d372e0f0_0;
    %and;
T_94.49;
    %flag_set/vec4 9;
    %flag_get/vec4 9;
    %jmp/0 T_94.48, 9;
    %load/vec4 v0x59e2d372e050_0;
    %or/r;
    %and;
T_94.48;
    %flag_set/vec4 8;
    %jmp/0xz  T_94.46, 8;
    %pushi/vec4 1, 0, 1;
    %ix/getv 4, v0x59e2d372e050_0;
    %store/vec4 v0x59e2d3734f60_0, 4, 1;
T_94.46 ;
T_94.35 ;
T_94.31 ;
    %load/vec4 v0x59e2d372f130_0;
    %flag_set/vec4 8;
    %jmp/1 T_94.54, 8;
    %load/vec4 v0x59e2d3735280_0;
    %flag_set/vec4 9;
    %flag_or 8, 9;
T_94.54;
    %jmp/1 T_94.53, 8;
    %load/vec4 v0x59e2d372b7b0_0;
    %flag_set/vec4 9;
    %flag_or 8, 9;
T_94.53;
    %jmp/1 T_94.52, 8;
    %load/vec4 v0x59e2d372b030_0;
    %flag_set/vec4 9;
    %flag_or 8, 9;
T_94.52;
    %jmp/0xz  T_94.50, 8;
    %jmp T_94.51;
T_94.50 ;
    %load/vec4 v0x59e2d372b850_0;
    %flag_set/vec4 11;
    %flag_get/vec4 11;
    %jmp/0 T_94.59, 11;
    %load/vec4 v0x59e2d37329e0_0;
    %and;
T_94.59;
    %flag_set/vec4 10;
    %flag_get/vec4 10;
    %jmp/0 T_94.58, 10;
    %load/vec4 v0x59e2d3732300_0;
    %and;
T_94.58;
    %flag_set/vec4 9;
    %flag_get/vec4 9;
    %jmp/0 T_94.57, 9;
    %load/vec4 v0x59e2d3734f60_0;
    %load/vec4 v0x59e2d372e690_0;
    %part/u 1;
    %flag_set/vec4 9;
    %jmp/1 T_94.61, 9;
    %load/vec4 v0x59e2d3734f60_0;
    %load/vec4 v0x59e2d372e870_0;
    %part/u 1;
    %flag_set/vec4 10;
    %flag_or 9, 10;
T_94.61;
    %flag_get/vec4 9;
    %jmp/1 T_94.60, 9;
    %load/vec4 v0x59e2d3734f60_0;
    %load/vec4 v0x59e2d372ea50_0;
    %part/u 1;
    %or;
T_94.60;
    %nor/r;
    %and;
T_94.57;
    %flag_set/vec4 8;
    %jmp/0xz  T_94.55, 8;
    %pushi/vec4 1, 0, 1;
    %store/vec4 v0x59e2d3732800_0, 0, 1;
    %pushi/vec4 1, 0, 1;
    %store/vec4 v0x59e2d37326c0_0, 0, 1;
    %load/vec4 v0x59e2d372e550_0;
    %store/vec4 v0x59e2d37341a0_0, 0, 1;
    %load/vec4 v0x59e2d372e5f0_0;
    %store/vec4 v0x59e2d3734240_0, 0, 1;
    %load/vec4 v0x59e2d37326c0_0;
    %flag_set/vec4 10;
    %flag_get/vec4 10;
    %jmp/0 T_94.65, 10;
    %load/vec4 v0x59e2d372eaf0_0;
    %and;
T_94.65;
    %flag_set/vec4 9;
    %flag_get/vec4 9;
    %jmp/0 T_94.64, 9;
    %load/vec4 v0x59e2d372ea50_0;
    %or/r;
    %and;
T_94.64;
    %flag_set/vec4 8;
    %jmp/0xz  T_94.62, 8;
    %pushi/vec4 1, 0, 1;
    %ix/getv 4, v0x59e2d372ea50_0;
    %store/vec4 v0x59e2d3734f60_0, 4, 1;
T_94.62 ;
T_94.55 ;
T_94.51 ;
    %jmp T_94;
    .thread T_94, $push;
    .scope S_0x59e2d3710aa0;
T_95 ;
    %wait E_0x59e2d2eddf90;
    %load/vec4 v0x59e2d372ddd0_0;
    %store/vec4 v0x59e2d372dd30_0, 0, 32;
    %load/vec4 v0x59e2d372dfb0_0;
    %store/vec4 v0x59e2d372df10_0, 0, 32;
    %load/vec4 v0x59e2d37337a0_0;
    %load/vec4 v0x59e2d372dc90_0;
    %cmp/e;
    %jmp/0xz  T_95.0, 4;
    %load/vec4 v0x59e2d3733ac0_0;
    %store/vec4 v0x59e2d372dd30_0, 0, 32;
T_95.0 ;
    %load/vec4 v0x59e2d37337a0_0;
    %load/vec4 v0x59e2d372de70_0;
    %cmp/e;
    %jmp/0xz  T_95.2, 4;
    %load/vec4 v0x59e2d3733ac0_0;
    %store/vec4 v0x59e2d372df10_0, 0, 32;
T_95.2 ;
    %load/vec4 v0x59e2d37349c0_0;
    %load/vec4 v0x59e2d372dc90_0;
    %cmp/e;
    %jmp/0xz  T_95.4, 4;
    %load/vec4 v0x59e2d3734b00_0;
    %store/vec4 v0x59e2d372dd30_0, 0, 32;
T_95.4 ;
    %load/vec4 v0x59e2d37349c0_0;
    %load/vec4 v0x59e2d372de70_0;
    %cmp/e;
    %jmp/0xz  T_95.6, 4;
    %load/vec4 v0x59e2d3734b00_0;
    %store/vec4 v0x59e2d372df10_0, 0, 32;
T_95.6 ;
    %load/vec4 v0x59e2d372a140_0;
    %flag_set/vec4 9;
    %flag_get/vec4 9;
    %jmp/0 T_95.10, 9;
    %load/vec4 v0x59e2d37353c0_0;
    %load/vec4 v0x59e2d372dc90_0;
    %cmp/e;
    %flag_get/vec4 4;
    %and;
T_95.10;
    %flag_set/vec4 8;
    %jmp/0xz  T_95.8, 8;
    %load/vec4 v0x59e2d3735500_0;
    %store/vec4 v0x59e2d372dd30_0, 0, 32;
    %jmp T_95.9;
T_95.8 ;
    %load/vec4 v0x59e2d3731860_0;
    %flag_set/vec4 9;
    %flag_get/vec4 9;
    %jmp/0 T_95.13, 9;
    %load/vec4 v0x59e2d3735e60_0;
    %load/vec4 v0x59e2d372dc90_0;
    %cmp/e;
    %flag_get/vec4 4;
    %and;
T_95.13;
    %flag_set/vec4 8;
    %jmp/0xz  T_95.11, 8;
    %load/vec4 v0x59e2d3735fa0_0;
    %store/vec4 v0x59e2d372dd30_0, 0, 32;
    %jmp T_95.12;
T_95.11 ;
    %load/vec4 v0x59e2d372a7a0_0;
    %flag_set/vec4 9;
    %flag_get/vec4 9;
    %jmp/0 T_95.16, 9;
    %load/vec4 v0x59e2d3735aa0_0;
    %load/vec4 v0x59e2d372dc90_0;
    %cmp/e;
    %flag_get/vec4 4;
    %and;
T_95.16;
    %flag_set/vec4 8;
    %jmp/0xz  T_95.14, 8;
    %load/vec4 v0x59e2d3735be0_0;
    %store/vec4 v0x59e2d372dd30_0, 0, 32;
T_95.14 ;
T_95.12 ;
T_95.9 ;
    %load/vec4 v0x59e2d372a140_0;
    %flag_set/vec4 9;
    %flag_get/vec4 9;
    %jmp/0 T_95.19, 9;
    %load/vec4 v0x59e2d37353c0_0;
    %load/vec4 v0x59e2d372de70_0;
    %cmp/e;
    %flag_get/vec4 4;
    %and;
T_95.19;
    %flag_set/vec4 8;
    %jmp/0xz  T_95.17, 8;
    %load/vec4 v0x59e2d3735500_0;
    %store/vec4 v0x59e2d372df10_0, 0, 32;
    %jmp T_95.18;
T_95.17 ;
    %load/vec4 v0x59e2d3731860_0;
    %flag_set/vec4 9;
    %flag_get/vec4 9;
    %jmp/0 T_95.22, 9;
    %load/vec4 v0x59e2d3735e60_0;
    %load/vec4 v0x59e2d372de70_0;
    %cmp/e;
    %flag_get/vec4 4;
    %and;
T_95.22;
    %flag_set/vec4 8;
    %jmp/0xz  T_95.20, 8;
    %load/vec4 v0x59e2d3735fa0_0;
    %store/vec4 v0x59e2d372df10_0, 0, 32;
    %jmp T_95.21;
T_95.20 ;
    %load/vec4 v0x59e2d372a7a0_0;
    %flag_set/vec4 9;
    %flag_get/vec4 9;
    %jmp/0 T_95.25, 9;
    %load/vec4 v0x59e2d3735aa0_0;
    %load/vec4 v0x59e2d372de70_0;
    %cmp/e;
    %flag_get/vec4 4;
    %and;
T_95.25;
    %flag_set/vec4 8;
    %jmp/0xz  T_95.23, 8;
    %load/vec4 v0x59e2d3735be0_0;
    %store/vec4 v0x59e2d372df10_0, 0, 32;
T_95.23 ;
T_95.21 ;
T_95.18 ;
    %load/vec4 v0x59e2d3733520_0;
    %load/vec4 v0x59e2d372dc90_0;
    %cmp/e;
    %jmp/0xz  T_95.26, 4;
    %load/vec4 v0x59e2d3733840_0;
    %store/vec4 v0x59e2d372dd30_0, 0, 32;
T_95.26 ;
    %load/vec4 v0x59e2d3733520_0;
    %load/vec4 v0x59e2d372de70_0;
    %cmp/e;
    %jmp/0xz  T_95.28, 4;
    %load/vec4 v0x59e2d3733840_0;
    %store/vec4 v0x59e2d372df10_0, 0, 32;
T_95.28 ;
    %load/vec4 v0x59e2d3734920_0;
    %load/vec4 v0x59e2d372dc90_0;
    %cmp/e;
    %jmp/0xz  T_95.30, 4;
    %load/vec4 v0x59e2d3734a60_0;
    %store/vec4 v0x59e2d372dd30_0, 0, 32;
T_95.30 ;
    %load/vec4 v0x59e2d3734920_0;
    %load/vec4 v0x59e2d372de70_0;
    %cmp/e;
    %jmp/0xz  T_95.32, 4;
    %load/vec4 v0x59e2d3734a60_0;
    %store/vec4 v0x59e2d372df10_0, 0, 32;
T_95.32 ;
    %load/vec4 v0x59e2d3733480_0;
    %load/vec4 v0x59e2d372dc90_0;
    %cmp/e;
    %jmp/0xz  T_95.34, 4;
    %load/vec4 v0x59e2d37356e0_0;
    %store/vec4 v0x59e2d372dd30_0, 0, 32;
T_95.34 ;
    %load/vec4 v0x59e2d3733480_0;
    %load/vec4 v0x59e2d372de70_0;
    %cmp/e;
    %jmp/0xz  T_95.36, 4;
    %load/vec4 v0x59e2d37356e0_0;
    %store/vec4 v0x59e2d372df10_0, 0, 32;
T_95.36 ;
    %load/vec4 v0x59e2d3734880_0;
    %load/vec4 v0x59e2d372dc90_0;
    %cmp/e;
    %jmp/0xz  T_95.38, 4;
    %load/vec4 v0x59e2d3735780_0;
    %store/vec4 v0x59e2d372dd30_0, 0, 32;
T_95.38 ;
    %load/vec4 v0x59e2d3734880_0;
    %load/vec4 v0x59e2d372de70_0;
    %cmp/e;
    %jmp/0xz  T_95.40, 4;
    %load/vec4 v0x59e2d3735780_0;
    %store/vec4 v0x59e2d372df10_0, 0, 32;
T_95.40 ;
    %load/vec4 v0x59e2d372dc90_0;
    %cmpi/e 0, 0, 5;
    %jmp/0xz  T_95.42, 4;
    %pushi/vec4 0, 0, 32;
    %store/vec4 v0x59e2d372dd30_0, 0, 32;
T_95.42 ;
    %load/vec4 v0x59e2d372de70_0;
    %cmpi/e 0, 0, 5;
    %jmp/0xz  T_95.44, 4;
    %pushi/vec4 0, 0, 32;
    %store/vec4 v0x59e2d372df10_0, 0, 32;
T_95.44 ;
    %jmp T_95;
    .thread T_95, $push;
    .scope S_0x59e2d3710aa0;
T_96 ;
    %wait E_0x59e2d2f2d990;
    %load/vec4 v0x59e2d372e7d0_0;
    %store/vec4 v0x59e2d372e730_0, 0, 32;
    %load/vec4 v0x59e2d372e9b0_0;
    %store/vec4 v0x59e2d372e910_0, 0, 32;
    %load/vec4 v0x59e2d37337a0_0;
    %load/vec4 v0x59e2d372e690_0;
    %cmp/e;
    %jmp/0xz  T_96.0, 4;
    %load/vec4 v0x59e2d3733ac0_0;
    %store/vec4 v0x59e2d372e730_0, 0, 32;
T_96.0 ;
    %load/vec4 v0x59e2d37337a0_0;
    %load/vec4 v0x59e2d372e870_0;
    %cmp/e;
    %jmp/0xz  T_96.2, 4;
    %load/vec4 v0x59e2d3733ac0_0;
    %store/vec4 v0x59e2d372e910_0, 0, 32;
T_96.2 ;
    %load/vec4 v0x59e2d37349c0_0;
    %load/vec4 v0x59e2d372e690_0;
    %cmp/e;
    %jmp/0xz  T_96.4, 4;
    %load/vec4 v0x59e2d3734b00_0;
    %store/vec4 v0x59e2d372e730_0, 0, 32;
T_96.4 ;
    %load/vec4 v0x59e2d37349c0_0;
    %load/vec4 v0x59e2d372e870_0;
    %cmp/e;
    %jmp/0xz  T_96.6, 4;
    %load/vec4 v0x59e2d3734b00_0;
    %store/vec4 v0x59e2d372e910_0, 0, 32;
T_96.6 ;
    %load/vec4 v0x59e2d372a140_0;
    %flag_set/vec4 9;
    %flag_get/vec4 9;
    %jmp/0 T_96.10, 9;
    %load/vec4 v0x59e2d37353c0_0;
    %load/vec4 v0x59e2d372e690_0;
    %cmp/e;
    %flag_get/vec4 4;
    %and;
T_96.10;
    %flag_set/vec4 8;
    %jmp/0xz  T_96.8, 8;
    %load/vec4 v0x59e2d3735500_0;
    %store/vec4 v0x59e2d372e730_0, 0, 32;
    %jmp T_96.9;
T_96.8 ;
    %load/vec4 v0x59e2d3731860_0;
    %flag_set/vec4 9;
    %flag_get/vec4 9;
    %jmp/0 T_96.13, 9;
    %load/vec4 v0x59e2d3735e60_0;
    %load/vec4 v0x59e2d372e690_0;
    %cmp/e;
    %flag_get/vec4 4;
    %and;
T_96.13;
    %flag_set/vec4 8;
    %jmp/0xz  T_96.11, 8;
    %load/vec4 v0x59e2d3735fa0_0;
    %store/vec4 v0x59e2d372e730_0, 0, 32;
    %jmp T_96.12;
T_96.11 ;
    %load/vec4 v0x59e2d372a7a0_0;
    %flag_set/vec4 9;
    %flag_get/vec4 9;
    %jmp/0 T_96.16, 9;
    %load/vec4 v0x59e2d3735aa0_0;
    %load/vec4 v0x59e2d372e690_0;
    %cmp/e;
    %flag_get/vec4 4;
    %and;
T_96.16;
    %flag_set/vec4 8;
    %jmp/0xz  T_96.14, 8;
    %load/vec4 v0x59e2d3735be0_0;
    %store/vec4 v0x59e2d372e730_0, 0, 32;
T_96.14 ;
T_96.12 ;
T_96.9 ;
    %load/vec4 v0x59e2d372a140_0;
    %flag_set/vec4 9;
    %flag_get/vec4 9;
    %jmp/0 T_96.19, 9;
    %load/vec4 v0x59e2d37353c0_0;
    %load/vec4 v0x59e2d372e870_0;
    %cmp/e;
    %flag_get/vec4 4;
    %and;
T_96.19;
    %flag_set/vec4 8;
    %jmp/0xz  T_96.17, 8;
    %load/vec4 v0x59e2d3735500_0;
    %store/vec4 v0x59e2d372e910_0, 0, 32;
    %jmp T_96.18;
T_96.17 ;
    %load/vec4 v0x59e2d3731860_0;
    %flag_set/vec4 9;
    %flag_get/vec4 9;
    %jmp/0 T_96.22, 9;
    %load/vec4 v0x59e2d3735e60_0;
    %load/vec4 v0x59e2d372e870_0;
    %cmp/e;
    %flag_get/vec4 4;
    %and;
T_96.22;
    %flag_set/vec4 8;
    %jmp/0xz  T_96.20, 8;
    %load/vec4 v0x59e2d3735fa0_0;
    %store/vec4 v0x59e2d372e910_0, 0, 32;
    %jmp T_96.21;
T_96.20 ;
    %load/vec4 v0x59e2d372a7a0_0;
    %flag_set/vec4 9;
    %flag_get/vec4 9;
    %jmp/0 T_96.25, 9;
    %load/vec4 v0x59e2d3735aa0_0;
    %load/vec4 v0x59e2d372e870_0;
    %cmp/e;
    %flag_get/vec4 4;
    %and;
T_96.25;
    %flag_set/vec4 8;
    %jmp/0xz  T_96.23, 8;
    %load/vec4 v0x59e2d3735be0_0;
    %store/vec4 v0x59e2d372e910_0, 0, 32;
T_96.23 ;
T_96.21 ;
T_96.18 ;
    %load/vec4 v0x59e2d3733520_0;
    %load/vec4 v0x59e2d372e690_0;
    %cmp/e;
    %jmp/0xz  T_96.26, 4;
    %load/vec4 v0x59e2d3733840_0;
    %store/vec4 v0x59e2d372e730_0, 0, 32;
T_96.26 ;
    %load/vec4 v0x59e2d3733520_0;
    %load/vec4 v0x59e2d372e870_0;
    %cmp/e;
    %jmp/0xz  T_96.28, 4;
    %load/vec4 v0x59e2d3733840_0;
    %store/vec4 v0x59e2d372e910_0, 0, 32;
T_96.28 ;
    %load/vec4 v0x59e2d3734920_0;
    %load/vec4 v0x59e2d372e690_0;
    %cmp/e;
    %jmp/0xz  T_96.30, 4;
    %load/vec4 v0x59e2d3734a60_0;
    %store/vec4 v0x59e2d372e730_0, 0, 32;
T_96.30 ;
    %load/vec4 v0x59e2d3734920_0;
    %load/vec4 v0x59e2d372e870_0;
    %cmp/e;
    %jmp/0xz  T_96.32, 4;
    %load/vec4 v0x59e2d3734a60_0;
    %store/vec4 v0x59e2d372e910_0, 0, 32;
T_96.32 ;
    %load/vec4 v0x59e2d3733480_0;
    %load/vec4 v0x59e2d372e690_0;
    %cmp/e;
    %jmp/0xz  T_96.34, 4;
    %load/vec4 v0x59e2d37356e0_0;
    %store/vec4 v0x59e2d372e730_0, 0, 32;
T_96.34 ;
    %load/vec4 v0x59e2d3733480_0;
    %load/vec4 v0x59e2d372e870_0;
    %cmp/e;
    %jmp/0xz  T_96.36, 4;
    %load/vec4 v0x59e2d37356e0_0;
    %store/vec4 v0x59e2d372e910_0, 0, 32;
T_96.36 ;
    %load/vec4 v0x59e2d3734880_0;
    %load/vec4 v0x59e2d372e690_0;
    %cmp/e;
    %jmp/0xz  T_96.38, 4;
    %load/vec4 v0x59e2d3735780_0;
    %store/vec4 v0x59e2d372e730_0, 0, 32;
T_96.38 ;
    %load/vec4 v0x59e2d3734880_0;
    %load/vec4 v0x59e2d372e870_0;
    %cmp/e;
    %jmp/0xz  T_96.40, 4;
    %load/vec4 v0x59e2d3735780_0;
    %store/vec4 v0x59e2d372e910_0, 0, 32;
T_96.40 ;
    %load/vec4 v0x59e2d372e690_0;
    %cmpi/e 0, 0, 5;
    %jmp/0xz  T_96.42, 4;
    %pushi/vec4 0, 0, 32;
    %store/vec4 v0x59e2d372e730_0, 0, 32;
T_96.42 ;
    %load/vec4 v0x59e2d372e870_0;
    %cmpi/e 0, 0, 5;
    %jmp/0xz  T_96.44, 4;
    %pushi/vec4 0, 0, 32;
    %store/vec4 v0x59e2d372e910_0, 0, 32;
T_96.44 ;
    %jmp T_96;
    .thread T_96, $push;
    .scope S_0x59e2d32ad040;
T_97 ;
    %wait E_0x59e2d2e58960;
    %pushi/vec4 0, 0, 16;
    %store/vec4 v0x59e2d32a6d90_0, 0, 16;
    %pushi/vec4 0, 0, 32;
    %store/vec4 v0x59e2d35c38d0_0, 0, 32;
    %pushi/vec4 0, 0, 32;
    %store/vec4 v0x59e2d32af2e0_0, 0, 32;
    %pushi/vec4 0, 0, 32;
    %store/vec4 v0x59e2d3530200_0, 0, 32;
    %pushi/vec4 0, 0, 32;
    %store/vec4 v0x59e2d32a6cb0_0, 0, 32;
    %pushi/vec4 0, 0, 32;
    %store/vec4 v0x59e2d364fce0_0, 0, 32;
    %pushi/vec4 0, 0, 32;
    %store/vec4 v0x59e2d361bf20_0, 0, 32;
    %pushi/vec4 0, 0, 32;
    %store/vec4 v0x59e2d36138c0_0, 0, 32;
    %pushi/vec4 0, 0, 32;
    %store/vec4 v0x59e2d35f0240_0, 0, 32;
    %load/vec4 v0x59e2d3655a90_0;
    %dup/vec4;
    %pushi/vec4 1, 0, 4;
    %cmp/u;
    %jmp/1 T_97.0, 6;
    %dup/vec4;
    %pushi/vec4 2, 0, 4;
    %cmp/u;
    %jmp/1 T_97.1, 6;
    %dup/vec4;
    %pushi/vec4 3, 0, 4;
    %cmp/u;
    %jmp/1 T_97.2, 6;
    %dup/vec4;
    %pushi/vec4 4, 0, 4;
    %cmp/u;
    %jmp/1 T_97.3, 6;
    %dup/vec4;
    %pushi/vec4 6, 0, 4;
    %cmp/u;
    %jmp/1 T_97.4, 6;
    %dup/vec4;
    %pushi/vec4 7, 0, 4;
    %cmp/u;
    %jmp/1 T_97.5, 6;
    %dup/vec4;
    %pushi/vec4 8, 0, 4;
    %cmp/u;
    %jmp/1 T_97.6, 6;
    %dup/vec4;
    %pushi/vec4 9, 0, 4;
    %cmp/u;
    %jmp/1 T_97.7, 6;
    %dup/vec4;
    %pushi/vec4 10, 0, 4;
    %cmp/u;
    %jmp/1 T_97.8, 6;
    %dup/vec4;
    %pushi/vec4 11, 0, 4;
    %cmp/u;
    %jmp/1 T_97.9, 6;
    %load/vec4 v0x59e2d3505ba0_0;
    %store/vec4 v0x59e2d3651960_0, 0, 32;
    %jmp T_97.11;
T_97.0 ;
    %load/vec4 v0x59e2d3657ed0_0;
    %parti/s 1, 0, 2;
    %cmpi/e 1, 0, 1;
    %jmp/0xz  T_97.12, 4;
    %load/vec4 v0x59e2d3505ba0_0;
    %parti/s 31, 0, 2;
    %concati/vec4 0, 0, 1;
    %store/vec4 v0x59e2d364fce0_0, 0, 32;
    %jmp T_97.13;
T_97.12 ;
    %load/vec4 v0x59e2d3505ba0_0;
    %store/vec4 v0x59e2d364fce0_0, 0, 32;
T_97.13 ;
    %load/vec4 v0x59e2d3657ed0_0;
    %parti/s 1, 1, 2;
    %cmpi/e 1, 0, 1;
    %jmp/0xz  T_97.14, 4;
    %load/vec4 v0x59e2d364fce0_0;
    %parti/s 30, 0, 2;
    %concati/vec4 0, 0, 2;
    %store/vec4 v0x59e2d361bf20_0, 0, 32;
    %jmp T_97.15;
T_97.14 ;
    %load/vec4 v0x59e2d364fce0_0;
    %store/vec4 v0x59e2d361bf20_0, 0, 32;
T_97.15 ;
    %load/vec4 v0x59e2d3657ed0_0;
    %parti/s 1, 2, 3;
    %cmpi/e 1, 0, 1;
    %jmp/0xz  T_97.16, 4;
    %load/vec4 v0x59e2d361bf20_0;
    %parti/s 28, 0, 2;
    %concati/vec4 0, 0, 4;
    %store/vec4 v0x59e2d36138c0_0, 0, 32;
    %jmp T_97.17;
T_97.16 ;
    %load/vec4 v0x59e2d361bf20_0;
    %store/vec4 v0x59e2d36138c0_0, 0, 32;
T_97.17 ;
    %load/vec4 v0x59e2d3657ed0_0;
    %parti/s 1, 3, 3;
    %cmpi/e 1, 0, 1;
    %jmp/0xz  T_97.18, 4;
    %load/vec4 v0x59e2d36138c0_0;
    %parti/s 24, 0, 2;
    %concati/vec4 0, 0, 8;
    %store/vec4 v0x59e2d35f0240_0, 0, 32;
    %jmp T_97.19;
T_97.18 ;
    %load/vec4 v0x59e2d36138c0_0;
    %store/vec4 v0x59e2d35f0240_0, 0, 32;
T_97.19 ;
    %load/vec4 v0x59e2d3657ed0_0;
    %parti/s 1, 4, 4;
    %cmpi/e 1, 0, 1;
    %jmp/0xz  T_97.20, 4;
    %load/vec4 v0x59e2d35f0240_0;
    %parti/s 16, 0, 2;
    %concati/vec4 0, 0, 16;
    %store/vec4 v0x59e2d3651960_0, 0, 32;
    %jmp T_97.21;
T_97.20 ;
    %load/vec4 v0x59e2d35f0240_0;
    %store/vec4 v0x59e2d3651960_0, 0, 32;
T_97.21 ;
    %jmp T_97.11;
T_97.1 ;
    %load/vec4 v0x59e2d3505ba0_0;
    %parti/s 1, 31, 6;
    %cmpi/e 1, 0, 1;
    %flag_get/vec4 4;
    %jmp/0 T_97.24, 4;
    %load/vec4 v0x59e2d3655a90_0;
    %pushi/vec4 3, 0, 4;
    %cmp/e;
    %flag_get/vec4 4;
    %and;
T_97.24;
    %flag_set/vec4 8;
    %jmp/0xz  T_97.22, 8;
    %pushi/vec4 65535, 0, 16;
    %store/vec4 v0x59e2d32a6d90_0, 0, 16;
    %jmp T_97.23;
T_97.22 ;
    %pushi/vec4 0, 0, 16;
    %store/vec4 v0x59e2d32a6d90_0, 0, 16;
T_97.23 ;
    %load/vec4 v0x59e2d3657ed0_0;
    %parti/s 1, 0, 2;
    %cmpi/e 1, 0, 1;
    %jmp/0xz  T_97.25, 4;
    %load/vec4 v0x59e2d32a6d90_0;
    %parti/s 1, 15, 5;
    %load/vec4 v0x59e2d3505ba0_0;
    %parti/s 31, 1, 2;
    %concat/vec4; draw_concat_vec4
    %store/vec4 v0x59e2d35c38d0_0, 0, 32;
    %jmp T_97.26;
T_97.25 ;
    %load/vec4 v0x59e2d3505ba0_0;
    %store/vec4 v0x59e2d35c38d0_0, 0, 32;
T_97.26 ;
    %load/vec4 v0x59e2d3657ed0_0;
    %parti/s 1, 1, 2;
    %cmpi/e 1, 0, 1;
    %jmp/0xz  T_97.27, 4;
    %load/vec4 v0x59e2d32a6d90_0;
    %parti/s 2, 14, 5;
    %load/vec4 v0x59e2d35c38d0_0;
    %parti/s 30, 2, 3;
    %concat/vec4; draw_concat_vec4
    %store/vec4 v0x59e2d32af2e0_0, 0, 32;
    %jmp T_97.28;
T_97.27 ;
    %load/vec4 v0x59e2d35c38d0_0;
    %store/vec4 v0x59e2d32af2e0_0, 0, 32;
T_97.28 ;
    %load/vec4 v0x59e2d3657ed0_0;
    %parti/s 1, 2, 3;
    %cmpi/e 1, 0, 1;
    %jmp/0xz  T_97.29, 4;
    %load/vec4 v0x59e2d32a6d90_0;
    %parti/s 4, 12, 5;
    %load/vec4 v0x59e2d32af2e0_0;
    %parti/s 28, 4, 4;
    %concat/vec4; draw_concat_vec4
    %store/vec4 v0x59e2d3530200_0, 0, 32;
    %jmp T_97.30;
T_97.29 ;
    %load/vec4 v0x59e2d32af2e0_0;
    %store/vec4 v0x59e2d3530200_0, 0, 32;
T_97.30 ;
    %load/vec4 v0x59e2d3657ed0_0;
    %parti/s 1, 3, 3;
    %cmpi/e 1, 0, 1;
    %jmp/0xz  T_97.31, 4;
    %load/vec4 v0x59e2d32a6d90_0;
    %parti/s 8, 8, 5;
    %load/vec4 v0x59e2d3530200_0;
    %parti/s 24, 8, 5;
    %concat/vec4; draw_concat_vec4
    %store/vec4 v0x59e2d32a6cb0_0, 0, 32;
    %jmp T_97.32;
T_97.31 ;
    %load/vec4 v0x59e2d3530200_0;
    %store/vec4 v0x59e2d32a6cb0_0, 0, 32;
T_97.32 ;
    %load/vec4 v0x59e2d3657ed0_0;
    %parti/s 1, 4, 4;
    %cmpi/e 1, 0, 1;
    %jmp/0xz  T_97.33, 4;
    %load/vec4 v0x59e2d32a6d90_0;
    %load/vec4 v0x59e2d32a6cb0_0;
    %parti/s 16, 16, 6;
    %concat/vec4; draw_concat_vec4
    %store/vec4 v0x59e2d3651960_0, 0, 32;
    %jmp T_97.34;
T_97.33 ;
    %load/vec4 v0x59e2d32a6cb0_0;
    %store/vec4 v0x59e2d3651960_0, 0, 32;
T_97.34 ;
    %jmp T_97.11;
T_97.2 ;
    %load/vec4 v0x59e2d3505ba0_0;
    %parti/s 1, 31, 6;
    %cmpi/e 1, 0, 1;
    %flag_get/vec4 4;
    %jmp/0 T_97.37, 4;
    %load/vec4 v0x59e2d3655a90_0;
    %pushi/vec4 3, 0, 4;
    %cmp/e;
    %flag_get/vec4 4;
    %and;
T_97.37;
    %flag_set/vec4 8;
    %jmp/0xz  T_97.35, 8;
    %pushi/vec4 65535, 0, 16;
    %store/vec4 v0x59e2d32a6d90_0, 0, 16;
    %jmp T_97.36;
T_97.35 ;
    %pushi/vec4 0, 0, 16;
    %store/vec4 v0x59e2d32a6d90_0, 0, 16;
T_97.36 ;
    %load/vec4 v0x59e2d3657ed0_0;
    %parti/s 1, 0, 2;
    %cmpi/e 1, 0, 1;
    %jmp/0xz  T_97.38, 4;
    %load/vec4 v0x59e2d32a6d90_0;
    %parti/s 1, 15, 5;
    %load/vec4 v0x59e2d3505ba0_0;
    %parti/s 31, 1, 2;
    %concat/vec4; draw_concat_vec4
    %store/vec4 v0x59e2d35c38d0_0, 0, 32;
    %jmp T_97.39;
T_97.38 ;
    %load/vec4 v0x59e2d3505ba0_0;
    %store/vec4 v0x59e2d35c38d0_0, 0, 32;
T_97.39 ;
    %load/vec4 v0x59e2d3657ed0_0;
    %parti/s 1, 1, 2;
    %cmpi/e 1, 0, 1;
    %jmp/0xz  T_97.40, 4;
    %load/vec4 v0x59e2d32a6d90_0;
    %parti/s 2, 14, 5;
    %load/vec4 v0x59e2d35c38d0_0;
    %parti/s 30, 2, 3;
    %concat/vec4; draw_concat_vec4
    %store/vec4 v0x59e2d32af2e0_0, 0, 32;
    %jmp T_97.41;
T_97.40 ;
    %load/vec4 v0x59e2d35c38d0_0;
    %store/vec4 v0x59e2d32af2e0_0, 0, 32;
T_97.41 ;
    %load/vec4 v0x59e2d3657ed0_0;
    %parti/s 1, 2, 3;
    %cmpi/e 1, 0, 1;
    %jmp/0xz  T_97.42, 4;
    %load/vec4 v0x59e2d32a6d90_0;
    %parti/s 4, 12, 5;
    %load/vec4 v0x59e2d32af2e0_0;
    %parti/s 28, 4, 4;
    %concat/vec4; draw_concat_vec4
    %store/vec4 v0x59e2d3530200_0, 0, 32;
    %jmp T_97.43;
T_97.42 ;
    %load/vec4 v0x59e2d32af2e0_0;
    %store/vec4 v0x59e2d3530200_0, 0, 32;
T_97.43 ;
    %load/vec4 v0x59e2d3657ed0_0;
    %parti/s 1, 3, 3;
    %cmpi/e 1, 0, 1;
    %jmp/0xz  T_97.44, 4;
    %load/vec4 v0x59e2d32a6d90_0;
    %parti/s 8, 8, 5;
    %load/vec4 v0x59e2d3530200_0;
    %parti/s 24, 8, 5;
    %concat/vec4; draw_concat_vec4
    %store/vec4 v0x59e2d32a6cb0_0, 0, 32;
    %jmp T_97.45;
T_97.44 ;
    %load/vec4 v0x59e2d3530200_0;
    %store/vec4 v0x59e2d32a6cb0_0, 0, 32;
T_97.45 ;
    %load/vec4 v0x59e2d3657ed0_0;
    %parti/s 1, 4, 4;
    %cmpi/e 1, 0, 1;
    %jmp/0xz  T_97.46, 4;
    %load/vec4 v0x59e2d32a6d90_0;
    %load/vec4 v0x59e2d32a6cb0_0;
    %parti/s 16, 16, 6;
    %concat/vec4; draw_concat_vec4
    %store/vec4 v0x59e2d3651960_0, 0, 32;
    %jmp T_97.47;
T_97.46 ;
    %load/vec4 v0x59e2d32a6cb0_0;
    %store/vec4 v0x59e2d3651960_0, 0, 32;
T_97.47 ;
    %jmp T_97.11;
T_97.3 ;
    %load/vec4 v0x59e2d3505ba0_0;
    %load/vec4 v0x59e2d3657ed0_0;
    %add;
    %store/vec4 v0x59e2d3651960_0, 0, 32;
    %jmp T_97.11;
T_97.4 ;
    %load/vec4 v0x59e2d35740f0_0;
    %store/vec4 v0x59e2d3651960_0, 0, 32;
    %jmp T_97.11;
T_97.5 ;
    %load/vec4 v0x59e2d3505ba0_0;
    %load/vec4 v0x59e2d3657ed0_0;
    %and;
    %store/vec4 v0x59e2d3651960_0, 0, 32;
    %jmp T_97.11;
T_97.6 ;
    %load/vec4 v0x59e2d3505ba0_0;
    %load/vec4 v0x59e2d3657ed0_0;
    %or;
    %store/vec4 v0x59e2d3651960_0, 0, 32;
    %jmp T_97.11;
T_97.7 ;
    %load/vec4 v0x59e2d3505ba0_0;
    %load/vec4 v0x59e2d3657ed0_0;
    %xor;
    %store/vec4 v0x59e2d3651960_0, 0, 32;
    %jmp T_97.11;
T_97.8 ;
    %load/vec4 v0x59e2d3505ba0_0;
    %load/vec4 v0x59e2d3657ed0_0;
    %cmp/u;
    %flag_mov 8, 5;
    %jmp/0 T_97.48, 8;
    %pushi/vec4 1, 0, 32;
    %jmp/1 T_97.49, 8;
T_97.48 ; End of true expr.
    %pushi/vec4 0, 0, 32;
    %jmp/0 T_97.49, 8;
 ; End of false expr.
    %blend;
T_97.49;
    %store/vec4 v0x59e2d3651960_0, 0, 32;
    %jmp T_97.11;
T_97.9 ;
    %load/vec4 v0x59e2d3505ba0_0;
    %parti/s 1, 31, 6;
    %load/vec4 v0x59e2d3657ed0_0;
    %parti/s 1, 31, 6;
    %cmp/ne;
    %jmp/0xz  T_97.50, 4;
    %load/vec4 v0x59e2d3505ba0_0;
    %parti/s 1, 31, 6;
    %flag_set/vec4 8;
    %jmp/0 T_97.52, 8;
    %pushi/vec4 1, 0, 32;
    %jmp/1 T_97.53, 8;
T_97.52 ; End of true expr.
    %pushi/vec4 0, 0, 32;
    %jmp/0 T_97.53, 8;
 ; End of false expr.
    %blend;
T_97.53;
    %store/vec4 v0x59e2d3651960_0, 0, 32;
    %jmp T_97.51;
T_97.50 ;
    %load/vec4 v0x59e2d35740f0_0;
    %parti/s 1, 31, 6;
    %flag_set/vec4 8;
    %jmp/0 T_97.54, 8;
    %pushi/vec4 1, 0, 32;
    %jmp/1 T_97.55, 8;
T_97.54 ; End of true expr.
    %pushi/vec4 0, 0, 32;
    %jmp/0 T_97.55, 8;
 ; End of false expr.
    %blend;
T_97.55;
    %store/vec4 v0x59e2d3651960_0, 0, 32;
T_97.51 ;
    %jmp T_97.11;
T_97.11 ;
    %pop/vec4 1;
    %jmp T_97;
    .thread T_97, $push;
    .scope S_0x59e2d3577690;
T_98 ;
    %wait E_0x59e2d2e847c0;
    %load/vec4 v0x59e2d3586a10_0;
    %parti/s 20, 12, 5;
    %concati/vec4 0, 0, 12;
    %store/vec4 v0x59e2d322d400_0, 0, 32;
    %load/vec4 v0x59e2d3586a10_0;
    %parti/s 1, 31, 6;
    %replicate 20;
    %load/vec4 v0x59e2d3586a10_0;
    %parti/s 12, 20, 6;
    %concat/vec4; draw_concat_vec4
    %store/vec4 v0x59e2d322e070_0, 0, 32;
    %load/vec4 v0x59e2d3586a10_0;
    %parti/s 1, 31, 6;
    %replicate 19;
    %load/vec4 v0x59e2d3586a10_0;
    %parti/s 1, 31, 6;
    %concat/vec4; draw_concat_vec4
    %load/vec4 v0x59e2d3586a10_0;
    %parti/s 1, 7, 4;
    %concat/vec4; draw_concat_vec4
    %load/vec4 v0x59e2d3586a10_0;
    %parti/s 6, 25, 6;
    %concat/vec4; draw_concat_vec4
    %load/vec4 v0x59e2d3586a10_0;
    %parti/s 4, 8, 5;
    %concat/vec4; draw_concat_vec4
    %concati/vec4 0, 0, 1;
    %store/vec4 v0x59e2d3567530_0, 0, 32;
    %load/vec4 v0x59e2d3586a10_0;
    %parti/s 1, 31, 6;
    %replicate 12;
    %load/vec4 v0x59e2d3586a10_0;
    %parti/s 8, 12, 5;
    %concat/vec4; draw_concat_vec4
    %load/vec4 v0x59e2d3586a10_0;
    %parti/s 1, 20, 6;
    %concat/vec4; draw_concat_vec4
    %load/vec4 v0x59e2d3586a10_0;
    %parti/s 6, 25, 6;
    %concat/vec4; draw_concat_vec4
    %load/vec4 v0x59e2d3586a10_0;
    %parti/s 4, 21, 6;
    %concat/vec4; draw_concat_vec4
    %concati/vec4 0, 0, 1;
    %store/vec4 v0x59e2d322d4e0_0, 0, 32;
    %load/vec4 v0x59e2d3586a10_0;
    %parti/s 5, 20, 6;
    %store/vec4 v0x59e2d34f9e90_0, 0, 5;
    %jmp T_98;
    .thread T_98, $push;
    .scope S_0x59e2d3577690;
T_99 ;
    %wait E_0x59e2d2e84740;
    %pushi/vec4 0, 0, 4;
    %store/vec4 v0x59e2d358c230_0, 0, 4;
    %pushi/vec4 0, 0, 32;
    %store/vec4 v0x59e2d3568570_0, 0, 32;
    %pushi/vec4 0, 0, 32;
    %store/vec4 v0x59e2d3567d80_0, 0, 32;
    %load/vec4 v0x59e2d3586a10_0;
    %pushi/vec4 4261441663, 0, 32;
    %and;
    %cmpi/e 51, 0, 32;
    %jmp/0xz  T_99.0, 4;
    %pushi/vec4 4, 0, 4;
    %store/vec4 v0x59e2d358c230_0, 0, 4;
    %load/vec4 v0x59e2d2f4d2c0_0;
    %store/vec4 v0x59e2d3568570_0, 0, 32;
    %load/vec4 v0x59e2d34f9690_0;
    %store/vec4 v0x59e2d3567d80_0, 0, 32;
    %jmp T_99.1;
T_99.0 ;
    %load/vec4 v0x59e2d3586a10_0;
    %pushi/vec4 4261441663, 0, 32;
    %and;
    %cmpi/e 28723, 0, 32;
    %jmp/0xz  T_99.2, 4;
    %pushi/vec4 7, 0, 4;
    %store/vec4 v0x59e2d358c230_0, 0, 4;
    %load/vec4 v0x59e2d2f4d2c0_0;
    %store/vec4 v0x59e2d3568570_0, 0, 32;
    %load/vec4 v0x59e2d34f9690_0;
    %store/vec4 v0x59e2d3567d80_0, 0, 32;
    %jmp T_99.3;
T_99.2 ;
    %load/vec4 v0x59e2d3586a10_0;
    %pushi/vec4 4261441663, 0, 32;
    %and;
    %cmpi/e 24627, 0, 32;
    %jmp/0xz  T_99.4, 4;
    %pushi/vec4 8, 0, 4;
    %store/vec4 v0x59e2d358c230_0, 0, 4;
    %load/vec4 v0x59e2d2f4d2c0_0;
    %store/vec4 v0x59e2d3568570_0, 0, 32;
    %load/vec4 v0x59e2d34f9690_0;
    %store/vec4 v0x59e2d3567d80_0, 0, 32;
    %jmp T_99.5;
T_99.4 ;
    %load/vec4 v0x59e2d3586a10_0;
    %pushi/vec4 4261441663, 0, 32;
    %and;
    %cmpi/e 4147, 0, 32;
    %jmp/0xz  T_99.6, 4;
    %pushi/vec4 1, 0, 4;
    %store/vec4 v0x59e2d358c230_0, 0, 4;
    %load/vec4 v0x59e2d2f4d2c0_0;
    %store/vec4 v0x59e2d3568570_0, 0, 32;
    %load/vec4 v0x59e2d34f9690_0;
    %store/vec4 v0x59e2d3567d80_0, 0, 32;
    %jmp T_99.7;
T_99.6 ;
    %load/vec4 v0x59e2d3586a10_0;
    %pushi/vec4 4261441663, 0, 32;
    %and;
    %cmpi/e 1073762355, 0, 32;
    %jmp/0xz  T_99.8, 4;
    %pushi/vec4 3, 0, 4;
    %store/vec4 v0x59e2d358c230_0, 0, 4;
    %load/vec4 v0x59e2d2f4d2c0_0;
    %store/vec4 v0x59e2d3568570_0, 0, 32;
    %load/vec4 v0x59e2d34f9690_0;
    %store/vec4 v0x59e2d3567d80_0, 0, 32;
    %jmp T_99.9;
T_99.8 ;
    %load/vec4 v0x59e2d3586a10_0;
    %pushi/vec4 4261441663, 0, 32;
    %and;
    %cmpi/e 20531, 0, 32;
    %jmp/0xz  T_99.10, 4;
    %pushi/vec4 2, 0, 4;
    %store/vec4 v0x59e2d358c230_0, 0, 4;
    %load/vec4 v0x59e2d2f4d2c0_0;
    %store/vec4 v0x59e2d3568570_0, 0, 32;
    %load/vec4 v0x59e2d34f9690_0;
    %store/vec4 v0x59e2d3567d80_0, 0, 32;
    %jmp T_99.11;
T_99.10 ;
    %load/vec4 v0x59e2d3586a10_0;
    %pushi/vec4 4261441663, 0, 32;
    %and;
    %cmpi/e 1073741875, 0, 32;
    %jmp/0xz  T_99.12, 4;
    %pushi/vec4 6, 0, 4;
    %store/vec4 v0x59e2d358c230_0, 0, 4;
    %load/vec4 v0x59e2d2f4d2c0_0;
    %store/vec4 v0x59e2d3568570_0, 0, 32;
    %load/vec4 v0x59e2d34f9690_0;
    %store/vec4 v0x59e2d3567d80_0, 0, 32;
    %jmp T_99.13;
T_99.12 ;
    %load/vec4 v0x59e2d3586a10_0;
    %pushi/vec4 4261441663, 0, 32;
    %and;
    %cmpi/e 16435, 0, 32;
    %jmp/0xz  T_99.14, 4;
    %pushi/vec4 9, 0, 4;
    %store/vec4 v0x59e2d358c230_0, 0, 4;
    %load/vec4 v0x59e2d2f4d2c0_0;
    %store/vec4 v0x59e2d3568570_0, 0, 32;
    %load/vec4 v0x59e2d34f9690_0;
    %store/vec4 v0x59e2d3567d80_0, 0, 32;
    %jmp T_99.15;
T_99.14 ;
    %load/vec4 v0x59e2d3586a10_0;
    %pushi/vec4 4261441663, 0, 32;
    %and;
    %cmpi/e 8243, 0, 32;
    %jmp/0xz  T_99.16, 4;
    %pushi/vec4 11, 0, 4;
    %store/vec4 v0x59e2d358c230_0, 0, 4;
    %load/vec4 v0x59e2d2f4d2c0_0;
    %store/vec4 v0x59e2d3568570_0, 0, 32;
    %load/vec4 v0x59e2d34f9690_0;
    %store/vec4 v0x59e2d3567d80_0, 0, 32;
    %jmp T_99.17;
T_99.16 ;
    %load/vec4 v0x59e2d3586a10_0;
    %pushi/vec4 4261441663, 0, 32;
    %and;
    %cmpi/e 12339, 0, 32;
    %jmp/0xz  T_99.18, 4;
    %pushi/vec4 10, 0, 4;
    %store/vec4 v0x59e2d358c230_0, 0, 4;
    %load/vec4 v0x59e2d2f4d2c0_0;
    %store/vec4 v0x59e2d3568570_0, 0, 32;
    %load/vec4 v0x59e2d34f9690_0;
    %store/vec4 v0x59e2d3567d80_0, 0, 32;
    %jmp T_99.19;
T_99.18 ;
    %load/vec4 v0x59e2d3586a10_0;
    %pushi/vec4 28799, 0, 32;
    %and;
    %cmpi/e 19, 0, 32;
    %jmp/0xz  T_99.20, 4;
    %pushi/vec4 4, 0, 4;
    %store/vec4 v0x59e2d358c230_0, 0, 4;
    %load/vec4 v0x59e2d2f4d2c0_0;
    %store/vec4 v0x59e2d3568570_0, 0, 32;
    %load/vec4 v0x59e2d322e070_0;
    %store/vec4 v0x59e2d3567d80_0, 0, 32;
    %jmp T_99.21;
T_99.20 ;
    %load/vec4 v0x59e2d3586a10_0;
    %pushi/vec4 28799, 0, 32;
    %and;
    %cmpi/e 28691, 0, 32;
    %jmp/0xz  T_99.22, 4;
    %pushi/vec4 7, 0, 4;
    %store/vec4 v0x59e2d358c230_0, 0, 4;
    %load/vec4 v0x59e2d2f4d2c0_0;
    %store/vec4 v0x59e2d3568570_0, 0, 32;
    %load/vec4 v0x59e2d322e070_0;
    %store/vec4 v0x59e2d3567d80_0, 0, 32;
    %jmp T_99.23;
T_99.22 ;
    %load/vec4 v0x59e2d3586a10_0;
    %pushi/vec4 28799, 0, 32;
    %and;
    %cmpi/e 8211, 0, 32;
    %jmp/0xz  T_99.24, 4;
    %pushi/vec4 11, 0, 4;
    %store/vec4 v0x59e2d358c230_0, 0, 4;
    %load/vec4 v0x59e2d2f4d2c0_0;
    %store/vec4 v0x59e2d3568570_0, 0, 32;
    %load/vec4 v0x59e2d322e070_0;
    %store/vec4 v0x59e2d3567d80_0, 0, 32;
    %jmp T_99.25;
T_99.24 ;
    %load/vec4 v0x59e2d3586a10_0;
    %pushi/vec4 28799, 0, 32;
    %and;
    %cmpi/e 12307, 0, 32;
    %jmp/0xz  T_99.26, 4;
    %pushi/vec4 10, 0, 4;
    %store/vec4 v0x59e2d358c230_0, 0, 4;
    %load/vec4 v0x59e2d2f4d2c0_0;
    %store/vec4 v0x59e2d3568570_0, 0, 32;
    %load/vec4 v0x59e2d322e070_0;
    %store/vec4 v0x59e2d3567d80_0, 0, 32;
    %jmp T_99.27;
T_99.26 ;
    %load/vec4 v0x59e2d3586a10_0;
    %pushi/vec4 28799, 0, 32;
    %and;
    %cmpi/e 24595, 0, 32;
    %jmp/0xz  T_99.28, 4;
    %pushi/vec4 8, 0, 4;
    %store/vec4 v0x59e2d358c230_0, 0, 4;
    %load/vec4 v0x59e2d2f4d2c0_0;
    %store/vec4 v0x59e2d3568570_0, 0, 32;
    %load/vec4 v0x59e2d322e070_0;
    %store/vec4 v0x59e2d3567d80_0, 0, 32;
    %jmp T_99.29;
T_99.28 ;
    %load/vec4 v0x59e2d3586a10_0;
    %pushi/vec4 28799, 0, 32;
    %and;
    %cmpi/e 16403, 0, 32;
    %jmp/0xz  T_99.30, 4;
    %pushi/vec4 9, 0, 4;
    %store/vec4 v0x59e2d358c230_0, 0, 4;
    %load/vec4 v0x59e2d2f4d2c0_0;
    %store/vec4 v0x59e2d3568570_0, 0, 32;
    %load/vec4 v0x59e2d322e070_0;
    %store/vec4 v0x59e2d3567d80_0, 0, 32;
    %jmp T_99.31;
T_99.30 ;
    %load/vec4 v0x59e2d3586a10_0;
    %pushi/vec4 4227887231, 0, 32;
    %and;
    %cmpi/e 4115, 0, 32;
    %jmp/0xz  T_99.32, 4;
    %pushi/vec4 1, 0, 4;
    %store/vec4 v0x59e2d358c230_0, 0, 4;
    %load/vec4 v0x59e2d2f4d2c0_0;
    %store/vec4 v0x59e2d3568570_0, 0, 32;
    %pushi/vec4 0, 0, 27;
    %load/vec4 v0x59e2d34f9e90_0;
    %concat/vec4; draw_concat_vec4
    %store/vec4 v0x59e2d3567d80_0, 0, 32;
    %jmp T_99.33;
T_99.32 ;
    %load/vec4 v0x59e2d3586a10_0;
    %pushi/vec4 4227887231, 0, 32;
    %and;
    %cmpi/e 20499, 0, 32;
    %jmp/0xz  T_99.34, 4;
    %pushi/vec4 2, 0, 4;
    %store/vec4 v0x59e2d358c230_0, 0, 4;
    %load/vec4 v0x59e2d2f4d2c0_0;
    %store/vec4 v0x59e2d3568570_0, 0, 32;
    %pushi/vec4 0, 0, 27;
    %load/vec4 v0x59e2d34f9e90_0;
    %concat/vec4; draw_concat_vec4
    %store/vec4 v0x59e2d3567d80_0, 0, 32;
    %jmp T_99.35;
T_99.34 ;
    %load/vec4 v0x59e2d3586a10_0;
    %pushi/vec4 4227887231, 0, 32;
    %and;
    %cmpi/e 1073762323, 0, 32;
    %jmp/0xz  T_99.36, 4;
    %pushi/vec4 3, 0, 4;
    %store/vec4 v0x59e2d358c230_0, 0, 4;
    %load/vec4 v0x59e2d2f4d2c0_0;
    %store/vec4 v0x59e2d3568570_0, 0, 32;
    %pushi/vec4 0, 0, 27;
    %load/vec4 v0x59e2d34f9e90_0;
    %concat/vec4; draw_concat_vec4
    %store/vec4 v0x59e2d3567d80_0, 0, 32;
    %jmp T_99.37;
T_99.36 ;
    %load/vec4 v0x59e2d3586a10_0;
    %pushi/vec4 127, 0, 32;
    %and;
    %cmpi/e 55, 0, 32;
    %jmp/0xz  T_99.38, 4;
    %load/vec4 v0x59e2d322d400_0;
    %store/vec4 v0x59e2d3568570_0, 0, 32;
    %jmp T_99.39;
T_99.38 ;
    %load/vec4 v0x59e2d3586a10_0;
    %pushi/vec4 127, 0, 32;
    %and;
    %cmpi/e 23, 0, 32;
    %jmp/0xz  T_99.40, 4;
    %pushi/vec4 4, 0, 4;
    %store/vec4 v0x59e2d358c230_0, 0, 4;
    %load/vec4 v0x59e2d35833d0_0;
    %store/vec4 v0x59e2d3568570_0, 0, 32;
    %load/vec4 v0x59e2d322d400_0;
    %store/vec4 v0x59e2d3567d80_0, 0, 32;
    %jmp T_99.41;
T_99.40 ;
    %load/vec4 v0x59e2d3586a10_0;
    %pushi/vec4 127, 0, 32;
    %and;
    %cmpi/e 111, 0, 32;
    %jmp/1 T_99.44, 4;
    %flag_mov 8, 4;
    %load/vec4 v0x59e2d3586a10_0;
    %pushi/vec4 28799, 0, 32;
    %and;
    %cmpi/e 103, 0, 32;
    %flag_or 4, 8;
T_99.44;
    %jmp/0xz  T_99.42, 4;
    %pushi/vec4 4, 0, 4;
    %store/vec4 v0x59e2d358c230_0, 0, 4;
    %load/vec4 v0x59e2d35833d0_0;
    %store/vec4 v0x59e2d3568570_0, 0, 32;
    %pushi/vec4 4, 0, 32;
    %store/vec4 v0x59e2d3567d80_0, 0, 32;
T_99.42 ;
T_99.41 ;
T_99.39 ;
T_99.37 ;
T_99.35 ;
T_99.33 ;
T_99.31 ;
T_99.29 ;
T_99.27 ;
T_99.25 ;
T_99.23 ;
T_99.21 ;
T_99.19 ;
T_99.17 ;
T_99.15 ;
T_99.13 ;
T_99.11 ;
T_99.9 ;
T_99.7 ;
T_99.5 ;
T_99.3 ;
T_99.1 ;
    %jmp T_99;
    .thread T_99, $push;
    .scope S_0x59e2d3577690;
T_100 ;
    %wait E_0x59e2d2ddd780;
    %load/vec4 v0x59e2d34f9df0_0;
    %flag_set/vec4 8;
    %jmp/0xz  T_100.0, 8;
    %pushi/vec4 0, 0, 32;
    %assign/vec4 v0x59e2d34f7860_0, 0;
    %jmp T_100.1;
T_100.0 ;
    %load/vec4 v0x59e2d322dfb0_0;
    %inv;
    %flag_set/vec4 8;
    %jmp/0xz  T_100.2, 8;
    %load/vec4 v0x59e2d3567e50_0;
    %assign/vec4 v0x59e2d34f7860_0, 0;
T_100.2 ;
T_100.1 ;
    %jmp T_100;
    .thread T_100;
    .scope S_0x59e2d3577690;
T_101 ;
    %wait E_0x59e2d2e846a0;
    %pushi/vec4 0, 0, 1;
    %store/vec4 v0x59e2d35948d0_0, 0, 1;
    %pushi/vec4 0, 0, 1;
    %store/vec4 v0x59e2d3595840_0, 0, 1;
    %pushi/vec4 0, 0, 1;
    %store/vec4 v0x59e2d34e9160_0, 0, 1;
    %pushi/vec4 0, 0, 1;
    %store/vec4 v0x59e2d3596860_0, 0, 1;
    %pushi/vec4 0, 0, 1;
    %store/vec4 v0x59e2d32dc750_0, 0, 1;
    %load/vec4 v0x59e2d35833d0_0;
    %load/vec4 v0x59e2d3567530_0;
    %add;
    %store/vec4 v0x59e2d351a6e0_0, 0, 32;
    %load/vec4 v0x59e2d3586a10_0;
    %pushi/vec4 127, 0, 32;
    %and;
    %cmpi/e 111, 0, 32;
    %jmp/0xz  T_101.0, 4;
    %pushi/vec4 1, 0, 1;
    %store/vec4 v0x59e2d35948d0_0, 0, 1;
    %pushi/vec4 1, 0, 1;
    %store/vec4 v0x59e2d3595840_0, 0, 1;
    %load/vec4 v0x59e2d35833d0_0;
    %load/vec4 v0x59e2d322d4e0_0;
    %add;
    %store/vec4 v0x59e2d351a6e0_0, 0, 32;
    %load/vec4 v0x59e2d34f9760_0;
    %pushi/vec4 1, 0, 5;
    %cmp/e;
    %flag_get/vec4 4;
    %store/vec4 v0x59e2d34e9160_0, 0, 1;
    %pushi/vec4 1, 0, 1;
    %store/vec4 v0x59e2d32dc750_0, 0, 1;
    %jmp T_101.1;
T_101.0 ;
    %load/vec4 v0x59e2d3586a10_0;
    %pushi/vec4 28799, 0, 32;
    %and;
    %cmpi/e 103, 0, 32;
    %jmp/0xz  T_101.2, 4;
    %pushi/vec4 1, 0, 1;
    %store/vec4 v0x59e2d35948d0_0, 0, 1;
    %pushi/vec4 1, 0, 1;
    %store/vec4 v0x59e2d3595840_0, 0, 1;
    %load/vec4 v0x59e2d2f4d2c0_0;
    %load/vec4 v0x59e2d322e070_0;
    %add;
    %store/vec4 v0x59e2d351a6e0_0, 0, 32;
    %pushi/vec4 0, 0, 1;
    %ix/load 4, 0, 0;
    %flag_set/imm 4, 0;
    %store/vec4 v0x59e2d351a6e0_0, 4, 1;
    %load/vec4 v0x59e2d35834a0_0;
    %cmpi/e 1, 0, 5;
    %flag_get/vec4 4;
    %jmp/0 T_101.4, 4;
    %load/vec4 v0x59e2d322e070_0;
    %parti/s 12, 0, 2;
    %pushi/vec4 0, 0, 12;
    %cmp/e;
    %flag_get/vec4 4;
    %and;
T_101.4;
    %store/vec4 v0x59e2d3596860_0, 0, 1;
    %load/vec4 v0x59e2d3596860_0;
    %inv;
    %flag_set/vec4 8;
    %flag_get/vec4 8;
    %jmp/0 T_101.5, 8;
    %load/vec4 v0x59e2d34f9760_0;
    %pushi/vec4 1, 0, 5;
    %cmp/e;
    %flag_get/vec4 4;
    %and;
T_101.5;
    %store/vec4 v0x59e2d34e9160_0, 0, 1;
    %load/vec4 v0x59e2d34e9160_0;
    %load/vec4 v0x59e2d3596860_0;
    %or;
    %inv;
    %store/vec4 v0x59e2d32dc750_0, 0, 1;
    %jmp T_101.3;
T_101.2 ;
    %load/vec4 v0x59e2d3586a10_0;
    %pushi/vec4 28799, 0, 32;
    %and;
    %cmpi/e 99, 0, 32;
    %jmp/0xz  T_101.6, 4;
    %pushi/vec4 1, 0, 1;
    %store/vec4 v0x59e2d35948d0_0, 0, 1;
    %load/vec4 v0x59e2d2f4d2c0_0;
    %load/vec4 v0x59e2d34f9690_0;
    %cmp/e;
    %flag_get/vec4 4;
    %store/vec4 v0x59e2d3595840_0, 0, 1;
    %jmp T_101.7;
T_101.6 ;
    %load/vec4 v0x59e2d3586a10_0;
    %pushi/vec4 28799, 0, 32;
    %and;
    %cmpi/e 4195, 0, 32;
    %jmp/0xz  T_101.8, 4;
    %pushi/vec4 1, 0, 1;
    %store/vec4 v0x59e2d35948d0_0, 0, 1;
    %load/vec4 v0x59e2d2f4d2c0_0;
    %load/vec4 v0x59e2d34f9690_0;
    %cmp/ne;
    %flag_get/vec4 4;
    %store/vec4 v0x59e2d3595840_0, 0, 1;
    %jmp T_101.9;
T_101.8 ;
    %load/vec4 v0x59e2d3586a10_0;
    %pushi/vec4 28799, 0, 32;
    %and;
    %cmpi/e 16483, 0, 32;
    %jmp/0xz  T_101.10, 4;
    %pushi/vec4 1, 0, 1;
    %store/vec4 v0x59e2d35948d0_0, 0, 1;
    %load/vec4 v0x59e2d2f4d2c0_0;
    %load/vec4 v0x59e2d34f9690_0;
    %store/vec4 v0x59e2d3506c10_0, 0, 32;
    %store/vec4 v0x59e2d3506b50_0, 0, 32;
    %callf/vec4 TD_tb_muls.u_dut.u_exec0.less_than_signed, S_0x59e2d36beda0;
    %store/vec4 v0x59e2d3595840_0, 0, 1;
    %jmp T_101.11;
T_101.10 ;
    %load/vec4 v0x59e2d3586a10_0;
    %pushi/vec4 28799, 0, 32;
    %and;
    %cmpi/e 20579, 0, 32;
    %jmp/0xz  T_101.12, 4;
    %pushi/vec4 1, 0, 1;
    %store/vec4 v0x59e2d35948d0_0, 0, 1;
    %load/vec4 v0x59e2d2f4d2c0_0;
    %load/vec4 v0x59e2d34f9690_0;
    %store/vec4 v0x59e2d3561320_0, 0, 32;
    %store/vec4 v0x59e2d3561260_0, 0, 32;
    %callf/vec4 TD_tb_muls.u_dut.u_exec0.greater_than_signed, S_0x59e2d34f8ed0;
    %load/vec4 v0x59e2d2f4d2c0_0;
    %load/vec4 v0x59e2d34f9690_0;
    %cmp/e;
    %flag_get/vec4 4;
    %or;
    %store/vec4 v0x59e2d3595840_0, 0, 1;
    %jmp T_101.13;
T_101.12 ;
    %load/vec4 v0x59e2d3586a10_0;
    %pushi/vec4 28799, 0, 32;
    %and;
    %cmpi/e 24675, 0, 32;
    %jmp/0xz  T_101.14, 4;
    %pushi/vec4 1, 0, 1;
    %store/vec4 v0x59e2d35948d0_0, 0, 1;
    %load/vec4 v0x59e2d2f4d2c0_0;
    %load/vec4 v0x59e2d34f9690_0;
    %cmp/u;
    %flag_get/vec4 5;
    %store/vec4 v0x59e2d3595840_0, 0, 1;
    %jmp T_101.15;
T_101.14 ;
    %load/vec4 v0x59e2d3586a10_0;
    %pushi/vec4 28799, 0, 32;
    %and;
    %cmpi/e 28771, 0, 32;
    %jmp/0xz  T_101.16, 4;
    %pushi/vec4 1, 0, 1;
    %store/vec4 v0x59e2d35948d0_0, 0, 1;
    %load/vec4 v0x59e2d34f9690_0;
    %load/vec4 v0x59e2d2f4d2c0_0;
    %cmp/u;
    %flag_get/vec4 4;
    %flag_get/vec4 5;
    %or;
    %store/vec4 v0x59e2d3595840_0, 0, 1;
T_101.16 ;
T_101.15 ;
T_101.13 ;
T_101.11 ;
T_101.9 ;
T_101.7 ;
T_101.3 ;
T_101.1 ;
    %jmp T_101;
    .thread T_101, $push;
    .scope S_0x59e2d3577690;
T_102 ;
    %wait E_0x59e2d2ddd780;
    %load/vec4 v0x59e2d34f9df0_0;
    %flag_set/vec4 8;
    %jmp/0xz  T_102.0, 8;
    %pushi/vec4 0, 0, 1;
    %assign/vec4 v0x59e2d3595780_0, 0;
    %pushi/vec4 0, 0, 1;
    %assign/vec4 v0x59e2d32dc7f0_0, 0;
    %pushi/vec4 0, 0, 32;
    %assign/vec4 v0x59e2d34f7780_0, 0;
    %pushi/vec4 0, 0, 32;
    %assign/vec4 v0x59e2d34f9ae0_0, 0;
    %pushi/vec4 0, 0, 1;
    %assign/vec4 v0x59e2d35675d0_0, 0;
    %pushi/vec4 0, 0, 1;
    %assign/vec4 v0x59e2d3597a00_0, 0;
    %pushi/vec4 0, 0, 1;
    %assign/vec4 v0x59e2d34fe2a0_0, 0;
    %jmp T_102.1;
T_102.0 ;
    %load/vec4 v0x59e2d34f9a40_0;
    %flag_set/vec4 8;
    %jmp/0xz  T_102.2, 8;
    %load/vec4 v0x59e2d35948d0_0;
    %flag_set/vec4 8;
    %flag_get/vec4 8;
    %jmp/0 T_102.4, 8;
    %load/vec4 v0x59e2d34f9a40_0;
    %load/vec4 v0x59e2d3595840_0;
    %and;
    %and;
T_102.4;
    %assign/vec4 v0x59e2d3595780_0, 0;
    %load/vec4 v0x59e2d35948d0_0;
    %flag_set/vec4 8;
    %flag_get/vec4 8;
    %jmp/0 T_102.5, 8;
    %load/vec4 v0x59e2d34f9a40_0;
    %load/vec4 v0x59e2d3595840_0;
    %inv;
    %and;
    %and;
T_102.5;
    %assign/vec4 v0x59e2d32dc7f0_0, 0;
    %load/vec4 v0x59e2d3595840_0;
    %flag_set/vec4 8;
    %jmp/0 T_102.6, 8;
    %load/vec4 v0x59e2d351a6e0_0;
    %jmp/1 T_102.7, 8;
T_102.6 ; End of true expr.
    %load/vec4 v0x59e2d35833d0_0;
    %addi 4, 0, 32;
    %jmp/0 T_102.7, 8;
 ; End of false expr.
    %blend;
T_102.7;
    %assign/vec4 v0x59e2d34f7780_0, 0;
    %load/vec4 v0x59e2d35948d0_0;
    %flag_set/vec4 9;
    %flag_get/vec4 9;
    %jmp/0 T_102.9, 9;
    %load/vec4 v0x59e2d34f9a40_0;
    %and;
T_102.9;
    %flag_set/vec4 8;
    %flag_get/vec4 8;
    %jmp/0 T_102.8, 8;
    %load/vec4 v0x59e2d34e9160_0;
    %and;
T_102.8;
    %assign/vec4 v0x59e2d35675d0_0, 0;
    %load/vec4 v0x59e2d35948d0_0;
    %flag_set/vec4 9;
    %flag_get/vec4 9;
    %jmp/0 T_102.11, 9;
    %load/vec4 v0x59e2d34f9a40_0;
    %and;
T_102.11;
    %flag_set/vec4 8;
    %flag_get/vec4 8;
    %jmp/0 T_102.10, 8;
    %load/vec4 v0x59e2d3596860_0;
    %and;
T_102.10;
    %assign/vec4 v0x59e2d3597a00_0, 0;
    %load/vec4 v0x59e2d35948d0_0;
    %flag_set/vec4 9;
    %flag_get/vec4 9;
    %jmp/0 T_102.13, 9;
    %load/vec4 v0x59e2d34f9a40_0;
    %and;
T_102.13;
    %flag_set/vec4 8;
    %flag_get/vec4 8;
    %jmp/0 T_102.12, 8;
    %load/vec4 v0x59e2d32dc750_0;
    %and;
T_102.12;
    %assign/vec4 v0x59e2d34fe2a0_0, 0;
    %load/vec4 v0x59e2d35833d0_0;
    %assign/vec4 v0x59e2d34f9ae0_0, 0;
T_102.2 ;
T_102.1 ;
    %jmp T_102;
    .thread T_102;
    .scope S_0x59e2d32accf0;
T_103 ;
    %wait E_0x59e2d30b0f20;
    %pushi/vec4 0, 0, 16;
    %store/vec4 v0x59e2d35b2830_0, 0, 16;
    %pushi/vec4 0, 0, 32;
    %store/vec4 v0x59e2d34ca570_0, 0, 32;
    %pushi/vec4 0, 0, 32;
    %store/vec4 v0x59e2d34ca630_0, 0, 32;
    %pushi/vec4 0, 0, 32;
    %store/vec4 v0x59e2d35b2bb0_0, 0, 32;
    %pushi/vec4 0, 0, 32;
    %store/vec4 v0x59e2d35b2c90_0, 0, 32;
    %pushi/vec4 0, 0, 32;
    %store/vec4 v0x59e2d34c96c0_0, 0, 32;
    %pushi/vec4 0, 0, 32;
    %store/vec4 v0x59e2d34c97a0_0, 0, 32;
    %pushi/vec4 0, 0, 32;
    %store/vec4 v0x59e2d34c9e10_0, 0, 32;
    %pushi/vec4 0, 0, 32;
    %store/vec4 v0x59e2d34c9ef0_0, 0, 32;
    %load/vec4 v0x59e2d34cbf40_0;
    %dup/vec4;
    %pushi/vec4 1, 0, 4;
    %cmp/u;
    %jmp/1 T_103.0, 6;
    %dup/vec4;
    %pushi/vec4 2, 0, 4;
    %cmp/u;
    %jmp/1 T_103.1, 6;
    %dup/vec4;
    %pushi/vec4 3, 0, 4;
    %cmp/u;
    %jmp/1 T_103.2, 6;
    %dup/vec4;
    %pushi/vec4 4, 0, 4;
    %cmp/u;
    %jmp/1 T_103.3, 6;
    %dup/vec4;
    %pushi/vec4 6, 0, 4;
    %cmp/u;
    %jmp/1 T_103.4, 6;
    %dup/vec4;
    %pushi/vec4 7, 0, 4;
    %cmp/u;
    %jmp/1 T_103.5, 6;
    %dup/vec4;
    %pushi/vec4 8, 0, 4;
    %cmp/u;
    %jmp/1 T_103.6, 6;
    %dup/vec4;
    %pushi/vec4 9, 0, 4;
    %cmp/u;
    %jmp/1 T_103.7, 6;
    %dup/vec4;
    %pushi/vec4 10, 0, 4;
    %cmp/u;
    %jmp/1 T_103.8, 6;
    %dup/vec4;
    %pushi/vec4 11, 0, 4;
    %cmp/u;
    %jmp/1 T_103.9, 6;
    %load/vec4 v0x59e2d34cbb90_0;
    %store/vec4 v0x59e2d34c9310_0, 0, 32;
    %jmp T_103.11;
T_103.0 ;
    %load/vec4 v0x59e2d34cbc70_0;
    %parti/s 1, 0, 2;
    %cmpi/e 1, 0, 1;
    %jmp/0xz  T_103.12, 4;
    %load/vec4 v0x59e2d34cbb90_0;
    %parti/s 31, 0, 2;
    %concati/vec4 0, 0, 1;
    %store/vec4 v0x59e2d34c96c0_0, 0, 32;
    %jmp T_103.13;
T_103.12 ;
    %load/vec4 v0x59e2d34cbb90_0;
    %store/vec4 v0x59e2d34c96c0_0, 0, 32;
T_103.13 ;
    %load/vec4 v0x59e2d34cbc70_0;
    %parti/s 1, 1, 2;
    %cmpi/e 1, 0, 1;
    %jmp/0xz  T_103.14, 4;
    %load/vec4 v0x59e2d34c96c0_0;
    %parti/s 30, 0, 2;
    %concati/vec4 0, 0, 2;
    %store/vec4 v0x59e2d34c97a0_0, 0, 32;
    %jmp T_103.15;
T_103.14 ;
    %load/vec4 v0x59e2d34c96c0_0;
    %store/vec4 v0x59e2d34c97a0_0, 0, 32;
T_103.15 ;
    %load/vec4 v0x59e2d34cbc70_0;
    %parti/s 1, 2, 3;
    %cmpi/e 1, 0, 1;
    %jmp/0xz  T_103.16, 4;
    %load/vec4 v0x59e2d34c97a0_0;
    %parti/s 28, 0, 2;
    %concati/vec4 0, 0, 4;
    %store/vec4 v0x59e2d34c9e10_0, 0, 32;
    %jmp T_103.17;
T_103.16 ;
    %load/vec4 v0x59e2d34c97a0_0;
    %store/vec4 v0x59e2d34c9e10_0, 0, 32;
T_103.17 ;
    %load/vec4 v0x59e2d34cbc70_0;
    %parti/s 1, 3, 3;
    %cmpi/e 1, 0, 1;
    %jmp/0xz  T_103.18, 4;
    %load/vec4 v0x59e2d34c9e10_0;
    %parti/s 24, 0, 2;
    %concati/vec4 0, 0, 8;
    %store/vec4 v0x59e2d34c9ef0_0, 0, 32;
    %jmp T_103.19;
T_103.18 ;
    %load/vec4 v0x59e2d34c9e10_0;
    %store/vec4 v0x59e2d34c9ef0_0, 0, 32;
T_103.19 ;
    %load/vec4 v0x59e2d34cbc70_0;
    %parti/s 1, 4, 4;
    %cmpi/e 1, 0, 1;
    %jmp/0xz  T_103.20, 4;
    %load/vec4 v0x59e2d34c9ef0_0;
    %parti/s 16, 0, 2;
    %concati/vec4 0, 0, 16;
    %store/vec4 v0x59e2d34c9310_0, 0, 32;
    %jmp T_103.21;
T_103.20 ;
    %load/vec4 v0x59e2d34c9ef0_0;
    %store/vec4 v0x59e2d34c9310_0, 0, 32;
T_103.21 ;
    %jmp T_103.11;
T_103.1 ;
    %load/vec4 v0x59e2d34cbb90_0;
    %parti/s 1, 31, 6;
    %cmpi/e 1, 0, 1;
    %flag_get/vec4 4;
    %jmp/0 T_103.24, 4;
    %load/vec4 v0x59e2d34cbf40_0;
    %pushi/vec4 3, 0, 4;
    %cmp/e;
    %flag_get/vec4 4;
    %and;
T_103.24;
    %flag_set/vec4 8;
    %jmp/0xz  T_103.22, 8;
    %pushi/vec4 65535, 0, 16;
    %store/vec4 v0x59e2d35b2830_0, 0, 16;
    %jmp T_103.23;
T_103.22 ;
    %pushi/vec4 0, 0, 16;
    %store/vec4 v0x59e2d35b2830_0, 0, 16;
T_103.23 ;
    %load/vec4 v0x59e2d34cbc70_0;
    %parti/s 1, 0, 2;
    %cmpi/e 1, 0, 1;
    %jmp/0xz  T_103.25, 4;
    %load/vec4 v0x59e2d35b2830_0;
    %parti/s 1, 15, 5;
    %load/vec4 v0x59e2d34cbb90_0;
    %parti/s 31, 1, 2;
    %concat/vec4; draw_concat_vec4
    %store/vec4 v0x59e2d34ca570_0, 0, 32;
    %jmp T_103.26;
T_103.25 ;
    %load/vec4 v0x59e2d34cbb90_0;
    %store/vec4 v0x59e2d34ca570_0, 0, 32;
T_103.26 ;
    %load/vec4 v0x59e2d34cbc70_0;
    %parti/s 1, 1, 2;
    %cmpi/e 1, 0, 1;
    %jmp/0xz  T_103.27, 4;
    %load/vec4 v0x59e2d35b2830_0;
    %parti/s 2, 14, 5;
    %load/vec4 v0x59e2d34ca570_0;
    %parti/s 30, 2, 3;
    %concat/vec4; draw_concat_vec4
    %store/vec4 v0x59e2d34ca630_0, 0, 32;
    %jmp T_103.28;
T_103.27 ;
    %load/vec4 v0x59e2d34ca570_0;
    %store/vec4 v0x59e2d34ca630_0, 0, 32;
T_103.28 ;
    %load/vec4 v0x59e2d34cbc70_0;
    %parti/s 1, 2, 3;
    %cmpi/e 1, 0, 1;
    %jmp/0xz  T_103.29, 4;
    %load/vec4 v0x59e2d35b2830_0;
    %parti/s 4, 12, 5;
    %load/vec4 v0x59e2d34ca630_0;
    %parti/s 28, 4, 4;
    %concat/vec4; draw_concat_vec4
    %store/vec4 v0x59e2d35b2bb0_0, 0, 32;
    %jmp T_103.30;
T_103.29 ;
    %load/vec4 v0x59e2d34ca630_0;
    %store/vec4 v0x59e2d35b2bb0_0, 0, 32;
T_103.30 ;
    %load/vec4 v0x59e2d34cbc70_0;
    %parti/s 1, 3, 3;
    %cmpi/e 1, 0, 1;
    %jmp/0xz  T_103.31, 4;
    %load/vec4 v0x59e2d35b2830_0;
    %parti/s 8, 8, 5;
    %load/vec4 v0x59e2d35b2bb0_0;
    %parti/s 24, 8, 5;
    %concat/vec4; draw_concat_vec4
    %store/vec4 v0x59e2d35b2c90_0, 0, 32;
    %jmp T_103.32;
T_103.31 ;
    %load/vec4 v0x59e2d35b2bb0_0;
    %store/vec4 v0x59e2d35b2c90_0, 0, 32;
T_103.32 ;
    %load/vec4 v0x59e2d34cbc70_0;
    %parti/s 1, 4, 4;
    %cmpi/e 1, 0, 1;
    %jmp/0xz  T_103.33, 4;
    %load/vec4 v0x59e2d35b2830_0;
    %load/vec4 v0x59e2d35b2c90_0;
    %parti/s 16, 16, 6;
    %concat/vec4; draw_concat_vec4
    %store/vec4 v0x59e2d34c9310_0, 0, 32;
    %jmp T_103.34;
T_103.33 ;
    %load/vec4 v0x59e2d35b2c90_0;
    %store/vec4 v0x59e2d34c9310_0, 0, 32;
T_103.34 ;
    %jmp T_103.11;
T_103.2 ;
    %load/vec4 v0x59e2d34cbb90_0;
    %parti/s 1, 31, 6;
    %cmpi/e 1, 0, 1;
    %flag_get/vec4 4;
    %jmp/0 T_103.37, 4;
    %load/vec4 v0x59e2d34cbf40_0;
    %pushi/vec4 3, 0, 4;
    %cmp/e;
    %flag_get/vec4 4;
    %and;
T_103.37;
    %flag_set/vec4 8;
    %jmp/0xz  T_103.35, 8;
    %pushi/vec4 65535, 0, 16;
    %store/vec4 v0x59e2d35b2830_0, 0, 16;
    %jmp T_103.36;
T_103.35 ;
    %pushi/vec4 0, 0, 16;
    %store/vec4 v0x59e2d35b2830_0, 0, 16;
T_103.36 ;
    %load/vec4 v0x59e2d34cbc70_0;
    %parti/s 1, 0, 2;
    %cmpi/e 1, 0, 1;
    %jmp/0xz  T_103.38, 4;
    %load/vec4 v0x59e2d35b2830_0;
    %parti/s 1, 15, 5;
    %load/vec4 v0x59e2d34cbb90_0;
    %parti/s 31, 1, 2;
    %concat/vec4; draw_concat_vec4
    %store/vec4 v0x59e2d34ca570_0, 0, 32;
    %jmp T_103.39;
T_103.38 ;
    %load/vec4 v0x59e2d34cbb90_0;
    %store/vec4 v0x59e2d34ca570_0, 0, 32;
T_103.39 ;
    %load/vec4 v0x59e2d34cbc70_0;
    %parti/s 1, 1, 2;
    %cmpi/e 1, 0, 1;
    %jmp/0xz  T_103.40, 4;
    %load/vec4 v0x59e2d35b2830_0;
    %parti/s 2, 14, 5;
    %load/vec4 v0x59e2d34ca570_0;
    %parti/s 30, 2, 3;
    %concat/vec4; draw_concat_vec4
    %store/vec4 v0x59e2d34ca630_0, 0, 32;
    %jmp T_103.41;
T_103.40 ;
    %load/vec4 v0x59e2d34ca570_0;
    %store/vec4 v0x59e2d34ca630_0, 0, 32;
T_103.41 ;
    %load/vec4 v0x59e2d34cbc70_0;
    %parti/s 1, 2, 3;
    %cmpi/e 1, 0, 1;
    %jmp/0xz  T_103.42, 4;
    %load/vec4 v0x59e2d35b2830_0;
    %parti/s 4, 12, 5;
    %load/vec4 v0x59e2d34ca630_0;
    %parti/s 28, 4, 4;
    %concat/vec4; draw_concat_vec4
    %store/vec4 v0x59e2d35b2bb0_0, 0, 32;
    %jmp T_103.43;
T_103.42 ;
    %load/vec4 v0x59e2d34ca630_0;
    %store/vec4 v0x59e2d35b2bb0_0, 0, 32;
T_103.43 ;
    %load/vec4 v0x59e2d34cbc70_0;
    %parti/s 1, 3, 3;
    %cmpi/e 1, 0, 1;
    %jmp/0xz  T_103.44, 4;
    %load/vec4 v0x59e2d35b2830_0;
    %parti/s 8, 8, 5;
    %load/vec4 v0x59e2d35b2bb0_0;
    %parti/s 24, 8, 5;
    %concat/vec4; draw_concat_vec4
    %store/vec4 v0x59e2d35b2c90_0, 0, 32;
    %jmp T_103.45;
T_103.44 ;
    %load/vec4 v0x59e2d35b2bb0_0;
    %store/vec4 v0x59e2d35b2c90_0, 0, 32;
T_103.45 ;
    %load/vec4 v0x59e2d34cbc70_0;
    %parti/s 1, 4, 4;
    %cmpi/e 1, 0, 1;
    %jmp/0xz  T_103.46, 4;
    %load/vec4 v0x59e2d35b2830_0;
    %load/vec4 v0x59e2d35b2c90_0;
    %parti/s 16, 16, 6;
    %concat/vec4; draw_concat_vec4
    %store/vec4 v0x59e2d34c9310_0, 0, 32;
    %jmp T_103.47;
T_103.46 ;
    %load/vec4 v0x59e2d35b2c90_0;
    %store/vec4 v0x59e2d34c9310_0, 0, 32;
T_103.47 ;
    %jmp T_103.11;
T_103.3 ;
    %load/vec4 v0x59e2d34cbb90_0;
    %load/vec4 v0x59e2d34cbc70_0;
    %add;
    %store/vec4 v0x59e2d34c9310_0, 0, 32;
    %jmp T_103.11;
T_103.4 ;
    %load/vec4 v0x59e2d35b28f0_0;
    %store/vec4 v0x59e2d34c9310_0, 0, 32;
    %jmp T_103.11;
T_103.5 ;
    %load/vec4 v0x59e2d34cbb90_0;
    %load/vec4 v0x59e2d34cbc70_0;
    %and;
    %store/vec4 v0x59e2d34c9310_0, 0, 32;
    %jmp T_103.11;
T_103.6 ;
    %load/vec4 v0x59e2d34cbb90_0;
    %load/vec4 v0x59e2d34cbc70_0;
    %or;
    %store/vec4 v0x59e2d34c9310_0, 0, 32;
    %jmp T_103.11;
T_103.7 ;
    %load/vec4 v0x59e2d34cbb90_0;
    %load/vec4 v0x59e2d34cbc70_0;
    %xor;
    %store/vec4 v0x59e2d34c9310_0, 0, 32;
    %jmp T_103.11;
T_103.8 ;
    %load/vec4 v0x59e2d34cbb90_0;
    %load/vec4 v0x59e2d34cbc70_0;
    %cmp/u;
    %flag_mov 8, 5;
    %jmp/0 T_103.48, 8;
    %pushi/vec4 1, 0, 32;
    %jmp/1 T_103.49, 8;
T_103.48 ; End of true expr.
    %pushi/vec4 0, 0, 32;
    %jmp/0 T_103.49, 8;
 ; End of false expr.
    %blend;
T_103.49;
    %store/vec4 v0x59e2d34c9310_0, 0, 32;
    %jmp T_103.11;
T_103.9 ;
    %load/vec4 v0x59e2d34cbb90_0;
    %parti/s 1, 31, 6;
    %load/vec4 v0x59e2d34cbc70_0;
    %parti/s 1, 31, 6;
    %cmp/ne;
    %jmp/0xz  T_103.50, 4;
    %load/vec4 v0x59e2d34cbb90_0;
    %parti/s 1, 31, 6;
    %flag_set/vec4 8;
    %jmp/0 T_103.52, 8;
    %pushi/vec4 1, 0, 32;
    %jmp/1 T_103.53, 8;
T_103.52 ; End of true expr.
    %pushi/vec4 0, 0, 32;
    %jmp/0 T_103.53, 8;
 ; End of false expr.
    %blend;
T_103.53;
    %store/vec4 v0x59e2d34c9310_0, 0, 32;
    %jmp T_103.51;
T_103.50 ;
    %load/vec4 v0x59e2d35b28f0_0;
    %parti/s 1, 31, 6;
    %flag_set/vec4 8;
    %jmp/0 T_103.54, 8;
    %pushi/vec4 1, 0, 32;
    %jmp/1 T_103.55, 8;
T_103.54 ; End of true expr.
    %pushi/vec4 0, 0, 32;
    %jmp/0 T_103.55, 8;
 ; End of false expr.
    %blend;
T_103.55;
    %store/vec4 v0x59e2d34c9310_0, 0, 32;
T_103.51 ;
    %jmp T_103.11;
T_103.11 ;
    %pop/vec4 1;
    %jmp T_103;
    .thread T_103, $push;
    .scope S_0x59e2d36bf0e0;
T_104 ;
    %wait E_0x59e2d2eadd50;
    %load/vec4 v0x59e2d3654c30_0;
    %parti/s 20, 12, 5;
    %concati/vec4 0, 0, 12;
    %store/vec4 v0x59e2d3654fb0_0, 0, 32;
    %load/vec4 v0x59e2d3654c30_0;
    %parti/s 1, 31, 6;
    %replicate 20;
    %load/vec4 v0x59e2d3654c30_0;
    %parti/s 12, 20, 6;
    %concat/vec4; draw_concat_vec4
    %store/vec4 v0x59e2d35b09c0_0, 0, 32;
    %load/vec4 v0x59e2d3654c30_0;
    %parti/s 1, 31, 6;
    %replicate 19;
    %load/vec4 v0x59e2d3654c30_0;
    %parti/s 1, 31, 6;
    %concat/vec4; draw_concat_vec4
    %load/vec4 v0x59e2d3654c30_0;
    %parti/s 1, 7, 4;
    %concat/vec4; draw_concat_vec4
    %load/vec4 v0x59e2d3654c30_0;
    %parti/s 6, 25, 6;
    %concat/vec4; draw_concat_vec4
    %load/vec4 v0x59e2d3654c30_0;
    %parti/s 4, 8, 5;
    %concat/vec4; draw_concat_vec4
    %concati/vec4 0, 0, 1;
    %store/vec4 v0x59e2d35b1a30_0, 0, 32;
    %load/vec4 v0x59e2d3654c30_0;
    %parti/s 1, 31, 6;
    %replicate 12;
    %load/vec4 v0x59e2d3654c30_0;
    %parti/s 8, 12, 5;
    %concat/vec4; draw_concat_vec4
    %load/vec4 v0x59e2d3654c30_0;
    %parti/s 1, 20, 6;
    %concat/vec4; draw_concat_vec4
    %load/vec4 v0x59e2d3654c30_0;
    %parti/s 6, 25, 6;
    %concat/vec4; draw_concat_vec4
    %load/vec4 v0x59e2d3654c30_0;
    %parti/s 4, 21, 6;
    %concat/vec4; draw_concat_vec4
    %concati/vec4 0, 0, 1;
    %store/vec4 v0x59e2d3655090_0, 0, 32;
    %load/vec4 v0x59e2d3654c30_0;
    %parti/s 5, 20, 6;
    %store/vec4 v0x59e2d3653330_0, 0, 5;
    %jmp T_104;
    .thread T_104, $push;
    .scope S_0x59e2d36bf0e0;
T_105 ;
    %wait E_0x59e2d2eadcd0;
    %pushi/vec4 0, 0, 4;
    %store/vec4 v0x59e2d35b2590_0, 0, 4;
    %pushi/vec4 0, 0, 32;
    %store/vec4 v0x59e2d35b2130_0, 0, 32;
    %pushi/vec4 0, 0, 32;
    %store/vec4 v0x59e2d35b1db0_0, 0, 32;
    %load/vec4 v0x59e2d3654c30_0;
    %pushi/vec4 4261441663, 0, 32;
    %and;
    %cmpi/e 51, 0, 32;
    %jmp/0xz  T_105.0, 4;
    %pushi/vec4 4, 0, 4;
    %store/vec4 v0x59e2d35b2590_0, 0, 4;
    %load/vec4 v0x59e2d3654970_0;
    %store/vec4 v0x59e2d35b2130_0, 0, 32;
    %load/vec4 v0x59e2d3654610_0;
    %store/vec4 v0x59e2d35b1db0_0, 0, 32;
    %jmp T_105.1;
T_105.0 ;
    %load/vec4 v0x59e2d3654c30_0;
    %pushi/vec4 4261441663, 0, 32;
    %and;
    %cmpi/e 28723, 0, 32;
    %jmp/0xz  T_105.2, 4;
    %pushi/vec4 7, 0, 4;
    %store/vec4 v0x59e2d35b2590_0, 0, 4;
    %load/vec4 v0x59e2d3654970_0;
    %store/vec4 v0x59e2d35b2130_0, 0, 32;
    %load/vec4 v0x59e2d3654610_0;
    %store/vec4 v0x59e2d35b1db0_0, 0, 32;
    %jmp T_105.3;
T_105.2 ;
    %load/vec4 v0x59e2d3654c30_0;
    %pushi/vec4 4261441663, 0, 32;
    %and;
    %cmpi/e 24627, 0, 32;
    %jmp/0xz  T_105.4, 4;
    %pushi/vec4 8, 0, 4;
    %store/vec4 v0x59e2d35b2590_0, 0, 4;
    %load/vec4 v0x59e2d3654970_0;
    %store/vec4 v0x59e2d35b2130_0, 0, 32;
    %load/vec4 v0x59e2d3654610_0;
    %store/vec4 v0x59e2d35b1db0_0, 0, 32;
    %jmp T_105.5;
T_105.4 ;
    %load/vec4 v0x59e2d3654c30_0;
    %pushi/vec4 4261441663, 0, 32;
    %and;
    %cmpi/e 4147, 0, 32;
    %jmp/0xz  T_105.6, 4;
    %pushi/vec4 1, 0, 4;
    %store/vec4 v0x59e2d35b2590_0, 0, 4;
    %load/vec4 v0x59e2d3654970_0;
    %store/vec4 v0x59e2d35b2130_0, 0, 32;
    %load/vec4 v0x59e2d3654610_0;
    %store/vec4 v0x59e2d35b1db0_0, 0, 32;
    %jmp T_105.7;
T_105.6 ;
    %load/vec4 v0x59e2d3654c30_0;
    %pushi/vec4 4261441663, 0, 32;
    %and;
    %cmpi/e 1073762355, 0, 32;
    %jmp/0xz  T_105.8, 4;
    %pushi/vec4 3, 0, 4;
    %store/vec4 v0x59e2d35b2590_0, 0, 4;
    %load/vec4 v0x59e2d3654970_0;
    %store/vec4 v0x59e2d35b2130_0, 0, 32;
    %load/vec4 v0x59e2d3654610_0;
    %store/vec4 v0x59e2d35b1db0_0, 0, 32;
    %jmp T_105.9;
T_105.8 ;
    %load/vec4 v0x59e2d3654c30_0;
    %pushi/vec4 4261441663, 0, 32;
    %and;
    %cmpi/e 20531, 0, 32;
    %jmp/0xz  T_105.10, 4;
    %pushi/vec4 2, 0, 4;
    %store/vec4 v0x59e2d35b2590_0, 0, 4;
    %load/vec4 v0x59e2d3654970_0;
    %store/vec4 v0x59e2d35b2130_0, 0, 32;
    %load/vec4 v0x59e2d3654610_0;
    %store/vec4 v0x59e2d35b1db0_0, 0, 32;
    %jmp T_105.11;
T_105.10 ;
    %load/vec4 v0x59e2d3654c30_0;
    %pushi/vec4 4261441663, 0, 32;
    %and;
    %cmpi/e 1073741875, 0, 32;
    %jmp/0xz  T_105.12, 4;
    %pushi/vec4 6, 0, 4;
    %store/vec4 v0x59e2d35b2590_0, 0, 4;
    %load/vec4 v0x59e2d3654970_0;
    %store/vec4 v0x59e2d35b2130_0, 0, 32;
    %load/vec4 v0x59e2d3654610_0;
    %store/vec4 v0x59e2d35b1db0_0, 0, 32;
    %jmp T_105.13;
T_105.12 ;
    %load/vec4 v0x59e2d3654c30_0;
    %pushi/vec4 4261441663, 0, 32;
    %and;
    %cmpi/e 16435, 0, 32;
    %jmp/0xz  T_105.14, 4;
    %pushi/vec4 9, 0, 4;
    %store/vec4 v0x59e2d35b2590_0, 0, 4;
    %load/vec4 v0x59e2d3654970_0;
    %store/vec4 v0x59e2d35b2130_0, 0, 32;
    %load/vec4 v0x59e2d3654610_0;
    %store/vec4 v0x59e2d35b1db0_0, 0, 32;
    %jmp T_105.15;
T_105.14 ;
    %load/vec4 v0x59e2d3654c30_0;
    %pushi/vec4 4261441663, 0, 32;
    %and;
    %cmpi/e 8243, 0, 32;
    %jmp/0xz  T_105.16, 4;
    %pushi/vec4 11, 0, 4;
    %store/vec4 v0x59e2d35b2590_0, 0, 4;
    %load/vec4 v0x59e2d3654970_0;
    %store/vec4 v0x59e2d35b2130_0, 0, 32;
    %load/vec4 v0x59e2d3654610_0;
    %store/vec4 v0x59e2d35b1db0_0, 0, 32;
    %jmp T_105.17;
T_105.16 ;
    %load/vec4 v0x59e2d3654c30_0;
    %pushi/vec4 4261441663, 0, 32;
    %and;
    %cmpi/e 12339, 0, 32;
    %jmp/0xz  T_105.18, 4;
    %pushi/vec4 10, 0, 4;
    %store/vec4 v0x59e2d35b2590_0, 0, 4;
    %load/vec4 v0x59e2d3654970_0;
    %store/vec4 v0x59e2d35b2130_0, 0, 32;
    %load/vec4 v0x59e2d3654610_0;
    %store/vec4 v0x59e2d35b1db0_0, 0, 32;
    %jmp T_105.19;
T_105.18 ;
    %load/vec4 v0x59e2d3654c30_0;
    %pushi/vec4 28799, 0, 32;
    %and;
    %cmpi/e 19, 0, 32;
    %jmp/0xz  T_105.20, 4;
    %pushi/vec4 4, 0, 4;
    %store/vec4 v0x59e2d35b2590_0, 0, 4;
    %load/vec4 v0x59e2d3654970_0;
    %store/vec4 v0x59e2d35b2130_0, 0, 32;
    %load/vec4 v0x59e2d35b09c0_0;
    %store/vec4 v0x59e2d35b1db0_0, 0, 32;
    %jmp T_105.21;
T_105.20 ;
    %load/vec4 v0x59e2d3654c30_0;
    %pushi/vec4 28799, 0, 32;
    %and;
    %cmpi/e 28691, 0, 32;
    %jmp/0xz  T_105.22, 4;
    %pushi/vec4 7, 0, 4;
    %store/vec4 v0x59e2d35b2590_0, 0, 4;
    %load/vec4 v0x59e2d3654970_0;
    %store/vec4 v0x59e2d35b2130_0, 0, 32;
    %load/vec4 v0x59e2d35b09c0_0;
    %store/vec4 v0x59e2d35b1db0_0, 0, 32;
    %jmp T_105.23;
T_105.22 ;
    %load/vec4 v0x59e2d3654c30_0;
    %pushi/vec4 28799, 0, 32;
    %and;
    %cmpi/e 8211, 0, 32;
    %jmp/0xz  T_105.24, 4;
    %pushi/vec4 11, 0, 4;
    %store/vec4 v0x59e2d35b2590_0, 0, 4;
    %load/vec4 v0x59e2d3654970_0;
    %store/vec4 v0x59e2d35b2130_0, 0, 32;
    %load/vec4 v0x59e2d35b09c0_0;
    %store/vec4 v0x59e2d35b1db0_0, 0, 32;
    %jmp T_105.25;
T_105.24 ;
    %load/vec4 v0x59e2d3654c30_0;
    %pushi/vec4 28799, 0, 32;
    %and;
    %cmpi/e 12307, 0, 32;
    %jmp/0xz  T_105.26, 4;
    %pushi/vec4 10, 0, 4;
    %store/vec4 v0x59e2d35b2590_0, 0, 4;
    %load/vec4 v0x59e2d3654970_0;
    %store/vec4 v0x59e2d35b2130_0, 0, 32;
    %load/vec4 v0x59e2d35b09c0_0;
    %store/vec4 v0x59e2d35b1db0_0, 0, 32;
    %jmp T_105.27;
T_105.26 ;
    %load/vec4 v0x59e2d3654c30_0;
    %pushi/vec4 28799, 0, 32;
    %and;
    %cmpi/e 24595, 0, 32;
    %jmp/0xz  T_105.28, 4;
    %pushi/vec4 8, 0, 4;
    %store/vec4 v0x59e2d35b2590_0, 0, 4;
    %load/vec4 v0x59e2d3654970_0;
    %store/vec4 v0x59e2d35b2130_0, 0, 32;
    %load/vec4 v0x59e2d35b09c0_0;
    %store/vec4 v0x59e2d35b1db0_0, 0, 32;
    %jmp T_105.29;
T_105.28 ;
    %load/vec4 v0x59e2d3654c30_0;
    %pushi/vec4 28799, 0, 32;
    %and;
    %cmpi/e 16403, 0, 32;
    %jmp/0xz  T_105.30, 4;
    %pushi/vec4 9, 0, 4;
    %store/vec4 v0x59e2d35b2590_0, 0, 4;
    %load/vec4 v0x59e2d3654970_0;
    %store/vec4 v0x59e2d35b2130_0, 0, 32;
    %load/vec4 v0x59e2d35b09c0_0;
    %store/vec4 v0x59e2d35b1db0_0, 0, 32;
    %jmp T_105.31;
T_105.30 ;
    %load/vec4 v0x59e2d3654c30_0;
    %pushi/vec4 4227887231, 0, 32;
    %and;
    %cmpi/e 4115, 0, 32;
    %jmp/0xz  T_105.32, 4;
    %pushi/vec4 1, 0, 4;
    %store/vec4 v0x59e2d35b2590_0, 0, 4;
    %load/vec4 v0x59e2d3654970_0;
    %store/vec4 v0x59e2d35b2130_0, 0, 32;
    %pushi/vec4 0, 0, 27;
    %load/vec4 v0x59e2d3653330_0;
    %concat/vec4; draw_concat_vec4
    %store/vec4 v0x59e2d35b1db0_0, 0, 32;
    %jmp T_105.33;
T_105.32 ;
    %load/vec4 v0x59e2d3654c30_0;
    %pushi/vec4 4227887231, 0, 32;
    %and;
    %cmpi/e 20499, 0, 32;
    %jmp/0xz  T_105.34, 4;
    %pushi/vec4 2, 0, 4;
    %store/vec4 v0x59e2d35b2590_0, 0, 4;
    %load/vec4 v0x59e2d3654970_0;
    %store/vec4 v0x59e2d35b2130_0, 0, 32;
    %pushi/vec4 0, 0, 27;
    %load/vec4 v0x59e2d3653330_0;
    %concat/vec4; draw_concat_vec4
    %store/vec4 v0x59e2d35b1db0_0, 0, 32;
    %jmp T_105.35;
T_105.34 ;
    %load/vec4 v0x59e2d3654c30_0;
    %pushi/vec4 4227887231, 0, 32;
    %and;
    %cmpi/e 1073762323, 0, 32;
    %jmp/0xz  T_105.36, 4;
    %pushi/vec4 3, 0, 4;
    %store/vec4 v0x59e2d35b2590_0, 0, 4;
    %load/vec4 v0x59e2d3654970_0;
    %store/vec4 v0x59e2d35b2130_0, 0, 32;
    %pushi/vec4 0, 0, 27;
    %load/vec4 v0x59e2d3653330_0;
    %concat/vec4; draw_concat_vec4
    %store/vec4 v0x59e2d35b1db0_0, 0, 32;
    %jmp T_105.37;
T_105.36 ;
    %load/vec4 v0x59e2d3654c30_0;
    %pushi/vec4 127, 0, 32;
    %and;
    %cmpi/e 55, 0, 32;
    %jmp/0xz  T_105.38, 4;
    %load/vec4 v0x59e2d3654fb0_0;
    %store/vec4 v0x59e2d35b2130_0, 0, 32;
    %jmp T_105.39;
T_105.38 ;
    %load/vec4 v0x59e2d3654c30_0;
    %pushi/vec4 127, 0, 32;
    %and;
    %cmpi/e 23, 0, 32;
    %jmp/0xz  T_105.40, 4;
    %pushi/vec4 4, 0, 4;
    %store/vec4 v0x59e2d35b2590_0, 0, 4;
    %load/vec4 v0x59e2d3654cf0_0;
    %store/vec4 v0x59e2d35b2130_0, 0, 32;
    %load/vec4 v0x59e2d3654fb0_0;
    %store/vec4 v0x59e2d35b1db0_0, 0, 32;
    %jmp T_105.41;
T_105.40 ;
    %load/vec4 v0x59e2d3654c30_0;
    %pushi/vec4 127, 0, 32;
    %and;
    %cmpi/e 111, 0, 32;
    %jmp/1 T_105.44, 4;
    %flag_mov 8, 4;
    %load/vec4 v0x59e2d3654c30_0;
    %pushi/vec4 28799, 0, 32;
    %and;
    %cmpi/e 103, 0, 32;
    %flag_or 4, 8;
T_105.44;
    %jmp/0xz  T_105.42, 4;
    %pushi/vec4 4, 0, 4;
    %store/vec4 v0x59e2d35b2590_0, 0, 4;
    %load/vec4 v0x59e2d3654cf0_0;
    %store/vec4 v0x59e2d35b2130_0, 0, 32;
    %pushi/vec4 4, 0, 32;
    %store/vec4 v0x59e2d35b1db0_0, 0, 32;
T_105.42 ;
T_105.41 ;
T_105.39 ;
T_105.37 ;
T_105.35 ;
T_105.33 ;
T_105.31 ;
T_105.29 ;
T_105.27 ;
T_105.25 ;
T_105.23 ;
T_105.21 ;
T_105.19 ;
T_105.17 ;
T_105.15 ;
T_105.13 ;
T_105.11 ;
T_105.9 ;
T_105.7 ;
T_105.5 ;
T_105.3 ;
T_105.1 ;
    %jmp T_105;
    .thread T_105, $push;
    .scope S_0x59e2d36bf0e0;
T_106 ;
    %wait E_0x59e2d2ddd780;
    %load/vec4 v0x59e2d3653790_0;
    %flag_set/vec4 8;
    %jmp/0xz  T_106.0, 8;
    %pushi/vec4 0, 0, 32;
    %assign/vec4 v0x59e2d36536b0_0, 0;
    %jmp T_106.1;
T_106.0 ;
    %load/vec4 v0x59e2d35b0900_0;
    %inv;
    %flag_set/vec4 8;
    %jmp/0xz  T_106.2, 8;
    %load/vec4 v0x59e2d35b1e80_0;
    %assign/vec4 v0x59e2d36536b0_0, 0;
T_106.2 ;
T_106.1 ;
    %jmp T_106;
    .thread T_106;
    .scope S_0x59e2d36bf0e0;
T_107 ;
    %wait E_0x59e2d34b7100;
    %pushi/vec4 0, 0, 1;
    %store/vec4 v0x59e2d3656dd0_0, 0, 1;
    %pushi/vec4 0, 0, 1;
    %store/vec4 v0x59e2d3655770_0, 0, 1;
    %pushi/vec4 0, 0, 1;
    %store/vec4 v0x59e2d35b1740_0, 0, 1;
    %pushi/vec4 0, 0, 1;
    %store/vec4 v0x59e2d36565f0_0, 0, 1;
    %pushi/vec4 0, 0, 1;
    %store/vec4 v0x59e2d3657070_0, 0, 1;
    %load/vec4 v0x59e2d3654cf0_0;
    %load/vec4 v0x59e2d35b1a30_0;
    %add;
    %store/vec4 v0x59e2d3655330_0, 0, 32;
    %load/vec4 v0x59e2d3654c30_0;
    %pushi/vec4 127, 0, 32;
    %and;
    %cmpi/e 111, 0, 32;
    %jmp/0xz  T_107.0, 4;
    %pushi/vec4 1, 0, 1;
    %store/vec4 v0x59e2d3656dd0_0, 0, 1;
    %pushi/vec4 1, 0, 1;
    %store/vec4 v0x59e2d3655770_0, 0, 1;
    %load/vec4 v0x59e2d3654cf0_0;
    %load/vec4 v0x59e2d3655090_0;
    %add;
    %store/vec4 v0x59e2d3655330_0, 0, 32;
    %load/vec4 v0x59e2d36541b0_0;
    %pushi/vec4 1, 0, 5;
    %cmp/e;
    %flag_get/vec4 4;
    %store/vec4 v0x59e2d35b1740_0, 0, 1;
    %pushi/vec4 1, 0, 1;
    %store/vec4 v0x59e2d3657070_0, 0, 1;
    %jmp T_107.1;
T_107.0 ;
    %load/vec4 v0x59e2d3654c30_0;
    %pushi/vec4 28799, 0, 32;
    %and;
    %cmpi/e 103, 0, 32;
    %jmp/0xz  T_107.2, 4;
    %pushi/vec4 1, 0, 1;
    %store/vec4 v0x59e2d3656dd0_0, 0, 1;
    %pushi/vec4 1, 0, 1;
    %store/vec4 v0x59e2d3655770_0, 0, 1;
    %load/vec4 v0x59e2d3654970_0;
    %load/vec4 v0x59e2d35b09c0_0;
    %add;
    %store/vec4 v0x59e2d3655330_0, 0, 32;
    %pushi/vec4 0, 0, 1;
    %ix/load 4, 0, 0;
    %flag_set/imm 4, 0;
    %store/vec4 v0x59e2d3655330_0, 4, 1;
    %load/vec4 v0x59e2d36548b0_0;
    %cmpi/e 1, 0, 5;
    %flag_get/vec4 4;
    %jmp/0 T_107.4, 4;
    %load/vec4 v0x59e2d35b09c0_0;
    %parti/s 12, 0, 2;
    %pushi/vec4 0, 0, 12;
    %cmp/e;
    %flag_get/vec4 4;
    %and;
T_107.4;
    %store/vec4 v0x59e2d36565f0_0, 0, 1;
    %load/vec4 v0x59e2d36565f0_0;
    %inv;
    %flag_set/vec4 8;
    %flag_get/vec4 8;
    %jmp/0 T_107.5, 8;
    %load/vec4 v0x59e2d36541b0_0;
    %pushi/vec4 1, 0, 5;
    %cmp/e;
    %flag_get/vec4 4;
    %and;
T_107.5;
    %store/vec4 v0x59e2d35b1740_0, 0, 1;
    %load/vec4 v0x59e2d35b1740_0;
    %load/vec4 v0x59e2d36565f0_0;
    %or;
    %inv;
    %store/vec4 v0x59e2d3657070_0, 0, 1;
    %jmp T_107.3;
T_107.2 ;
    %load/vec4 v0x59e2d3654c30_0;
    %pushi/vec4 28799, 0, 32;
    %and;
    %cmpi/e 99, 0, 32;
    %jmp/0xz  T_107.6, 4;
    %pushi/vec4 1, 0, 1;
    %store/vec4 v0x59e2d3656dd0_0, 0, 1;
    %load/vec4 v0x59e2d3654970_0;
    %load/vec4 v0x59e2d3654610_0;
    %cmp/e;
    %flag_get/vec4 4;
    %store/vec4 v0x59e2d3655770_0, 0, 1;
    %jmp T_107.7;
T_107.6 ;
    %load/vec4 v0x59e2d3654c30_0;
    %pushi/vec4 28799, 0, 32;
    %and;
    %cmpi/e 4195, 0, 32;
    %jmp/0xz  T_107.8, 4;
    %pushi/vec4 1, 0, 1;
    %store/vec4 v0x59e2d3656dd0_0, 0, 1;
    %load/vec4 v0x59e2d3654970_0;
    %load/vec4 v0x59e2d3654610_0;
    %cmp/ne;
    %flag_get/vec4 4;
    %store/vec4 v0x59e2d3655770_0, 0, 1;
    %jmp T_107.9;
T_107.8 ;
    %load/vec4 v0x59e2d3654c30_0;
    %pushi/vec4 28799, 0, 32;
    %and;
    %cmpi/e 16483, 0, 32;
    %jmp/0xz  T_107.10, 4;
    %pushi/vec4 1, 0, 1;
    %store/vec4 v0x59e2d3656dd0_0, 0, 1;
    %load/vec4 v0x59e2d3654970_0;
    %load/vec4 v0x59e2d3654610_0;
    %store/vec4 v0x59e2d34cadc0_0, 0, 32;
    %store/vec4 v0x59e2d34cacd0_0, 0, 32;
    %callf/vec4 TD_tb_muls.u_dut.u_exec1.less_than_signed, S_0x59e2d32ae3d0;
    %store/vec4 v0x59e2d3655770_0, 0, 1;
    %jmp T_107.11;
T_107.10 ;
    %load/vec4 v0x59e2d3654c30_0;
    %pushi/vec4 28799, 0, 32;
    %and;
    %cmpi/e 20579, 0, 32;
    %jmp/0xz  T_107.12, 4;
    %pushi/vec4 1, 0, 1;
    %store/vec4 v0x59e2d3656dd0_0, 0, 1;
    %load/vec4 v0x59e2d3654970_0;
    %load/vec4 v0x59e2d3654610_0;
    %store/vec4 v0x59e2d34cb7e0_0, 0, 32;
    %store/vec4 v0x59e2d34cb510_0, 0, 32;
    %callf/vec4 TD_tb_muls.u_dut.u_exec1.greater_than_signed, S_0x59e2d32ad390;
    %load/vec4 v0x59e2d3654970_0;
    %load/vec4 v0x59e2d3654610_0;
    %cmp/e;
    %flag_get/vec4 4;
    %or;
    %store/vec4 v0x59e2d3655770_0, 0, 1;
    %jmp T_107.13;
T_107.12 ;
    %load/vec4 v0x59e2d3654c30_0;
    %pushi/vec4 28799, 0, 32;
    %and;
    %cmpi/e 24675, 0, 32;
    %jmp/0xz  T_107.14, 4;
    %pushi/vec4 1, 0, 1;
    %store/vec4 v0x59e2d3656dd0_0, 0, 1;
    %load/vec4 v0x59e2d3654970_0;
    %load/vec4 v0x59e2d3654610_0;
    %cmp/u;
    %flag_get/vec4 5;
    %store/vec4 v0x59e2d3655770_0, 0, 1;
    %jmp T_107.15;
T_107.14 ;
    %load/vec4 v0x59e2d3654c30_0;
    %pushi/vec4 28799, 0, 32;
    %and;
    %cmpi/e 28771, 0, 32;
    %jmp/0xz  T_107.16, 4;
    %pushi/vec4 1, 0, 1;
    %store/vec4 v0x59e2d3656dd0_0, 0, 1;
    %load/vec4 v0x59e2d3654610_0;
    %load/vec4 v0x59e2d3654970_0;
    %cmp/u;
    %flag_get/vec4 4;
    %flag_get/vec4 5;
    %or;
    %store/vec4 v0x59e2d3655770_0, 0, 1;
T_107.16 ;
T_107.15 ;
T_107.13 ;
T_107.11 ;
T_107.9 ;
T_107.7 ;
T_107.3 ;
T_107.1 ;
    %jmp T_107;
    .thread T_107, $push;
    .scope S_0x59e2d36bf0e0;
T_108 ;
    %wait E_0x59e2d2ddd780;
    %load/vec4 v0x59e2d3653790_0;
    %flag_set/vec4 8;
    %jmp/0xz  T_108.0, 8;
    %pushi/vec4 0, 0, 1;
    %assign/vec4 v0x59e2d36556b0_0, 0;
    %pushi/vec4 0, 0, 1;
    %assign/vec4 v0x59e2d3657130_0, 0;
    %pushi/vec4 0, 0, 32;
    %assign/vec4 v0x59e2d3653b10_0, 0;
    %pushi/vec4 0, 0, 32;
    %assign/vec4 v0x59e2d3653a30_0, 0;
    %pushi/vec4 0, 0, 1;
    %assign/vec4 v0x59e2d35b1ad0_0, 0;
    %pushi/vec4 0, 0, 1;
    %assign/vec4 v0x59e2d3656a30_0, 0;
    %pushi/vec4 0, 0, 1;
    %assign/vec4 v0x59e2d36574b0_0, 0;
    %jmp T_108.1;
T_108.0 ;
    %load/vec4 v0x59e2d3654270_0;
    %flag_set/vec4 8;
    %jmp/0xz  T_108.2, 8;
    %load/vec4 v0x59e2d3656dd0_0;
    %flag_set/vec4 8;
    %flag_get/vec4 8;
    %jmp/0 T_108.4, 8;
    %load/vec4 v0x59e2d3654270_0;
    %load/vec4 v0x59e2d3655770_0;
    %and;
    %and;
T_108.4;
    %assign/vec4 v0x59e2d36556b0_0, 0;
    %load/vec4 v0x59e2d3656dd0_0;
    %flag_set/vec4 8;
    %flag_get/vec4 8;
    %jmp/0 T_108.5, 8;
    %load/vec4 v0x59e2d3654270_0;
    %load/vec4 v0x59e2d3655770_0;
    %inv;
    %and;
    %and;
T_108.5;
    %assign/vec4 v0x59e2d3657130_0, 0;
    %load/vec4 v0x59e2d3655770_0;
    %flag_set/vec4 8;
    %jmp/0 T_108.6, 8;
    %load/vec4 v0x59e2d3655330_0;
    %jmp/1 T_108.7, 8;
T_108.6 ; End of true expr.
    %load/vec4 v0x59e2d3654cf0_0;
    %addi 4, 0, 32;
    %jmp/0 T_108.7, 8;
 ; End of false expr.
    %blend;
T_108.7;
    %assign/vec4 v0x59e2d3653b10_0, 0;
    %load/vec4 v0x59e2d3656dd0_0;
    %flag_set/vec4 9;
    %flag_get/vec4 9;
    %jmp/0 T_108.9, 9;
    %load/vec4 v0x59e2d3654270_0;
    %and;
T_108.9;
    %flag_set/vec4 8;
    %flag_get/vec4 8;
    %jmp/0 T_108.8, 8;
    %load/vec4 v0x59e2d35b1740_0;
    %and;
T_108.8;
    %assign/vec4 v0x59e2d35b1ad0_0, 0;
    %load/vec4 v0x59e2d3656dd0_0;
    %flag_set/vec4 9;
    %flag_get/vec4 9;
    %jmp/0 T_108.11, 9;
    %load/vec4 v0x59e2d3654270_0;
    %and;
T_108.11;
    %flag_set/vec4 8;
    %flag_get/vec4 8;
    %jmp/0 T_108.10, 8;
    %load/vec4 v0x59e2d36565f0_0;
    %and;
T_108.10;
    %assign/vec4 v0x59e2d3656a30_0, 0;
    %load/vec4 v0x59e2d3656dd0_0;
    %flag_set/vec4 9;
    %flag_get/vec4 9;
    %jmp/0 T_108.13, 9;
    %load/vec4 v0x59e2d3654270_0;
    %and;
T_108.13;
    %flag_set/vec4 8;
    %flag_get/vec4 8;
    %jmp/0 T_108.12, 8;
    %load/vec4 v0x59e2d3657070_0;
    %and;
T_108.12;
    %assign/vec4 v0x59e2d36574b0_0, 0;
    %load/vec4 v0x59e2d3654cf0_0;
    %assign/vec4 v0x59e2d3653a30_0, 0;
T_108.2 ;
T_108.1 ;
    %jmp T_108;
    .thread T_108;
    .scope S_0x59e2d37844b0;
T_109 ;
    %wait E_0x59e2d2e2d400;
    %load/vec4 v0x59e2d3785220_0;
    %parti/s 1, 0, 2;
    %flag_set/vec4 8;
    %jmp/0xz  T_109.0, 8;
    %load/vec4 v0x59e2d3784a90_0;
    %parti/s 8, 0, 2;
    %load/vec4 v0x59e2d3784770_0;
    %pad/u 16;
    %ix/vec4 3;
    %ix/load 4, 0, 0; Constant delay
    %assign/vec4/a/d v0x59e2d3784dd0, 0, 4;
T_109.0 ;
    %load/vec4 v0x59e2d3785220_0;
    %parti/s 1, 1, 2;
    %flag_set/vec4 8;
    %jmp/0xz  T_109.2, 8;
    %load/vec4 v0x59e2d3784a90_0;
    %parti/s 8, 8, 5;
    %load/vec4 v0x59e2d3784770_0;
    %pad/u 16;
    %ix/vec4 3;
    %ix/load 4, 8, 0; part off
    %ix/load 5, 0, 0; Constant delay
    %assign/vec4/a/d v0x59e2d3784dd0, 4, 5;
T_109.2 ;
    %load/vec4 v0x59e2d3785220_0;
    %parti/s 1, 2, 3;
    %flag_set/vec4 8;
    %jmp/0xz  T_109.4, 8;
    %load/vec4 v0x59e2d3784a90_0;
    %parti/s 8, 16, 6;
    %load/vec4 v0x59e2d3784770_0;
    %pad/u 16;
    %ix/vec4 3;
    %ix/load 4, 16, 0; part off
    %ix/load 5, 0, 0; Constant delay
    %assign/vec4/a/d v0x59e2d3784dd0, 4, 5;
T_109.4 ;
    %load/vec4 v0x59e2d3785220_0;
    %parti/s 1, 3, 3;
    %flag_set/vec4 8;
    %jmp/0xz  T_109.6, 8;
    %load/vec4 v0x59e2d3784a90_0;
    %parti/s 8, 24, 6;
    %load/vec4 v0x59e2d3784770_0;
    %pad/u 16;
    %ix/vec4 3;
    %ix/load 4, 24, 0; part off
    %ix/load 5, 0, 0; Constant delay
    %assign/vec4/a/d v0x59e2d3784dd0, 4, 5;
T_109.6 ;
    %load/vec4 v0x59e2d3785220_0;
    %parti/s 1, 4, 4;
    %flag_set/vec4 8;
    %jmp/0xz  T_109.8, 8;
    %load/vec4 v0x59e2d3784a90_0;
    %parti/s 8, 32, 7;
    %load/vec4 v0x59e2d3784770_0;
    %pad/u 16;
    %ix/vec4 3;
    %ix/load 4, 32, 0; part off
    %ix/load 5, 0, 0; Constant delay
    %assign/vec4/a/d v0x59e2d3784dd0, 4, 5;
T_109.8 ;
    %load/vec4 v0x59e2d3785220_0;
    %parti/s 1, 5, 4;
    %flag_set/vec4 8;
    %jmp/0xz  T_109.10, 8;
    %load/vec4 v0x59e2d3784a90_0;
    %parti/s 8, 40, 7;
    %load/vec4 v0x59e2d3784770_0;
    %pad/u 16;
    %ix/vec4 3;
    %ix/load 4, 40, 0; part off
    %ix/load 5, 0, 0; Constant delay
    %assign/vec4/a/d v0x59e2d3784dd0, 4, 5;
T_109.10 ;
    %load/vec4 v0x59e2d3785220_0;
    %parti/s 1, 6, 4;
    %flag_set/vec4 8;
    %jmp/0xz  T_109.12, 8;
    %load/vec4 v0x59e2d3784a90_0;
    %parti/s 8, 48, 7;
    %load/vec4 v0x59e2d3784770_0;
    %pad/u 16;
    %ix/vec4 3;
    %ix/load 4, 48, 0; part off
    %ix/load 5, 0, 0; Constant delay
    %assign/vec4/a/d v0x59e2d3784dd0, 4, 5;
T_109.12 ;
    %load/vec4 v0x59e2d3785220_0;
    %parti/s 1, 7, 4;
    %flag_set/vec4 8;
    %jmp/0xz  T_109.14, 8;
    %load/vec4 v0x59e2d3784a90_0;
    %parti/s 8, 56, 7;
    %load/vec4 v0x59e2d3784770_0;
    %pad/u 16;
    %ix/vec4 3;
    %ix/load 4, 56, 0; part off
    %ix/load 5, 0, 0; Constant delay
    %assign/vec4/a/d v0x59e2d3784dd0, 4, 5;
T_109.14 ;
    %load/vec4 v0x59e2d3784770_0;
    %pad/u 16;
    %ix/vec4 4;
    %load/vec4a v0x59e2d3784dd0, 4;
    %assign/vec4 v0x59e2d3784f20_0, 0;
    %jmp T_109;
    .thread T_109;
    .scope S_0x59e2d37844b0;
T_110 ;
    %wait E_0x59e2d2e2d400;
    %load/vec4 v0x59e2d3785300_0;
    %parti/s 1, 0, 2;
    %flag_set/vec4 8;
    %jmp/0xz  T_110.0, 8;
    %load/vec4 v0x59e2d3784c10_0;
    %parti/s 8, 0, 2;
    %load/vec4 v0x59e2d3784870_0;
    %pad/u 16;
    %ix/vec4 3;
    %ix/load 4, 0, 0; Constant delay
    %assign/vec4/a/d v0x59e2d3784dd0, 0, 4;
T_110.0 ;
    %load/vec4 v0x59e2d3785300_0;
    %parti/s 1, 1, 2;
    %flag_set/vec4 8;
    %jmp/0xz  T_110.2, 8;
    %load/vec4 v0x59e2d3784c10_0;
    %parti/s 8, 8, 5;
    %load/vec4 v0x59e2d3784870_0;
    %pad/u 16;
    %ix/vec4 3;
    %ix/load 4, 8, 0; part off
    %ix/load 5, 0, 0; Constant delay
    %assign/vec4/a/d v0x59e2d3784dd0, 4, 5;
T_110.2 ;
    %load/vec4 v0x59e2d3785300_0;
    %parti/s 1, 2, 3;
    %flag_set/vec4 8;
    %jmp/0xz  T_110.4, 8;
    %load/vec4 v0x59e2d3784c10_0;
    %parti/s 8, 16, 6;
    %load/vec4 v0x59e2d3784870_0;
    %pad/u 16;
    %ix/vec4 3;
    %ix/load 4, 16, 0; part off
    %ix/load 5, 0, 0; Constant delay
    %assign/vec4/a/d v0x59e2d3784dd0, 4, 5;
T_110.4 ;
    %load/vec4 v0x59e2d3785300_0;
    %parti/s 1, 3, 3;
    %flag_set/vec4 8;
    %jmp/0xz  T_110.6, 8;
    %load/vec4 v0x59e2d3784c10_0;
    %parti/s 8, 24, 6;
    %load/vec4 v0x59e2d3784870_0;
    %pad/u 16;
    %ix/vec4 3;
    %ix/load 4, 24, 0; part off
    %ix/load 5, 0, 0; Constant delay
    %assign/vec4/a/d v0x59e2d3784dd0, 4, 5;
T_110.6 ;
    %load/vec4 v0x59e2d3785300_0;
    %parti/s 1, 4, 4;
    %flag_set/vec4 8;
    %jmp/0xz  T_110.8, 8;
    %load/vec4 v0x59e2d3784c10_0;
    %parti/s 8, 32, 7;
    %load/vec4 v0x59e2d3784870_0;
    %pad/u 16;
    %ix/vec4 3;
    %ix/load 4, 32, 0; part off
    %ix/load 5, 0, 0; Constant delay
    %assign/vec4/a/d v0x59e2d3784dd0, 4, 5;
T_110.8 ;
    %load/vec4 v0x59e2d3785300_0;
    %parti/s 1, 5, 4;
    %flag_set/vec4 8;
    %jmp/0xz  T_110.10, 8;
    %load/vec4 v0x59e2d3784c10_0;
    %parti/s 8, 40, 7;
    %load/vec4 v0x59e2d3784870_0;
    %pad/u 16;
    %ix/vec4 3;
    %ix/load 4, 40, 0; part off
    %ix/load 5, 0, 0; Constant delay
    %assign/vec4/a/d v0x59e2d3784dd0, 4, 5;
T_110.10 ;
    %load/vec4 v0x59e2d3785300_0;
    %parti/s 1, 6, 4;
    %flag_set/vec4 8;
    %jmp/0xz  T_110.12, 8;
    %load/vec4 v0x59e2d3784c10_0;
    %parti/s 8, 48, 7;
    %load/vec4 v0x59e2d3784870_0;
    %pad/u 16;
    %ix/vec4 3;
    %ix/load 4, 48, 0; part off
    %ix/load 5, 0, 0; Constant delay
    %assign/vec4/a/d v0x59e2d3784dd0, 4, 5;
T_110.12 ;
    %load/vec4 v0x59e2d3785300_0;
    %parti/s 1, 7, 4;
    %flag_set/vec4 8;
    %jmp/0xz  T_110.14, 8;
    %load/vec4 v0x59e2d3784c10_0;
    %parti/s 8, 56, 7;
    %load/vec4 v0x59e2d3784870_0;
    %pad/u 16;
    %ix/vec4 3;
    %ix/load 4, 56, 0; part off
    %ix/load 5, 0, 0; Constant delay
    %assign/vec4/a/d v0x59e2d3784dd0, 4, 5;
T_110.14 ;
    %load/vec4 v0x59e2d3784870_0;
    %pad/u 16;
    %ix/vec4 4;
    %load/vec4a v0x59e2d3784dd0, 4;
    %assign/vec4 v0x59e2d3785000_0, 0;
    %jmp T_110;
    .thread T_110;
    .scope S_0x59e2d3784230;
T_111 ;
    %wait E_0x59e2d2e2d400;
    %load/vec4 v0x59e2d3787870_0;
    %flag_set/vec4 8;
    %jmp/0xz  T_111.0, 8;
    %pushi/vec4 0, 0, 1;
    %assign/vec4 v0x59e2d3787730_0, 0;
    %jmp T_111.1;
T_111.0 ;
    %load/vec4 v0x59e2d37877d0_0;
    %assign/vec4 v0x59e2d3787730_0, 0;
T_111.1 ;
    %jmp T_111;
    .thread T_111;
    .scope S_0x59e2d3784230;
T_112 ;
    %wait E_0x59e2d2e2d400;
    %load/vec4 v0x59e2d3787870_0;
    %flag_set/vec4 8;
    %jmp/0xz  T_112.0, 8;
    %pushi/vec4 0, 0, 1;
    %assign/vec4 v0x59e2d3787690_0, 0;
    %jmp T_112.1;
T_112.0 ;
    %load/vec4 v0x59e2d37874b0_0;
    %assign/vec4 v0x59e2d3787690_0, 0;
T_112.1 ;
    %jmp T_112;
    .thread T_112;
    .scope S_0x59e2d3784230;
T_113 ;
    %wait E_0x59e2d2e2d400;
    %load/vec4 v0x59e2d3787870_0;
    %flag_set/vec4 8;
    %jmp/0xz  T_113.0, 8;
    %pushi/vec4 0, 0, 1;
    %assign/vec4 v0x59e2d3786420_0, 0;
    %pushi/vec4 0, 0, 11;
    %assign/vec4 v0x59e2d3786ce0_0, 0;
    %jmp T_113.1;
T_113.0 ;
    %load/vec4 v0x59e2d3786a10_0;
    %flag_set/vec4 9;
    %jmp/1 T_113.8, 9;
    %load/vec4 v0x59e2d3786d80_0;
    %cmpi/ne 0, 0, 4;
    %flag_or 9, 4;
T_113.8;
    %jmp/1 T_113.7, 9;
    %load/vec4 v0x59e2d3786830_0;
    %flag_set/vec4 10;
    %flag_or 9, 10;
T_113.7;
    %jmp/1 T_113.6, 9;
    %load/vec4 v0x59e2d3786920_0;
    %flag_set/vec4 10;
    %flag_or 9, 10;
T_113.6;
    %jmp/1 T_113.5, 9;
    %load/vec4 v0x59e2d3786e70_0;
    %flag_set/vec4 10;
    %flag_or 9, 10;
T_113.5;
    %flag_get/vec4 9;
    %jmp/0 T_113.4, 9;
    %load/vec4 v0x59e2d37862e0_0;
    %and;
T_113.4;
    %flag_set/vec4 8;
    %jmp/0xz  T_113.2, 8;
    %pushi/vec4 1, 0, 1;
    %assign/vec4 v0x59e2d3786420_0, 0;
    %load/vec4 v0x59e2d3786b00_0;
    %assign/vec4 v0x59e2d3786ce0_0, 0;
    %jmp T_113.3;
T_113.2 ;
    %pushi/vec4 0, 0, 1;
    %assign/vec4 v0x59e2d3786420_0, 0;
T_113.3 ;
T_113.1 ;
    %jmp T_113;
    .thread T_113;
    .scope S_0x59e2d32d7000;
T_114 ;
    %vpi_call 3 15 "$display", "Starting MULS testbench" {0 0 0};
    %vpi_call 3 19 "$dumpfile", "waveform.vcd" {0 0 0};
    %vpi_call 3 20 "$dumpvars", 32'sb00000000000000000000000000000000, S_0x59e2d32d7000 {0 0 0};
    %pushi/vec4 0, 0, 1;
    %store/vec4 v0x59e2d3787d50_0, 0, 1;
    %pushi/vec4 1, 0, 1;
    %store/vec4 v0x59e2d3789c80_0, 0, 1;
    %pushi/vec4 5, 0, 32;
T_114.0 %dup/vec4;
    %pushi/vec4 0, 0, 32;
    %cmp/s;
    %jmp/1xz T_114.1, 5;
    %jmp/1 T_114.1, 4;
    %pushi/vec4 1, 0, 32;
    %sub;
    %wait E_0x59e2d2e2d400;
    %jmp T_114.0;
T_114.1 ;
    %pop/vec4 1;
    %pushi/vec4 0, 0, 1;
    %store/vec4 v0x59e2d3789c80_0, 0, 1;
    %pushi/vec4 0, 0, 32;
    %store/vec4 v0x59e2d3788170_0, 0, 32;
T_114.2 ;
    %load/vec4 v0x59e2d3788170_0;
    %cmpi/s 131072, 0, 32;
    %jmp/0xz T_114.3, 5;
    %pushi/vec4 0, 0, 8;
    %ix/getv/s 4, v0x59e2d3788170_0;
    %store/vec4a v0x59e2d3788330, 4, 0;
    %load/vec4 v0x59e2d3788170_0;
    %addi 1, 0, 32;
    %store/vec4 v0x59e2d3788170_0, 0, 32;
    %jmp T_114.2;
T_114.3 ;
    %vpi_func 3 33 "$fopenr" 32, "./build/tcm.bin" {0 0 0};
    %store/vec4 v0x59e2d3787fd0_0, 0, 32;
    %vpi_func 3 34 "$fread" 32, v0x59e2d3788330, v0x59e2d3787fd0_0 {0 0 0};
    %store/vec4 v0x59e2d3788170_0, 0, 32;
    %vpi_call 3 35 "$display", "Loaded %0d bytes from tcm.bin", v0x59e2d3788170_0 {0 0 0};
    %pushi/vec4 0, 0, 32;
    %store/vec4 v0x59e2d3788170_0, 0, 32;
T_114.4 ;
    %load/vec4 v0x59e2d3788170_0;
    %cmpi/s 131072, 0, 32;
    %jmp/0xz T_114.5, 5;
    %load/vec4 v0x59e2d3788170_0;
    %store/vec4 v0x59e2d3785710_0, 0, 32;
    %ix/getv/s 4, v0x59e2d3788170_0;
    %load/vec4a v0x59e2d3788330, 4;
    %store/vec4 v0x59e2d37857f0_0, 0, 8;
    %fork TD_tb_muls.u_mem.write, S_0x59e2d3785560;
    %join;
    %load/vec4 v0x59e2d3788170_0;
    %addi 1, 0, 32;
    %store/vec4 v0x59e2d3788170_0, 0, 32;
    %jmp T_114.4;
T_114.5 ;
    %vpi_call 3 40 "$display", "RAM[0] = 0x%016h", &A<v0x59e2d3784dd0, 0> {0 0 0};
    %vpi_call 3 41 "$display", "RAM[1] = 0x%016h", &A<v0x59e2d3784dd0, 1> {0 0 0};
    %vpi_call 3 42 "$display", "RAM[2] = 0x%016h", &A<v0x59e2d3784dd0, 2> {0 0 0};
    %end;
    .thread T_114;
    .scope S_0x59e2d32d7000;
T_115 ;
    %pushi/vec4 0, 0, 32;
    %store/vec4 v0x59e2d3788250_0, 0, 32;
    %pushi/vec4 0, 0, 16;
    %store/vec4 v0x59e2d3787df0_0, 0, 16;
    %pushi/vec4 0, 0, 32;
    %store/vec4 v0x59e2d3789580_0, 0, 32;
    %pushi/vec4 0, 0, 32;
    %store/vec4 v0x59e2d3789740_0, 0, 32;
    %pushi/vec4 0, 0, 32;
    %store/vec4 v0x59e2d3789900_0, 0, 32;
    %pushi/vec4 0, 0, 32;
    %store/vec4 v0x59e2d3789ac0_0, 0, 32;
    %pushi/vec4 0, 0, 1;
    %store/vec4 v0x59e2d37894c0_0, 0, 1;
    %pushi/vec4 0, 0, 1;
    %store/vec4 v0x59e2d37880b0_0, 0, 1;
    %end;
    .thread T_115;
    .scope S_0x59e2d32d7000;
T_116 ;
    %wait E_0x59e2d2e2d400;
    %load/vec4 v0x59e2d3789c80_0;
    %nor/r;
    %flag_set/vec4 10;
    %flag_get/vec4 10;
    %jmp/0 T_116.3, 10;
    %load/vec4 v0x59e2d3789380_0;
    %and;
T_116.3;
    %flag_set/vec4 9;
    %flag_get/vec4 9;
    %jmp/0 T_116.2, 9;
    %load/vec4 v0x59e2d3788d70_0;
    %and;
T_116.2;
    %flag_set/vec4 8;
    %jmp/0xz  T_116.0, 8;
    %vpi_call 3 75 "$display", "[Cycle %0d] FETCH: PC=0x%08h, Inst=0x%016h", v0x59e2d3787df0_0, v0x59e2d37892c0_0, v0x59e2d3788f50_0 {0 0 0};
T_116.0 ;
    %jmp T_116;
    .thread T_116;
    .scope S_0x59e2d32d7000;
T_117 ;
    %wait E_0x59e2d2e2d400;
    %load/vec4 v0x59e2d3789c80_0;
    %nor/r;
    %flag_set/vec4 8;
    %jmp/0xz  T_117.0, 8;
    %load/vec4 v0x59e2d3787df0_0;
    %addi 1, 0, 16;
    %assign/vec4 v0x59e2d3787df0_0, 0;
    %load/vec4 v0x59e2d3787df0_0;
    %pad/u 32;
    %cmpi/u 0, 0, 32;
    %flag_or 5, 4; GT is !LE
    %flag_inv 5;
    %flag_get/vec4 5;
    %jmp/0 T_117.4, 5;
    %load/vec4 v0x59e2d3787df0_0;
    %pad/u 32;
    %cmpi/u 200, 0, 32;
    %flag_get/vec4 5;
    %and;
T_117.4;
    %flag_set/vec4 8;
    %jmp/0xz  T_117.2, 8;
    %load/vec4 v0x59e2d3789660_0;
    %assign/vec4 v0x59e2d3789580_0, 0;
    %load/vec4 v0x59e2d3789820_0;
    %assign/vec4 v0x59e2d3789740_0, 0;
    %load/vec4 v0x59e2d37899e0_0;
    %assign/vec4 v0x59e2d3789900_0, 0;
    %load/vec4 v0x59e2d3789ba0_0;
    %assign/vec4 v0x59e2d3789ac0_0, 0;
    %load/vec4 v0x59e2d3789660_0;
    %load/vec4 v0x59e2d3789580_0;
    %cmp/ne;
    %jmp/1 T_117.9, 4;
    %flag_mov 8, 4;
    %load/vec4 v0x59e2d3789820_0;
    %load/vec4 v0x59e2d3789740_0;
    %cmp/ne;
    %flag_or 4, 8;
T_117.9;
    %jmp/1 T_117.8, 4;
    %flag_mov 8, 4;
    %load/vec4 v0x59e2d37899e0_0;
    %load/vec4 v0x59e2d3789900_0;
    %cmp/ne;
    %flag_or 4, 8;
T_117.8;
    %jmp/1 T_117.7, 4;
    %flag_mov 8, 4;
    %load/vec4 v0x59e2d3789ba0_0;
    %load/vec4 v0x59e2d3789ac0_0;
    %cmp/ne;
    %flag_or 4, 8;
T_117.7;
    %jmp/0xz  T_117.5, 4;
    %vpi_call 3 96 "$display", "[Cycle %0d] Register update detected:", v0x59e2d3787df0_0 {0 0 0};
    %vpi_call 3 97 "$display", "      x10 (a0) = %0d (prev: %0d)", v0x59e2d3789660_0, v0x59e2d3789580_0 {0 0 0};
    %vpi_call 3 99 "$display", "      x11 (a1) = %0d (prev: %0d)", v0x59e2d3789820_0, v0x59e2d3789740_0 {0 0 0};
    %vpi_call 3 101 "$display", "      x12 (a2) = %0d (prev: %0d)", v0x59e2d37899e0_0, v0x59e2d3789900_0 {0 0 0};
    %vpi_call 3 103 "$display", "      x13 (a3) = %0d (prev: %0d)", v0x59e2d3789ba0_0, v0x59e2d3789ac0_0 {0 0 0};
T_117.5 ;
T_117.2 ;
    %load/vec4 v0x59e2d37892c0_0;
    %load/vec4 v0x59e2d3788250_0;
    %cmp/ne;
    %jmp/0xz  T_117.10, 4;
    %load/vec4 v0x59e2d37892c0_0;
    %assign/vec4 v0x59e2d3788250_0, 0;
    %vpi_call 3 112 "$display", "[Cycle %0d] PC = 0x%08h", v0x59e2d3787df0_0, v0x59e2d37892c0_0 {0 0 0};
    %load/vec4 v0x59e2d37892c0_0;
    %cmpi/e 2147483952, 0, 32;
    %flag_get/vec4 4;
    %jmp/0 T_117.15, 4;
    %load/vec4 v0x59e2d37894c0_0;
    %nor/r;
    %and;
T_117.15;
    %flag_set/vec4 9;
    %flag_get/vec4 9;
    %jmp/0 T_117.14, 9;
    %load/vec4 v0x59e2d37880b0_0;
    %nor/r;
    %and;
T_117.14;
    %flag_set/vec4 8;
    %jmp/0xz  T_117.12, 8;
    %load/vec4 v0x59e2d37899e0_0;
    %load/vec4 v0x59e2d3787f30_0;
    %cmp/e;
    %jmp/0xz  T_117.16, 4;
    %pushi/vec4 1, 0, 1;
    %assign/vec4 v0x59e2d37894c0_0, 0;
    %vpi_call 3 117 "$display", "\012*** TEST PASSED! ***" {0 0 0};
    %vpi_call 3 118 "$display", "PC reached 0x%08h and MULS matched software expectation: x12 = %0d (expected %0d)", P_0x59e2d2e870b0, v0x59e2d37899e0_0, v0x59e2d3787f30_0 {0 0 0};
    %jmp T_117.17;
T_117.16 ;
    %pushi/vec4 1, 0, 1;
    %assign/vec4 v0x59e2d37880b0_0, 0;
    %vpi_call 3 122 "$display", "\012*** TEST FAILED! ***" {0 0 0};
    %vpi_call 3 123 "$display", "PC reached 0x%08h but MULS result incorrect: x12 = %0d (expected %0d)", P_0x59e2d2e870b0, v0x59e2d37899e0_0, v0x59e2d3787f30_0 {0 0 0};
T_117.17 ;
    %vpi_call 3 126 "$finish" {0 0 0};
T_117.12 ;
T_117.10 ;
    %load/vec4 v0x59e2d3787df0_0;
    %pad/u 32;
    %cmpi/u 2000, 0, 32;
    %flag_or 5, 4; GT is !LE
    %flag_inv 5;
    %jmp/0xz  T_117.18, 5;
    %load/vec4 v0x59e2d37880b0_0;
    %nor/r;
    %flag_set/vec4 8;
    %jmp/0xz  T_117.20, 8;
    %pushi/vec4 1, 0, 1;
    %assign/vec4 v0x59e2d37880b0_0, 0;
    %vpi_call 3 134 "$display", "\012Timeout after %0d cycles at PC 0x%08h", v0x59e2d3787df0_0, v0x59e2d37892c0_0 {0 0 0};
    %vpi_call 3 135 "$display", "Last observed result x12 = %0d (expected %0d)", v0x59e2d37899e0_0, v0x59e2d3787f30_0 {0 0 0};
T_117.20 ;
    %vpi_call 3 137 "$finish" {0 0 0};
T_117.18 ;
T_117.0 ;
    %jmp T_117;
    .thread T_117;
    .scope S_0x59e2d32d7000;
T_118 ;
T_118.0 ;
    %load/vec4 v0x59e2d3787d50_0;
    %inv;
    %store/vec4 v0x59e2d3787bc0_0, 0, 1;
    %pushi/vec4 5, 0, 64;
    %ix/vec4 4;
    %delayx 4;
    %load/vec4 v0x59e2d3787bc0_0;
    %store/vec4 v0x59e2d3787d50_0, 0, 1;
    %jmp T_118.0;
    %end;
    .thread T_118;
# The file index is used to find the file name in the following table.
:file_names 27;
    "N/A";
    "<interactive>";
    "../../src/core/biriscv_trace_sim.v";
    "./tb_muls.v";
    "../../src/core/riscv_core.v";
    "../../src/core/column_bypass_multiplier.v";
    "../../src/core/biriscv_csr.v";
    "../../src/core/biriscv_csr_regfile.v";
    "../../src/core/biriscv_divider.v";
    "../../src/core/biriscv_exec.v";
    "../../src/core/biriscv_alu.v";
    "../../src/core/biriscv_frontend.v";
    "../../src/core/biriscv_decode.v";
    "../../src/core/biriscv_decoder.v";
    "../../src/core/biriscv_fetch.v";
    "../../src/core/biriscv_npc.v";
    "../../src/core/biriscv_issue.v";
    "../../src/core/biriscv_pipe_ctrl.v";
    "../../src/core/biriscv_regfile.v";
    "../../src/core/biriscv_lsu.v";
    "../../src/core/biriscv_mmu.v";
    "../../src/core/biriscv_multiplier.v";
    "../../src/core/biriscv_multiplier_efficient.v";
    "../../src/core/biriscv_multiplier_pipelined.v";
    "../../src/core/biriscv_multiplier_s.v";
    "./tcm_mem.v";
    "./tcm_mem_ram.v";
